dataset_index,image,depth_range,valid_pixels,mae_m,mae_cm,absrel_pct,delta1_pct,fps,peak_vram_gb,input_resolution,processed_resolution
0,2011_09_26_drive_0002_sync_image_0000000005_image_02.png,0-10m,36349,1.0839604176616777,108.39604176616777,14.054032594773084,94.9324603152769,2.4454284304662197,2.415170669555664,1216x352,1344x392
0,2011_09_26_drive_0002_sync_image_0000000005_image_02.png,0-20m,78692,1.1245320065616682,112.45320065616681,11.02390387709107,97.46988258018604,2.4454284304662197,2.415170669555664,1216x352,1344x392
0,2011_09_26_drive_0002_sync_image_0000000005_image_02.png,0-40m,93761,1.3219413652203496,132.19413652203497,10.603003305227173,97.69200413818112,2.4454284304662197,2.415170669555664,1216x352,1344x392
0,2011_09_26_drive_0002_sync_image_0000000005_image_02.png,0-80m,99241,1.5861687329452077,158.61687329452076,10.656492725158905,97.19370018439959,2.4454284304662197,2.415170669555664,1216x352,1344x392
1,2011_09_26_drive_0002_sync_image_0000000008_image_03.png,0-10m,35025,1.2803338696699667,128.03338696699666,16.58393221493387,69.58743754461099,2.4548961921568515,2.415170669555664,1216x352,1344x392
1,2011_09_26_drive_0002_sync_image_0000000008_image_03.png,0-20m,77615,1.2497743378884782,124.97743378884782,12.389366695764304,86.09031759324873,2.4548961921568515,2.415170669555664,1216x352,1344x392
1,2011_09_26_drive_0002_sync_image_0000000008_image_03.png,0-40m,92232,1.4382965401356564,143.82965401356563,11.802734067192057,88.17438633012404,2.4548961921568515,2.415170669555664,1216x352,1344x392
1,2011_09_26_drive_0002_sync_image_0000000008_image_03.png,0-80m,97308,1.6721682318013433,167.21682318013433,11.77848138513951,88.33600526164345,2.4548961921568515,2.415170669555664,1216x352,1344x392
2,2011_09_26_drive_0002_sync_image_0000000011_image_02.png,0-10m,35945,1.077637843685068,107.7637843685068,13.889474764866074,88.06788148560301,2.446264138855115,2.415170669555664,1216x352,1344x392
2,2011_09_26_drive_0002_sync_image_0000000011_image_02.png,0-20m,76936,1.144015856092631,114.4015856092631,11.200150206046942,94.34075075387335,2.446264138855115,2.415170669555664,1216x352,1344x392
2,2011_09_26_drive_0002_sync_image_0000000011_image_02.png,0-40m,93083,1.36424526300948,136.424526300948,10.767322849738537,95.1602333401373,2.446264138855115,2.415170669555664,1216x352,1344x392
2,2011_09_26_drive_0002_sync_image_0000000011_image_02.png,0-80m,98316,1.61603195055482,161.603195055482,10.822829145729813,94.92656332641685,2.446264138855115,2.415170669555664,1216x352,1344x392
3,2011_09_26_drive_0002_sync_image_0000000014_image_03.png,0-10m,42001,1.010976203671325,101.0976203671325,12.967541368184774,89.99547629818338,2.4525162203275723,2.415170669555664,1216x352,1344x392
3,2011_09_26_drive_0002_sync_image_0000000014_image_03.png,0-20m,81811,1.137882293276809,113.7882293276809,11.316624463441494,94.76965200278691,2.4525162203275723,2.415170669555664,1216x352,1344x392
3,2011_09_26_drive_0002_sync_image_0000000014_image_03.png,0-40m,97616,1.4235962507344135,142.35962507344135,11.181994501243404,95.15858056056385,2.4525162203275723,2.415170669555664,1216x352,1344x392
3,2011_09_26_drive_0002_sync_image_0000000014_image_03.png,0-80m,102687,1.728855043207661,172.8855043207661,11.34435893010036,94.66047308812216,2.4525162203275723,2.415170669555664,1216x352,1344x392
4,2011_09_26_drive_0002_sync_image_0000000017_image_02.png,0-10m,50244,1.0236690686335752,102.36690686335751,13.102038859142585,85.75153252129607,2.452933721020937,2.415170669555664,1216x352,1344x392
4,2011_09_26_drive_0002_sync_image_0000000017_image_02.png,0-20m,88988,1.1557269923182323,115.57269923182322,11.694768633753474,91.94498134579943,2.452933721020937,2.415170669555664,1216x352,1344x392
4,2011_09_26_drive_0002_sync_image_0000000017_image_02.png,0-40m,105268,1.4204581281934714,142.04581281934713,11.494085183957123,92.9133259870046,2.452933721020937,2.415170669555664,1216x352,1344x392
4,2011_09_26_drive_0002_sync_image_0000000017_image_02.png,0-80m,110930,1.7448487791950167,174.48487791950166,11.654076734114772,92.6791670422789,2.452933721020937,2.415170669555664,1216x352,1344x392
5,2011_09_26_drive_0002_sync_image_0000000020_image_03.png,0-10m,47149,0.8476579446231712,84.76579446231712,11.011665301047893,82.80557381916903,2.460801886602484,2.415170669555664,1216x352,1344x392
5,2011_09_26_drive_0002_sync_image_0000000020_image_03.png,0-20m,79225,1.0240947361058639,102.40947361058639,10.246143325973474,89.71915430735248,2.460801886602484,2.415170669555664,1216x352,1344x392
5,2011_09_26_drive_0002_sync_image_0000000020_image_03.png,0-40m,94429,1.2975232031888992,129.75232031888993,10.203535938549063,90.90851327452371,2.460801886602484,2.415170669555664,1216x352,1344x392
5,2011_09_26_drive_0002_sync_image_0000000020_image_03.png,0-80m,100152,1.6580583992472129,165.80583992472128,10.429139887401805,90.76304017892804,2.460801886602484,2.415170669555664,1216x352,1344x392
6,2011_09_26_drive_0002_sync_image_0000000023_image_02.png,0-10m,40132,0.9915900629217622,99.15900629217622,12.756773316712062,74.73337984650654,2.460168034360566,2.415170669555664,1216x352,1344x392
6,2011_09_26_drive_0002_sync_image_0000000023_image_02.png,0-20m,80069,1.0975993923604415,109.75993923604415,10.795340510993569,86.86757671508325,2.460168034360566,2.415170669555664,1216x352,1344x392
6,2011_09_26_drive_0002_sync_image_0000000023_image_02.png,0-40m,96333,1.306941098963331,130.6941098963331,10.421760726244264,88.87297187879543,2.460168034360566,2.415170669555664,1216x352,1344x392
6,2011_09_26_drive_0002_sync_image_0000000023_image_02.png,0-80m,102683,1.717155758014779,171.71557580147788,10.692228812463544,88.70114819395616,2.460168034360566,2.415170669555664,1216x352,1344x392
7,2011_09_26_drive_0002_sync_image_0000000026_image_03.png,0-10m,40236,0.9335810975794266,93.35810975794267,11.873658075204679,75.79282234814593,2.4628327748610106,2.415170669555664,1216x352,1344x392
7,2011_09_26_drive_0002_sync_image_0000000026_image_03.png,0-20m,78867,1.0303644708085429,103.03644708085429,10.095833940311644,87.24941990946785,2.4628327748610106,2.415170669555664,1216x352,1344x392
7,2011_09_26_drive_0002_sync_image_0000000026_image_03.png,0-40m,93800,1.2167342561597763,121.67342561597762,9.741179311914387,88.93923240938166,2.4628327748610106,2.415170669555664,1216x352,1344x392
7,2011_09_26_drive_0002_sync_image_0000000026_image_03.png,0-80m,100410,1.6128476037220252,161.28476037220253,9.989772654832565,88.95727517179563,2.4628327748610106,2.415170669555664,1216x352,1344x392
8,2011_09_26_drive_0002_sync_image_0000000029_image_02.png,0-10m,54883,0.7074349493495864,70.74349493495863,9.282294656898832,91.13568864675766,2.4601165899456165,2.415170669555664,1216x352,1344x392
8,2011_09_26_drive_0002_sync_image_0000000029_image_02.png,0-20m,96017,0.7271053382652799,72.71053382652799,7.695990026380232,94.82383327952341,2.4601165899456165,2.415170669555664,1216x352,1344x392
8,2011_09_26_drive_0002_sync_image_0000000029_image_02.png,0-40m,110870,0.8554479803849333,85.54479803849333,7.427517909698575,95.14476413817985,2.4601165899456165,2.415170669555664,1216x352,1344x392
8,2011_09_26_drive_0002_sync_image_0000000029_image_02.png,0-80m,117525,1.1263478094505468,112.63478094505469,7.6022609816455535,95.15166985747713,2.4601165899456165,2.415170669555664,1216x352,1344x392
9,2011_09_26_drive_0002_sync_image_0000000032_image_03.png,0-10m,49030,0.9599875664385197,95.99875664385196,12.56289716341798,83.50601672445441,2.4636051609861815,2.415170669555664,1216x352,1344x392
9,2011_09_26_drive_0002_sync_image_0000000032_image_03.png,0-20m,90296,0.8784661350907601,87.84661350907601,9.523508033345554,91.00846106139807,2.4636051609861815,2.415170669555664,1216x352,1344x392
9,2011_09_26_drive_0002_sync_image_0000000032_image_03.png,0-40m,104952,1.001004350413472,100.1004350413472,9.031591297714305,91.95918134004117,2.4636051609861815,2.415170669555664,1216x352,1344x392
9,2011_09_26_drive_0002_sync_image_0000000032_image_03.png,0-80m,111074,1.277404551206651,127.7404551206651,9.151840992187752,92.10076165439257,2.4636051609861815,2.415170669555664,1216x352,1344x392
10,2011_09_26_drive_0002_sync_image_0000000035_image_02.png,0-10m,55623,0.7216221673150468,72.16221673150469,9.332590384645233,88.08226812649444,2.450435650599748,2.415170669555664,1216x352,1344x392
10,2011_09_26_drive_0002_sync_image_0000000035_image_02.png,0-20m,99501,0.6887076154567336,68.87076154567336,7.40091445182628,93.32971527924342,2.450435650599748,2.415170669555664,1216x352,1344x392
10,2011_09_26_drive_0002_sync_image_0000000035_image_02.png,0-40m,114999,0.8190802174805195,81.90802174805195,7.172860403286084,93.88951208271376,2.450435650599748,2.415170669555664,1216x352,1344x392
10,2011_09_26_drive_0002_sync_image_0000000035_image_02.png,0-80m,121507,1.0464883582226083,104.64883582226084,7.291548852343678,94.0826454442954,2.450435650599748,2.415170669555664,1216x352,1344x392
11,2011_09_26_drive_0002_sync_image_0000000038_image_03.png,0-10m,50943,0.9282267021631634,92.82267021631634,12.080346282051707,84.36291541526805,2.458935772509324,2.415170669555664,1216x352,1344x392
11,2011_09_26_drive_0002_sync_image_0000000038_image_03.png,0-20m,91518,0.8705692268751226,87.05692268751226,9.417021987693246,91.2946087108547,2.458935772509324,2.415170669555664,1216x352,1344x392
11,2011_09_26_drive_0002_sync_image_0000000038_image_03.png,0-40m,107056,1.0015736110825797,100.15736110825797,8.938310205854187,92.16298012255268,2.458935772509324,2.415170669555664,1216x352,1344x392
11,2011_09_26_drive_0002_sync_image_0000000038_image_03.png,0-80m,113247,1.2448968681767894,124.48968681767893,9.007599929055639,92.43070456612537,2.458935772509324,2.415170669555664,1216x352,1344x392
12,2011_09_26_drive_0002_sync_image_0000000041_image_02.png,0-10m,59869,0.8516500822958444,85.16500822958444,11.28469262408603,88.80722911690523,2.458337932407544,2.415170669555664,1216x352,1344x392
12,2011_09_26_drive_0002_sync_image_0000000041_image_02.png,0-20m,101215,0.7399644016777875,73.99644016777876,8.539013881148664,93.37746381465197,2.458337932407544,2.415170669555664,1216x352,1344x392
12,2011_09_26_drive_0002_sync_image_0000000041_image_02.png,0-40m,118484,0.8997706830076974,89.97706830076973,8.27571880667649,93.89622227473751,2.458337932407544,2.415170669555664,1216x352,1344x392
12,2011_09_26_drive_0002_sync_image_0000000041_image_02.png,0-80m,124397,1.0933009157250013,109.33009157250014,8.309618376255749,93.90178219731987,2.458337932407544,2.415170669555664,1216x352,1344x392
13,2011_09_26_drive_0002_sync_image_0000000044_image_03.png,0-10m,55607,0.940342952735749,94.0342952735749,12.48238182194066,87.31095006024422,2.451861980858051,2.415170669555664,1216x352,1344x392
13,2011_09_26_drive_0002_sync_image_0000000044_image_03.png,0-20m,95638,0.8520113024758177,85.20113024758177,9.581429680041174,92.39737342897175,2.451861980858051,2.415170669555664,1216x352,1344x392
13,2011_09_26_drive_0002_sync_image_0000000044_image_03.png,0-40m,111025,0.9435024164754295,94.35024164754296,9.023235000366379,93.0961495158748,2.451861980858051,2.415170669555664,1216x352,1344x392
13,2011_09_26_drive_0002_sync_image_0000000044_image_03.png,0-80m,116753,1.0813001194689487,108.13001194689487,8.922238275296033,93.37147653593483,2.451861980858051,2.415170669555664,1216x352,1344x392
14,2011_09_26_drive_0002_sync_image_0000000047_image_02.png,0-10m,57351,0.6842372628177537,68.42372628177536,9.079596819953053,95.92683649805583,2.439965264696773,2.415170669555664,1216x352,1344x392
14,2011_09_26_drive_0002_sync_image_0000000047_image_02.png,0-20m,97646,0.6965724050374843,69.65724050374843,7.4047397798030286,97.13557134956885,2.439965264696773,2.415170669555664,1216x352,1344x392
14,2011_09_26_drive_0002_sync_image_0000000047_image_02.png,0-40m,113413,0.8259923720771206,82.59923720771206,7.20868063623558,97.46678070415207,2.439965264696773,2.415170669555664,1216x352,1344x392
14,2011_09_26_drive_0002_sync_image_0000000047_image_02.png,0-80m,120159,1.0360672334359216,103.60672334359215,7.272336435827357,97.37098344693281,2.439965264696773,2.415170669555664,1216x352,1344x392
15,2011_09_26_drive_0002_sync_image_0000000050_image_03.png,0-10m,45040,1.0962535753237417,109.62535753237417,14.64026416062426,84.94005328596803,2.4510813189541727,2.415170669555664,1216x352,1344x392
15,2011_09_26_drive_0002_sync_image_0000000050_image_03.png,0-20m,87072,0.9312692848703346,93.12692848703345,10.403814930919683,92.17429253950753,2.4510813189541727,2.415170669555664,1216x352,1344x392
15,2011_09_26_drive_0002_sync_image_0000000050_image_03.png,0-40m,102090,0.9693084186059229,96.93084186059228,9.516777704694848,93.24125771378195,2.4510813189541727,2.415170669555664,1216x352,1344x392
15,2011_09_26_drive_0002_sync_image_0000000050_image_03.png,0-80m,108349,1.140631324415393,114.0631324415393,9.384181417165879,93.50709282042288,2.4510813189541727,2.415170669555664,1216x352,1344x392
16,2011_09_26_drive_0002_sync_image_0000000053_image_02.png,0-10m,52811,0.777905621441675,77.7905621441675,10.324116786115571,97.3603984018481,2.452275650413757,2.415170669555664,1216x352,1344x392
16,2011_09_26_drive_0002_sync_image_0000000053_image_02.png,0-20m,91760,0.7040426598597114,70.40426598597114,7.86975593296735,98.47972972972973,2.452275650413757,2.415170669555664,1216x352,1344x392
16,2011_09_26_drive_0002_sync_image_0000000053_image_02.png,0-40m,106818,0.7852542437991754,78.52542437991754,7.4227535874104955,98.58263588533768,2.452275650413757,2.415170669555664,1216x352,1344x392
16,2011_09_26_drive_0002_sync_image_0000000053_image_02.png,0-80m,113327,1.0260211998151518,102.60211998151519,7.520703725657034,98.28461002232478,2.452275650413757,2.415170669555664,1216x352,1344x392
17,2011_09_26_drive_0002_sync_image_0000000056_image_03.png,0-10m,50907,0.7292423760843892,72.92423760843893,9.603623813091621,92.30361246979787,2.443675121217861,2.415170669555664,1216x352,1344x392
17,2011_09_26_drive_0002_sync_image_0000000056_image_03.png,0-20m,90530,0.6963098557920044,69.63098557920044,7.544177604215088,95.65006075334144,2.443675121217861,2.415170669555664,1216x352,1344x392
17,2011_09_26_drive_0002_sync_image_0000000056_image_03.png,0-40m,106081,0.7739223146387805,77.39223146387805,7.085967917341125,96.24437929506698,2.443675121217861,2.415170669555664,1216x352,1344x392
17,2011_09_26_drive_0002_sync_image_0000000056_image_03.png,0-80m,112056,0.9857724955397346,98.57724955397346,7.187719461443414,96.12693653173413,2.443675121217861,2.415170669555664,1216x352,1344x392
18,2011_09_26_drive_0002_sync_image_0000000059_image_02.png,0-10m,52140,0.7338273643944334,73.38273643944333,9.67754744112,92.78289221327196,2.452203488817477,2.415170669555664,1216x352,1344x392
18,2011_09_26_drive_0002_sync_image_0000000059_image_02.png,0-20m,92671,0.710691505210091,71.06915052100909,7.622949577445344,95.79372187631515,2.452203488817477,2.415170669555664,1216x352,1344x392
18,2011_09_26_drive_0002_sync_image_0000000059_image_02.png,0-40m,107906,0.8081440880082392,80.81440880082393,7.256187406180327,96.21707782699758,2.452203488817477,2.415170669555664,1216x352,1344x392
18,2011_09_26_drive_0002_sync_image_0000000059_image_02.png,0-80m,113530,0.9725157222883886,97.25157222883885,7.283479335934197,96.03276666960274,2.452203488817477,2.415170669555664,1216x352,1344x392
19,2011_09_26_drive_0002_sync_image_0000000062_image_03.png,0-10m,48872,0.7554276553771562,75.54276553771561,9.881178022863253,91.90129317400556,2.450757541311502,2.415170669555664,1216x352,1344x392
19,2011_09_26_drive_0002_sync_image_0000000062_image_03.png,0-20m,86372,0.7652325466884566,76.52325466884567,8.122685032459865,95.00185245218358,2.450757541311502,2.415170669555664,1216x352,1344x392
19,2011_09_26_drive_0002_sync_image_0000000062_image_03.png,0-40m,101499,0.9237654821397209,92.37654821397209,7.856759068058857,95.61867604606942,2.450757541311502,2.415170669555664,1216x352,1344x392
19,2011_09_26_drive_0002_sync_image_0000000062_image_03.png,0-80m,106299,1.1201203488210396,112.01203488210396,7.95442985551056,95.33485733638133,2.450757541311502,2.415170669555664,1216x352,1344x392
20,2011_09_26_drive_0002_sync_image_0000000065_image_02.png,0-10m,53787,0.7344401192784338,73.44401192784338,9.74274194670151,93.93533753509212,2.4497285087670497,2.415170669555664,1216x352,1344x392
20,2011_09_26_drive_0002_sync_image_0000000065_image_02.png,0-20m,95798,0.7179539321611196,71.79539321611196,7.802372047105965,95.81828430656172,2.4497285087670497,2.415170669555664,1216x352,1344x392
20,2011_09_26_drive_0002_sync_image_0000000065_image_02.png,0-40m,112703,0.9322266874584726,93.22266874584726,7.7511173543469924,96.040921714595,2.4497285087670497,2.415170669555664,1216x352,1344x392
20,2011_09_26_drive_0002_sync_image_0000000065_image_02.png,0-80m,116964,1.1117822097030343,111.17822097030343,7.892554488744268,95.69354673232789,2.4497285087670497,2.415170669555664,1216x352,1344x392
21,2011_09_26_drive_0002_sync_image_0000000068_image_03.png,0-10m,48096,0.7064769764443833,70.64769764443834,9.051006310014161,91.3714238190286,2.44740945369873,2.415170669555664,1216x352,1344x392
21,2011_09_26_drive_0002_sync_image_0000000068_image_03.png,0-20m,86820,0.7003807622862972,70.03807622862972,7.249126002659896,95.06910850034555,2.44740945369873,2.415170669555664,1216x352,1344x392
21,2011_09_26_drive_0002_sync_image_0000000068_image_03.png,0-40m,102422,0.9289331598032878,92.89331598032878,7.355268398451418,94.72476616351956,2.44740945369873,2.415170669555664,1216x352,1344x392
21,2011_09_26_drive_0002_sync_image_0000000068_image_03.png,0-80m,106166,1.1073411687502022,110.73411687502022,7.529630453467728,94.33717009211989,2.44740945369873,2.415170669555664,1216x352,1344x392
22,2011_09_26_drive_0002_sync_image_0000000071_image_02.png,0-10m,54877,0.5015713401596459,50.15713401596459,6.736675031997676,98.82464420431147,2.4407561364861086,2.415170669555664,1216x352,1344x392
22,2011_09_26_drive_0002_sync_image_0000000071_image_02.png,0-20m,88727,0.5652540612973421,56.525406129734215,5.8912805660312495,99.06229219966865,2.4407561364861086,2.415170669555664,1216x352,1344x392
22,2011_09_26_drive_0002_sync_image_0000000071_image_02.png,0-40m,104981,0.9813757717954039,98.13757717954039,6.793839374263601,97.91009801773654,2.4407561364861086,2.415170669555664,1216x352,1344x392
22,2011_09_26_drive_0002_sync_image_0000000071_image_02.png,0-80m,107910,1.128215768306097,112.8215768306097,6.96490969880938,97.5600037067927,2.4407561364861086,2.415170669555664,1216x352,1344x392
23,2011_09_26_drive_0005_sync_image_0000000005_image_03.png,0-10m,5122,0.4884691208612635,48.84691208612635,7.306502734971715,99.14096056228036,2.425290149488239,2.415170669555664,1216x352,1344x392
23,2011_09_26_drive_0005_sync_image_0000000005_image_03.png,0-20m,24775,0.5855986990288697,58.55986990288697,4.783939793865883,99.17658930373359,2.425290149488239,2.415170669555664,1216x352,1344x392
23,2011_09_26_drive_0005_sync_image_0000000005_image_03.png,0-40m,31897,0.6815187584760739,68.15187584760739,4.559750903925636,98.96228485437501,2.425290149488239,2.415170669555664,1216x352,1344x392
23,2011_09_26_drive_0005_sync_image_0000000005_image_03.png,0-80m,33813,0.9368206712694969,93.68206712694969,4.895436812436063,98.45621506521161,2.425290149488239,2.415170669555664,1216x352,1344x392
24,2011_09_26_drive_0005_sync_image_0000000008_image_02.png,0-10m,4824,0.5245106522716693,52.45106522716693,7.130008082842599,99.12935323383084,2.42860331276491,2.415170669555664,1216x352,1344x392
24,2011_09_26_drive_0005_sync_image_0000000008_image_02.png,0-20m,28135,0.6052871837992216,60.52871837992216,4.884825264003672,99.28558734672116,2.42860331276491,2.415170669555664,1216x352,1344x392
24,2011_09_26_drive_0005_sync_image_0000000008_image_02.png,0-40m,36391,0.7640396677773893,76.40396677773893,4.838546433978763,98.88433953450028,2.42860331276491,2.415170669555664,1216x352,1344x392
24,2011_09_26_drive_0005_sync_image_0000000008_image_02.png,0-80m,38065,0.9819236885901585,98.19236885901586,5.141062841412182,98.16366741100748,2.42860331276491,2.415170669555664,1216x352,1344x392
25,2011_09_26_drive_0005_sync_image_0000000011_image_03.png,0-10m,6111,0.6933442430866075,69.33442430866074,8.740630528583548,99.0672557682867,2.432489891739781,2.415170669555664,1216x352,1344x392
25,2011_09_26_drive_0005_sync_image_0000000011_image_03.png,0-20m,33865,0.7951556045372272,79.51556045372273,6.186872427189736,99.23519858260741,2.432489891739781,2.415170669555664,1216x352,1344x392
25,2011_09_26_drive_0005_sync_image_0000000011_image_03.png,0-40m,43535,1.0339446908449816,103.39446908449817,6.301556672093595,98.80096474101298,2.432489891739781,2.415170669555664,1216x352,1344x392
25,2011_09_26_drive_0005_sync_image_0000000011_image_03.png,0-80m,45031,1.1984538543613747,119.84538543613748,6.4999032818394475,98.58097754879972,2.432489891739781,2.415170669555664,1216x352,1344x392
26,2011_09_26_drive_0005_sync_image_0000000014_image_02.png,0-10m,6088,0.7790381410275433,77.90381410275432,9.498957016246168,98.06176084099869,2.4105690919103804,2.415170669555664,1216x352,1344x392
26,2011_09_26_drive_0005_sync_image_0000000014_image_02.png,0-20m,34740,0.745161415011154,74.5161415011154,5.746770049669482,98.94358088658606,2.4105690919103804,2.415170669555664,1216x352,1344x392
26,2011_09_26_drive_0005_sync_image_0000000014_image_02.png,0-40m,42593,0.9540186508032188,95.40186508032188,5.946867830383914,98.46218862254361,2.4105690919103804,2.415170669555664,1216x352,1344x392
26,2011_09_26_drive_0005_sync_image_0000000014_image_02.png,0-80m,44295,1.1749172222104294,117.49172222104293,6.227723442404922,97.93656168867818,2.4105690919103804,2.415170669555664,1216x352,1344x392
27,2011_09_26_drive_0005_sync_image_0000000017_image_03.png,0-10m,5619,0.9530774716657132,95.30774716657132,12.021485373327248,98.55846235985051,2.430797031575786,2.415170669555664,1216x352,1344x392
27,2011_09_26_drive_0005_sync_image_0000000017_image_03.png,0-20m,34581,0.9551299622224267,95.51299622224268,7.355546008879671,98.9126977241838,2.430797031575786,2.415170669555664,1216x352,1344x392
27,2011_09_26_drive_0005_sync_image_0000000017_image_03.png,0-40m,41728,1.305415496927189,130.5415496927189,7.948676193186374,98.2170245398773,2.430797031575786,2.415170669555664,1216x352,1344x392
27,2011_09_26_drive_0005_sync_image_0000000017_image_03.png,0-80m,44062,1.5744709586227081,157.44709586227083,8.188170815948425,97.90295492714812,2.430797031575786,2.415170669555664,1216x352,1344x392
28,2011_09_26_drive_0005_sync_image_0000000020_image_02.png,0-10m,6141,0.9064126337725688,90.64126337725688,11.492521585859977,99.21836834391793,2.4096611993508423,2.415170669555664,1216x352,1344x392
28,2011_09_26_drive_0005_sync_image_0000000020_image_02.png,0-20m,36944,0.9528237385195331,95.28237385195331,7.445871058037978,99.09051537462105,2.4096611993508423,2.415170669555664,1216x352,1344x392
28,2011_09_26_drive_0005_sync_image_0000000020_image_02.png,0-40m,45121,1.4056797048089744,140.56797048089743,8.264389565877577,98.02087719687064,2.4096611993508423,2.415170669555664,1216x352,1344x392
28,2011_09_26_drive_0005_sync_image_0000000020_image_02.png,0-80m,48293,1.6919138781428449,169.1913878142845,8.494804569001174,97.69531816205247,2.4096611993508423,2.415170669555664,1216x352,1344x392
29,2011_09_26_drive_0005_sync_image_0000000023_image_03.png,0-10m,5617,0.9532115242543627,95.32115242543627,12.005955952755391,98.14847783514331,2.415705759379426,2.415170669555664,1216x352,1344x392
29,2011_09_26_drive_0005_sync_image_0000000023_image_03.png,0-20m,33910,0.8308711140389922,83.08711140389921,6.78965236540841,98.90002948982601,2.415705759379426,2.415170669555664,1216x352,1344x392
29,2011_09_26_drive_0005_sync_image_0000000023_image_03.png,0-40m,42314,1.1830881121321213,118.30881121321212,7.248284274838869,98.28425580186226,2.415705759379426,2.415170669555664,1216x352,1344x392
29,2011_09_26_drive_0005_sync_image_0000000023_image_03.png,0-80m,45342,1.499798145929804,149.9798145929804,7.577892302502375,97.62692426447886,2.415705759379426,2.415170669555664,1216x352,1344x392
30,2011_09_26_drive_0005_sync_image_0000000026_image_02.png,0-10m,11147,0.7761122434569376,77.61122434569376,9.58299548094853,98.9773033103077,2.4121535875959275,2.415170669555664,1216x352,1344x392
30,2011_09_26_drive_0005_sync_image_0000000026_image_02.png,0-20m,40068,0.8365900374534685,83.65900374534685,7.002640479514414,99.01168014375563,2.4121535875959275,2.415170669555664,1216x352,1344x392
30,2011_09_26_drive_0005_sync_image_0000000026_image_02.png,0-40m,49022,1.343665088095079,134.36650880950788,7.987272341902048,98.1294112847293,2.4121535875959275,2.415170669555664,1216x352,1344x392
30,2011_09_26_drive_0005_sync_image_0000000026_image_02.png,0-80m,52023,1.5965962773859026,159.65962773859025,8.224740407516249,98.01818426465218,2.4121535875959275,2.415170669555664,1216x352,1344x392
31,2011_09_26_drive_0005_sync_image_0000000029_image_03.png,0-10m,12179,0.6164859952534328,61.648599525343286,7.87486976855605,99.40881845800148,2.4281940526015786,2.415170669555664,1216x352,1344x392
31,2011_09_26_drive_0005_sync_image_0000000029_image_03.png,0-20m,37019,0.6632365280948332,66.32365280948332,5.756423744330104,99.05183824522543,2.4281940526015786,2.415170669555664,1216x352,1344x392
31,2011_09_26_drive_0005_sync_image_0000000029_image_03.png,0-40m,44616,1.11428533634747,111.42853363474701,6.493227783783909,98.34588488434642,2.4281940526015786,2.415170669555664,1216x352,1344x392
31,2011_09_26_drive_0005_sync_image_0000000029_image_03.png,0-80m,46799,1.3465572848513905,134.65572848513904,6.816252763572077,97.84824462061155,2.4281940526015786,2.415170669555664,1216x352,1344x392
32,2011_09_26_drive_0005_sync_image_0000000032_image_02.png,0-10m,12952,0.7376369382953702,73.76369382953702,9.635456637754164,99.16615194564547,2.4082029171030483,2.415170669555664,1216x352,1344x392
32,2011_09_26_drive_0005_sync_image_0000000032_image_02.png,0-20m,42658,0.7620970215820452,76.20970215820452,6.636456771679643,98.9474424492475,2.4082029171030483,2.415170669555664,1216x352,1344x392
32,2011_09_26_drive_0005_sync_image_0000000032_image_02.png,0-40m,51283,1.2442262042199403,124.42262042199404,7.330230794010471,98.05198603825829,2.4082029171030483,2.415170669555664,1216x352,1344x392
32,2011_09_26_drive_0005_sync_image_0000000032_image_02.png,0-80m,52819,1.3986281851654725,139.86281851654724,7.530951920323342,97.88523069350045,2.4082029171030483,2.415170669555664,1216x352,1344x392
33,2011_09_26_drive_0005_sync_image_0000000035_image_03.png,0-10m,18246,0.6769115725695715,67.69115725695714,8.782732705441937,99.46837663049436,2.4254836838977574,2.415170669555664,1216x352,1344x392
33,2011_09_26_drive_0005_sync_image_0000000035_image_03.png,0-20m,43524,0.6883292670701753,68.83292670701752,6.603911881833375,99.0189320834482,2.4254836838977574,2.415170669555664,1216x352,1344x392
33,2011_09_26_drive_0005_sync_image_0000000035_image_03.png,0-40m,52557,1.1923579421084132,119.23579421084132,7.310304382993104,98.08969309511578,2.4254836838977574,2.415170669555664,1216x352,1344x392
33,2011_09_26_drive_0005_sync_image_0000000035_image_03.png,0-80m,53553,1.2937612317468692,129.3761231746869,7.438108816826151,97.97770433028961,2.4254836838977574,2.415170669555664,1216x352,1344x392
34,2011_09_26_drive_0005_sync_image_0000000038_image_02.png,0-10m,23703,0.7244186950364616,72.44186950364616,9.354219466092841,99.35029321182972,2.4200394757464543,2.415170669555664,1216x352,1344x392
34,2011_09_26_drive_0005_sync_image_0000000038_image_02.png,0-20m,43918,0.7866582691335597,78.66582691335597,7.8578281238970735,99.02545653262898,2.4200394757464543,2.415170669555664,1216x352,1344x392
34,2011_09_26_drive_0005_sync_image_0000000038_image_02.png,0-40m,56275,1.4703626265455914,147.03626265455912,8.701201907170724,97.65615282096846,2.4200394757464543,2.415170669555664,1216x352,1344x392
34,2011_09_26_drive_0005_sync_image_0000000038_image_02.png,0-80m,57169,1.559600154303727,155.9600154303727,8.799801870913063,97.57211075932761,2.4200394757464543,2.415170669555664,1216x352,1344x392
35,2011_09_26_drive_0005_sync_image_0000000041_image_03.png,0-10m,22067,0.7260581601723247,72.60581601723247,9.91123178656248,99.6057461367653,2.408068957453982,2.415170669555664,1216x352,1344x392
35,2011_09_26_drive_0005_sync_image_0000000041_image_03.png,0-20m,36320,0.8750390090015491,87.5039009001549,9.120527552195373,99.14372246696036,2.408068957453982,2.415170669555664,1216x352,1344x392
35,2011_09_26_drive_0005_sync_image_0000000041_image_03.png,0-40m,49071,1.679933201625109,167.99332016251088,9.906312448149377,97.80318314279309,2.408068957453982,2.415170669555664,1216x352,1344x392
35,2011_09_26_drive_0005_sync_image_0000000041_image_03.png,0-80m,49986,1.785547472685319,178.5547472685319,10.005064866727608,97.4992998039451,2.408068957453982,2.415170669555664,1216x352,1344x392
36,2011_09_26_drive_0005_sync_image_0000000044_image_02.png,0-10m,12472,0.7570838435786592,75.70838435786592,10.461348289146656,98.73316228351507,2.4289425015245834,2.415170669555664,1216x352,1344x392
36,2011_09_26_drive_0005_sync_image_0000000044_image_02.png,0-20m,25753,0.8612467837612342,86.12467837612343,8.874591916784492,97.47990525375685,2.4289425015245834,2.415170669555664,1216x352,1344x392
36,2011_09_26_drive_0005_sync_image_0000000044_image_02.png,0-40m,41613,1.8619800530087758,186.19800530087758,9.655991122515953,96.33287674524787,2.4289425015245834,2.415170669555664,1216x352,1344x392
36,2011_09_26_drive_0005_sync_image_0000000044_image_02.png,0-80m,42651,2.010345819180843,201.0345819180843,9.823077035253258,95.90162012614006,2.4289425015245834,2.415170669555664,1216x352,1344x392
37,2011_09_26_drive_0005_sync_image_0000000047_image_03.png,0-10m,10249,0.7518880532676272,75.18880532676272,10.151793914975919,96.90701531856767,2.4291997584475578,2.415170669555664,1216x352,1344x392
37,2011_09_26_drive_0005_sync_image_0000000047_image_03.png,0-20m,17213,0.8872448239398225,88.72448239398226,9.469761659155107,95.1664439667693,2.4291997584475578,2.415170669555664,1216x352,1344x392
37,2011_09_26_drive_0005_sync_image_0000000047_image_03.png,0-40m,34555,1.9988928993571737,199.8892899357174,9.660159892466025,95.84720011575749,2.4291997584475578,2.415170669555664,1216x352,1344x392
37,2011_09_26_drive_0005_sync_image_0000000047_image_03.png,0-80m,35694,2.174311892728602,217.4311892728602,9.809934364426836,95.60710483554658,2.4291997584475578,2.415170669555664,1216x352,1344x392
38,2011_09_26_drive_0005_sync_image_0000000050_image_02.png,0-10m,13016,0.6716024434375998,67.16024434375998,8.940201870494684,98.83220651505839,2.4339167270797413,2.415170669555664,1216x352,1344x392
38,2011_09_26_drive_0005_sync_image_0000000050_image_02.png,0-20m,18484,0.8240870526667101,82.408705266671,9.108212204467211,97.17593594460074,2.4339167270797413,2.415170669555664,1216x352,1344x392
38,2011_09_26_drive_0005_sync_image_0000000050_image_02.png,0-40m,38580,1.514131794431903,151.4131794431903,8.001138500096433,97.44945567651632,2.4339167270797413,2.415170669555664,1216x352,1344x392
38,2011_09_26_drive_0005_sync_image_0000000050_image_02.png,0-80m,40018,1.6370565929574417,163.70565929574417,8.077518057905278,97.18376730471287,2.4339167270797413,2.415170669555664,1216x352,1344x392
39,2011_09_26_drive_0005_sync_image_0000000053_image_03.png,0-10m,9399,0.7181580746499816,71.81580746499816,9.76281817088546,98.404085541015,2.4374210428470535,2.415170669555664,1216x352,1344x392
39,2011_09_26_drive_0005_sync_image_0000000053_image_03.png,0-20m,13360,0.8716863498180926,87.16863498180926,9.722216766954677,96.76646706586827,2.4374210428470535,2.415170669555664,1216x352,1344x392
39,2011_09_26_drive_0005_sync_image_0000000053_image_03.png,0-40m,32555,1.6580969919240744,165.80969919240744,8.322814347286814,96.91598832744586,2.4374210428470535,2.415170669555664,1216x352,1344x392
39,2011_09_26_drive_0005_sync_image_0000000053_image_03.png,0-80m,33422,1.813597092222721,181.3597092222721,8.51436350625017,96.50230387170127,2.4374210428470535,2.415170669555664,1216x352,1344x392
40,2011_09_26_drive_0005_sync_image_0000000056_image_02.png,0-10m,11828,0.7690756857536272,76.90756857536272,10.481227573528749,98.5711870138654,2.411617242548072,2.415170669555664,1216x352,1344x392
40,2011_09_26_drive_0005_sync_image_0000000056_image_02.png,0-20m,19087,0.8845561934084554,88.45561934084554,9.3648020106927,98.21868287315975,2.411617242548072,2.415170669555664,1216x352,1344x392
40,2011_09_26_drive_0005_sync_image_0000000056_image_02.png,0-40m,38502,1.4896996149824326,148.96996149824326,8.09301427438021,96.91184873513065,2.411617242548072,2.415170669555664,1216x352,1344x392
40,2011_09_26_drive_0005_sync_image_0000000056_image_02.png,0-80m,39420,1.6450698173572302,164.50698173572303,8.288335541830373,96.7123287671233,2.411617242548072,2.415170669555664,1216x352,1344x392
41,2011_09_26_drive_0005_sync_image_0000000059_image_03.png,0-10m,14549,0.7959279866880286,79.59279866880286,10.456463856612409,99.1270877723555,2.4125545480200348,2.415170669555664,1216x352,1344x392
41,2011_09_26_drive_0005_sync_image_0000000059_image_03.png,0-20m,28410,0.9244653862238518,92.44653862238518,8.97666002922695,99.04963041182681,2.4125545480200348,2.415170669555664,1216x352,1344x392
41,2011_09_26_drive_0005_sync_image_0000000059_image_03.png,0-40m,48636,1.6556706225286728,165.5670622528673,8.891832640746518,97.29212928694794,2.4125545480200348,2.415170669555664,1216x352,1344x392
41,2011_09_26_drive_0005_sync_image_0000000059_image_03.png,0-80m,49395,1.732290179614343,173.2290179614343,8.950926791540489,97.11306812430408,2.4125545480200348,2.415170669555664,1216x352,1344x392
42,2011_09_26_drive_0005_sync_image_0000000062_image_02.png,0-10m,19103,0.8477196941910904,84.77196941910904,11.1360528153274,98.92687012511125,2.428198179756871,2.415170669555664,1216x352,1344x392
42,2011_09_26_drive_0005_sync_image_0000000062_image_02.png,0-20m,39986,0.882290634780769,88.2290634780769,8.747502799690247,99.03216125643975,2.428198179756871,2.415170669555664,1216x352,1344x392
42,2011_09_26_drive_0005_sync_image_0000000062_image_02.png,0-40m,61786,1.2170836017265552,121.70836017265552,7.947478512761307,97.69688926293982,2.428198179756871,2.415170669555664,1216x352,1344x392
42,2011_09_26_drive_0005_sync_image_0000000062_image_02.png,0-80m,62263,1.245290104665055,124.52901046650551,7.9507436680678865,97.6245924545878,2.428198179756871,2.415170669555664,1216x352,1344x392
43,2011_09_26_drive_0005_sync_image_0000000065_image_03.png,0-10m,20875,0.8842018395383915,88.42018395383914,11.48585827942936,99.47305389221557,2.418379685639237,2.415170669555664,1216x352,1344x392
43,2011_09_26_drive_0005_sync_image_0000000065_image_03.png,0-20m,43192,0.9273995921156498,92.73995921156498,9.133523657457596,99.24986108538619,2.418379685639237,2.415170669555664,1216x352,1344x392
43,2011_09_26_drive_0005_sync_image_0000000065_image_03.png,0-40m,66299,1.3347900238049193,133.47900238049192,8.57585289865043,97.93963709859878,2.418379685639237,2.415170669555664,1216x352,1344x392
43,2011_09_26_drive_0005_sync_image_0000000065_image_03.png,0-80m,66744,1.3608444346364819,136.0844434636482,8.57446142157448,97.8979383914659,2.418379685639237,2.415170669555664,1216x352,1344x392
44,2011_09_26_drive_0005_sync_image_0000000068_image_02.png,0-10m,23822,1.0023411549005388,100.23411549005388,12.850004710802704,99.50465955839141,2.4222946057707655,2.415170669555664,1216x352,1344x392
44,2011_09_26_drive_0005_sync_image_0000000068_image_02.png,0-20m,50357,1.1023346366284255,110.23346366284255,10.620771823596838,99.13616776217805,2.4222946057707655,2.415170669555664,1216x352,1344x392
44,2011_09_26_drive_0005_sync_image_0000000068_image_02.png,0-40m,75719,1.4067732831560509,140.67732831560508,9.524003941171413,97.45638479113565,2.4222946057707655,2.415170669555664,1216x352,1344x392
44,2011_09_26_drive_0005_sync_image_0000000068_image_02.png,0-80m,76193,1.445047354968226,144.50473549682258,9.547769394090121,97.34227553712283,2.4222946057707655,2.415170669555664,1216x352,1344x392
45,2011_09_26_drive_0005_sync_image_0000000071_image_03.png,0-10m,20859,1.0103816542142394,101.03816542142394,13.025715220388411,99.80823625293638,2.433375990394597,2.415170669555664,1216x352,1344x392
45,2011_09_26_drive_0005_sync_image_0000000071_image_03.png,0-20m,45004,1.172072308189169,117.20723081891691,11.021158346874635,99.10230201759843,2.433375990394597,2.415170669555664,1216x352,1344x392
45,2011_09_26_drive_0005_sync_image_0000000071_image_03.png,0-40m,67480,1.527999626480763,152.7999626480763,10.166607764434332,98.72110254890339,2.433375990394597,2.415170669555664,1216x352,1344x392
45,2011_09_26_drive_0005_sync_image_0000000071_image_03.png,0-80m,67918,1.5750404360044472,157.50404360044473,10.201366448675063,98.60272681763303,2.433375990394597,2.415170669555664,1216x352,1344x392
46,2011_09_26_drive_0005_sync_image_0000000074_image_02.png,0-10m,22037,1.0003846834276822,100.03846834276821,13.068135334298864,99.90470572219449,2.4297356884576278,2.415170669555664,1216x352,1344x392
46,2011_09_26_drive_0005_sync_image_0000000074_image_02.png,0-20m,48306,1.1032426488555964,110.32426488555964,10.61955605897144,98.69995445700327,2.4297356884576278,2.415170669555664,1216x352,1344x392
46,2011_09_26_drive_0005_sync_image_0000000074_image_02.png,0-40m,70586,1.3058080590328929,130.58080590328927,9.414116128646947,97.94010143654549,2.4297356884576278,2.415170669555664,1216x352,1344x392
46,2011_09_26_drive_0005_sync_image_0000000074_image_02.png,0-80m,71072,1.342963948832445,134.2963948832445,9.430906545373537,97.86413777577667,2.4297356884576278,2.415170669555664,1216x352,1344x392
47,2011_09_26_drive_0005_sync_image_0000000077_image_03.png,0-10m,19719,0.9974012903004281,99.74012903004281,12.821861356297806,99.93407373599067,2.4181796814277905,2.415170669555664,1216x352,1344x392
47,2011_09_26_drive_0005_sync_image_0000000077_image_03.png,0-20m,49713,1.0624000134451868,106.24000134451867,9.87823029793264,98.46720173797598,2.4181796814277905,2.415170669555664,1216x352,1344x392
47,2011_09_26_drive_0005_sync_image_0000000077_image_03.png,0-40m,65701,1.318753725781916,131.8753725781916,9.457093464964027,98.28160910792835,2.4181796814277905,2.415170669555664,1216x352,1344x392
47,2011_09_26_drive_0005_sync_image_0000000077_image_03.png,0-80m,66354,1.3625490481108198,136.25490481108199,9.467567471098118,98.17343340265847,2.4181796814277905,2.415170669555664,1216x352,1344x392
48,2011_09_26_drive_0005_sync_image_0000000080_image_02.png,0-10m,19671,1.0675711199322313,106.75711199322313,13.485044623082782,99.44080117940115,2.400779965409067,2.415170669555664,1216x352,1344x392
48,2011_09_26_drive_0005_sync_image_0000000080_image_02.png,0-20m,52825,1.0495505497774917,104.95505497774917,9.63745488672479,98.45906294368197,2.400779965409067,2.415170669555664,1216x352,1344x392
48,2011_09_26_drive_0005_sync_image_0000000080_image_02.png,0-40m,67081,1.2693203666005062,126.93203666005061,9.275237146461937,98.1723587901194,2.400779965409067,2.415170669555664,1216x352,1344x392
48,2011_09_26_drive_0005_sync_image_0000000080_image_02.png,0-80m,67778,1.304864930946163,130.48649309461632,9.27696726427171,97.95803948183777,2.400779965409067,2.415170669555664,1216x352,1344x392
49,2011_09_26_drive_0005_sync_image_0000000083_image_03.png,0-10m,18527,1.065878605426931,106.5878605426931,13.367429296425943,98.25120094996491,2.3735322669905004,2.415170669555664,1216x352,1344x392
49,2011_09_26_drive_0005_sync_image_0000000083_image_03.png,0-20m,51308,1.0778196122498191,107.78196122498191,9.57993678518891,97.83854369688937,2.3735322669905004,2.415170669555664,1216x352,1344x392
49,2011_09_26_drive_0005_sync_image_0000000083_image_03.png,0-40m,61124,1.4204447157727307,142.04447157727307,10.02053782929242,97.44617498854787,2.3735322669905004,2.415170669555664,1216x352,1344x392
49,2011_09_26_drive_0005_sync_image_0000000083_image_03.png,0-80m,62010,1.5185088914010894,151.85088914010893,10.107594711977068,97.30688598613126,2.3735322669905004,2.415170669555664,1216x352,1344x392
50,2011_09_26_drive_0005_sync_image_0000000086_image_02.png,0-10m,22881,0.8832240247220031,88.32240247220031,11.08620066435039,99.83392334251126,2.3594805461322257,2.415170669555664,1216x352,1344x392
50,2011_09_26_drive_0005_sync_image_0000000086_image_02.png,0-20m,60206,1.0142884235922547,101.42884235922547,9.02230947069546,98.50845430687971,2.3594805461322257,2.415170669555664,1216x352,1344x392
50,2011_09_26_drive_0005_sync_image_0000000086_image_02.png,0-40m,67430,1.2271962626758606,122.71962626758605,9.232315798443942,97.75322556725493,2.3594805461322257,2.415170669555664,1216x352,1344x392
50,2011_09_26_drive_0005_sync_image_0000000086_image_02.png,0-80m,69037,1.2508946117106776,125.08946117106777,9.13046637898877,97.70992366412213,2.3594805461322257,2.415170669555664,1216x352,1344x392
51,2011_09_26_drive_0005_sync_image_0000000089_image_03.png,0-10m,22538,1.0518172231665393,105.18172231665392,13.140951760401862,98.51362143934688,2.373332852464991,2.415170669555664,1216x352,1344x392
51,2011_09_26_drive_0005_sync_image_0000000089_image_03.png,0-20m,50833,1.075937050888306,107.59370508883059,10.30447044795992,98.3967107981036,2.373332852464991,2.415170669555664,1216x352,1344x392
51,2011_09_26_drive_0005_sync_image_0000000089_image_03.png,0-40m,57966,1.2242487167360308,122.42487167360308,10.120403894967803,98.02987958458407,2.373332852464991,2.415170669555664,1216x352,1344x392
51,2011_09_26_drive_0005_sync_image_0000000089_image_03.png,0-80m,60347,1.3575708027207738,135.7570802720774,10.08346663970046,97.95018807894344,2.373332852464991,2.415170669555664,1216x352,1344x392
52,2011_09_26_drive_0005_sync_image_0000000092_image_02.png,0-10m,24232,0.9923515326121177,99.23515326121178,12.677219907672182,98.64641795972268,2.349530211429895,2.415170669555664,1216x352,1344x392
52,2011_09_26_drive_0005_sync_image_0000000092_image_02.png,0-20m,47031,1.0773520542157835,107.73520542157836,10.813846267322992,98.68809933873402,2.349530211429895,2.415170669555664,1216x352,1344x392
52,2011_09_26_drive_0005_sync_image_0000000092_image_02.png,0-40m,54726,1.24614418226912,124.614418226912,10.30411180614659,98.761100756496,2.349530211429895,2.415170669555664,1216x352,1344x392
52,2011_09_26_drive_0005_sync_image_0000000092_image_02.png,0-80m,57659,1.404655917708568,140.4655917708568,10.22400061422374,98.70098336773097,2.349530211429895,2.415170669555664,1216x352,1344x392
53,2011_09_26_drive_0005_sync_image_0000000095_image_03.png,0-10m,22409,1.017778259070769,101.77782590707689,12.919883528477683,99.06287652282565,2.3798134702155838,2.415170669555664,1216x352,1344x392
53,2011_09_26_drive_0005_sync_image_0000000095_image_03.png,0-20m,38342,1.1153829726719668,111.53829726719668,11.341205600488683,98.10129883678472,2.3798134702155838,2.415170669555664,1216x352,1344x392
53,2011_09_26_drive_0005_sync_image_0000000095_image_03.png,0-40m,45258,1.2609785566475773,126.09785566475773,10.625295071745061,98.29422422555129,2.3798134702155838,2.415170669555664,1216x352,1344x392
53,2011_09_26_drive_0005_sync_image_0000000095_image_03.png,0-80m,47332,1.371005454516155,137.1005454516155,10.497484515982428,98.25910589030677,2.3798134702155838,2.415170669555664,1216x352,1344x392
54,2011_09_26_drive_0005_sync_image_0000000098_image_02.png,0-10m,25760,0.7807196295039254,78.07196295039253,10.538798568062566,98.72670807453416,2.3678794313496394,2.415170669555664,1216x352,1344x392
54,2011_09_26_drive_0005_sync_image_0000000098_image_02.png,0-20m,43363,0.7612230133296098,76.12230133296099,8.646569024717573,98.41570002075503,2.3678794313496394,2.415170669555664,1216x352,1344x392
54,2011_09_26_drive_0005_sync_image_0000000098_image_02.png,0-40m,50797,0.8362711423597582,83.62711423597582,7.993865238041563,98.50188003228537,2.3678794313496394,2.415170669555664,1216x352,1344x392
54,2011_09_26_drive_0005_sync_image_0000000098_image_02.png,0-80m,52064,0.8993694310860174,89.93694310860174,7.951695950925752,98.47111247695143,2.3678794313496394,2.415170669555664,1216x352,1344x392
55,2011_09_26_drive_0005_sync_image_0000000101_image_03.png,0-10m,27313,0.6678896550095531,66.78896550095531,9.272959145206505,99.19086149452642,2.3127681220922076,2.415170669555664,1216x352,1344x392
55,2011_09_26_drive_0005_sync_image_0000000101_image_03.png,0-20m,42857,0.6746587558531112,67.46587558531112,8.03309043698354,98.37366124553748,2.3127681220922076,2.415170669555664,1216x352,1344x392
55,2011_09_26_drive_0005_sync_image_0000000101_image_03.png,0-40m,50837,0.8088689315496572,80.88689315496572,7.560377561914362,98.43027716033598,2.3127681220922076,2.415170669555664,1216x352,1344x392
55,2011_09_26_drive_0005_sync_image_0000000101_image_03.png,0-80m,52096,0.929089669215994,92.9089669215994,7.621211214266932,98.28969594594594,2.3127681220922076,2.415170669555664,1216x352,1344x392
56,2011_09_26_drive_0005_sync_image_0000000104_image_02.png,0-10m,33240,0.563867575790908,56.3867575790908,8.39180443298471,99.45848375451264,2.3247666457064557,2.415170669555664,1216x352,1344x392
56,2011_09_26_drive_0005_sync_image_0000000104_image_02.png,0-20m,43444,0.5436499436612222,54.36499436612222,7.3432135209570735,99.32326673418655,2.3247666457064557,2.415170669555664,1216x352,1344x392
56,2011_09_26_drive_0005_sync_image_0000000104_image_02.png,0-40m,51449,0.6802380701045526,68.02380701045526,6.962477821654954,99.24779879103578,2.3247666457064557,2.415170669555664,1216x352,1344x392
56,2011_09_26_drive_0005_sync_image_0000000104_image_02.png,0-80m,53299,0.8786672986549706,87.86672986549706,7.113360395732523,99.22137375935759,2.3247666457064557,2.415170669555664,1216x352,1344x392
57,2011_09_26_drive_0005_sync_image_0000000107_image_03.png,0-10m,32315,0.367214195591441,36.721419559144096,5.655668631966222,99.5729537366548,2.3351293590407183,2.415170669555664,1216x352,1344x392
57,2011_09_26_drive_0005_sync_image_0000000107_image_03.png,0-20m,37269,0.3869589832573773,38.69589832573773,5.445884381792283,99.50360889747512,2.3351293590407183,2.415170669555664,1216x352,1344x392
57,2011_09_26_drive_0005_sync_image_0000000107_image_03.png,0-40m,46197,0.6570414204637418,65.70414204637419,5.601607413792396,99.45234539039332,2.3351293590407183,2.415170669555664,1216x352,1344x392
57,2011_09_26_drive_0005_sync_image_0000000107_image_03.png,0-80m,48552,0.9097849430667055,90.97849430667056,5.857614537325156,99.35327072005272,2.3351293590407183,2.415170669555664,1216x352,1344x392
58,2011_09_26_drive_0005_sync_image_0000000110_image_02.png,0-10m,23702,0.19394996845011025,19.394996845011025,2.752204529682065,99.21103704328749,2.362916017914286,2.415170669555664,1216x352,1344x392
58,2011_09_26_drive_0005_sync_image_0000000110_image_02.png,0-20m,29954,0.24559207005407507,24.559207005407508,2.832431557676787,99.22547906790412,2.362916017914286,2.415170669555664,1216x352,1344x392
58,2011_09_26_drive_0005_sync_image_0000000110_image_02.png,0-40m,41964,0.5309639530145068,53.096395301450684,3.2282950468204237,99.24935659136402,2.362916017914286,2.415170669555664,1216x352,1344x392
58,2011_09_26_drive_0005_sync_image_0000000110_image_02.png,0-80m,44821,0.8826703234759975,88.26703234759975,3.734357719582472,98.90676245509917,2.362916017914286,2.415170669555664,1216x352,1344x392
59,2011_09_26_drive_0005_sync_image_0000000113_image_03.png,0-10m,18564,0.393850462777274,39.3850462777274,5.707848354264835,99.58521870286576,2.373478748555106,2.415170669555664,1216x352,1344x392
59,2011_09_26_drive_0005_sync_image_0000000113_image_03.png,0-20m,32956,0.5925452559589544,59.25452559589544,5.7099809000827335,99.66015293118097,2.373478748555106,2.415170669555664,1216x352,1344x392
59,2011_09_26_drive_0005_sync_image_0000000113_image_03.png,0-40m,48179,0.9016415945715935,90.16415945715936,5.773783053044272,99.53714273853753,2.373478748555106,2.415170669555664,1216x352,1344x392
59,2011_09_26_drive_0005_sync_image_0000000113_image_03.png,0-80m,50804,1.1807876888123772,118.07876888123772,6.082412769859853,99.36028659160696,2.373478748555106,2.415170669555664,1216x352,1344x392
60,2011_09_26_drive_0005_sync_image_0000000116_image_02.png,0-10m,22846,0.4412857986295911,44.128579862959114,5.620832975930512,99.662960693338,2.3868877751883355,2.415170669555664,1216x352,1344x392
60,2011_09_26_drive_0005_sync_image_0000000116_image_02.png,0-20m,53797,0.6694945154516777,66.94945154516778,5.547320460479285,99.69886796661524,2.3868877751883355,2.415170669555664,1216x352,1344x392
60,2011_09_26_drive_0005_sync_image_0000000116_image_02.png,0-40m,64331,0.8476419183345909,84.7641918334591,5.657920304928861,99.5896224215386,2.3868877751883355,2.415170669555664,1216x352,1344x392
60,2011_09_26_drive_0005_sync_image_0000000116_image_02.png,0-80m,66326,1.019414448290205,101.9414448290205,5.849259129128165,99.49190362753671,2.3868877751883355,2.415170669555664,1216x352,1344x392
61,2011_09_26_drive_0005_sync_image_0000000119_image_03.png,0-10m,21385,0.41354079905419194,41.3540799054192,5.257649662947048,100.0,2.3980251782870883,2.415170669555664,1216x352,1344x392
61,2011_09_26_drive_0005_sync_image_0000000119_image_03.png,0-20m,59234,0.6559596225525232,65.59596225525232,5.364230329308242,99.77040213390957,2.3980251782870883,2.415170669555664,1216x352,1344x392
61,2011_09_26_drive_0005_sync_image_0000000119_image_03.png,0-40m,67673,0.8474501723358726,84.74501723358726,5.67367993164693,99.50792782941498,2.3980251782870883,2.415170669555664,1216x352,1344x392
61,2011_09_26_drive_0005_sync_image_0000000119_image_03.png,0-80m,69217,0.9816792244006459,98.16792244006459,5.827584188633956,99.39899157721369,2.3980251782870883,2.415170669555664,1216x352,1344x392
62,2011_09_26_drive_0005_sync_image_0000000122_image_02.png,0-10m,23347,0.503588038021458,50.3588038021458,6.293654562927212,100.0,2.3538317555529744,2.415170669555664,1216x352,1344x392
62,2011_09_26_drive_0005_sync_image_0000000122_image_02.png,0-20m,65943,0.7531686687488283,75.31686687488282,6.37381797984354,99.82863988596212,2.3538317555529744,2.415170669555664,1216x352,1344x392
62,2011_09_26_drive_0005_sync_image_0000000122_image_02.png,0-40m,77192,0.8869135339700666,88.69135339700665,6.336272704979494,99.79013369261064,2.3538317555529744,2.415170669555664,1216x352,1344x392
62,2011_09_26_drive_0005_sync_image_0000000122_image_02.png,0-80m,79118,0.9908568619831968,99.08568619831968,6.420659325723131,99.71940645617939,2.3538317555529744,2.415170669555664,1216x352,1344x392
63,2011_09_26_drive_0005_sync_image_0000000125_image_03.png,0-10m,24368,0.6251699236256467,62.51699236256467,7.7759267773606995,99.86457649376231,2.334516077123268,2.415170669555664,1216x352,1344x392
63,2011_09_26_drive_0005_sync_image_0000000125_image_03.png,0-20m,66911,0.7242086782907403,72.42086782907403,6.581431410995762,99.77582161378548,2.334516077123268,2.415170669555664,1216x352,1344x392
63,2011_09_26_drive_0005_sync_image_0000000125_image_03.png,0-40m,77137,0.8613443106904718,86.13443106904718,6.550197419127886,99.65645539753945,2.334516077123268,2.415170669555664,1216x352,1344x392
63,2011_09_26_drive_0005_sync_image_0000000125_image_03.png,0-80m,78932,0.9519525721789264,95.19525721789263,6.603177181213228,99.60598996604672,2.334516077123268,2.415170669555664,1216x352,1344x392
64,2011_09_26_drive_0005_sync_image_0000000128_image_02.png,0-10m,28525,0.48822318286879035,48.82231828687903,5.995127385244586,99.83523225241017,2.3429634598243583,2.415170669555664,1216x352,1344x392
64,2011_09_26_drive_0005_sync_image_0000000128_image_02.png,0-20m,67049,0.5808232055648929,58.082320556489286,5.342352784720025,99.75241987203388,2.3429634598243583,2.415170669555664,1216x352,1344x392
64,2011_09_26_drive_0005_sync_image_0000000128_image_02.png,0-40m,75607,0.7338483681123081,73.38483681123081,5.543046519202956,99.65082598172127,2.3429634598243583,2.415170669555664,1216x352,1344x392
64,2011_09_26_drive_0005_sync_image_0000000128_image_02.png,0-80m,77787,0.834892801523886,83.4892801523886,5.61735844582372,99.49220306735059,2.3429634598243583,2.415170669555664,1216x352,1344x392
65,2011_09_26_drive_0005_sync_image_0000000131_image_03.png,0-10m,28456,0.44922152284762146,44.92215228476215,5.509221060138405,99.86997469777903,2.3542052462219822,2.415170669555664,1216x352,1344x392
65,2011_09_26_drive_0005_sync_image_0000000131_image_03.png,0-20m,56060,0.53587326402967,53.587326402966994,5.027482843669034,99.79486264716375,2.3542052462219822,2.415170669555664,1216x352,1344x392
65,2011_09_26_drive_0005_sync_image_0000000131_image_03.png,0-40m,64901,0.714837201517669,71.4837201517669,5.301919711721548,99.74884824578974,2.3542052462219822,2.415170669555664,1216x352,1344x392
65,2011_09_26_drive_0005_sync_image_0000000131_image_03.png,0-80m,66906,0.8234753714040253,82.34753714040252,5.389815132194576,99.59495411472813,2.3542052462219822,2.415170669555664,1216x352,1344x392
66,2011_09_26_drive_0005_sync_image_0000000134_image_02.png,0-10m,27233,0.40144085277388863,40.14408527738886,5.069440106736265,99.34638122865641,2.3129462540159587,2.415170669555664,1216x352,1344x392
66,2011_09_26_drive_0005_sync_image_0000000134_image_02.png,0-20m,54289,0.5781069627423262,57.81069627423262,5.232468396752025,99.49345171213322,2.3129462540159587,2.415170669555664,1216x352,1344x392
66,2011_09_26_drive_0005_sync_image_0000000134_image_02.png,0-40m,60298,0.7436260163177087,74.36260163177087,5.553369161284549,99.47261932402401,2.3129462540159587,2.415170669555664,1216x352,1344x392
66,2011_09_26_drive_0005_sync_image_0000000134_image_02.png,0-80m,62465,0.8856902540059274,88.56902540059274,5.698331059500479,99.32922436564476,2.3129462540159587,2.415170669555664,1216x352,1344x392
67,2011_09_26_drive_0005_sync_image_0000000137_image_03.png,0-10m,25828,0.3923746543494064,39.23746543494064,4.8970847574651035,99.7289763047855,2.21488406529201,2.415170669555664,1216x352,1344x392
67,2011_09_26_drive_0005_sync_image_0000000137_image_03.png,0-20m,45879,0.6269188595643348,62.69188595643348,5.634224447831961,99.66869373787571,2.21488406529201,2.415170669555664,1216x352,1344x392
67,2011_09_26_drive_0005_sync_image_0000000137_image_03.png,0-40m,51242,0.8251997543476555,82.51997543476554,6.033152034250642,99.54724639943797,2.21488406529201,2.415170669555664,1216x352,1344x392
67,2011_09_26_drive_0005_sync_image_0000000137_image_03.png,0-80m,53250,0.9915633612171585,99.15633612171585,6.167151457204837,99.46666666666667,2.21488406529201,2.415170669555664,1216x352,1344x392
68,2011_09_26_drive_0005_sync_image_0000000140_image_02.png,0-10m,21620,0.6120486799817081,61.20486799817081,7.867935207778711,99.50508788159111,2.2194035796871168,2.415170669555664,1216x352,1344x392
68,2011_09_26_drive_0005_sync_image_0000000140_image_02.png,0-20m,41006,0.6506959791387668,65.06959791387668,6.4490376070937785,99.5390918402185,2.2194035796871168,2.415170669555664,1216x352,1344x392
68,2011_09_26_drive_0005_sync_image_0000000140_image_02.png,0-40m,45449,0.7903884210854926,79.03884210854926,6.550523852202361,99.35752161763736,2.2194035796871168,2.415170669555664,1216x352,1344x392
68,2011_09_26_drive_0005_sync_image_0000000140_image_02.png,0-80m,46858,0.8809447172300789,88.0944717230079,6.571223405060822,99.28080583891759,2.2194035796871168,2.415170669555664,1216x352,1344x392
69,2011_09_26_drive_0005_sync_image_0000000143_image_03.png,0-10m,23073,0.6291525902386652,62.91525902386652,8.64017871069379,99.302214709834,2.2110554097103123,2.415170669555664,1216x352,1344x392
69,2011_09_26_drive_0005_sync_image_0000000143_image_03.png,0-20m,39717,0.7100250238882053,71.00250238882053,7.47646961813434,99.40831382027847,2.2110554097103123,2.415170669555664,1216x352,1344x392
69,2011_09_26_drive_0005_sync_image_0000000143_image_03.png,0-40m,44963,0.8749154832941478,87.49154832941478,7.538403299187777,99.30164802170674,2.2110554097103123,2.415170669555664,1216x352,1344x392
69,2011_09_26_drive_0005_sync_image_0000000143_image_03.png,0-80m,46311,0.9942298612989781,99.42298612989781,7.586361159592429,99.23128414415582,2.2110554097103123,2.415170669555664,1216x352,1344x392
70,2011_09_26_drive_0005_sync_image_0000000146_image_02.png,0-10m,16391,0.7017941182255054,70.17941182255055,10.091678013323408,99.60954182173144,2.324590471129717,2.415170669555664,1216x352,1344x392
70,2011_09_26_drive_0005_sync_image_0000000146_image_02.png,0-20m,37075,0.6839191454387724,68.39191454387723,7.312162870843057,99.58192852326366,2.324590471129717,2.415170669555664,1216x352,1344x392
70,2011_09_26_drive_0005_sync_image_0000000146_image_02.png,0-40m,41704,0.7940641774135109,79.40641774135109,7.157133503430356,99.29023594859007,2.324590471129717,2.415170669555664,1216x352,1344x392
70,2011_09_26_drive_0005_sync_image_0000000146_image_02.png,0-80m,43161,0.9128234180456538,91.28234180456538,7.193344661835694,99.21920252079424,2.324590471129717,2.415170669555664,1216x352,1344x392
71,2011_09_26_drive_0013_sync_image_0000000005_image_03.png,0-10m,25730,0.6550801732222301,65.50801732222301,8.59948004501219,99.71239797901282,2.347966801599968,2.415170669555664,1216x352,1344x392
71,2011_09_26_drive_0013_sync_image_0000000005_image_03.png,0-20m,49084,0.6954372816268064,69.54372816268064,7.00100700189893,99.53345285632793,2.347966801599968,2.415170669555664,1216x352,1344x392
71,2011_09_26_drive_0013_sync_image_0000000005_image_03.png,0-40m,60916,1.1147516275338314,111.47516275338315,7.485758764550614,98.98548821327729,2.347966801599968,2.415170669555664,1216x352,1344x392
71,2011_09_26_drive_0013_sync_image_0000000005_image_03.png,0-80m,66964,1.629857046342396,162.9857046342396,8.03882918043646,98.12137865121558,2.347966801599968,2.415170669555664,1216x352,1344x392
72,2011_09_26_drive_0013_sync_image_0000000008_image_02.png,0-10m,27965,0.6916950243733851,69.16950243733851,9.12215492401105,99.91417843733238,2.284894335049893,2.415170669555664,1216x352,1344x392
72,2011_09_26_drive_0013_sync_image_0000000008_image_02.png,0-20m,50850,0.7760468666673058,77.60468666673059,7.87442858135057,99.1583087512291,2.284894335049893,2.415170669555664,1216x352,1344x392
72,2011_09_26_drive_0013_sync_image_0000000008_image_02.png,0-40m,63724,1.2179540119170544,121.79540119170544,8.326120356743044,98.48565689536125,2.284894335049893,2.415170669555664,1216x352,1344x392
72,2011_09_26_drive_0013_sync_image_0000000008_image_02.png,0-80m,69418,1.6079320993112705,160.79320993112705,8.58944462267228,98.12584632227951,2.284894335049893,2.415170669555664,1216x352,1344x392
73,2011_09_26_drive_0013_sync_image_0000000011_image_03.png,0-10m,27031,0.7370570802930272,73.70570802930271,9.874973920065235,99.93710924494098,2.3289947267091606,2.415170669555664,1216x352,1344x392
73,2011_09_26_drive_0013_sync_image_0000000011_image_03.png,0-20m,46649,0.7982537093818062,79.82537093818061,8.486443383775551,99.07179146391134,2.3289947267091606,2.415170669555664,1216x352,1344x392
73,2011_09_26_drive_0013_sync_image_0000000011_image_03.png,0-40m,58651,1.2667253828360088,126.67253828360087,8.900149064653847,98.12108915449012,2.3289947267091606,2.415170669555664,1216x352,1344x392
73,2011_09_26_drive_0013_sync_image_0000000011_image_03.png,0-80m,63236,1.672380792287037,167.2380792287037,9.18629655623217,97.48086532987539,2.3289947267091606,2.415170669555664,1216x352,1344x392
74,2011_09_26_drive_0013_sync_image_0000000014_image_02.png,0-10m,28042,0.734167292100898,73.4167292100898,9.749514730017731,99.63269381641823,2.3928940617842094,2.415170669555664,1216x352,1344x392
74,2011_09_26_drive_0013_sync_image_0000000014_image_02.png,0-20m,47165,0.731839825585603,73.1839825585603,7.9485370206993755,98.43952083112477,2.3928940617842094,2.415170669555664,1216x352,1344x392
74,2011_09_26_drive_0013_sync_image_0000000014_image_02.png,0-40m,59427,1.2444446069110575,124.44446069110575,8.567621061331621,97.40353711276019,2.3928940617842094,2.415170669555664,1216x352,1344x392
74,2011_09_26_drive_0013_sync_image_0000000014_image_02.png,0-80m,64751,1.6974406117474339,169.7440611747434,8.871896033814373,96.8062269308582,2.3928940617842094,2.415170669555664,1216x352,1344x392
75,2011_09_26_drive_0013_sync_image_0000000017_image_03.png,0-10m,27550,0.5675176588809642,56.751765888096415,7.6275616254121825,99.94192377495463,2.41899686615042,2.415170669555664,1216x352,1344x392
75,2011_09_26_drive_0013_sync_image_0000000017_image_03.png,0-20m,49296,0.600877342238437,60.087734223843704,6.30873520708736,99.33463161311262,2.41899686615042,2.415170669555664,1216x352,1344x392
75,2011_09_26_drive_0013_sync_image_0000000017_image_03.png,0-40m,62195,1.0413659996154156,104.13659996154156,6.983108097841682,97.90176059168743,2.41899686615042,2.415170669555664,1216x352,1344x392
75,2011_09_26_drive_0013_sync_image_0000000017_image_03.png,0-80m,67353,1.4625820015741666,146.25820015741667,7.3368970853748685,97.05135628702509,2.41899686615042,2.415170669555664,1216x352,1344x392
76,2011_09_26_drive_0013_sync_image_0000000020_image_02.png,0-10m,28490,0.541924167892815,54.192416789281495,7.258187528889945,99.82098982098982,2.419739069847788,2.415170669555664,1216x352,1344x392
76,2011_09_26_drive_0013_sync_image_0000000020_image_02.png,0-20m,50636,0.5929485479701855,59.294854797018544,6.092275963095342,99.31669168180741,2.419739069847788,2.415170669555664,1216x352,1344x392
76,2011_09_26_drive_0013_sync_image_0000000020_image_02.png,0-40m,61908,0.8693105906119079,86.93105906119078,6.374558703743312,98.80952380952381,2.419739069847788,2.415170669555664,1216x352,1344x392
76,2011_09_26_drive_0013_sync_image_0000000020_image_02.png,0-80m,67168,1.290325360149926,129.03253601499262,6.736579771384318,98.18663649356837,2.419739069847788,2.415170669555664,1216x352,1344x392
77,2011_09_26_drive_0013_sync_image_0000000023_image_03.png,0-10m,27827,0.5760072256156732,57.600722561567316,7.574039758066463,99.82031839580264,2.411564900544576,2.415170669555664,1216x352,1344x392
77,2011_09_26_drive_0013_sync_image_0000000023_image_03.png,0-20m,50041,0.7483828544559525,74.83828544559526,7.138135571606314,97.31420235406966,2.411564900544576,2.415170669555664,1216x352,1344x392
77,2011_09_26_drive_0013_sync_image_0000000023_image_03.png,0-40m,60238,0.9100438261765116,91.00438261765116,6.964625516968183,97.50821740429629,2.411564900544576,2.415170669555664,1216x352,1344x392
77,2011_09_26_drive_0013_sync_image_0000000023_image_03.png,0-80m,66520,1.4832416661016494,148.32416661016495,7.482144801686945,96.45369813589897,2.411564900544576,2.415170669555664,1216x352,1344x392
78,2011_09_26_drive_0013_sync_image_0000000026_image_02.png,0-10m,20924,0.49541832731413216,49.541832731413216,6.798714288568805,99.59854712292105,2.3520064613050176,2.415170669555664,1216x352,1344x392
78,2011_09_26_drive_0013_sync_image_0000000026_image_02.png,0-20m,44195,0.6466899944924299,64.66899944924299,6.118213246714718,99.1741147188596,2.3520064613050176,2.415170669555664,1216x352,1344x392
78,2011_09_26_drive_0013_sync_image_0000000026_image_02.png,0-40m,53557,0.9433869473427617,94.33869473427617,6.371442512283265,98.81621450043878,2.3520064613050176,2.415170669555664,1216x352,1344x392
78,2011_09_26_drive_0013_sync_image_0000000026_image_02.png,0-80m,60613,1.5593668152195508,155.93668152195508,6.916817931685548,98.20995496015706,2.3520064613050176,2.415170669555664,1216x352,1344x392
79,2011_09_26_drive_0013_sync_image_0000000029_image_03.png,0-10m,17777,0.5120543003377331,51.20543003377331,6.888974743815203,99.7356134330877,2.4166497500716613,2.415170669555664,1216x352,1344x392
79,2011_09_26_drive_0013_sync_image_0000000029_image_03.png,0-20m,39971,0.7548778140307194,75.48778140307193,6.697914815869549,99.25946311075529,2.4166497500716613,2.415170669555664,1216x352,1344x392
79,2011_09_26_drive_0013_sync_image_0000000029_image_03.png,0-40m,49486,1.2572296590103182,125.72296590103183,7.468151277267003,98.44400436487088,2.4166497500716613,2.415170669555664,1216x352,1344x392
79,2011_09_26_drive_0013_sync_image_0000000029_image_03.png,0-80m,55712,1.9150219842457759,191.50219842457759,8.0488731619806,97.51938541068351,2.4166497500716613,2.415170669555664,1216x352,1344x392
80,2011_09_26_drive_0013_sync_image_0000000032_image_02.png,0-10m,14674,0.5032238702415299,50.322387024152995,6.718683817760615,99.4548180455227,2.4109294180879495,2.415170669555664,1216x352,1344x392
80,2011_09_26_drive_0013_sync_image_0000000032_image_02.png,0-20m,33057,0.7741628227755484,77.41628227755484,6.961668810043224,99.33145778503797,2.4109294180879495,2.415170669555664,1216x352,1344x392
80,2011_09_26_drive_0013_sync_image_0000000032_image_02.png,0-40m,43120,1.4834794099675923,148.34794099675923,8.331119882896651,97.84322820037106,2.4109294180879495,2.415170669555664,1216x352,1344x392
80,2011_09_26_drive_0013_sync_image_0000000032_image_02.png,0-80m,49987,2.232056625358656,223.2056625358656,8.91706203642691,96.57911056874788,2.4109294180879495,2.415170669555664,1216x352,1344x392
81,2011_09_26_drive_0013_sync_image_0000000035_image_03.png,0-10m,17074,0.9397346996599162,93.97346996599161,11.135561858333094,87.5483190816446,2.3848066828264676,2.415170669555664,1216x352,1344x392
81,2011_09_26_drive_0013_sync_image_0000000035_image_03.png,0-20m,31622,0.8928500060436207,89.28500060436207,8.611980429244692,92.95427234204035,2.3848066828264676,2.415170669555664,1216x352,1344x392
81,2011_09_26_drive_0013_sync_image_0000000035_image_03.png,0-40m,41290,1.6080682615299553,160.80682615299554,9.928429860987475,93.141196415597,2.3848066828264676,2.415170669555664,1216x352,1344x392
81,2011_09_26_drive_0013_sync_image_0000000035_image_03.png,0-80m,48833,2.466686828980159,246.6686828980159,10.470473191517215,92.20199455286384,2.3848066828264676,2.415170669555664,1216x352,1344x392
82,2011_09_26_drive_0013_sync_image_0000000038_image_02.png,0-10m,16963,0.563688030404836,56.3688030404836,7.556354515175653,97.73624948417144,2.3446928228430486,2.415170669555664,1216x352,1344x392
82,2011_09_26_drive_0013_sync_image_0000000038_image_02.png,0-20m,32224,0.6538448806226904,65.38448806226904,6.4976031762899,98.40491559086395,2.3446928228430486,2.415170669555664,1216x352,1344x392
82,2011_09_26_drive_0013_sync_image_0000000038_image_02.png,0-40m,41810,1.429008021339849,142.9008021339849,8.451847825226364,96.65630232001914,2.3446928228430486,2.415170669555664,1216x352,1344x392
82,2011_09_26_drive_0013_sync_image_0000000038_image_02.png,0-80m,50045,2.2975924185456447,229.75924185456446,9.203769975664573,95.32820461584573,2.3446928228430486,2.415170669555664,1216x352,1344x392
83,2011_09_26_drive_0013_sync_image_0000000041_image_03.png,0-10m,17042,0.4679984629762773,46.79984629762773,6.162274880103323,98.31592536087314,2.342917898017449,2.415170669555664,1216x352,1344x392
83,2011_09_26_drive_0013_sync_image_0000000041_image_03.png,0-20m,31900,0.5642326555580929,56.42326555580929,5.524866679860307,98.8871473354232,2.342917898017449,2.415170669555664,1216x352,1344x392
83,2011_09_26_drive_0013_sync_image_0000000041_image_03.png,0-40m,40731,1.425721064501515,142.5721064501515,8.181923831287289,95.77226191353023,2.342917898017449,2.415170669555664,1216x352,1344x392
83,2011_09_26_drive_0013_sync_image_0000000041_image_03.png,0-80m,48601,2.3129987240436134,231.29987240436134,9.02019006578912,94.48365259974074,2.342917898017449,2.415170669555664,1216x352,1344x392
84,2011_09_26_drive_0013_sync_image_0000000044_image_02.png,0-10m,21984,0.4813251190397243,48.13251190397243,6.3099204861697995,99.17667394468704,2.347824024962618,2.415170669555664,1216x352,1344x392
84,2011_09_26_drive_0013_sync_image_0000000044_image_02.png,0-20m,40673,0.8748079374536245,87.48079374536245,7.197465525562792,97.3225481277506,2.347824024962618,2.415170669555664,1216x352,1344x392
84,2011_09_26_drive_0013_sync_image_0000000044_image_02.png,0-40m,50087,1.4032758355514352,140.32758355514352,8.105449702912928,95.25625411783497,2.347824024962618,2.415170669555664,1216x352,1344x392
84,2011_09_26_drive_0013_sync_image_0000000044_image_02.png,0-80m,57270,2.0256645233027073,202.56645233027072,8.569651228463373,94.72673301903265,2.347824024962618,2.415170669555664,1216x352,1344x392
85,2011_09_26_drive_0013_sync_image_0000000047_image_03.png,0-10m,23770,0.671070002747224,67.1070002747224,8.82360995343236,99.73496003365587,2.0330459418790534,2.415170669555664,1216x352,1344x392
85,2011_09_26_drive_0013_sync_image_0000000047_image_03.png,0-20m,47120,1.082842608269285,108.2842608269285,9.464472243716882,96.92911714770798,2.0330459418790534,2.415170669555664,1216x352,1344x392
85,2011_09_26_drive_0013_sync_image_0000000047_image_03.png,0-40m,55056,1.4200155266198748,142.0015526619875,9.720431330160935,94.89247311827957,2.0330459418790534,2.415170669555664,1216x352,1344x392
85,2011_09_26_drive_0013_sync_image_0000000047_image_03.png,0-80m,61358,1.9495489997858173,194.95489997858172,9.971042718901785,94.43267381596532,2.0330459418790534,2.415170669555664,1216x352,1344x392
86,2011_09_26_drive_0013_sync_image_0000000050_image_02.png,0-10m,29199,0.6393427824156713,63.934278241567135,8.348914662643981,99.97945135107366,2.21214663174819,2.415170669555664,1216x352,1344x392
86,2011_09_26_drive_0013_sync_image_0000000050_image_02.png,0-20m,54782,0.8781158942120616,87.81158942120616,8.454215684137651,96.85115548902924,2.21214663174819,2.415170669555664,1216x352,1344x392
86,2011_09_26_drive_0013_sync_image_0000000050_image_02.png,0-40m,63047,1.07909195827039,107.909195827039,8.44031779191106,96.54067600361635,2.21214663174819,2.415170669555664,1216x352,1344x392
86,2011_09_26_drive_0013_sync_image_0000000050_image_02.png,0-80m,69462,1.518575488884324,151.8575488884324,8.654816204852187,96.2180760703694,2.21214663174819,2.415170669555664,1216x352,1344x392
87,2011_09_26_drive_0013_sync_image_0000000053_image_03.png,0-10m,31659,0.5721143935475957,57.21143935475958,7.515451017326076,99.97473072428062,2.2463717166063377,2.415170669555664,1216x352,1344x392
87,2011_09_26_drive_0013_sync_image_0000000053_image_03.png,0-20m,59084,0.6355765148503998,63.557651485039976,6.5602369707239925,98.3650396046307,2.2463717166063377,2.415170669555664,1216x352,1344x392
87,2011_09_26_drive_0013_sync_image_0000000053_image_03.png,0-40m,69336,0.9565478681115057,95.65478681115057,7.0725388840086705,97.5842275297104,2.2463717166063377,2.415170669555664,1216x352,1344x392
87,2011_09_26_drive_0013_sync_image_0000000053_image_03.png,0-80m,76316,1.4262559940070312,142.62559940070312,7.475019310509697,96.99407725771792,2.2463717166063377,2.415170669555664,1216x352,1344x392
88,2011_09_26_drive_0013_sync_image_0000000056_image_02.png,0-10m,34569,0.7034222714491088,70.34222714491088,9.015155414465363,98.5825450548179,2.211913231935302,2.415170669555664,1216x352,1344x392
88,2011_09_26_drive_0013_sync_image_0000000056_image_02.png,0-20m,61693,0.6342306427007024,63.42306427007024,6.824332209539315,98.84265637916782,2.211913231935302,2.415170669555664,1216x352,1344x392
88,2011_09_26_drive_0013_sync_image_0000000056_image_02.png,0-40m,74478,0.8286492051529947,82.86492051529947,6.746028933669073,98.48948682832514,2.211913231935302,2.415170669555664,1216x352,1344x392
88,2011_09_26_drive_0013_sync_image_0000000056_image_02.png,0-80m,79789,1.168576994476416,116.8576994476416,7.044586108946362,98.19273333416886,2.211913231935302,2.415170669555664,1216x352,1344x392
89,2011_09_26_drive_0013_sync_image_0000000059_image_03.png,0-10m,30036,0.7810154068817675,78.10154068817675,10.181159105635693,99.26421627380478,2.259560709782258,2.415170669555664,1216x352,1344x392
89,2011_09_26_drive_0013_sync_image_0000000059_image_03.png,0-20m,58647,0.7052676866944311,70.5267686694431,7.37193719758219,99.36228622094907,2.259560709782258,2.415170669555664,1216x352,1344x392
89,2011_09_26_drive_0013_sync_image_0000000059_image_03.png,0-40m,70163,0.8872049233066726,88.72049233066726,7.219713309666252,99.02940296167496,2.259560709782258,2.415170669555664,1216x352,1344x392
89,2011_09_26_drive_0013_sync_image_0000000059_image_03.png,0-80m,74399,1.329922427961132,132.9922427961132,7.725854397717985,97.96771461982016,2.259560709782258,2.415170669555664,1216x352,1344x392
90,2011_09_26_drive_0013_sync_image_0000000062_image_02.png,0-10m,32225,0.9044873727986386,90.44873727986385,11.768434514224118,99.99069045771917,2.25886247741642,2.415170669555664,1216x352,1344x392
90,2011_09_26_drive_0013_sync_image_0000000062_image_02.png,0-20m,66132,0.8821103432891892,88.21103432891893,8.844052832534615,99.8502994011976,2.25886247741642,2.415170669555664,1216x352,1344x392
90,2011_09_26_drive_0013_sync_image_0000000062_image_02.png,0-40m,75518,1.0040734698103817,100.40734698103817,8.547575910878228,99.68484334860564,2.25886247741642,2.415170669555664,1216x352,1344x392
90,2011_09_26_drive_0013_sync_image_0000000062_image_02.png,0-80m,80416,1.31367980958905,131.367980958905,8.722083411817746,99.29615996816554,2.25886247741642,2.415170669555664,1216x352,1344x392
91,2011_09_26_drive_0013_sync_image_0000000065_image_03.png,0-10m,29250,0.9969692162896833,99.69692162896833,12.809673342118636,99.21025641025642,2.2052117090632617,2.415170669555664,1216x352,1344x392
91,2011_09_26_drive_0013_sync_image_0000000065_image_03.png,0-20m,60347,0.9665325619752582,96.65325619752582,9.820249089456185,99.2543125590336,2.2052117090632617,2.415170669555664,1216x352,1344x392
91,2011_09_26_drive_0013_sync_image_0000000065_image_03.png,0-40m,69022,1.1529421210893493,115.29421210893493,9.655886356896524,98.91628756048796,2.2052117090632617,2.415170669555664,1216x352,1344x392
91,2011_09_26_drive_0013_sync_image_0000000065_image_03.png,0-80m,73908,1.578662340824381,157.8662340824381,9.967864131510442,98.34929912864642,2.2052117090632617,2.415170669555664,1216x352,1344x392
92,2011_09_26_drive_0013_sync_image_0000000068_image_02.png,0-10m,35539,0.9191953999373824,91.91953999373824,11.937294698963113,99.58636990348631,2.1560329682239394,2.415170669555664,1216x352,1344x392
92,2011_09_26_drive_0013_sync_image_0000000068_image_02.png,0-20m,67787,0.9771189851707544,97.71189851707544,9.97755362621189,96.24264239455943,2.1560329682239394,2.415170669555664,1216x352,1344x392
92,2011_09_26_drive_0013_sync_image_0000000068_image_02.png,0-40m,76604,1.1095611663731413,110.95611663731412,9.685798078995877,96.3657250274137,2.1560329682239394,2.415170669555664,1216x352,1344x392
92,2011_09_26_drive_0013_sync_image_0000000068_image_02.png,0-80m,82155,1.395684255685064,139.5684255685064,9.712092039401563,96.28385369119347,2.1560329682239394,2.415170669555664,1216x352,1344x392
93,2011_09_26_drive_0013_sync_image_0000000071_image_03.png,0-10m,28867,1.0654141810503037,106.54141810503037,13.513607736009645,92.6663664391866,2.1896950323714566,2.415170669555664,1216x352,1344x392
93,2011_09_26_drive_0013_sync_image_0000000071_image_03.png,0-20m,56102,0.9374199833046676,93.74199833046676,9.910429841343706,95.28359060283056,2.1896950323714566,2.415170669555664,1216x352,1344x392
93,2011_09_26_drive_0013_sync_image_0000000071_image_03.png,0-40m,65751,1.1380986200028254,113.80986200028254,9.674347582381952,95.52402244832778,2.1896950323714566,2.415170669555664,1216x352,1344x392
93,2011_09_26_drive_0013_sync_image_0000000071_image_03.png,0-80m,70423,1.5041921093735993,150.41921093735994,9.819783197119948,95.3537906649816,2.1896950323714566,2.415170669555664,1216x352,1344x392
94,2011_09_26_drive_0013_sync_image_0000000074_image_02.png,0-10m,31610,0.8471478319967596,84.71478319967596,11.002600159302027,96.25118633343878,2.202712067175573,2.415170669555664,1216x352,1344x392
94,2011_09_26_drive_0013_sync_image_0000000074_image_02.png,0-20m,62370,0.8861349703161996,88.61349703161996,8.860847913858978,96.75485008818342,2.202712067175573,2.415170669555664,1216x352,1344x392
94,2011_09_26_drive_0013_sync_image_0000000074_image_02.png,0-40m,71955,1.0288930870876825,102.88930870876824,8.572346486830089,97.09401709401709,2.202712067175573,2.415170669555664,1216x352,1344x392
94,2011_09_26_drive_0013_sync_image_0000000074_image_02.png,0-80m,76394,1.2944114717678314,129.44114717678315,8.655208009360436,97.13328271853811,2.202712067175573,2.415170669555664,1216x352,1344x392
95,2011_09_26_drive_0013_sync_image_0000000077_image_03.png,0-10m,33376,0.8615748212384354,86.15748212384354,11.754182041540059,97.03379674017259,2.1733593092711097,2.415170669555664,1216x352,1344x392
95,2011_09_26_drive_0013_sync_image_0000000077_image_03.png,0-20m,61964,0.9647703451581155,96.47703451581155,10.00704858363603,97.13220579691433,2.1733593092711097,2.415170669555664,1216x352,1344x392
95,2011_09_26_drive_0013_sync_image_0000000077_image_03.png,0-40m,72223,1.139014397193287,113.90143971932869,9.672439909319893,97.44541212633095,2.1733593092711097,2.415170669555664,1216x352,1344x392
95,2011_09_26_drive_0013_sync_image_0000000077_image_03.png,0-80m,76552,1.4324115862267333,143.24115862267334,9.76666573980965,97.36388337339325,2.1733593092711097,2.415170669555664,1216x352,1344x392
96,2011_09_26_drive_0013_sync_image_0000000080_image_02.png,0-10m,31228,1.0369457470495753,103.69457470495753,14.353351667077924,86.649801460228,2.328352134407235,2.415170669555664,1216x352,1344x392
96,2011_09_26_drive_0013_sync_image_0000000080_image_02.png,0-20m,62630,0.9738637151265894,97.38637151265894,10.637240080136564,93.06083346638991,2.328352134407235,2.415170669555664,1216x352,1344x392
96,2011_09_26_drive_0013_sync_image_0000000080_image_02.png,0-40m,74936,1.1064937685945315,110.64937685945316,9.935012501545671,94.03757873385288,2.328352134407235,2.415170669555664,1216x352,1344x392
96,2011_09_26_drive_0013_sync_image_0000000080_image_02.png,0-80m,78681,1.2901606308005023,129.01606308005023,9.899920499995858,94.19809102578768,2.328352134407235,2.415170669555664,1216x352,1344x392
97,2011_09_26_drive_0013_sync_image_0000000083_image_03.png,0-10m,36908,0.9277305825373922,92.77305825373922,11.882558046312973,91.11032838409017,2.342221517393896,2.415170669555664,1216x352,1344x392
97,2011_09_26_drive_0013_sync_image_0000000083_image_03.png,0-20m,60575,1.0644378654906634,106.44378654906635,10.932442549714853,93.85885266198926,2.342221517393896,2.415170669555664,1216x352,1344x392
97,2011_09_26_drive_0013_sync_image_0000000083_image_03.png,0-40m,74090,1.2442077061669485,124.42077061669485,10.289818425862615,94.25023619921717,2.342221517393896,2.415170669555664,1216x352,1344x392
97,2011_09_26_drive_0013_sync_image_0000000083_image_03.png,0-80m,77243,1.3622336063170428,136.22336063170428,10.183036247049763,94.3904302007949,2.342221517393896,2.415170669555664,1216x352,1344x392
98,2011_09_26_drive_0013_sync_image_0000000086_image_02.png,0-10m,33624,1.1487430442437483,114.87430442437483,16.104146679367073,77.00452058053772,2.318422860371149,2.415170669555664,1216x352,1344x392
98,2011_09_26_drive_0013_sync_image_0000000086_image_02.png,0-20m,56798,1.0003259472454251,100.0325947245425,11.984711084137018,86.21430332053946,2.318422860371149,2.415170669555664,1216x352,1344x392
98,2011_09_26_drive_0013_sync_image_0000000086_image_02.png,0-40m,71269,1.2505235327126631,125.05235327126631,11.37556344448426,87.86007941741852,2.318422860371149,2.415170669555664,1216x352,1344x392
98,2011_09_26_drive_0013_sync_image_0000000086_image_02.png,0-80m,74782,1.3397626902559678,133.9762690255968,11.109706036541072,88.37554491722607,2.318422860371149,2.415170669555664,1216x352,1344x392
99,2011_09_26_drive_0013_sync_image_0000000089_image_03.png,0-10m,27231,1.0984283754457953,109.84283754457952,15.071227078742647,86.86056332855937,2.28534601845965,2.415170669555664,1216x352,1344x392
99,2011_09_26_drive_0013_sync_image_0000000089_image_03.png,0-20m,50787,1.1341082723695557,113.41082723695557,11.621833458659243,91.42103294150078,2.28534601845965,2.415170669555664,1216x352,1344x392
99,2011_09_26_drive_0013_sync_image_0000000089_image_03.png,0-40m,64018,1.5008622661832085,150.08622661832084,11.742083512887719,90.57452591458653,2.28534601845965,2.415170669555664,1216x352,1344x392
99,2011_09_26_drive_0013_sync_image_0000000089_image_03.png,0-80m,68075,1.6286219396846855,162.86219396846855,11.42727569432704,91.05986044803525,2.28534601845965,2.415170669555664,1216x352,1344x392
100,2011_09_26_drive_0013_sync_image_0000000092_image_02.png,0-10m,19299,1.0693159133537153,106.93159133537154,14.409891853258063,85.37748069848179,2.302264806936768,2.415170669555664,1216x352,1344x392
100,2011_09_26_drive_0013_sync_image_0000000092_image_02.png,0-20m,43147,1.491911352010918,149.19113520109178,12.801678730994482,87.42670405821957,2.302264806936768,2.415170669555664,1216x352,1344x392
100,2011_09_26_drive_0013_sync_image_0000000092_image_02.png,0-40m,54368,1.536272256522757,153.62722565227568,11.567539285892144,89.37610359034727,2.302264806936768,2.415170669555664,1216x352,1344x392
100,2011_09_26_drive_0013_sync_image_0000000092_image_02.png,0-80m,58881,1.6988684941045928,169.8868494104593,11.186001334681825,90.07999184796454,2.302264806936768,2.415170669555664,1216x352,1344x392
101,2011_09_26_drive_0013_sync_image_0000000095_image_03.png,0-10m,14631,0.9608876902833362,96.08876902833362,12.828536832622936,93.7393206206001,2.31053817976004,2.415170669555664,1216x352,1344x392
101,2011_09_26_drive_0013_sync_image_0000000095_image_03.png,0-20m,36567,1.38989298391972,138.989298391972,12.241627838506442,90.02105723739984,2.31053817976004,2.415170669555664,1216x352,1344x392
101,2011_09_26_drive_0013_sync_image_0000000095_image_03.png,0-40m,46390,1.388992471102883,138.8992471102883,10.683210653691456,92.09096788100884,2.31053817976004,2.415170669555664,1216x352,1344x392
101,2011_09_26_drive_0013_sync_image_0000000095_image_03.png,0-80m,51200,1.6833981991466134,168.33981991466135,10.45966680680862,92.654296875,2.31053817976004,2.415170669555664,1216x352,1344x392
102,2011_09_26_drive_0013_sync_image_0000000098_image_02.png,0-10m,23819,0.8883538572868015,88.83538572868015,11.911110716974603,95.21390486586338,2.3305090670968833,2.415170669555664,1216x352,1344x392
102,2011_09_26_drive_0013_sync_image_0000000098_image_02.png,0-20m,54849,1.029195826504254,102.9195826504254,10.142741493902616,93.80480956808694,2.3305090670968833,2.415170669555664,1216x352,1344x392
102,2011_09_26_drive_0013_sync_image_0000000098_image_02.png,0-40m,64740,1.0325359711722162,103.25359711722162,9.185580168651308,94.70806302131604,2.3305090670968833,2.415170669555664,1216x352,1344x392
102,2011_09_26_drive_0013_sync_image_0000000098_image_02.png,0-80m,70618,1.2145843932202491,121.45843932202492,8.917214612764395,95.05083689710838,2.3305090670968833,2.415170669555664,1216x352,1344x392
103,2011_09_26_drive_0013_sync_image_0000000101_image_03.png,0-10m,36293,0.8476562914915203,84.76562914915203,11.354965899270889,90.42515085553688,2.331765997896697,2.415170669555664,1216x352,1344x392
103,2011_09_26_drive_0013_sync_image_0000000101_image_03.png,0-20m,66204,0.7664068711357861,76.64068711357861,8.50858576704857,94.7510724427527,2.331765997896697,2.415170669555664,1216x352,1344x392
103,2011_09_26_drive_0013_sync_image_0000000101_image_03.png,0-40m,77061,0.852577654250883,85.25776542508831,7.994968303212616,95.4347854297245,2.331765997896697,2.415170669555664,1216x352,1344x392
103,2011_09_26_drive_0013_sync_image_0000000101_image_03.png,0-80m,82367,1.048592476079053,104.8592476079053,7.939641874278131,95.61960493887115,2.331765997896697,2.415170669555664,1216x352,1344x392
104,2011_09_26_drive_0013_sync_image_0000000104_image_02.png,0-10m,36395,0.8578692051355189,85.78692051355189,11.816764592167909,81.67605440307734,2.227587242218774,2.415170669555664,1216x352,1344x392
104,2011_09_26_drive_0013_sync_image_0000000104_image_02.png,0-20m,65267,0.7781738611179202,77.81738611179202,8.859476151522722,89.7789081771799,2.227587242218774,2.415170669555664,1216x352,1344x392
104,2011_09_26_drive_0013_sync_image_0000000104_image_02.png,0-40m,77838,0.8448107751442094,84.48107751442095,8.143333394929888,91.31015699272848,2.227587242218774,2.415170669555664,1216x352,1344x392
104,2011_09_26_drive_0013_sync_image_0000000104_image_02.png,0-80m,81961,0.9669685866752127,96.69685866752127,8.039964559412638,91.65212723124412,2.227587242218774,2.415170669555664,1216x352,1344x392
105,2011_09_26_drive_0013_sync_image_0000000107_image_03.png,0-10m,29251,0.8535194541486054,85.35194541486054,11.174911189415198,82.88605517760077,2.3706468404521224,2.415170669555664,1216x352,1344x392
105,2011_09_26_drive_0013_sync_image_0000000107_image_03.png,0-20m,54535,0.8836480557716351,88.36480557716351,9.144502502208658,90.7288897038599,2.3706468404521224,2.415170669555664,1216x352,1344x392
105,2011_09_26_drive_0013_sync_image_0000000107_image_03.png,0-40m,65791,0.9653034937916085,96.53034937916085,8.402540439078393,92.17370157012358,2.3706468404521224,2.415170669555664,1216x352,1344x392
105,2011_09_26_drive_0013_sync_image_0000000107_image_03.png,0-80m,68913,1.1237906649121248,112.37906649121247,8.407398800530066,92.12485307561708,2.3706468404521224,2.415170669555664,1216x352,1344x392
106,2011_09_26_drive_0013_sync_image_0000000110_image_02.png,0-10m,27802,0.7951711342237157,79.51711342237157,10.4597848203234,89.54751456729731,2.3833152677215352,2.415170669555664,1216x352,1344x392
106,2011_09_26_drive_0013_sync_image_0000000110_image_02.png,0-20m,54436,0.8335797013766235,83.35797013766235,8.463881944353671,94.52200749504004,2.3833152677215352,2.415170669555664,1216x352,1344x392
106,2011_09_26_drive_0013_sync_image_0000000110_image_02.png,0-40m,65773,0.9391022005600693,93.91022005600693,7.915186256927037,95.3005032460128,2.3833152677215352,2.415170669555664,1216x352,1344x392
106,2011_09_26_drive_0013_sync_image_0000000110_image_02.png,0-80m,69272,1.095096641757607,109.50966417576069,7.889664233010657,95.36898025176117,2.3833152677215352,2.415170669555664,1216x352,1344x392
107,2011_09_26_drive_0013_sync_image_0000000113_image_03.png,0-10m,24448,1.0590689583774169,105.90689583774169,13.727455668644902,81.84309554973822,2.1715785964737213,2.415170669555664,1216x352,1344x392
107,2011_09_26_drive_0013_sync_image_0000000113_image_03.png,0-20m,49529,1.0160644222315283,101.60644222315283,10.459134704699695,90.83163399220659,2.1715785964737213,2.415170669555664,1216x352,1344x392
107,2011_09_26_drive_0013_sync_image_0000000113_image_03.png,0-40m,59028,1.1221025239817857,112.21025239817857,9.79171669978841,91.64803144270516,2.1715785964737213,2.415170669555664,1216x352,1344x392
107,2011_09_26_drive_0013_sync_image_0000000113_image_03.png,0-80m,63321,1.273130834642001,127.31308346420009,9.553862669901077,91.92053189305285,2.1715785964737213,2.415170669555664,1216x352,1344x392
108,2011_09_26_drive_0013_sync_image_0000000116_image_02.png,0-10m,28532,0.9438443216488035,94.38443216488035,12.381932794099473,88.7179307444273,2.3518819993859323,2.415170669555664,1216x352,1344x392
108,2011_09_26_drive_0013_sync_image_0000000116_image_02.png,0-20m,58116,0.8825327914796107,88.25327914796107,9.145026921124124,93.19292449583591,2.3518819993859323,2.415170669555664,1216x352,1344x392
108,2011_09_26_drive_0013_sync_image_0000000116_image_02.png,0-40m,69831,1.0658542057186542,106.58542057186541,8.848467865008223,93.54011828557518,2.3518819993859323,2.415170669555664,1216x352,1344x392
108,2011_09_26_drive_0013_sync_image_0000000116_image_02.png,0-80m,74313,1.222286920316616,122.2286920316616,8.731539781050135,93.55563629513006,2.3518819993859323,2.415170669555664,1216x352,1344x392
109,2011_09_26_drive_0013_sync_image_0000000119_image_03.png,0-10m,29046,1.0046670258985049,100.46670258985048,13.323460330797548,87.03435929215728,2.3057886132216576,2.415170669555664,1216x352,1344x392
109,2011_09_26_drive_0013_sync_image_0000000119_image_03.png,0-20m,57128,1.0010136273866808,100.10136273866807,10.432844504095208,91.71509592494048,2.3057886132216576,2.415170669555664,1216x352,1344x392
109,2011_09_26_drive_0013_sync_image_0000000119_image_03.png,0-40m,66275,1.1335210931800257,113.35210931800258,9.92545706827631,92.11618257261411,2.3057886132216576,2.415170669555664,1216x352,1344x392
109,2011_09_26_drive_0013_sync_image_0000000119_image_03.png,0-80m,70504,1.3433687107139367,134.33687107139366,9.856007002749095,92.18200385793713,2.3057886132216576,2.415170669555664,1216x352,1344x392
110,2011_09_26_drive_0013_sync_image_0000000122_image_02.png,0-10m,28824,1.0883869377484163,108.83869377484163,14.26180032568607,87.63877324451845,2.3396054254806984,2.415170669555664,1216x352,1344x392
110,2011_09_26_drive_0013_sync_image_0000000122_image_02.png,0-20m,54537,0.9592397659855808,95.92397659855808,10.463151463452295,93.09276271155362,2.3396054254806984,2.415170669555664,1216x352,1344x392
110,2011_09_26_drive_0013_sync_image_0000000122_image_02.png,0-40m,65878,1.1980391854076546,119.80391854076547,10.195099589905459,92.93846200552537,2.3396054254806984,2.415170669555664,1216x352,1344x392
110,2011_09_26_drive_0013_sync_image_0000000122_image_02.png,0-80m,70132,1.3902702842464207,139.02702842464208,10.035952419625406,93.23418696172932,2.3396054254806984,2.415170669555664,1216x352,1344x392
111,2011_09_26_drive_0013_sync_image_0000000125_image_03.png,0-10m,21836,1.1196728559242628,111.96728559242628,15.588106171776001,80.42681809855284,2.3572474515039477,2.415170669555664,1216x352,1344x392
111,2011_09_26_drive_0013_sync_image_0000000125_image_03.png,0-20m,46986,1.1099294855773958,110.99294855773958,11.53620580770455,89.23083471672413,2.3572474515039477,2.415170669555664,1216x352,1344x392
111,2011_09_26_drive_0013_sync_image_0000000125_image_03.png,0-40m,56381,1.2491286805251118,124.91286805251119,10.820717988181505,90.2946027917206,2.3572474515039477,2.415170669555664,1216x352,1344x392
111,2011_09_26_drive_0013_sync_image_0000000125_image_03.png,0-80m,61573,1.480493603439911,148.0493603439911,10.49110057227782,90.92296948337746,2.3572474515039477,2.415170669555664,1216x352,1344x392
112,2011_09_26_drive_0013_sync_image_0000000128_image_02.png,0-10m,23689,1.086981722158087,108.69817221580871,15.61897257450711,86.58871206045,2.3318829022087595,2.415170669555664,1216x352,1344x392
112,2011_09_26_drive_0013_sync_image_0000000128_image_02.png,0-20m,48492,1.0577770744201562,105.77770744201563,11.643874285351144,92.17602903571724,2.3318829022087595,2.415170669555664,1216x352,1344x392
112,2011_09_26_drive_0013_sync_image_0000000128_image_02.png,0-40m,58150,1.2502325574878157,125.02325574878157,11.108873798956886,92.5262252794497,2.3318829022087595,2.415170669555664,1216x352,1344x392
112,2011_09_26_drive_0013_sync_image_0000000128_image_02.png,0-80m,63429,1.5274243858968706,152.74243858968705,10.857557044698728,92.94802062148229,2.3318829022087595,2.415170669555664,1216x352,1344x392
113,2011_09_26_drive_0013_sync_image_0000000131_image_03.png,0-10m,29547,1.1429285983504807,114.29285983504806,14.569630678553796,88.91257995735607,2.3481509484657788,2.415170669555664,1216x352,1344x392
113,2011_09_26_drive_0013_sync_image_0000000131_image_03.png,0-20m,52107,1.0737277354445898,107.37277354445898,11.22630216366383,91.51745446868944,2.3481509484657788,2.415170669555664,1216x352,1344x392
113,2011_09_26_drive_0013_sync_image_0000000131_image_03.png,0-40m,60774,1.2839980083882296,128.39980083882296,11.019060339868576,91.65761674400237,2.3481509484657788,2.415170669555664,1216x352,1344x392
113,2011_09_26_drive_0013_sync_image_0000000131_image_03.png,0-80m,65905,1.5103049291101793,151.03049291101794,10.782417958104034,92.05523101433883,2.3481509484657788,2.415170669555664,1216x352,1344x392
114,2011_09_26_drive_0013_sync_image_0000000134_image_02.png,0-10m,24337,1.0020065244723353,100.20065244723352,13.780766739708211,86.98689238607881,2.3395320795613324,2.415170669555664,1216x352,1344x392
114,2011_09_26_drive_0013_sync_image_0000000134_image_02.png,0-20m,50050,1.0451377148299545,104.51377148299545,10.556919734599848,91.69630369630369,2.3395320795613324,2.415170669555664,1216x352,1344x392
114,2011_09_26_drive_0013_sync_image_0000000134_image_02.png,0-40m,58236,1.1764373440231233,117.64373440231233,10.054226509914134,92.07706573253658,2.3395320795613324,2.415170669555664,1216x352,1344x392
114,2011_09_26_drive_0013_sync_image_0000000134_image_02.png,0-80m,63354,1.3989352480489188,139.89352480489188,9.85318858544701,92.600309372731,2.3395320795613324,2.415170669555664,1216x352,1344x392
115,2011_09_26_drive_0013_sync_image_0000000137_image_03.png,0-10m,17451,1.2036207432419268,120.36207432419268,15.345022306876126,77.71474414073693,2.2841704476362863,2.415170669555664,1216x352,1344x392
115,2011_09_26_drive_0013_sync_image_0000000137_image_03.png,0-20m,37170,1.0966227506738149,109.66227506738149,11.067189504018968,87.984934086629,2.2841704476362863,2.415170669555664,1216x352,1344x392
115,2011_09_26_drive_0013_sync_image_0000000137_image_03.png,0-40m,44962,1.191154044032187,119.1154044032187,10.15296413451416,89.2687158044571,2.2841704476362863,2.415170669555664,1216x352,1344x392
115,2011_09_26_drive_0013_sync_image_0000000137_image_03.png,0-80m,49324,1.3859367501261015,138.59367501261016,9.83528235932054,89.95620793123024,2.2841704476362863,2.415170669555664,1216x352,1344x392
116,2011_09_26_drive_0020_sync_image_0000000005_image_02.png,0-10m,18406,1.0478685479001948,104.78685479001948,14.728183461146937,91.86134955992611,2.1265171370565437,2.415170669555664,1216x352,1344x392
116,2011_09_26_drive_0020_sync_image_0000000005_image_02.png,0-20m,38221,1.018738591774851,101.8738591774851,10.86090805568091,95.83998325527851,2.1265171370565437,2.415170669555664,1216x352,1344x392
116,2011_09_26_drive_0020_sync_image_0000000005_image_02.png,0-40m,47049,1.0730697410986216,107.30697410986217,9.722749581699421,96.43988182533104,2.1265171370565437,2.415170669555664,1216x352,1344x392
116,2011_09_26_drive_0020_sync_image_0000000005_image_02.png,0-80m,48738,1.2326691663477045,123.26691663477045,9.771599171759703,96.37859575690426,2.1265171370565437,2.415170669555664,1216x352,1344x392
117,2011_09_26_drive_0020_sync_image_0000000008_image_03.png,0-10m,17096,1.0595467217653558,105.95467217653558,14.49094868641185,93.12119794103883,2.2062246421906138,2.415170669555664,1216x352,1344x392
117,2011_09_26_drive_0020_sync_image_0000000008_image_03.png,0-20m,35789,0.93938936304242,93.938936304242,10.023155497447915,96.4150996116125,2.2062246421906138,2.415170669555664,1216x352,1344x392
117,2011_09_26_drive_0020_sync_image_0000000008_image_03.png,0-40m,44608,0.990199122401529,99.01991224015289,8.93015882381254,97.04088952654233,2.2062246421906138,2.415170669555664,1216x352,1344x392
117,2011_09_26_drive_0020_sync_image_0000000008_image_03.png,0-80m,46233,1.1933716666372798,119.33716666372798,9.088923801390346,96.91346008262497,2.2062246421906138,2.415170669555664,1216x352,1344x392
118,2011_09_26_drive_0020_sync_image_0000000011_image_02.png,0-10m,13444,0.961193450378258,96.1193450378258,13.055212240378308,97.32222552811663,2.2198036228988545,2.415170669555664,1216x352,1344x392
118,2011_09_26_drive_0020_sync_image_0000000011_image_02.png,0-20m,32991,0.8532045697375285,85.32045697375284,8.675378760498338,98.36622109060048,2.2198036228988545,2.415170669555664,1216x352,1344x392
118,2011_09_26_drive_0020_sync_image_0000000011_image_02.png,0-40m,42472,0.9981410747857434,99.81410747857434,7.910498003245688,98.42955358824638,2.2198036228988545,2.415170669555664,1216x352,1344x392
118,2011_09_26_drive_0020_sync_image_0000000011_image_02.png,0-80m,43976,1.1975361647412022,119.75361647412022,8.099098841089345,98.22403128979444,2.2198036228988545,2.415170669555664,1216x352,1344x392
119,2011_09_26_drive_0020_sync_image_0000000014_image_03.png,0-10m,11386,0.9255721638580837,92.55721638580837,12.293857824543942,98.09415071139996,2.358733671446664,2.415170669555664,1216x352,1344x392
119,2011_09_26_drive_0020_sync_image_0000000014_image_03.png,0-20m,27857,0.8508129409326913,85.08129409326914,8.371991579407185,98.8979430663747,2.358733671446664,2.415170669555664,1216x352,1344x392
119,2011_09_26_drive_0020_sync_image_0000000014_image_03.png,0-40m,36531,0.9422056486146416,94.22056486146417,7.3995588123240825,98.93515096767129,2.358733671446664,2.415170669555664,1216x352,1344x392
119,2011_09_26_drive_0020_sync_image_0000000014_image_03.png,0-80m,37988,1.164381086606659,116.4381086606659,7.567239804093262,98.59955775508055,2.358733671446664,2.415170669555664,1216x352,1344x392
120,2011_09_26_drive_0020_sync_image_0000000017_image_02.png,0-10m,9787,0.8589945431930778,85.89945431930778,11.546653519884211,98.2119137631552,2.335638764451996,2.415170669555664,1216x352,1344x392
120,2011_09_26_drive_0020_sync_image_0000000017_image_02.png,0-20m,26990,0.8075022532083936,80.75022532083936,7.7033003202835255,99.02185994812893,2.335638764451996,2.415170669555664,1216x352,1344x392
120,2011_09_26_drive_0020_sync_image_0000000017_image_02.png,0-40m,36304,1.0878714630392587,108.78714630392588,7.428986614052984,98.8541207580432,2.335638764451996,2.415170669555664,1216x352,1344x392
120,2011_09_26_drive_0020_sync_image_0000000017_image_02.png,0-80m,37690,1.4061476783620865,140.61476783620864,7.747989770676425,98.27009816927567,2.335638764451996,2.415170669555664,1216x352,1344x392
121,2011_09_26_drive_0020_sync_image_0000000020_image_03.png,0-10m,8046,0.8004938625086311,80.04938625086311,11.21782593971893,92.0705940840169,2.3635242037160564,2.415170669555664,1216x352,1344x392
121,2011_09_26_drive_0020_sync_image_0000000020_image_03.png,0-20m,26082,0.7567608041290161,75.67608041290161,7.045046687165013,97.19730082048923,2.3635242037160564,2.415170669555664,1216x352,1344x392
121,2011_09_26_drive_0020_sync_image_0000000020_image_03.png,0-40m,33620,0.927706733946996,92.7706733946996,6.658302216787177,97.40928019036288,2.3635242037160564,2.415170669555664,1216x352,1344x392
121,2011_09_26_drive_0020_sync_image_0000000020_image_03.png,0-80m,34898,1.2510896430151381,125.10896430151381,6.98466030953089,96.78491604103388,2.3635242037160564,2.415170669555664,1216x352,1344x392
122,2011_09_26_drive_0020_sync_image_0000000023_image_02.png,0-10m,7871,0.7780856359506286,77.80856359506286,10.402633389620622,97.53525600304917,2.3728429078357616,2.415170669555664,1216x352,1344x392
122,2011_09_26_drive_0020_sync_image_0000000023_image_02.png,0-20m,25635,0.8255945378584961,82.55945378584961,7.372807751942021,98.92724790325727,2.3728429078357616,2.415170669555664,1216x352,1344x392
122,2011_09_26_drive_0020_sync_image_0000000023_image_02.png,0-40m,32620,1.0364038160942144,103.64038160942144,7.158473837306782,98.66952789699572,2.3728429078357616,2.415170669555664,1216x352,1344x392
122,2011_09_26_drive_0020_sync_image_0000000023_image_02.png,0-80m,33880,1.3790635736028025,137.90635736028025,7.5006830626395935,97.8482880755608,2.3728429078357616,2.415170669555664,1216x352,1344x392
123,2011_09_26_drive_0020_sync_image_0000000026_image_03.png,0-10m,9133,0.7408652398015353,74.08652398015353,9.846710350019526,97.53640643819116,2.1653336151740255,2.415170669555664,1216x352,1344x392
123,2011_09_26_drive_0020_sync_image_0000000026_image_03.png,0-20m,29179,0.7150902566714016,71.50902566714016,6.541951945816073,99.00613454881936,2.1653336151740255,2.415170669555664,1216x352,1344x392
123,2011_09_26_drive_0020_sync_image_0000000026_image_03.png,0-40m,37243,0.9394577741846984,93.94577741846985,6.461185450608984,98.764868565905,2.1653336151740255,2.415170669555664,1216x352,1344x392
123,2011_09_26_drive_0020_sync_image_0000000026_image_03.png,0-80m,38022,1.129371399781886,112.9371399781886,6.6450240386797645,98.40092577981169,2.1653336151740255,2.415170669555664,1216x352,1344x392
124,2011_09_26_drive_0020_sync_image_0000000029_image_02.png,0-10m,12089,0.8346153434092654,83.46153434092653,10.982300468866207,98.19670775084788,2.328863468017015,2.415170669555664,1216x352,1344x392
124,2011_09_26_drive_0020_sync_image_0000000029_image_02.png,0-20m,37611,0.8637656661191321,86.3765666119132,7.895266584008493,99.10398553614634,2.328863468017015,2.415170669555664,1216x352,1344x392
124,2011_09_26_drive_0020_sync_image_0000000029_image_02.png,0-40m,44488,1.0360659623699122,103.60659623699122,7.758690382523089,98.8333932745909,2.328863468017015,2.415170669555664,1216x352,1344x392
124,2011_09_26_drive_0020_sync_image_0000000029_image_02.png,0-80m,45354,1.2005867859660861,120.05867859660862,7.895432480859712,98.48745424879834,2.328863468017015,2.415170669555664,1216x352,1344x392
125,2011_09_26_drive_0020_sync_image_0000000032_image_03.png,0-10m,12632,0.7799705224863104,77.99705224863104,10.284885121886859,97.7992400253325,2.3647823371860928,2.415170669555664,1216x352,1344x392
125,2011_09_26_drive_0020_sync_image_0000000032_image_03.png,0-20m,39778,0.7118231398564573,71.18231398564573,6.704602765996317,99.13268640957314,2.3647823371860928,2.415170669555664,1216x352,1344x392
125,2011_09_26_drive_0020_sync_image_0000000032_image_03.png,0-40m,44688,0.8164808601887902,81.64808601887901,6.6146238381738955,98.91693519513069,2.3647823371860928,2.415170669555664,1216x352,1344x392
125,2011_09_26_drive_0020_sync_image_0000000032_image_03.png,0-80m,45479,0.9687273286677998,96.87273286677997,6.749878488996151,98.63673343741067,2.3647823371860928,2.415170669555664,1216x352,1344x392
126,2011_09_26_drive_0020_sync_image_0000000038_image_02.png,0-10m,15352,0.6594219733148021,65.94219733148022,8.633332662693695,99.77201667535175,2.349308316718573,2.415170669555664,1216x352,1344x392
126,2011_09_26_drive_0020_sync_image_0000000038_image_02.png,0-20m,42536,0.6894802325747618,68.94802325747618,6.423535022217449,99.67321798006394,2.349308316718573,2.415170669555664,1216x352,1344x392
126,2011_09_26_drive_0020_sync_image_0000000038_image_02.png,0-40m,46947,0.8238719929510618,82.38719929510619,6.552628925480873,99.12880482245937,2.349308316718573,2.415170669555664,1216x352,1344x392
126,2011_09_26_drive_0020_sync_image_0000000038_image_02.png,0-80m,47746,0.9802618842517826,98.02618842517826,6.704327621686096,98.76429439115319,2.349308316718573,2.415170669555664,1216x352,1344x392
127,2011_09_26_drive_0020_sync_image_0000000044_image_03.png,0-10m,12575,0.7066442701972977,70.66442701972977,9.097876443982857,99.89662027833002,2.30514016283488,2.415170669555664,1216x352,1344x392
127,2011_09_26_drive_0020_sync_image_0000000044_image_03.png,0-20m,36633,0.5881525863155121,58.81525863155122,5.747477639941598,99.78707722545246,2.30514016283488,2.415170669555664,1216x352,1344x392
127,2011_09_26_drive_0020_sync_image_0000000044_image_03.png,0-40m,39996,0.7164087747380619,71.64087747380619,5.915296818502112,99.03490349034904,2.30514016283488,2.415170669555664,1216x352,1344x392
127,2011_09_26_drive_0020_sync_image_0000000044_image_03.png,0-80m,40538,0.8372577166567898,83.72577166567898,6.04908709363455,98.77645665795056,2.30514016283488,2.415170669555664,1216x352,1344x392
128,2011_09_26_drive_0020_sync_image_0000000050_image_02.png,0-10m,10626,0.6553854373312257,65.53854373312257,8.438082836912466,99.88706945228685,2.2351917985641014,2.415170669555664,1216x352,1344x392
128,2011_09_26_drive_0020_sync_image_0000000050_image_02.png,0-20m,31801,0.6119262496726565,61.19262496726565,5.804164652598048,99.72013458696267,2.2351917985641014,2.415170669555664,1216x352,1344x392
128,2011_09_26_drive_0020_sync_image_0000000050_image_02.png,0-40m,34583,0.7794483977249613,77.94483977249614,6.162547284465154,99.1093890061591,2.2351917985641014,2.415170669555664,1216x352,1344x392
128,2011_09_26_drive_0020_sync_image_0000000050_image_02.png,0-80m,35328,0.9727005264789298,97.27005264789298,6.369385528782752,98.67810235507247,2.2351917985641014,2.415170669555664,1216x352,1344x392
129,2011_09_26_drive_0020_sync_image_0000000056_image_03.png,0-10m,10486,0.776116244010336,77.6116244010336,9.956640388656087,99.77112340263207,2.346496317290869,2.415170669555664,1216x352,1344x392
129,2011_09_26_drive_0020_sync_image_0000000056_image_03.png,0-20m,27301,0.6665833664177966,66.65833664177966,6.712652600316889,99.72894765759496,2.346496317290869,2.415170669555664,1216x352,1344x392
129,2011_09_26_drive_0020_sync_image_0000000056_image_03.png,0-40m,29549,0.8541761310400142,85.41761310400142,7.1282951506239005,98.24021117465904,2.346496317290869,2.415170669555664,1216x352,1344x392
129,2011_09_26_drive_0020_sync_image_0000000056_image_03.png,0-80m,30135,0.9911898675161905,99.11898675161905,7.240003372459698,97.94591007134561,2.346496317290869,2.415170669555664,1216x352,1344x392
130,2011_09_26_drive_0020_sync_image_0000000062_image_02.png,0-10m,13331,0.55894870508031,55.894870508031005,7.04814856747982,99.61743305078389,2.3592228152962393,2.415170669555664,1216x352,1344x392
130,2011_09_26_drive_0020_sync_image_0000000062_image_02.png,0-20m,30443,0.6099809381912719,60.998093819127185,5.849790631676225,99.49742141050488,2.3592228152962393,2.415170669555664,1216x352,1344x392
130,2011_09_26_drive_0020_sync_image_0000000062_image_02.png,0-40m,32574,0.7315141429132305,73.15141429132305,6.115167836803123,99.1619082703997,2.3592228152962393,2.415170669555664,1216x352,1344x392
130,2011_09_26_drive_0020_sync_image_0000000062_image_02.png,0-80m,33221,0.9018666216741568,90.18666216741568,6.3006690487933446,98.80196261400921,2.3592228152962393,2.415170669555664,1216x352,1344x392
131,2011_09_26_drive_0020_sync_image_0000000071_image_03.png,0-10m,15693,0.7604216273926506,76.04216273926507,9.49065823054044,99.84069330274646,2.38282346468569,2.415170669555664,1216x352,1344x392
131,2011_09_26_drive_0020_sync_image_0000000071_image_03.png,0-20m,32602,0.7123930008965295,71.23930008965294,7.243210765925816,99.66259738666339,2.38282346468569,2.415170669555664,1216x352,1344x392
131,2011_09_26_drive_0020_sync_image_0000000071_image_03.png,0-40m,34540,0.8352187454942064,83.52187454942064,7.450903661944311,98.58714533873768,2.38282346468569,2.415170669555664,1216x352,1344x392
131,2011_09_26_drive_0020_sync_image_0000000071_image_03.png,0-80m,35183,0.9869085008423178,98.69085008423178,7.594359820780074,98.300315493278,2.38282346468569,2.415170669555664,1216x352,1344x392
132,2011_09_26_drive_0020_sync_image_0000000080_image_02.png,0-10m,15134,0.7366981510286116,73.66981510286116,9.518239686793123,99.67622571692877,2.3906275922173816,2.415170669555664,1216x352,1344x392
132,2011_09_26_drive_0020_sync_image_0000000080_image_02.png,0-20m,28155,0.7074893720152958,70.74893720152959,7.482936779315896,99.5631326584976,2.3906275922173816,2.415170669555664,1216x352,1344x392
132,2011_09_26_drive_0020_sync_image_0000000080_image_02.png,0-40m,29986,0.8422750753167869,84.2275075316787,7.671925202000621,99.0695657973721,2.3906275922173816,2.415170669555664,1216x352,1344x392
132,2011_09_26_drive_0020_sync_image_0000000080_image_02.png,0-80m,30601,0.9968758675051781,99.68758675051781,7.810507797597823,98.77128198424889,2.3906275922173816,2.415170669555664,1216x352,1344x392
133,2011_09_26_drive_0023_sync_image_0000000005_image_03.png,0-10m,29159,1.173865412344449,117.38654123444489,15.22912719363719,98.16523200384101,2.3225442636487306,2.415170669555664,1216x352,1344x392
133,2011_09_26_drive_0023_sync_image_0000000005_image_03.png,0-20m,60719,1.2247804426059639,122.47804426059639,12.169939228710144,98.94596419572127,2.3225442636487306,2.415170669555664,1216x352,1344x392
133,2011_09_26_drive_0023_sync_image_0000000005_image_03.png,0-40m,71488,1.4424799334994896,144.24799334994896,11.69485699255826,98.06401074306177,2.3225442636487306,2.415170669555664,1216x352,1344x392
133,2011_09_26_drive_0023_sync_image_0000000005_image_03.png,0-80m,77720,1.7687309597732477,176.87309597732477,11.560793983123546,96.79233144621719,2.3225442636487306,2.415170669555664,1216x352,1344x392
134,2011_09_26_drive_0023_sync_image_0000000008_image_02.png,0-10m,28798,1.0921990861163486,109.21990861163486,14.32473010868992,99.31592471699423,2.3815352901414686,2.415170669555664,1216x352,1344x392
134,2011_09_26_drive_0023_sync_image_0000000008_image_02.png,0-20m,58757,1.1870663064481783,118.70663064481784,11.834305514767435,99.44857633984036,2.3815352901414686,2.415170669555664,1216x352,1344x392
134,2011_09_26_drive_0023_sync_image_0000000008_image_02.png,0-40m,70920,1.468269211850594,146.8269211850594,11.481519176939162,98.27693175408912,2.3815352901414686,2.415170669555664,1216x352,1344x392
134,2011_09_26_drive_0023_sync_image_0000000008_image_02.png,0-80m,77443,1.8330124723743961,183.3012472374396,11.436032759925267,97.12304533657013,2.3815352901414686,2.415170669555664,1216x352,1344x392
135,2011_09_26_drive_0023_sync_image_0000000011_image_03.png,0-10m,23721,1.299942505198332,129.9942505198332,16.105385825533762,93.99266472745668,2.332445293710806,2.415170669555664,1216x352,1344x392
135,2011_09_26_drive_0023_sync_image_0000000011_image_03.png,0-20m,54200,1.3774315557268713,137.74315557268713,13.04479788208876,97.21217712177122,2.332445293710806,2.415170669555664,1216x352,1344x392
135,2011_09_26_drive_0023_sync_image_0000000011_image_03.png,0-40m,64851,1.658642499394039,165.8642499394039,12.690513017433627,95.45265300457973,2.332445293710806,2.415170669555664,1216x352,1344x392
135,2011_09_26_drive_0023_sync_image_0000000011_image_03.png,0-80m,71256,2.0195642648434364,201.95642648434364,12.537008248568416,94.40468171101381,2.332445293710806,2.415170669555664,1216x352,1344x392
136,2011_09_26_drive_0023_sync_image_0000000014_image_02.png,0-10m,27103,1.1326329661212635,113.26329661212635,14.74525807228666,98.95583514740066,2.3901950376041006,2.415170669555664,1216x352,1344x392
136,2011_09_26_drive_0023_sync_image_0000000014_image_02.png,0-20m,59461,1.2829486605670417,128.29486605670417,12.6063996678364,99.2364743277106,2.3901950376041006,2.415170669555664,1216x352,1344x392
136,2011_09_26_drive_0023_sync_image_0000000014_image_02.png,0-40m,69496,1.5824401317016568,158.2440131701657,12.515120725737772,96.92788074133763,2.3901950376041006,2.415170669555664,1216x352,1344x392
136,2011_09_26_drive_0023_sync_image_0000000014_image_02.png,0-80m,75729,1.8550389401092144,185.50389401092144,12.259484129961404,96.63669135998099,2.3901950376041006,2.415170669555664,1216x352,1344x392
137,2011_09_26_drive_0023_sync_image_0000000017_image_03.png,0-10m,36469,0.9004981936261496,90.04981936261495,12.141922199550383,100.0,2.388510310049405,2.415170669555664,1216x352,1344x392
137,2011_09_26_drive_0023_sync_image_0000000017_image_03.png,0-20m,60016,1.0194576596838734,101.94576596838733,11.108785141478155,99.7284057584644,2.388510310049405,2.415170669555664,1216x352,1344x392
137,2011_09_26_drive_0023_sync_image_0000000017_image_03.png,0-40m,67629,1.1850846516114608,118.50846516114608,10.915889041648043,98.39861597835248,2.388510310049405,2.415170669555664,1216x352,1344x392
137,2011_09_26_drive_0023_sync_image_0000000017_image_03.png,0-80m,72991,1.4530392012831508,145.30392012831507,10.837976667813102,98.20114808675042,2.388510310049405,2.415170669555664,1216x352,1344x392
138,2011_09_26_drive_0023_sync_image_0000000020_image_02.png,0-10m,44933,0.868878831732449,86.8878831732449,11.44794929976411,99.85756570894443,2.3856925247724217,2.415170669555664,1216x352,1344x392
138,2011_09_26_drive_0023_sync_image_0000000020_image_02.png,0-20m,63087,1.0035346917170198,100.35346917170199,10.860348607907818,99.6021367318148,2.3856925247724217,2.415170669555664,1216x352,1344x392
138,2011_09_26_drive_0023_sync_image_0000000020_image_02.png,0-40m,71948,1.2901964117502858,129.01964117502857,11.11116881441167,97.90543170067271,2.3856925247724217,2.415170669555664,1216x352,1344x392
138,2011_09_26_drive_0023_sync_image_0000000020_image_02.png,0-80m,78662,1.6710882133909088,167.1088213390909,11.18164319053592,97.46637512394804,2.3856925247724217,2.415170669555664,1216x352,1344x392
139,2011_09_26_drive_0023_sync_image_0000000023_image_03.png,0-10m,28557,1.0381277949927663,103.81277949927663,13.654505278659798,99.84942395909935,2.3863261601978976,2.415170669555664,1216x352,1344x392
139,2011_09_26_drive_0023_sync_image_0000000023_image_03.png,0-20m,49059,1.172479880750562,117.24798807505621,11.871484442263283,99.66163191259504,2.3863261601978976,2.415170669555664,1216x352,1344x392
139,2011_09_26_drive_0023_sync_image_0000000023_image_03.png,0-40m,57981,1.5849484985315245,158.49484985315246,12.19265594721205,97.25254824856418,2.3863261601978976,2.415170669555664,1216x352,1344x392
139,2011_09_26_drive_0023_sync_image_0000000023_image_03.png,0-80m,65698,2.060915156293922,206.09151562939218,12.154054264630767,95.56911930347955,2.3863261601978976,2.415170669555664,1216x352,1344x392
140,2011_09_26_drive_0023_sync_image_0000000026_image_02.png,0-10m,28018,0.7091902277013357,70.91902277013357,10.264158605408506,99.91434078092655,2.3015256352146474,2.415170669555664,1216x352,1344x392
140,2011_09_26_drive_0023_sync_image_0000000026_image_02.png,0-20m,49039,1.0062954470783563,100.62954470783563,9.871949250914085,96.14184628560942,2.3015256352146474,2.415170669555664,1216x352,1344x392
140,2011_09_26_drive_0023_sync_image_0000000026_image_02.png,0-40m,59478,1.3969361336727726,139.69361336727727,10.27463187637147,93.16722149366153,2.3015256352146474,2.415170669555664,1216x352,1344x392
140,2011_09_26_drive_0023_sync_image_0000000026_image_02.png,0-80m,67681,1.703925897539621,170.39258975396208,10.00359713111923,93.41765044842718,2.3015256352146474,2.415170669555664,1216x352,1344x392
141,2011_09_26_drive_0023_sync_image_0000000029_image_03.png,0-10m,18516,1.0517805780363176,105.17805780363176,14.097719444565282,99.6543529920069,2.317469712324192,2.415170669555664,1216x352,1344x392
141,2011_09_26_drive_0023_sync_image_0000000029_image_03.png,0-20m,43673,1.3243512083376816,132.43512083376817,12.039881417021627,97.8957250475122,2.317469712324192,2.415170669555664,1216x352,1344x392
141,2011_09_26_drive_0023_sync_image_0000000029_image_03.png,0-40m,56578,1.844483697210863,184.4483697210863,12.068098889673838,95.5017851461699,2.317469712324192,2.415170669555664,1216x352,1344x392
141,2011_09_26_drive_0023_sync_image_0000000029_image_03.png,0-80m,63356,2.2718494483050136,227.18494483050137,11.97915077999045,94.6161373824105,2.317469712324192,2.415170669555664,1216x352,1344x392
142,2011_09_26_drive_0023_sync_image_0000000032_image_02.png,0-10m,18264,1.1189987155308183,111.89987155308184,13.870150906027792,98.06176084099869,2.3383711982794924,2.415170669555664,1216x352,1344x392
142,2011_09_26_drive_0023_sync_image_0000000032_image_02.png,0-20m,44589,1.2705645563357073,127.05645563357074,11.300040257440056,97.38724797595819,2.3383711982794924,2.415170669555664,1216x352,1344x392
142,2011_09_26_drive_0023_sync_image_0000000032_image_02.png,0-40m,58947,1.577270525536052,157.7270525536052,10.534765551622254,96.98712402666803,2.3383711982794924,2.415170669555664,1216x352,1344x392
142,2011_09_26_drive_0023_sync_image_0000000032_image_02.png,0-80m,65106,1.8531802342322017,185.31802342322015,10.36795865319265,96.52873775074494,2.3383711982794924,2.415170669555664,1216x352,1344x392
143,2011_09_26_drive_0023_sync_image_0000000035_image_03.png,0-10m,13705,1.2315284794414623,123.15284794414623,15.76247532657176,84.17365924844947,2.370370932240351,2.415170669555664,1216x352,1344x392
143,2011_09_26_drive_0023_sync_image_0000000035_image_03.png,0-20m,39286,1.2898767203121402,128.987672031214,11.684438588530707,91.79096879295423,2.370370932240351,2.415170669555664,1216x352,1344x392
143,2011_09_26_drive_0023_sync_image_0000000035_image_03.png,0-40m,53297,1.4477114376548594,144.77114376548593,10.346901591856568,92.83824605512505,2.370370932240351,2.415170669555664,1216x352,1344x392
143,2011_09_26_drive_0023_sync_image_0000000035_image_03.png,0-80m,58395,1.6916052907223018,169.1605290722302,10.156887787864338,92.49250792019865,2.370370932240351,2.415170669555664,1216x352,1344x392
144,2011_09_26_drive_0023_sync_image_0000000038_image_02.png,0-10m,15892,0.912915775705698,91.2915775705698,11.189094283943477,97.06770702240121,2.2751363318288775,2.415170669555664,1216x352,1344x392
144,2011_09_26_drive_0023_sync_image_0000000038_image_02.png,0-20m,37087,1.3608686987302712,136.08686987302713,11.522278384296005,94.36999487691105,2.2751363318288775,2.415170669555664,1216x352,1344x392
144,2011_09_26_drive_0023_sync_image_0000000038_image_02.png,0-40m,50586,1.3499722281125583,134.99722281125582,9.61262764507942,95.64899379274898,2.2751363318288775,2.415170669555664,1216x352,1344x392
144,2011_09_26_drive_0023_sync_image_0000000038_image_02.png,0-80m,55237,1.608936604841097,160.8936604841097,9.529407431180987,95.40163296341221,2.2751363318288775,2.415170669555664,1216x352,1344x392
145,2011_09_26_drive_0023_sync_image_0000000041_image_03.png,0-10m,18172,1.0425269139802276,104.25269139802276,13.100099863023248,92.93968743121286,2.3819153553007095,2.415170669555664,1216x352,1344x392
145,2011_09_26_drive_0023_sync_image_0000000041_image_03.png,0-20m,35369,1.313290607885751,131.32906078857508,12.323514689838161,92.60086516440951,2.3819153553007095,2.415170669555664,1216x352,1344x392
145,2011_09_26_drive_0023_sync_image_0000000041_image_03.png,0-40m,49556,1.3262678476769003,132.62678476769003,10.149320500214328,94.28928888530149,2.3819153553007095,2.415170669555664,1216x352,1344x392
145,2011_09_26_drive_0023_sync_image_0000000041_image_03.png,0-80m,53085,1.5306074347527023,153.06074347527024,10.037662797757237,94.04539888857492,2.3819153553007095,2.415170669555664,1216x352,1344x392
146,2011_09_26_drive_0023_sync_image_0000000044_image_02.png,0-10m,20479,0.8519023820940501,85.19023820940501,11.789862363192123,99.27730846232727,2.3198147675215353,2.415170669555664,1216x352,1344x392
146,2011_09_26_drive_0023_sync_image_0000000044_image_02.png,0-20m,39135,1.2973393876814243,129.73393876814242,12.71349631385256,95.04535581959883,2.3198147675215353,2.415170669555664,1216x352,1344x392
146,2011_09_26_drive_0023_sync_image_0000000044_image_02.png,0-40m,56584,1.2316755744704058,123.16755744704058,9.964630527550565,96.22508129506573,2.3198147675215353,2.415170669555664,1216x352,1344x392
146,2011_09_26_drive_0023_sync_image_0000000044_image_02.png,0-80m,59845,1.4031058354249861,140.31058354249862,9.891340462769405,96.04979530453673,2.3198147675215353,2.415170669555664,1216x352,1344x392
147,2011_09_26_drive_0023_sync_image_0000000047_image_03.png,0-10m,20360,0.8917042729779638,89.17042729779638,11.71603380066005,98.21218074656188,2.2841532302525196,2.415170669555664,1216x352,1344x392
147,2011_09_26_drive_0023_sync_image_0000000047_image_03.png,0-20m,39326,1.2453761843500573,124.53761843500573,12.439875851791136,94.95244876163352,2.2841532302525196,2.415170669555664,1216x352,1344x392
147,2011_09_26_drive_0023_sync_image_0000000047_image_03.png,0-40m,57565,1.1652356906240784,116.52356906240784,9.603373490728078,96.42838530356987,2.2841532302525196,2.415170669555664,1216x352,1344x392
147,2011_09_26_drive_0023_sync_image_0000000047_image_03.png,0-80m,60353,1.3115872981848422,131.15872981848423,9.554228619360808,96.27359037661756,2.2841532302525196,2.415170669555664,1216x352,1344x392
148,2011_09_26_drive_0023_sync_image_0000000050_image_02.png,0-10m,27987,1.1942144635022933,119.42144635022933,16.23607752707414,91.06013506270769,2.3075236810932385,2.415170669555664,1216x352,1344x392
148,2011_09_26_drive_0023_sync_image_0000000050_image_02.png,0-20m,43826,1.1455688287627228,114.55688287627228,13.179463069117093,94.13818281385478,2.3075236810932385,2.415170669555664,1216x352,1344x392
148,2011_09_26_drive_0023_sync_image_0000000050_image_02.png,0-40m,67510,1.3163932596272212,131.63932596272213,10.747018088193636,96.07909939268256,2.3075236810932385,2.415170669555664,1216x352,1344x392
148,2011_09_26_drive_0023_sync_image_0000000050_image_02.png,0-80m,70206,1.4422147349713856,144.22147349713856,10.686305547480238,95.88354271714668,2.3075236810932385,2.415170669555664,1216x352,1344x392
149,2011_09_26_drive_0023_sync_image_0000000053_image_03.png,0-10m,22246,1.110796370898971,111.0796370898971,15.120330812370716,91.12199946057719,2.35370433055947,2.415170669555664,1216x352,1344x392
149,2011_09_26_drive_0023_sync_image_0000000053_image_03.png,0-20m,37107,1.1748152477525935,117.48152477525935,12.759940084480728,94.31913116123643,2.35370433055947,2.415170669555664,1216x352,1344x392
149,2011_09_26_drive_0023_sync_image_0000000053_image_03.png,0-40m,66144,1.2757482627198555,127.57482627198556,9.691981747068258,96.46075229801644,2.35370433055947,2.415170669555664,1216x352,1344x392
149,2011_09_26_drive_0023_sync_image_0000000053_image_03.png,0-80m,68096,1.4080244848273582,140.80244848273583,9.740721356028546,96.13927396616542,2.35370433055947,2.415170669555664,1216x352,1344x392
150,2011_09_26_drive_0023_sync_image_0000000056_image_02.png,0-10m,16641,1.054972189577803,105.4972189577803,13.732763722151848,98.75007511567814,2.366561993691308,2.415170669555664,1216x352,1344x392
150,2011_09_26_drive_0023_sync_image_0000000056_image_02.png,0-20m,51522,1.1647743685109186,116.47743685109187,9.740620896431041,99.40025620123443,2.366561993691308,2.415170669555664,1216x352,1344x392
150,2011_09_26_drive_0023_sync_image_0000000056_image_02.png,0-40m,72660,1.309307700072377,130.9307700072377,8.776150172302694,99.29672447013488,2.366561993691308,2.415170669555664,1216x352,1344x392
150,2011_09_26_drive_0023_sync_image_0000000056_image_02.png,0-80m,74626,1.459535731583801,145.9535731583801,8.879727719323178,98.95344785999518,2.366561993691308,2.415170669555664,1216x352,1344x392
151,2011_09_26_drive_0023_sync_image_0000000059_image_03.png,0-10m,10840,1.3168035957206219,131.6803595720622,16.573013658478057,83.62546125461255,2.35853172908633,2.415170669555664,1216x352,1344x392
151,2011_09_26_drive_0023_sync_image_0000000059_image_03.png,0-20m,52805,1.2344315181569996,123.44315181569996,9.946083871346561,96.36019316352619,2.35853172908633,2.415170669555664,1216x352,1344x392
151,2011_09_26_drive_0023_sync_image_0000000059_image_03.png,0-40m,68510,1.4021000496924594,140.21000496924594,9.293492176774143,96.84571595387534,2.35853172908633,2.415170669555664,1216x352,1344x392
151,2011_09_26_drive_0023_sync_image_0000000059_image_03.png,0-80m,70343,1.5762855020823532,157.6285502082353,9.420664892424043,96.46162375787213,2.35853172908633,2.415170669555664,1216x352,1344x392
152,2011_09_26_drive_0023_sync_image_0000000062_image_02.png,0-10m,14644,1.2244591723697102,122.44591723697103,14.901347529636459,91.98306473641081,2.391899878980563,2.415170669555664,1216x352,1344x392
152,2011_09_26_drive_0023_sync_image_0000000062_image_02.png,0-20m,59814,1.107726810752327,110.7726810752327,9.09749432007917,97.9302504430401,2.391899878980563,2.415170669555664,1216x352,1344x392
152,2011_09_26_drive_0023_sync_image_0000000062_image_02.png,0-40m,72636,1.230067498037039,123.0067498037039,8.619403294797747,98.02990252767223,2.391899878980563,2.415170669555664,1216x352,1344x392
152,2011_09_26_drive_0023_sync_image_0000000062_image_02.png,0-80m,74605,1.397794831712287,139.7794831712287,8.753098650583665,97.70792842302795,2.391899878980563,2.415170669555664,1216x352,1344x392
153,2011_09_26_drive_0023_sync_image_0000000065_image_03.png,0-10m,12673,1.1414065642090856,114.14065642090856,14.658648888886464,95.7784265761856,2.3930876142518525,2.415170669555664,1216x352,1344x392
153,2011_09_26_drive_0023_sync_image_0000000065_image_03.png,0-20m,62102,0.9669678454076467,96.69678454076467,8.40108682408062,99.08537567228109,2.3930876142518525,2.415170669555664,1216x352,1344x392
153,2011_09_26_drive_0023_sync_image_0000000065_image_03.png,0-40m,73952,1.1439824363902655,114.39824363902656,8.233608179112158,98.74242752055387,2.3930876142518525,2.415170669555664,1216x352,1344x392
153,2011_09_26_drive_0023_sync_image_0000000065_image_03.png,0-80m,75735,1.2637989602278126,126.37989602278125,8.313137598319376,98.49871261635967,2.3930876142518525,2.415170669555664,1216x352,1344x392
154,2011_09_26_drive_0023_sync_image_0000000068_image_02.png,0-10m,17425,1.0930600381410618,109.30600381410618,13.515982289683004,97.75035868005739,2.3161782502220705,2.415170669555664,1216x352,1344x392
154,2011_09_26_drive_0023_sync_image_0000000068_image_02.png,0-20m,69587,0.9053385274543561,90.53385274543561,8.173336699997854,99.29440843835773,2.3161782502220705,2.415170669555664,1216x352,1344x392
154,2011_09_26_drive_0023_sync_image_0000000068_image_02.png,0-40m,81865,1.1083399325075884,110.83399325075885,8.179555495190433,98.97758504855555,2.3161782502220705,2.415170669555664,1216x352,1344x392
154,2011_09_26_drive_0023_sync_image_0000000068_image_02.png,0-80m,83981,1.2458144018770738,124.58144018770739,8.278490655058942,98.705659613484,2.3161782502220705,2.415170669555664,1216x352,1344x392
155,2011_09_26_drive_0023_sync_image_0000000071_image_03.png,0-10m,21124,0.9878643627894509,98.78643627894509,11.618238825341836,97.21170232910433,2.272011589175539,2.415170669555664,1216x352,1344x392
155,2011_09_26_drive_0023_sync_image_0000000071_image_03.png,0-20m,59902,1.0113631981027564,101.13631981027564,9.238088905389002,98.89319221394945,2.272011589175539,2.415170669555664,1216x352,1344x392
155,2011_09_26_drive_0023_sync_image_0000000071_image_03.png,0-40m,70438,1.2591793333781078,125.91793333781078,9.327085754678297,98.492291092876,2.272011589175539,2.415170669555664,1216x352,1344x392
155,2011_09_26_drive_0023_sync_image_0000000071_image_03.png,0-80m,72627,1.4738224268251763,147.38224268251764,9.495157615892849,97.77630908615254,2.272011589175539,2.415170669555664,1216x352,1344x392
156,2011_09_26_drive_0023_sync_image_0000000074_image_02.png,0-10m,29269,0.873602916799378,87.3602916799378,10.4666944649339,98.83836140626602,2.1923459066067537,2.415170669555664,1216x352,1344x392
156,2011_09_26_drive_0023_sync_image_0000000074_image_02.png,0-20m,59629,1.0753753903898577,107.53753903898577,10.01279031997159,99.24533364638012,2.1923459066067537,2.415170669555664,1216x352,1344x392
156,2011_09_26_drive_0023_sync_image_0000000074_image_02.png,0-40m,70145,1.325148603926195,132.5148603926195,10.048944330904511,98.79250124741607,2.1923459066067537,2.415170669555664,1216x352,1344x392
156,2011_09_26_drive_0023_sync_image_0000000074_image_02.png,0-80m,72948,1.570744228080653,157.0744228080653,10.192096867820407,97.93551570982069,2.1923459066067537,2.415170669555664,1216x352,1344x392
157,2011_09_26_drive_0023_sync_image_0000000077_image_03.png,0-10m,33462,0.8906941291898459,89.0694129189846,11.061548289024447,99.6563265794035,2.237284616499289,2.415170669555664,1216x352,1344x392
157,2011_09_26_drive_0023_sync_image_0000000077_image_03.png,0-20m,58116,0.9938261642517756,99.38261642517756,9.886353396093405,99.5681051689724,2.237284616499289,2.415170669555664,1216x352,1344x392
157,2011_09_26_drive_0023_sync_image_0000000077_image_03.png,0-40m,67244,1.2041513554636198,120.41513554636198,9.809184162787696,98.93819522931415,2.237284616499289,2.415170669555664,1216x352,1344x392
157,2011_09_26_drive_0023_sync_image_0000000077_image_03.png,0-80m,69833,1.5475041193344345,154.75041193344344,10.13665854128938,97.50261337762949,2.237284616499289,2.415170669555664,1216x352,1344x392
158,2011_09_26_drive_0023_sync_image_0000000080_image_02.png,0-10m,33795,1.0220627809562068,102.20627809562069,13.13831406803129,99.72185234502146,2.2409510955837177,2.415170669555664,1216x352,1344x392
158,2011_09_26_drive_0023_sync_image_0000000080_image_02.png,0-20m,61946,1.240085464965938,124.00854649659381,11.963425268085064,99.5980369999677,2.2409510955837177,2.415170669555664,1216x352,1344x392
158,2011_09_26_drive_0023_sync_image_0000000080_image_02.png,0-40m,70056,1.4932950201869841,149.3295020186984,12.02960886259794,98.73957976475963,2.2409510955837177,2.415170669555664,1216x352,1344x392
158,2011_09_26_drive_0023_sync_image_0000000080_image_02.png,0-80m,72802,1.821822988794078,182.1822988794078,12.26390311024636,97.28441526331693,2.2409510955837177,2.415170669555664,1216x352,1344x392
159,2011_09_26_drive_0023_sync_image_0000000083_image_03.png,0-10m,25964,1.1331179858062101,113.31179858062102,14.89151320250261,86.29641041441997,2.2182146477433085,2.415170669555664,1216x352,1344x392
159,2011_09_26_drive_0023_sync_image_0000000083_image_03.png,0-20m,56615,1.4571056132243736,145.71056132243737,13.656048185533946,92.84111984456416,2.2182146477433085,2.415170669555664,1216x352,1344x392
159,2011_09_26_drive_0023_sync_image_0000000083_image_03.png,0-40m,63834,1.802067466840957,180.20674668409572,13.883008175394455,91.06432308800953,2.2182146477433085,2.415170669555664,1216x352,1344x392
159,2011_09_26_drive_0023_sync_image_0000000083_image_03.png,0-80m,66155,2.1743947677822777,217.43947677822777,14.154195534759575,89.64250623535635,2.2182146477433085,2.415170669555664,1216x352,1344x392
160,2011_09_26_drive_0023_sync_image_0000000086_image_02.png,0-10m,25902,1.4400533306746859,144.0053330674686,17.75319290101788,71.88248011736546,2.332245651656555,2.415170669555664,1216x352,1344x392
160,2011_09_26_drive_0023_sync_image_0000000086_image_02.png,0-20m,57644,1.5981059112701697,159.81059112701698,15.277411307565487,84.83276663659704,2.332245651656555,2.415170669555664,1216x352,1344x392
160,2011_09_26_drive_0023_sync_image_0000000086_image_02.png,0-40m,65533,1.962404257858307,196.2404257858307,15.457105589628362,83.66166664123419,2.332245651656555,2.415170669555664,1216x352,1344x392
160,2011_09_26_drive_0023_sync_image_0000000086_image_02.png,0-80m,68686,2.3521662361776046,235.21662361776046,15.589450444313947,82.70244300148502,2.332245651656555,2.415170669555664,1216x352,1344x392
161,2011_09_26_drive_0023_sync_image_0000000089_image_03.png,0-10m,28364,1.3100781632048037,131.00781632048037,16.741761391542383,79.15667747849386,2.359082562206766,2.415170669555664,1216x352,1344x392
161,2011_09_26_drive_0023_sync_image_0000000089_image_03.png,0-20m,52205,1.457840275890057,145.78402758900572,14.778797248962016,86.972512211474,2.359082562206766,2.415170669555664,1216x352,1344x392
161,2011_09_26_drive_0023_sync_image_0000000089_image_03.png,0-40m,60749,1.8629055298468329,186.2905529846833,15.05647127126814,84.84913331906698,2.359082562206766,2.415170669555664,1216x352,1344x392
161,2011_09_26_drive_0023_sync_image_0000000089_image_03.png,0-80m,64176,2.2324144912981625,223.24144912981626,15.088538536411205,83.97687609075044,2.359082562206766,2.415170669555664,1216x352,1344x392
162,2011_09_26_drive_0023_sync_image_0000000092_image_02.png,0-10m,26858,0.9792784746178423,97.92784746178424,12.65699698059317,98.74152952565343,2.377101476485623,2.415170669555664,1216x352,1344x392
162,2011_09_26_drive_0023_sync_image_0000000092_image_02.png,0-20m,49212,1.3178369544496733,131.78369544496732,12.980699189613018,95.9095342599366,2.377101476485623,2.415170669555664,1216x352,1344x392
162,2011_09_26_drive_0023_sync_image_0000000092_image_02.png,0-40m,57019,1.6823487971812012,168.2348797181201,13.251605669226876,93.62668584156158,2.377101476485623,2.415170669555664,1216x352,1344x392
162,2011_09_26_drive_0023_sync_image_0000000092_image_02.png,0-80m,60377,2.018968664999798,201.8968664999798,13.286494740683258,92.44579889693095,2.377101476485623,2.415170669555664,1216x352,1344x392
163,2011_09_26_drive_0023_sync_image_0000000095_image_03.png,0-10m,32714,1.127579080101592,112.75790801015918,14.314271662333619,98.7436571498441,2.2520995762086367,2.415170669555664,1216x352,1344x392
163,2011_09_26_drive_0023_sync_image_0000000095_image_03.png,0-20m,43582,1.3730126388097803,137.30126388097804,14.497499400880494,95.13560644302694,2.2520995762086367,2.415170669555664,1216x352,1344x392
163,2011_09_26_drive_0023_sync_image_0000000095_image_03.png,0-40m,50333,1.4960197329703546,149.60197329703547,13.713722294244581,94.5383744263207,2.2520995762086367,2.415170669555664,1216x352,1344x392
163,2011_09_26_drive_0023_sync_image_0000000095_image_03.png,0-80m,53542,1.822127519468399,182.2127519468399,13.653855755906003,93.45747263830265,2.2520995762086367,2.415170669555664,1216x352,1344x392
164,2011_09_26_drive_0023_sync_image_0000000098_image_02.png,0-10m,26813,1.0784441751746077,107.84441751746077,15.317106736913386,90.97079774736136,2.3009616408211255,2.415170669555664,1216x352,1344x392
164,2011_09_26_drive_0023_sync_image_0000000098_image_02.png,0-20m,41090,1.3422970878204659,134.2297087820466,14.559543391074733,90.15332197614991,2.3009616408211255,2.415170669555664,1216x352,1344x392
164,2011_09_26_drive_0023_sync_image_0000000098_image_02.png,0-40m,48545,1.4674749122833368,146.74749122833367,13.540730523306804,90.51395612318467,2.3009616408211255,2.415170669555664,1216x352,1344x392
164,2011_09_26_drive_0023_sync_image_0000000098_image_02.png,0-80m,52791,2.0286945981456026,202.86945981456026,13.773977908755212,88.39385501316512,2.3009616408211255,2.415170669555664,1216x352,1344x392
165,2011_09_26_drive_0023_sync_image_0000000101_image_03.png,0-10m,13605,1.2959688404648237,129.5968840464824,17.853120564052986,87.68099963248805,2.2940941528532406,2.415170669555664,1216x352,1344x392
165,2011_09_26_drive_0023_sync_image_0000000101_image_03.png,0-20m,33281,1.4980307152049122,149.80307152049122,14.574839729989893,88.32667287641597,2.2940941528532406,2.415170669555664,1216x352,1344x392
165,2011_09_26_drive_0023_sync_image_0000000101_image_03.png,0-40m,41642,1.652456191183711,165.2456191183711,13.136532062698237,88.38432351952356,2.2940941528532406,2.415170669555664,1216x352,1344x392
165,2011_09_26_drive_0023_sync_image_0000000101_image_03.png,0-80m,45487,2.0960584762063017,209.60584762063016,13.186813938897817,87.71736979796425,2.2940941528532406,2.415170669555664,1216x352,1344x392
166,2011_09_26_drive_0023_sync_image_0000000104_image_02.png,0-10m,23605,1.355304003882979,135.5304003882979,17.065700827960125,86.6130057191273,2.279231889653273,2.415170669555664,1216x352,1344x392
166,2011_09_26_drive_0023_sync_image_0000000104_image_02.png,0-20m,49227,1.4405380471386648,144.0538047138665,14.199866204225605,90.09892944928596,2.279231889653273,2.415170669555664,1216x352,1344x392
166,2011_09_26_drive_0023_sync_image_0000000104_image_02.png,0-40m,59241,1.7027603748814977,170.27603748814977,13.362203337762113,88.70208132880944,2.279231889653273,2.415170669555664,1216x352,1344x392
166,2011_09_26_drive_0023_sync_image_0000000104_image_02.png,0-80m,62658,1.9047502542935473,190.47502542935473,13.19227289386883,88.98624277825657,2.279231889653273,2.415170669555664,1216x352,1344x392
167,2011_09_26_drive_0023_sync_image_0000000107_image_03.png,0-10m,33084,1.1785964399536553,117.85964399536553,15.34520461345726,94.73763752871479,2.277356517569396,2.415170669555664,1216x352,1344x392
167,2011_09_26_drive_0023_sync_image_0000000107_image_03.png,0-20m,56659,1.2384368010238345,123.84368010238344,13.10824583684479,96.59365678885968,2.277356517569396,2.415170669555664,1216x352,1344x392
167,2011_09_26_drive_0023_sync_image_0000000107_image_03.png,0-40m,68236,1.4600516895076945,146.00516895076944,12.277083111324123,96.82865349668796,2.277356517569396,2.415170669555664,1216x352,1344x392
167,2011_09_26_drive_0023_sync_image_0000000107_image_03.png,0-80m,71813,1.6134009716373425,161.34009716373424,12.105393213940998,96.7471070697506,2.277356517569396,2.415170669555664,1216x352,1344x392
168,2011_09_26_drive_0023_sync_image_0000000110_image_02.png,0-10m,36182,1.0252104742031087,102.52104742031088,13.545921636139093,92.88043778674478,2.3480384721773047,2.415170669555664,1216x352,1344x392
168,2011_09_26_drive_0023_sync_image_0000000110_image_02.png,0-20m,61290,1.0978099788221376,109.78099788221375,11.59944239744915,95.2243432860173,2.3480384721773047,2.415170669555664,1216x352,1344x392
168,2011_09_26_drive_0023_sync_image_0000000110_image_02.png,0-40m,72250,1.3598450962779431,135.98450962779432,11.221141836450501,93.36470588235294,2.3480384721773047,2.415170669555664,1216x352,1344x392
168,2011_09_26_drive_0023_sync_image_0000000110_image_02.png,0-80m,76205,1.508822211664842,150.8822211664842,11.062488933212776,93.53454497736368,2.3480384721773047,2.415170669555664,1216x352,1344x392
169,2011_09_26_drive_0023_sync_image_0000000113_image_03.png,0-10m,29201,1.1195723326343947,111.95723326343948,14.833924951801306,97.38707578507585,2.375632660754267,2.415170669555664,1216x352,1344x392
169,2011_09_26_drive_0023_sync_image_0000000113_image_03.png,0-20m,53879,1.2044871194022042,120.44871194022042,12.623387723310357,98.32959037844059,2.375632660754267,2.415170669555664,1216x352,1344x392
169,2011_09_26_drive_0023_sync_image_0000000113_image_03.png,0-40m,66873,1.4891987014704222,148.91987014704222,11.967652244863073,97.9872295246213,2.375632660754267,2.415170669555664,1216x352,1344x392
169,2011_09_26_drive_0023_sync_image_0000000113_image_03.png,0-80m,70275,1.6368201038125825,163.68201038125824,11.814912310468552,97.89541088580577,2.375632660754267,2.415170669555664,1216x352,1344x392
170,2011_09_26_drive_0023_sync_image_0000000116_image_02.png,0-10m,35666,0.8399655086958208,83.99655086958208,10.915846902233438,99.66634890371783,2.403285194844688,2.415170669555664,1216x352,1344x392
170,2011_09_26_drive_0023_sync_image_0000000116_image_02.png,0-20m,62948,0.874488801190183,87.4488801190183,9.134864381242352,99.44557412467432,2.403285194844688,2.415170669555664,1216x352,1344x392
170,2011_09_26_drive_0023_sync_image_0000000116_image_02.png,0-40m,76046,1.089334053127035,108.9334053127035,8.814305003066293,99.20705888541146,2.403285194844688,2.415170669555664,1216x352,1344x392
170,2011_09_26_drive_0023_sync_image_0000000116_image_02.png,0-80m,79718,1.2752511286155923,127.52511286155924,8.833781316308382,98.9161795328533,2.403285194844688,2.415170669555664,1216x352,1344x392
171,2011_09_26_drive_0023_sync_image_0000000119_image_03.png,0-10m,30286,1.00842095492011,100.842095492011,12.709398109280109,99.90094433071386,2.3799539336875646,2.415170669555664,1216x352,1344x392
171,2011_09_26_drive_0023_sync_image_0000000119_image_03.png,0-20m,57980,1.0781865953535572,107.81865953535572,10.753262562196909,99.47913073473612,2.3799539336875646,2.415170669555664,1216x352,1344x392
171,2011_09_26_drive_0023_sync_image_0000000119_image_03.png,0-40m,71823,1.371015491769482,137.1015491769482,10.456657980115367,98.74413488715315,2.3799539336875646,2.415170669555664,1216x352,1344x392
171,2011_09_26_drive_0023_sync_image_0000000119_image_03.png,0-80m,75648,1.6605721784475087,166.05721784475088,10.554354717017398,98.20352157360406,2.3799539336875646,2.415170669555664,1216x352,1344x392
172,2011_09_26_drive_0023_sync_image_0000000122_image_02.png,0-10m,31526,1.0335047203582577,103.35047203582577,12.74478758447881,99.44807460508787,2.3347177432085293,2.415170669555664,1216x352,1344x392
172,2011_09_26_drive_0023_sync_image_0000000122_image_02.png,0-20m,49103,1.0319227443397758,103.19227443397759,10.824816315028023,99.2851760584893,2.3347177432085293,2.415170669555664,1216x352,1344x392
172,2011_09_26_drive_0023_sync_image_0000000122_image_02.png,0-40m,64426,1.345030967782093,134.5030967782093,10.276894138375303,98.64185266817745,2.3347177432085293,2.415170669555664,1216x352,1344x392
172,2011_09_26_drive_0023_sync_image_0000000122_image_02.png,0-80m,68836,1.6218621117544032,162.18621117544032,10.234302577579482,97.87320588064385,2.3347177432085293,2.415170669555664,1216x352,1344x392
173,2011_09_26_drive_0023_sync_image_0000000125_image_03.png,0-10m,21941,1.0358070480938157,103.58070480938157,14.09787241739949,99.12036826033453,2.408064898272643,2.415170669555664,1216x352,1344x392
173,2011_09_26_drive_0023_sync_image_0000000125_image_03.png,0-20m,39402,1.122489115773261,112.24891157732611,11.511300530151304,97.71077610273589,2.408064898272643,2.415170669555664,1216x352,1344x392
173,2011_09_26_drive_0023_sync_image_0000000125_image_03.png,0-40m,52828,1.4249762536413042,142.4976253641304,10.697185135391006,97.61679412432801,2.408064898272643,2.415170669555664,1216x352,1344x392
173,2011_09_26_drive_0023_sync_image_0000000125_image_03.png,0-80m,57223,1.6863011399133394,168.63011399133393,10.509719928507458,97.19343620572147,2.408064898272643,2.415170669555664,1216x352,1344x392
174,2011_09_26_drive_0023_sync_image_0000000128_image_02.png,0-10m,20318,0.7248391201088004,72.48391201088003,9.415409859163885,99.37493847819667,2.3894856894866616,2.415170669555664,1216x352,1344x392
174,2011_09_26_drive_0023_sync_image_0000000128_image_02.png,0-20m,41480,0.9730574947888734,97.30574947888734,8.805826222647664,97.95323047251688,2.3894856894866616,2.415170669555664,1216x352,1344x392
174,2011_09_26_drive_0023_sync_image_0000000128_image_02.png,0-40m,56947,1.2266490803377488,122.66490803377488,8.328239688407967,97.67151913182433,2.3894856894866616,2.415170669555664,1216x352,1344x392
174,2011_09_26_drive_0023_sync_image_0000000128_image_02.png,0-80m,62043,1.583465366601164,158.34653666011639,8.441793743515715,96.73774640168915,2.3894856894866616,2.415170669555664,1216x352,1344x392
175,2011_09_26_drive_0023_sync_image_0000000131_image_03.png,0-10m,23072,0.739175302331722,73.9175302331722,9.36085330467625,99.80929264909847,2.3633192061474926,2.415170669555664,1216x352,1344x392
175,2011_09_26_drive_0023_sync_image_0000000131_image_03.png,0-20m,47705,0.9301243001791731,93.01243001791731,8.516265883909178,98.24337071585788,2.3633192061474926,2.415170669555664,1216x352,1344x392
175,2011_09_26_drive_0023_sync_image_0000000131_image_03.png,0-40m,61182,1.1712687504980892,117.12687504980892,8.344144995178127,97.64146317544376,2.3633192061474926,2.415170669555664,1216x352,1344x392
175,2011_09_26_drive_0023_sync_image_0000000131_image_03.png,0-80m,66420,1.5069111693160284,150.69111693160283,8.45993613903307,97.02047576031316,2.3633192061474926,2.415170669555664,1216x352,1344x392
176,2011_09_26_drive_0023_sync_image_0000000134_image_02.png,0-10m,16573,0.7118501046050159,71.18501046050159,9.18769687150314,99.58969408073372,2.3525287919970017,2.415170669555664,1216x352,1344x392
176,2011_09_26_drive_0023_sync_image_0000000134_image_02.png,0-20m,45487,0.9144636577853011,91.44636577853011,8.113629316985955,97.05190493987294,2.3525287919970017,2.415170669555664,1216x352,1344x392
176,2011_09_26_drive_0023_sync_image_0000000134_image_02.png,0-40m,59349,1.1206189261649553,112.06189261649553,7.866364344593525,97.01595646093448,2.3525287919970017,2.415170669555664,1216x352,1344x392
176,2011_09_26_drive_0023_sync_image_0000000134_image_02.png,0-80m,64565,1.5413491604542886,154.13491604542887,8.1858421807905,95.7298846124061,2.3525287919970017,2.415170669555664,1216x352,1344x392
177,2011_09_26_drive_0023_sync_image_0000000137_image_03.png,0-10m,16636,0.7690506159155722,76.90506159155723,9.321101301289419,96.27314258235153,2.3734522718263698,2.415170669555664,1216x352,1344x392
177,2011_09_26_drive_0023_sync_image_0000000137_image_03.png,0-20m,46902,0.8292630568409133,82.92630568409133,7.170995021446487,97.97663212656177,2.3734522718263698,2.415170669555664,1216x352,1344x392
177,2011_09_26_drive_0023_sync_image_0000000137_image_03.png,0-40m,58003,1.0794907294435607,107.94907294435608,7.428149689297918,97.18980052755893,2.3734522718263698,2.415170669555664,1216x352,1344x392
177,2011_09_26_drive_0023_sync_image_0000000137_image_03.png,0-80m,62409,1.4435719369468596,144.35719369468595,7.735413425665731,96.17843580252848,2.3734522718263698,2.415170669555664,1216x352,1344x392
178,2011_09_26_drive_0023_sync_image_0000000140_image_02.png,0-10m,24524,0.6547724713394097,65.47724713394098,8.00984806735797,99.34350024465829,2.3901978939791526,2.415170669555664,1216x352,1344x392
178,2011_09_26_drive_0023_sync_image_0000000140_image_02.png,0-20m,55686,0.8289315009585521,82.8931500958552,7.2642651679859105,98.62981718923966,2.3901978939791526,2.415170669555664,1216x352,1344x392
178,2011_09_26_drive_0023_sync_image_0000000140_image_02.png,0-40m,64225,1.0579534893548177,105.79534893548177,7.561584821615259,97.92292720903075,2.3901978939791526,2.415170669555664,1216x352,1344x392
178,2011_09_26_drive_0023_sync_image_0000000140_image_02.png,0-80m,68402,1.372171521253054,137.2171521253054,7.839434055343659,97.16967340136253,2.3901978939791526,2.415170669555664,1216x352,1344x392
179,2011_09_26_drive_0023_sync_image_0000000143_image_03.png,0-10m,28480,0.7743420781044478,77.43420781044478,9.956101036088016,99.35393258426967,2.3812035410904384,2.415170669555664,1216x352,1344x392
179,2011_09_26_drive_0023_sync_image_0000000143_image_03.png,0-20m,52982,0.94111057356698,94.111057356698,9.06616425171644,98.19561360462043,2.3812035410904384,2.415170669555664,1216x352,1344x392
179,2011_09_26_drive_0023_sync_image_0000000143_image_03.png,0-40m,62076,1.2413120336834937,124.13120336834938,9.281337003809384,97.5368902635479,2.3812035410904384,2.415170669555664,1216x352,1344x392
179,2011_09_26_drive_0023_sync_image_0000000143_image_03.png,0-80m,65739,1.5169342893924462,151.69342893924463,9.4527453418861,96.72188503019517,2.3812035410904384,2.415170669555664,1216x352,1344x392
180,2011_09_26_drive_0023_sync_image_0000000146_image_02.png,0-10m,30859,0.7149770414223917,71.49770414223917,9.97580648067464,99.36809358696004,2.333147848093008,2.415170669555664,1216x352,1344x392
180,2011_09_26_drive_0023_sync_image_0000000146_image_02.png,0-20m,57023,0.8738049581572966,87.38049581572966,8.847887705676502,98.80223769356225,2.333147848093008,2.415170669555664,1216x352,1344x392
180,2011_09_26_drive_0023_sync_image_0000000146_image_02.png,0-40m,66440,1.0677540607907412,106.77540607907412,8.662297901163955,98.16074653822999,2.333147848093008,2.415170669555664,1216x352,1344x392
180,2011_09_26_drive_0023_sync_image_0000000146_image_02.png,0-80m,70112,1.3727985255314792,137.27985255314792,8.931490057581588,97.10320629849384,2.333147848093008,2.415170669555664,1216x352,1344x392
181,2011_09_26_drive_0023_sync_image_0000000149_image_03.png,0-10m,24173,0.6362286065147822,63.62286065147822,8.328588072179349,99.86762089935051,2.3381503126695273,2.415170669555664,1216x352,1344x392
181,2011_09_26_drive_0023_sync_image_0000000149_image_03.png,0-20m,50161,0.7914125121444733,79.14125121444732,7.68068889017291,99.42983592831084,2.3381503126695273,2.415170669555664,1216x352,1344x392
181,2011_09_26_drive_0023_sync_image_0000000149_image_03.png,0-40m,60161,1.1224605223653052,112.24605223653053,7.966214318573031,97.47677066538122,2.3381503126695273,2.415170669555664,1216x352,1344x392
181,2011_09_26_drive_0023_sync_image_0000000149_image_03.png,0-80m,62989,1.444664983761956,144.4664983761956,8.29807082726346,96.37714521583133,2.3381503126695273,2.415170669555664,1216x352,1344x392
182,2011_09_26_drive_0023_sync_image_0000000152_image_02.png,0-10m,26838,0.6150156447958312,61.50156447958312,7.77456970640422,99.82860123705194,2.2574596626347447,2.415170669555664,1216x352,1344x392
182,2011_09_26_drive_0023_sync_image_0000000152_image_02.png,0-20m,50860,0.8305256408356889,83.0525640835689,7.935206129196246,98.80259535981125,2.2574596626347447,2.415170669555664,1216x352,1344x392
182,2011_09_26_drive_0023_sync_image_0000000152_image_02.png,0-40m,63532,1.2709605876800358,127.09605876800359,8.42718234622605,96.61430460240508,2.2574596626347447,2.415170669555664,1216x352,1344x392
182,2011_09_26_drive_0023_sync_image_0000000152_image_02.png,0-80m,66642,1.670288060608075,167.0288060608075,8.840712640375854,95.153206686474,2.2574596626347447,2.415170669555664,1216x352,1344x392
183,2011_09_26_drive_0023_sync_image_0000000155_image_03.png,0-10m,24970,0.6814648409390096,68.14648409390097,8.45519955258487,99.87184621545855,2.1464003899069692,2.415170669555664,1216x352,1344x392
183,2011_09_26_drive_0023_sync_image_0000000155_image_03.png,0-20m,41675,0.8694030075668217,86.94030075668216,8.284774463598925,98.18116376724655,2.1464003899069692,2.415170669555664,1216x352,1344x392
183,2011_09_26_drive_0023_sync_image_0000000155_image_03.png,0-40m,53758,1.3745531821171972,137.4553182117197,8.899349532648436,95.4853231146992,2.1464003899069692,2.415170669555664,1216x352,1344x392
183,2011_09_26_drive_0023_sync_image_0000000155_image_03.png,0-80m,56879,1.8825074834522981,188.25074834522982,9.409574531214831,93.83603790502646,2.1464003899069692,2.415170669555664,1216x352,1344x392
184,2011_09_26_drive_0023_sync_image_0000000158_image_02.png,0-10m,18063,0.6472313380456542,64.72313380456542,8.667792429654856,99.35226706527155,2.233492424953437,2.415170669555664,1216x352,1344x392
184,2011_09_26_drive_0023_sync_image_0000000158_image_02.png,0-20m,38369,0.8830880559653672,88.30880559653671,7.91042447580396,98.45708775313405,2.233492424953437,2.415170669555664,1216x352,1344x392
184,2011_09_26_drive_0023_sync_image_0000000158_image_02.png,0-40m,50093,1.3216611366792854,132.16611366792853,8.401644345309888,96.11522568023476,2.233492424953437,2.415170669555664,1216x352,1344x392
184,2011_09_26_drive_0023_sync_image_0000000158_image_02.png,0-80m,53729,1.8509037850940533,185.09037850940533,8.90303050054294,94.00696085912635,2.233492424953437,2.415170669555664,1216x352,1344x392
185,2011_09_26_drive_0023_sync_image_0000000161_image_03.png,0-10m,23277,0.7646813182664469,76.4681318266447,9.91086591297608,99.2567770760837,2.274588816913228,2.415170669555664,1216x352,1344x392
185,2011_09_26_drive_0023_sync_image_0000000161_image_03.png,0-20m,48348,0.9475034949027389,94.75034949027389,8.945708231581682,98.1467692562257,2.274588816913228,2.415170669555664,1216x352,1344x392
185,2011_09_26_drive_0023_sync_image_0000000161_image_03.png,0-40m,58367,1.295582069480499,129.5582069480499,9.292556744185095,96.80984117737763,2.274588816913228,2.415170669555664,1216x352,1344x392
185,2011_09_26_drive_0023_sync_image_0000000161_image_03.png,0-80m,62114,1.7712317408484233,177.12317408484233,9.719508683671824,95.1653411469234,2.274588816913228,2.415170669555664,1216x352,1344x392
186,2011_09_26_drive_0023_sync_image_0000000164_image_02.png,0-10m,24716,0.6304367719334795,63.043677193347946,8.09560510479692,99.32432432432432,2.2842528859471543,2.415170669555664,1216x352,1344x392
186,2011_09_26_drive_0023_sync_image_0000000164_image_02.png,0-20m,51497,0.8929345525486793,89.29345525486792,8.307101180476009,97.6891857778123,2.2842528859471543,2.415170669555664,1216x352,1344x392
186,2011_09_26_drive_0023_sync_image_0000000164_image_02.png,0-40m,60931,1.1172412058206431,111.72412058206432,8.234167358675965,97.17385239040883,2.2842528859471543,2.415170669555664,1216x352,1344x392
186,2011_09_26_drive_0023_sync_image_0000000164_image_02.png,0-80m,65129,1.7134767342811554,171.34767342811554,8.92728205358734,94.63219149687544,2.2842528859471543,2.415170669555664,1216x352,1344x392
187,2011_09_26_drive_0023_sync_image_0000000167_image_03.png,0-10m,27867,0.9872717639450006,98.72717639450006,12.384272425619569,98.60767215703162,2.3130564635674484,2.415170669555664,1216x352,1344x392
187,2011_09_26_drive_0023_sync_image_0000000167_image_03.png,0-20m,48168,1.2590409555252635,125.90409555252636,12.145081246906022,97.13917953828269,2.3130564635674484,2.415170669555664,1216x352,1344x392
187,2011_09_26_drive_0023_sync_image_0000000167_image_03.png,0-40m,57979,1.5323145126872484,153.23145126872484,11.817031033559477,96.29176080994843,2.3130564635674484,2.415170669555664,1216x352,1344x392
187,2011_09_26_drive_0023_sync_image_0000000167_image_03.png,0-80m,62129,2.21412751468925,221.412751468925,12.499427719977744,92.89542725619276,2.3130564635674484,2.415170669555664,1216x352,1344x392
188,2011_09_26_drive_0023_sync_image_0000000170_image_02.png,0-10m,27926,0.9189595117069013,91.89595117069013,12.48853210518152,97.7297142447898,2.356408145914204,2.415170669555664,1216x352,1344x392
188,2011_09_26_drive_0023_sync_image_0000000170_image_02.png,0-20m,53996,1.2807534640740885,128.07534640740886,12.265660673748716,89.59367360545225,2.356408145914204,2.415170669555664,1216x352,1344x392
188,2011_09_26_drive_0023_sync_image_0000000170_image_02.png,0-40m,65305,1.3810640760516237,138.10640760516236,11.365691872547725,90.81387336344844,2.356408145914204,2.415170669555664,1216x352,1344x392
188,2011_09_26_drive_0023_sync_image_0000000170_image_02.png,0-80m,70798,1.8625290563387462,186.25290563387463,11.62256728943837,88.6818836690302,2.356408145914204,2.415170669555664,1216x352,1344x392
189,2011_09_26_drive_0023_sync_image_0000000173_image_03.png,0-10m,25414,0.9580899796253618,95.80899796253618,13.222040631016153,95.22310537499015,2.36265921070507,2.415170669555664,1216x352,1344x392
189,2011_09_26_drive_0023_sync_image_0000000173_image_03.png,0-20m,50160,1.138728799508139,113.8728799508139,11.528490742188186,94.2822966507177,2.36265921070507,2.415170669555664,1216x352,1344x392
189,2011_09_26_drive_0023_sync_image_0000000173_image_03.png,0-40m,59144,1.2687670610987187,126.87670610987188,10.829766033189173,94.33416745570133,2.36265921070507,2.415170669555664,1216x352,1344x392
189,2011_09_26_drive_0023_sync_image_0000000173_image_03.png,0-80m,63729,1.6452800190789765,164.52800190789765,10.996930559062273,92.69092563824947,2.36265921070507,2.415170669555664,1216x352,1344x392
190,2011_09_26_drive_0023_sync_image_0000000176_image_02.png,0-10m,24569,0.8820123896066452,88.20123896066451,11.335679273281524,96.83747812283772,2.3819862764664603,2.415170669555664,1216x352,1344x392
190,2011_09_26_drive_0023_sync_image_0000000176_image_02.png,0-20m,53318,0.9247102011054539,92.47102011054538,9.023526554400977,97.93128024306988,2.3819862764664603,2.415170669555664,1216x352,1344x392
190,2011_09_26_drive_0023_sync_image_0000000176_image_02.png,0-40m,63867,1.2837755669967668,128.3775566996767,9.200026648821735,95.32465905710305,2.3819862764664603,2.415170669555664,1216x352,1344x392
190,2011_09_26_drive_0023_sync_image_0000000176_image_02.png,0-80m,67510,1.531128552846071,153.1128552846071,9.298057213442547,95.01999703747593,2.3819862764664603,2.415170669555664,1216x352,1344x392
191,2011_09_26_drive_0023_sync_image_0000000179_image_03.png,0-10m,25206,0.9086154507028104,90.86154507028104,11.466189455608921,99.82940569705626,2.370208002415412,2.415170669555664,1216x352,1344x392
191,2011_09_26_drive_0023_sync_image_0000000179_image_03.png,0-20m,54352,0.9824921006941606,98.24921006941607,9.59983422910373,99.11502796585222,2.370208002415412,2.415170669555664,1216x352,1344x392
191,2011_09_26_drive_0023_sync_image_0000000179_image_03.png,0-40m,63533,1.2962834925754598,129.62834925754598,9.689230208068446,97.28644956164513,2.370208002415412,2.415170669555664,1216x352,1344x392
191,2011_09_26_drive_0023_sync_image_0000000179_image_03.png,0-80m,66435,1.5448740448631963,154.48740448631963,9.808743995549461,96.59667344020471,2.370208002415412,2.415170669555664,1216x352,1344x392
192,2011_09_26_drive_0023_sync_image_0000000182_image_02.png,0-10m,34536,0.8321861238675121,83.21861238675122,10.496548962430499,96.09393097058143,2.3889753564569296,2.415170669555664,1216x352,1344x392
192,2011_09_26_drive_0023_sync_image_0000000182_image_02.png,0-20m,53876,0.8989050277437645,89.89050277437644,9.370935495251329,96.98381468557427,2.3889753564569296,2.415170669555664,1216x352,1344x392
192,2011_09_26_drive_0023_sync_image_0000000182_image_02.png,0-40m,63704,1.0684971920991533,106.84971920991532,8.98916608640366,96.77257315082255,2.3889753564569296,2.415170669555664,1216x352,1344x392
192,2011_09_26_drive_0023_sync_image_0000000182_image_02.png,0-80m,66726,1.2857217819782247,128.57217819782247,9.076029232282897,96.27881185744688,2.3889753564569296,2.415170669555664,1216x352,1344x392
193,2011_09_26_drive_0023_sync_image_0000000185_image_03.png,0-10m,25824,0.7784575030410747,77.84575030410747,10.587444122303996,99.82961586121436,2.3968756246130782,2.415170669555664,1216x352,1344x392
193,2011_09_26_drive_0023_sync_image_0000000185_image_03.png,0-20m,42502,0.9817148956891918,98.17148956891918,10.210681217710977,99.40002823396547,2.3968756246130782,2.415170669555664,1216x352,1344x392
193,2011_09_26_drive_0023_sync_image_0000000185_image_03.png,0-40m,50562,1.269429030389538,126.94290303895379,10.161249583642668,98.02618567303509,2.3968756246130782,2.415170669555664,1216x352,1344x392
193,2011_09_26_drive_0023_sync_image_0000000185_image_03.png,0-80m,53534,1.6322945084210028,163.22945084210028,10.339536795691275,97.10651174954235,2.3968756246130782,2.415170669555664,1216x352,1344x392
194,2011_09_26_drive_0023_sync_image_0000000188_image_02.png,0-10m,17982,0.9426997580738808,94.26997580738808,11.880812386915952,98.88221554888221,2.389847164584419,2.415170669555664,1216x352,1344x392
194,2011_09_26_drive_0023_sync_image_0000000188_image_02.png,0-20m,36004,1.0431902497665788,104.31902497665789,10.268102061144583,99.01122097544717,2.389847164584419,2.415170669555664,1216x352,1344x392
194,2011_09_26_drive_0023_sync_image_0000000188_image_02.png,0-40m,43969,1.2834260322623117,128.34260322623118,9.911512224136649,97.22304350792605,2.389847164584419,2.415170669555664,1216x352,1344x392
194,2011_09_26_drive_0023_sync_image_0000000188_image_02.png,0-80m,47502,1.7852476618223796,178.52476618223795,10.189049734734501,95.84438549955792,2.389847164584419,2.415170669555664,1216x352,1344x392
195,2011_09_26_drive_0023_sync_image_0000000191_image_03.png,0-10m,20120,0.8925040757798295,89.25040757798295,11.930981830359585,99.3638170974155,2.3656841427376505,2.415170669555664,1216x352,1344x392
195,2011_09_26_drive_0023_sync_image_0000000191_image_03.png,0-20m,37207,1.0114116791732772,101.14116791732772,10.476832285283258,98.97062380734808,2.3656841427376505,2.415170669555664,1216x352,1344x392
195,2011_09_26_drive_0023_sync_image_0000000191_image_03.png,0-40m,47651,1.345427925565536,134.5427925565536,10.22945262116908,97.47539401061887,2.3656841427376505,2.415170669555664,1216x352,1344x392
195,2011_09_26_drive_0023_sync_image_0000000191_image_03.png,0-80m,51680,1.9562112264404357,195.62112264404357,10.737527232305892,94.85294117647058,2.3656841427376505,2.415170669555664,1216x352,1344x392
196,2011_09_26_drive_0023_sync_image_0000000194_image_02.png,0-10m,27275,0.8500054993266692,85.00054993266693,11.099165838296209,98.60311640696608,2.404719020537781,2.415170669555664,1216x352,1344x392
196,2011_09_26_drive_0023_sync_image_0000000194_image_02.png,0-20m,42392,0.9598455391564129,95.98455391564129,10.12864450321862,97.65757690130214,2.404719020537781,2.415170669555664,1216x352,1344x392
196,2011_09_26_drive_0023_sync_image_0000000194_image_02.png,0-40m,52892,1.3069003508535066,130.69003508535067,10.027177617734981,96.18845950238222,2.404719020537781,2.415170669555664,1216x352,1344x392
196,2011_09_26_drive_0023_sync_image_0000000194_image_02.png,0-80m,56857,1.6621057009418945,166.21057009418945,10.157230269827963,95.39722461614225,2.404719020537781,2.415170669555664,1216x352,1344x392
197,2011_09_26_drive_0023_sync_image_0000000197_image_03.png,0-10m,25702,0.8066565250573052,80.66565250573052,11.02201409003079,98.85612014629211,2.3779708584072727,2.415170669555664,1216x352,1344x392
197,2011_09_26_drive_0023_sync_image_0000000197_image_03.png,0-20m,43885,0.8311787913651568,83.11787913651568,8.907999859468024,98.72165888116669,2.3779708584072727,2.415170669555664,1216x352,1344x392
197,2011_09_26_drive_0023_sync_image_0000000197_image_03.png,0-40m,51705,1.1301218972124498,113.01218972124498,9.144350070638833,97.44898945943332,2.3779708584072727,2.415170669555664,1216x352,1344x392
197,2011_09_26_drive_0023_sync_image_0000000197_image_03.png,0-80m,54921,1.5436414723854637,154.36414723854637,9.562004133784217,95.35150488884034,2.3779708584072727,2.415170669555664,1216x352,1344x392
198,2011_09_26_drive_0023_sync_image_0000000200_image_02.png,0-10m,22615,0.6737157379924632,67.37157379924632,9.275446823632699,99.21733362812293,2.3893463824497383,2.415170669555664,1216x352,1344x392
198,2011_09_26_drive_0023_sync_image_0000000200_image_02.png,0-20m,49635,0.8225163998771461,82.25163998771461,7.681405202905557,97.91477787851315,2.3893463824497383,2.415170669555664,1216x352,1344x392
198,2011_09_26_drive_0023_sync_image_0000000200_image_02.png,0-40m,59541,1.2378897978183503,123.78897978183502,8.41885486518626,95.90198350716314,2.3893463824497383,2.415170669555664,1216x352,1344x392
198,2011_09_26_drive_0023_sync_image_0000000200_image_02.png,0-80m,63345,1.663731352762958,166.3731352762958,8.891835164874733,93.7864077669903,2.3893463824497383,2.415170669555664,1216x352,1344x392
199,2011_09_26_drive_0023_sync_image_0000000203_image_03.png,0-10m,21751,0.6518659994391857,65.18659994391857,8.329563878963105,100.0,2.4134215197406825,2.415170669555664,1216x352,1344x392
199,2011_09_26_drive_0023_sync_image_0000000203_image_03.png,0-20m,56218,0.805239114542858,80.5239114542858,7.287866511109767,98.9985413924366,2.4134215197406825,2.415170669555664,1216x352,1344x392
199,2011_09_26_drive_0023_sync_image_0000000203_image_03.png,0-40m,64743,1.1460582179727707,114.60582179727707,7.771759925486879,96.80428772222479,2.4134215197406825,2.415170669555664,1216x352,1344x392
199,2011_09_26_drive_0023_sync_image_0000000203_image_03.png,0-80m,68096,1.5044429156074959,150.44429156074958,8.165058520440937,95.66494360902256,2.4134215197406825,2.415170669555664,1216x352,1344x392
200,2011_09_26_drive_0023_sync_image_0000000206_image_02.png,0-10m,26056,0.7059891383304602,70.59891383304601,9.201857213539844,99.3974516426159,2.39796249923039,2.415170669555664,1216x352,1344x392
200,2011_09_26_drive_0023_sync_image_0000000206_image_02.png,0-20m,50576,0.90831191692123,90.831191692123,8.468054843040736,98.6297848782031,2.39796249923039,2.415170669555664,1216x352,1344x392
200,2011_09_26_drive_0023_sync_image_0000000206_image_02.png,0-40m,57882,1.2216310973305984,122.16310973305984,8.845185479638522,96.26654227566428,2.39796249923039,2.415170669555664,1216x352,1344x392
200,2011_09_26_drive_0023_sync_image_0000000206_image_02.png,0-80m,61684,1.6304703405971588,163.04703405971588,9.197695028319561,95.159198495558,2.39796249923039,2.415170669555664,1216x352,1344x392
201,2011_09_26_drive_0023_sync_image_0000000209_image_03.png,0-10m,23824,0.6789177395978816,67.89177395978815,8.921581695788227,99.07236400268637,2.3939125675198167,2.415170669555664,1216x352,1344x392
201,2011_09_26_drive_0023_sync_image_0000000209_image_03.png,0-20m,41194,1.0324791026079534,103.24791026079534,9.799367480704618,91.67111715298344,2.3939125675198167,2.415170669555664,1216x352,1344x392
201,2011_09_26_drive_0023_sync_image_0000000209_image_03.png,0-40m,49836,1.369498975185667,136.9498975185667,9.91744781261512,90.48880327474114,2.3939125675198167,2.415170669555664,1216x352,1344x392
201,2011_09_26_drive_0023_sync_image_0000000209_image_03.png,0-80m,53665,1.7764308051206432,177.64308051206433,10.141263019153625,89.62824932451319,2.3939125675198167,2.415170669555664,1216x352,1344x392
202,2011_09_26_drive_0023_sync_image_0000000212_image_02.png,0-10m,17460,0.6700003401656878,67.00003401656878,9.008713102576916,96.68957617411226,2.3954626105713386,2.415170669555664,1216x352,1344x392
202,2011_09_26_drive_0023_sync_image_0000000212_image_02.png,0-20m,40271,1.1081479497995603,110.81479497995603,10.216340666074712,90.88177596781803,2.3954626105713386,2.415170669555664,1216x352,1344x392
202,2011_09_26_drive_0023_sync_image_0000000212_image_02.png,0-40m,51693,1.4126844677463797,141.26844677463797,9.982402612915138,90.63316116302013,2.3954626105713386,2.415170669555664,1216x352,1344x392
202,2011_09_26_drive_0023_sync_image_0000000212_image_02.png,0-80m,55176,1.8606963938943921,186.0696393894392,10.32458010319639,89.15289256198346,2.3954626105713386,2.415170669555664,1216x352,1344x392
203,2011_09_26_drive_0023_sync_image_0000000215_image_03.png,0-10m,25280,0.7249152086769478,72.49152086769477,9.168004824057089,99.23259493670886,2.4051620551159254,2.415170669555664,1216x352,1344x392
203,2011_09_26_drive_0023_sync_image_0000000215_image_03.png,0-20m,46630,0.994277517155928,99.4277517155928,9.641265310463472,98.23075273429123,2.4051620551159254,2.415170669555664,1216x352,1344x392
203,2011_09_26_drive_0023_sync_image_0000000215_image_03.png,0-40m,59850,1.3213741362961313,132.13741362961312,9.495967008560335,96.81871345029239,2.4051620551159254,2.415170669555664,1216x352,1344x392
203,2011_09_26_drive_0023_sync_image_0000000215_image_03.png,0-80m,62741,1.7818948281407727,178.18948281407728,9.987810448590036,94.56973908608406,2.4051620551159254,2.415170669555664,1216x352,1344x392
204,2011_09_26_drive_0023_sync_image_0000000218_image_02.png,0-10m,24109,0.7473160333786507,74.73160333786507,9.440448721366737,98.54825998589737,2.387966748885502,2.415170669555664,1216x352,1344x392
204,2011_09_26_drive_0023_sync_image_0000000218_image_02.png,0-20m,42971,0.7969788707816513,79.69788707816512,7.918499564559266,98.74101137976776,2.387966748885502,2.415170669555664,1216x352,1344x392
204,2011_09_26_drive_0023_sync_image_0000000218_image_02.png,0-40m,51480,1.055016846673472,105.50168466734719,7.887119553127429,97.7952602952603,2.387966748885502,2.415170669555664,1216x352,1344x392
204,2011_09_26_drive_0023_sync_image_0000000218_image_02.png,0-80m,54300,1.5429462089942525,154.29462089942524,8.42073837987411,95.60220994475138,2.387966748885502,2.415170669555664,1216x352,1344x392
205,2011_09_26_drive_0023_sync_image_0000000221_image_03.png,0-10m,15867,0.7376982534646221,73.76982534646221,10.016070825209274,99.53992563181447,2.4017919289222185,2.415170669555664,1216x352,1344x392
205,2011_09_26_drive_0023_sync_image_0000000221_image_03.png,0-20m,35217,0.8694019084265553,86.94019084265553,8.43864930068818,99.4434506062413,2.4017919289222185,2.415170669555664,1216x352,1344x392
205,2011_09_26_drive_0023_sync_image_0000000221_image_03.png,0-40m,43703,1.3312679767892326,133.12679767892325,9.069961153632953,97.27936297279362,2.4017919289222185,2.415170669555664,1216x352,1344x392
205,2011_09_26_drive_0023_sync_image_0000000221_image_03.png,0-80m,46517,1.8814699061414013,188.14699061414012,9.650176787756955,94.30315798525271,2.4017919289222185,2.415170669555664,1216x352,1344x392
206,2011_09_26_drive_0023_sync_image_0000000224_image_02.png,0-10m,19999,0.8214813853938661,82.14813853938661,11.332982980416842,99.53497674883745,2.3994803685412336,2.415170669555664,1216x352,1344x392
206,2011_09_26_drive_0023_sync_image_0000000224_image_02.png,0-20m,45579,1.008639257896119,100.8639257896119,10.227920655221311,99.1969986177845,2.3994803685412336,2.415170669555664,1216x352,1344x392
206,2011_09_26_drive_0023_sync_image_0000000224_image_02.png,0-40m,56942,1.216339281301119,121.63392813011188,9.772516415387663,98.49847212953532,2.3994803685412336,2.415170669555664,1216x352,1344x392
206,2011_09_26_drive_0023_sync_image_0000000224_image_02.png,0-80m,60051,1.6844178799064178,168.44178799064179,10.221846242398481,95.86518126259345,2.3994803685412336,2.415170669555664,1216x352,1344x392
207,2011_09_26_drive_0023_sync_image_0000000227_image_03.png,0-10m,28156,1.0435337016046986,104.35337016046986,13.588452997579155,99.38911777241086,2.3863608974070996,2.415170669555664,1216x352,1344x392
207,2011_09_26_drive_0023_sync_image_0000000227_image_03.png,0-20m,46843,1.4334426798945805,143.34426798945805,13.272040617052234,93.19001771876268,2.3863608974070996,2.415170669555664,1216x352,1344x392
207,2011_09_26_drive_0023_sync_image_0000000227_image_03.png,0-40m,54981,1.5921573943893712,159.21573943893713,12.726500523089964,93.23220748986013,2.3863608974070996,2.415170669555664,1216x352,1344x392
207,2011_09_26_drive_0023_sync_image_0000000227_image_03.png,0-80m,58316,2.207003152491469,220.7003152491469,13.325234614802401,90.28568488922423,2.3863608974070996,2.415170669555664,1216x352,1344x392
208,2011_09_26_drive_0023_sync_image_0000000230_image_02.png,0-10m,27106,0.9673428302724925,96.73428302724925,12.984866368423209,87.60053124769424,2.3936959622418033,2.415170669555664,1216x352,1344x392
208,2011_09_26_drive_0023_sync_image_0000000230_image_02.png,0-20m,54078,1.148145193822453,114.8145193822453,11.235296629936162,88.36680350604682,2.3936959622418033,2.415170669555664,1216x352,1344x392
208,2011_09_26_drive_0023_sync_image_0000000230_image_02.png,0-40m,62449,1.3205853171698971,132.0585317169897,11.040313013244067,88.81967685631476,2.3936959622418033,2.415170669555664,1216x352,1344x392
208,2011_09_26_drive_0023_sync_image_0000000230_image_02.png,0-80m,67059,1.9785033503416234,197.85033503416233,11.686020968213409,85.92731773512877,2.3936959622418033,2.415170669555664,1216x352,1344x392
209,2011_09_26_drive_0023_sync_image_0000000233_image_03.png,0-10m,38180,0.9978048189077282,99.78048189077282,13.30421821159764,86.98533263488738,2.387347630508755,2.415170669555664,1216x352,1344x392
209,2011_09_26_drive_0023_sync_image_0000000233_image_03.png,0-20m,61186,1.236095919386339,123.6095919386339,12.718612572497493,85.4574575883372,2.387347630508755,2.415170669555664,1216x352,1344x392
209,2011_09_26_drive_0023_sync_image_0000000233_image_03.png,0-40m,68598,1.3601350265257024,136.01350265257025,12.327905737845409,85.75031342021633,2.387347630508755,2.415170669555664,1216x352,1344x392
209,2011_09_26_drive_0023_sync_image_0000000233_image_03.png,0-80m,72977,1.8560895835575584,185.60895835575585,12.645019045239122,84.49100401496362,2.387347630508755,2.415170669555664,1216x352,1344x392
210,2011_09_26_drive_0023_sync_image_0000000236_image_02.png,0-10m,26098,0.6811981015538281,68.11981015538281,10.312089325053417,98.58993026285539,2.395562460220898,2.415170669555664,1216x352,1344x392
210,2011_09_26_drive_0023_sync_image_0000000236_image_02.png,0-20m,45671,1.0775411849353822,107.75411849353821,10.686302732288214,92.5620196623678,2.395562460220898,2.415170669555664,1216x352,1344x392
210,2011_09_26_drive_0023_sync_image_0000000236_image_02.png,0-40m,51752,1.2261430224673533,122.61430224673533,10.356941263121941,92.63603339001392,2.395562460220898,2.415170669555664,1216x352,1344x392
210,2011_09_26_drive_0023_sync_image_0000000236_image_02.png,0-80m,56423,1.6010688122686672,160.1068812268667,10.328425169061042,92.22302961558229,2.395562460220898,2.415170669555664,1216x352,1344x392
211,2011_09_26_drive_0023_sync_image_0000000239_image_03.png,0-10m,21938,0.9416709494184302,94.16709494184302,12.76686116545213,96.56304129820403,2.329367972607069,2.415170669555664,1216x352,1344x392
211,2011_09_26_drive_0023_sync_image_0000000239_image_03.png,0-20m,46749,0.8850986741770245,88.50986741770245,9.252842000753677,96.641639393356,2.329367972607069,2.415170669555664,1216x352,1344x392
211,2011_09_26_drive_0023_sync_image_0000000239_image_03.png,0-40m,53364,1.0267405555430724,102.67405555430724,8.928623941621659,96.5819653699123,2.329367972607069,2.415170669555664,1216x352,1344x392
211,2011_09_26_drive_0023_sync_image_0000000239_image_03.png,0-80m,58223,1.4535377569450691,145.3537756945069,9.092364249055455,95.53784586847122,2.329367972607069,2.415170669555664,1216x352,1344x392
212,2011_09_26_drive_0023_sync_image_0000000242_image_02.png,0-10m,26037,0.883425367369778,88.34253673697779,10.996489935298486,99.88093866420863,2.324851500097796,2.415170669555664,1216x352,1344x392
212,2011_09_26_drive_0023_sync_image_0000000242_image_02.png,0-20m,54816,0.9794029337286044,97.94029337286044,9.484228647289958,97.23255983654407,2.324851500097796,2.415170669555664,1216x352,1344x392
212,2011_09_26_drive_0023_sync_image_0000000242_image_02.png,0-40m,61133,1.1751293911563476,117.51293911563477,9.449866413033204,96.5763172100175,2.324851500097796,2.415170669555664,1216x352,1344x392
212,2011_09_26_drive_0023_sync_image_0000000242_image_02.png,0-80m,66988,1.5496394819534807,154.96394819534805,9.478362414168618,95.8559742043351,2.324851500097796,2.415170669555664,1216x352,1344x392
213,2011_09_26_drive_0023_sync_image_0000000245_image_03.png,0-10m,28554,1.0224949482768626,102.24949482768626,13.379791414687087,94.04636828465364,2.3603214852409935,2.415170669555664,1216x352,1344x392
213,2011_09_26_drive_0023_sync_image_0000000245_image_03.png,0-20m,47794,1.2574682661433167,125.74682661433168,13.495656592875793,91.67887182491526,2.3603214852409935,2.415170669555664,1216x352,1344x392
213,2011_09_26_drive_0023_sync_image_0000000245_image_03.png,0-40m,54104,1.3733949591629466,137.33949591629465,12.805823061125604,91.90632855241758,2.3603214852409935,2.415170669555664,1216x352,1344x392
213,2011_09_26_drive_0023_sync_image_0000000245_image_03.png,0-80m,59871,1.7305219065075605,173.05219065075605,12.467985025778304,91.23949825458068,2.3603214852409935,2.415170669555664,1216x352,1344x392
214,2011_09_26_drive_0023_sync_image_0000000248_image_02.png,0-10m,28776,1.050331309632457,105.0331309632457,13.666743376947421,92.72310258548791,2.3358728163813027,2.415170669555664,1216x352,1344x392
214,2011_09_26_drive_0023_sync_image_0000000248_image_02.png,0-20m,42369,0.9739115566423918,97.39115566423918,11.342564409803785,94.75323939672874,2.3358728163813027,2.415170669555664,1216x352,1344x392
214,2011_09_26_drive_0023_sync_image_0000000248_image_02.png,0-40m,53518,1.2117239571975535,121.17239571975536,10.465137581279405,95.1063193691842,2.3358728163813027,2.415170669555664,1216x352,1344x392
214,2011_09_26_drive_0023_sync_image_0000000248_image_02.png,0-80m,58878,1.5781968502114132,157.8196850211413,10.375951676817744,94.37480892693367,2.3358728163813027,2.415170669555664,1216x352,1344x392
215,2011_09_26_drive_0023_sync_image_0000000251_image_03.png,0-10m,23530,1.1524368048626161,115.24368048626161,15.774621958532137,90.90947726306842,2.3570529859784917,2.415170669555664,1216x352,1344x392
215,2011_09_26_drive_0023_sync_image_0000000251_image_03.png,0-20m,37034,1.1757975268287986,117.57975268287986,13.189130420855143,93.84889560943998,2.3570529859784917,2.415170669555664,1216x352,1344x392
215,2011_09_26_drive_0023_sync_image_0000000251_image_03.png,0-40m,49585,1.3922629378887028,139.2262937888703,11.6208271786798,93.7581930019159,2.3570529859784917,2.415170669555664,1216x352,1344x392
215,2011_09_26_drive_0023_sync_image_0000000251_image_03.png,0-80m,54816,1.8179590408470083,181.79590408470082,11.511998778057366,92.52772913018097,2.3570529859784917,2.415170669555664,1216x352,1344x392
216,2011_09_26_drive_0023_sync_image_0000000254_image_02.png,0-10m,25137,0.7770493924202809,77.70493924202809,10.203275113403995,99.79711182718701,2.3601471221137693,2.415170669555664,1216x352,1344x392
216,2011_09_26_drive_0023_sync_image_0000000254_image_02.png,0-20m,42480,0.8419710420114173,84.19710420114173,8.643671229083617,99.49623352165725,2.3601471221137693,2.415170669555664,1216x352,1344x392
216,2011_09_26_drive_0023_sync_image_0000000254_image_02.png,0-40m,55189,1.0515465473687646,105.15465473687647,8.068593501167017,98.10107086557103,2.3601471221137693,2.415170669555664,1216x352,1344x392
216,2011_09_26_drive_0023_sync_image_0000000254_image_02.png,0-80m,59772,1.4364253506358589,143.64253506358588,8.285408568753015,96.9333467175266,2.3601471221137693,2.415170669555664,1216x352,1344x392
217,2011_09_26_drive_0023_sync_image_0000000257_image_03.png,0-10m,29893,0.8622282947513102,86.22282947513102,11.208465829766237,99.8561536145586,2.332077587228795,2.415170669555664,1216x352,1344x392
217,2011_09_26_drive_0023_sync_image_0000000257_image_03.png,0-20m,53719,0.8991374152311052,89.91374152311053,9.308176838052852,99.53089223552189,2.332077587228795,2.415170669555664,1216x352,1344x392
217,2011_09_26_drive_0023_sync_image_0000000257_image_03.png,0-40m,66013,1.0362877682587945,103.62877682587946,8.590241262561173,99.23802887310075,2.332077587228795,2.415170669555664,1216x352,1344x392
217,2011_09_26_drive_0023_sync_image_0000000257_image_03.png,0-80m,70139,1.266557630595694,126.65576305956941,8.628471457196992,98.72538815780094,2.332077587228795,2.415170669555664,1216x352,1344x392
218,2011_09_26_drive_0023_sync_image_0000000260_image_02.png,0-10m,32672,0.8677319952749248,86.77319952749248,11.216333422923281,99.75208129285015,2.3554912034998465,2.415170669555664,1216x352,1344x392
218,2011_09_26_drive_0023_sync_image_0000000260_image_02.png,0-20m,58484,0.8465876611653239,84.65876611653239,9.021109272424246,99.2750153888243,2.3554912034998465,2.415170669555664,1216x352,1344x392
218,2011_09_26_drive_0023_sync_image_0000000260_image_02.png,0-40m,72755,1.0367656528380358,103.67656528380358,8.480195833229052,98.73135866950726,2.3554912034998465,2.415170669555664,1216x352,1344x392
218,2011_09_26_drive_0023_sync_image_0000000260_image_02.png,0-80m,76471,1.2363759545461432,123.63759545461433,8.535909058753253,98.37193184344392,2.3554912034998465,2.415170669555664,1216x352,1344x392
219,2011_09_26_drive_0023_sync_image_0000000263_image_03.png,0-10m,32418,0.863388594284307,86.33885942843071,10.952852403886524,99.63600468875316,2.355144483472357,2.415170669555664,1216x352,1344x392
219,2011_09_26_drive_0023_sync_image_0000000263_image_03.png,0-20m,55077,0.7864011375659548,78.64011375659547,8.626652955487685,99.3608947473537,2.355144483472357,2.415170669555664,1216x352,1344x392
219,2011_09_26_drive_0023_sync_image_0000000263_image_03.png,0-40m,70043,0.90934491743341,90.934491743341,7.831158007562846,99.03773396342247,2.355144483472357,2.415170669555664,1216x352,1344x392
219,2011_09_26_drive_0023_sync_image_0000000263_image_03.png,0-80m,73263,1.1294117166530542,112.94117166530542,7.967800946352923,98.30200783478699,2.355144483472357,2.415170669555664,1216x352,1344x392
220,2011_09_26_drive_0023_sync_image_0000000266_image_02.png,0-10m,34660,0.8549194319772363,85.49194319772363,11.248055863597495,98.38430467397576,2.353487185529367,2.415170669555664,1216x352,1344x392
220,2011_09_26_drive_0023_sync_image_0000000266_image_02.png,0-20m,57194,0.8404497630105017,84.04497630105017,9.192654894265015,98.60824562016994,2.353487185529367,2.415170669555664,1216x352,1344x392
220,2011_09_26_drive_0023_sync_image_0000000266_image_02.png,0-40m,72324,0.9788183390642583,97.88183390642583,8.41802113912176,98.48183175709309,2.353487185529367,2.415170669555664,1216x352,1344x392
220,2011_09_26_drive_0023_sync_image_0000000266_image_02.png,0-80m,75783,1.1788921574695694,117.88921574695695,8.480381979512575,98.08796168006018,2.353487185529367,2.415170669555664,1216x352,1344x392
221,2011_09_26_drive_0023_sync_image_0000000269_image_03.png,0-10m,24252,0.7558293948369355,75.58293948369355,10.07271628650089,98.38363846280718,2.3529893436555214,2.415170669555664,1216x352,1344x392
221,2011_09_26_drive_0023_sync_image_0000000269_image_03.png,0-20m,46850,0.9263393410343752,92.63393410343753,8.70420248787743,98.32017075773746,2.3529893436555214,2.415170669555664,1216x352,1344x392
221,2011_09_26_drive_0023_sync_image_0000000269_image_03.png,0-40m,58251,1.0966018885678483,109.66018885678483,8.264594931033692,98.07556951811986,2.3529893436555214,2.415170669555664,1216x352,1344x392
221,2011_09_26_drive_0023_sync_image_0000000269_image_03.png,0-80m,61210,1.392237246844761,139.2237246844761,8.485850097361007,97.24064695311225,2.3529893436555214,2.415170669555664,1216x352,1344x392
222,2011_09_26_drive_0023_sync_image_0000000272_image_02.png,0-10m,12227,0.6315615196458899,63.15615196458899,8.749430035585144,99.68103377770507,2.361770865259226,2.415170669555664,1216x352,1344x392
222,2011_09_26_drive_0023_sync_image_0000000272_image_02.png,0-20m,38550,1.0894605726768998,108.94605726768998,8.747512724434356,99.17250324254215,2.361770865259226,2.415170669555664,1216x352,1344x392
222,2011_09_26_drive_0023_sync_image_0000000272_image_02.png,0-40m,48949,1.3275968166008338,132.75968166008337,8.581722916916107,98.37790353224784,2.361770865259226,2.415170669555664,1216x352,1344x392
222,2011_09_26_drive_0023_sync_image_0000000272_image_02.png,0-80m,52205,1.8086991454801185,180.86991454801185,9.052881892652344,96.27430322766018,2.361770865259226,2.415170669555664,1216x352,1344x392
223,2011_09_26_drive_0023_sync_image_0000000275_image_03.png,0-10m,11423,0.8485857038440319,84.85857038440318,10.529401909436624,99.7461262365403,2.36736147142931,2.415170669555664,1216x352,1344x392
223,2011_09_26_drive_0023_sync_image_0000000275_image_03.png,0-20m,36947,1.082292747358174,108.2292747358174,9.37905438111215,99.53176171272364,2.36736147142931,2.415170669555664,1216x352,1344x392
223,2011_09_26_drive_0023_sync_image_0000000275_image_03.png,0-40m,48058,1.4503167824449696,145.03167824449696,9.55881177545142,97.81722085812976,2.36736147142931,2.415170669555664,1216x352,1344x392
223,2011_09_26_drive_0023_sync_image_0000000275_image_03.png,0-80m,51478,1.8766903089353397,187.66903089353397,9.83734404902722,96.26636621469366,2.36736147142931,2.415170669555664,1216x352,1344x392
224,2011_09_26_drive_0023_sync_image_0000000278_image_02.png,0-10m,13198,0.7323633160152513,73.23633160152512,9.022975420998277,99.8257311713896,2.358883898724837,2.415170669555664,1216x352,1344x392
224,2011_09_26_drive_0023_sync_image_0000000278_image_02.png,0-20m,34212,0.9424064722198304,94.24064722198304,8.433995972167269,98.86297205658833,2.358883898724837,2.415170669555664,1216x352,1344x392
224,2011_09_26_drive_0023_sync_image_0000000278_image_02.png,0-40m,46346,1.303938799052987,130.3938799052987,8.620552069167642,97.70638242782549,2.358883898724837,2.415170669555664,1216x352,1344x392
224,2011_09_26_drive_0023_sync_image_0000000278_image_02.png,0-80m,49447,1.816673163917136,181.6673163917136,9.135669410047589,95.36271159018747,2.358883898724837,2.415170669555664,1216x352,1344x392
225,2011_09_26_drive_0023_sync_image_0000000281_image_03.png,0-10m,19587,0.6743736925367108,67.43736925367108,8.848368821927727,99.52008985551642,2.3404848408946908,2.415170669555664,1216x352,1344x392
225,2011_09_26_drive_0023_sync_image_0000000281_image_03.png,0-20m,38928,0.919475222841683,91.9475222841683,8.319425357732271,98.44584874640361,2.3404848408946908,2.415170669555664,1216x352,1344x392
225,2011_09_26_drive_0023_sync_image_0000000281_image_03.png,0-40m,48348,1.1949476405252069,119.49476405252068,8.377413669069846,97.74344336890874,2.3404848408946908,2.415170669555664,1216x352,1344x392
225,2011_09_26_drive_0023_sync_image_0000000281_image_03.png,0-80m,50958,1.6317950595075077,163.17950595075078,8.804430668286477,95.87307194159897,2.3404848408946908,2.415170669555664,1216x352,1344x392
226,2011_09_26_drive_0023_sync_image_0000000284_image_02.png,0-10m,17712,0.7178019220051511,71.78019220051512,9.540130798840432,99.59914182475158,2.3440332983735432,2.415170669555664,1216x352,1344x392
226,2011_09_26_drive_0023_sync_image_0000000284_image_02.png,0-20m,37520,1.025067446798658,102.5067446798658,9.225381790319883,96.34328358208955,2.3440332983735432,2.415170669555664,1216x352,1344x392
226,2011_09_26_drive_0023_sync_image_0000000284_image_02.png,0-40m,47123,1.388460010805582,138.8460010805582,9.283623279512726,94.95999830231521,2.3440332983735432,2.415170669555664,1216x352,1344x392
226,2011_09_26_drive_0023_sync_image_0000000284_image_02.png,0-80m,50188,1.9330595520052518,193.30595520052518,9.767507447943457,92.59384713477326,2.3440332983735432,2.415170669555664,1216x352,1344x392
227,2011_09_26_drive_0023_sync_image_0000000287_image_03.png,0-10m,12641,1.015077916987947,101.50779169879469,13.607420785681656,95.0241278379875,2.3568024507903105,2.415170669555664,1216x352,1344x392
227,2011_09_26_drive_0023_sync_image_0000000287_image_03.png,0-20m,39582,1.1895593379230642,118.95593379230642,11.214777557073607,95.64953766863727,2.3568024507903105,2.415170669555664,1216x352,1344x392
227,2011_09_26_drive_0023_sync_image_0000000287_image_03.png,0-40m,50471,1.5574323458993833,155.74323458993834,11.09884678635803,94.11345128885895,2.3568024507903105,2.415170669555664,1216x352,1344x392
227,2011_09_26_drive_0023_sync_image_0000000287_image_03.png,0-80m,53623,2.1228059890689375,212.28059890689374,11.548470425289839,91.65283553698973,2.3568024507903105,2.415170669555664,1216x352,1344x392
228,2011_09_26_drive_0023_sync_image_0000000290_image_02.png,0-10m,30727,1.1305722047447184,113.05722047447185,13.748010822542897,98.90975363686661,2.333778929429924,2.415170669555664,1216x352,1344x392
228,2011_09_26_drive_0023_sync_image_0000000290_image_02.png,0-20m,53573,1.1459232213536192,114.59232213536193,11.445315537102974,98.33498217385623,2.333778929429924,2.415170669555664,1216x352,1344x392
228,2011_09_26_drive_0023_sync_image_0000000290_image_02.png,0-40m,64185,1.461637965513091,146.1637965513091,11.429366101922838,96.86686920620082,2.333778929429924,2.415170669555664,1216x352,1344x392
228,2011_09_26_drive_0023_sync_image_0000000290_image_02.png,0-80m,67922,1.974118383970261,197.4118383970261,11.822020376011041,94.69244132976061,2.333778929429924,2.415170669555664,1216x352,1344x392
229,2011_09_26_drive_0023_sync_image_0000000293_image_03.png,0-10m,24078,0.8709660250341112,87.09660250341112,11.189782991786021,99.60129578868677,2.2807690570520207,2.415170669555664,1216x352,1344x392
229,2011_09_26_drive_0023_sync_image_0000000293_image_03.png,0-20m,46437,0.991376681925137,99.1376681925137,9.513802182146817,98.92111893533175,2.2807690570520207,2.415170669555664,1216x352,1344x392
229,2011_09_26_drive_0023_sync_image_0000000293_image_03.png,0-40m,54506,1.3549015220710257,135.49015220710257,9.994591903583823,97.4938538876454,2.2807690570520207,2.415170669555664,1216x352,1344x392
229,2011_09_26_drive_0023_sync_image_0000000293_image_03.png,0-80m,58375,2.0235120497137884,202.35120497137885,10.668900586035253,94.42055674518201,2.2807690570520207,2.415170669555664,1216x352,1344x392
230,2011_09_26_drive_0023_sync_image_0000000296_image_02.png,0-10m,20693,0.6301791901713566,63.01791901713566,8.192675133270871,99.42492630358092,2.302782774881257,2.415170669555664,1216x352,1344x392
230,2011_09_26_drive_0023_sync_image_0000000296_image_02.png,0-20m,42134,0.9881655725013855,98.81655725013854,8.536322713370977,93.91702662932548,2.302782774881257,2.415170669555664,1216x352,1344x392
230,2011_09_26_drive_0023_sync_image_0000000296_image_02.png,0-40m,50460,1.4567305683569922,145.6730568356992,9.612833326594771,91.56559651208879,2.302782774881257,2.415170669555664,1216x352,1344x392
230,2011_09_26_drive_0023_sync_image_0000000296_image_02.png,0-80m,54663,2.080410951771014,208.0410951771014,10.22076888448811,89.6529645281086,2.302782774881257,2.415170669555664,1216x352,1344x392
231,2011_09_26_drive_0023_sync_image_0000000299_image_03.png,0-10m,17627,0.7308627817495105,73.08627817495105,9.394879831462397,99.60288194247461,2.3106241342360505,2.415170669555664,1216x352,1344x392
231,2011_09_26_drive_0023_sync_image_0000000299_image_03.png,0-20m,38179,1.326732697520974,132.67326975209738,11.222653588743592,92.1815657822363,2.3106241342360505,2.415170669555664,1216x352,1344x392
231,2011_09_26_drive_0023_sync_image_0000000299_image_03.png,0-40m,45007,1.706387832253919,170.6387832253919,11.779888372847653,90.5259181905037,2.3106241342360505,2.415170669555664,1216x352,1344x392
231,2011_09_26_drive_0023_sync_image_0000000299_image_03.png,0-80m,48778,2.188889091982359,218.88890919823592,12.040190772409682,89.37635819426791,2.3106241342360505,2.415170669555664,1216x352,1344x392
232,2011_09_26_drive_0023_sync_image_0000000302_image_02.png,0-10m,18822,0.7315612217531537,73.15612217531537,9.341728308713067,99.26681542875359,2.31337270547529,2.415170669555664,1216x352,1344x392
232,2011_09_26_drive_0023_sync_image_0000000302_image_02.png,0-20m,36683,1.358896829691779,135.8896829691779,11.70138458561155,93.93452007742006,2.31337270547529,2.415170669555664,1216x352,1344x392
232,2011_09_26_drive_0023_sync_image_0000000302_image_02.png,0-40m,44795,1.6516058358700099,165.16058358700099,11.577172655727834,93.7984150016743,2.31337270547529,2.415170669555664,1216x352,1344x392
232,2011_09_26_drive_0023_sync_image_0000000302_image_02.png,0-80m,49593,2.2300004961894797,223.00004961894797,11.892212739982828,92.5997620631944,2.31337270547529,2.415170669555664,1216x352,1344x392
233,2011_09_26_drive_0023_sync_image_0000000305_image_03.png,0-10m,18895,0.7886280346118637,78.86280346118637,10.246278927399262,99.3278645144218,2.3097840836635877,2.415170669555664,1216x352,1344x392
233,2011_09_26_drive_0023_sync_image_0000000305_image_03.png,0-20m,38695,1.2685507454633682,126.85507454633682,11.404113445394263,96.16746349657579,2.3097840836635877,2.415170669555664,1216x352,1344x392
233,2011_09_26_drive_0023_sync_image_0000000305_image_03.png,0-40m,45817,1.6205332656786833,162.05332656786834,11.585788033270882,94.3339808368073,2.3097840836635877,2.415170669555664,1216x352,1344x392
233,2011_09_26_drive_0023_sync_image_0000000305_image_03.png,0-80m,50828,2.1365162521574925,213.65162521574925,11.778279915732593,93.41307940505233,2.3097840836635877,2.415170669555664,1216x352,1344x392
234,2011_09_26_drive_0023_sync_image_0000000308_image_02.png,0-10m,22243,0.8448628240612853,84.48628240612854,10.637146278694724,97.92743784561435,2.32408209210436,2.415170669555664,1216x352,1344x392
234,2011_09_26_drive_0023_sync_image_0000000308_image_02.png,0-20m,40704,1.1276456270214614,112.76456270214614,10.892683001272601,93.75,2.32408209210436,2.415170669555664,1216x352,1344x392
234,2011_09_26_drive_0023_sync_image_0000000308_image_02.png,0-40m,48351,1.2493067693888829,124.93067693888828,10.17704229288313,93.83466732849372,2.32408209210436,2.415170669555664,1216x352,1344x392
234,2011_09_26_drive_0023_sync_image_0000000308_image_02.png,0-80m,54078,1.528066405720416,152.8066405720416,9.900862082005442,93.86071970117239,2.32408209210436,2.415170669555664,1216x352,1344x392
235,2011_09_26_drive_0023_sync_image_0000000311_image_03.png,0-10m,21477,0.8550606708306365,85.50606708306366,11.146746154938281,96.5311728826186,2.326545559091492,2.415170669555664,1216x352,1344x392
235,2011_09_26_drive_0023_sync_image_0000000311_image_03.png,0-20m,44826,0.8277691127316453,82.77691127316453,8.451151608735408,97.2895194753045,2.326545559091492,2.415170669555664,1216x352,1344x392
235,2011_09_26_drive_0023_sync_image_0000000311_image_03.png,0-40m,54290,1.1388765043526377,113.88765043526377,8.39941532366669,96.69184011788543,2.326545559091492,2.415170669555664,1216x352,1344x392
235,2011_09_26_drive_0023_sync_image_0000000311_image_03.png,0-80m,58570,1.4660294266106917,146.60294266106916,8.596515760824227,95.40891241249787,2.326545559091492,2.415170669555664,1216x352,1344x392
236,2011_09_26_drive_0023_sync_image_0000000314_image_02.png,0-10m,26596,0.6461283305584533,64.61283305584533,8.253760725517079,99.77816212964356,2.3208334020042276,2.415170669555664,1216x352,1344x392
236,2011_09_26_drive_0023_sync_image_0000000314_image_02.png,0-20m,52364,0.7295404349170388,72.95404349170389,7.1880470691801355,99.46528149110075,2.3208334020042276,2.415170669555664,1216x352,1344x392
236,2011_09_26_drive_0023_sync_image_0000000314_image_02.png,0-40m,63995,1.0457174677207643,104.57174677207644,7.369829142744005,98.30455504336277,2.3208334020042276,2.415170669555664,1216x352,1344x392
236,2011_09_26_drive_0023_sync_image_0000000314_image_02.png,0-80m,68580,1.36021703762228,136.021703762228,7.583563381057394,97.45261009040537,2.3208334020042276,2.415170669555664,1216x352,1344x392
237,2011_09_26_drive_0023_sync_image_0000000317_image_03.png,0-10m,28781,0.9202670905891673,92.02670905891674,11.940856177388621,96.7930231750113,2.3107351903517053,2.415170669555664,1216x352,1344x392
237,2011_09_26_drive_0023_sync_image_0000000317_image_03.png,0-20m,47961,0.9842324766632823,98.42324766632822,10.346236722200617,97.85242175934613,2.3107351903517053,2.415170669555664,1216x352,1344x392
237,2011_09_26_drive_0023_sync_image_0000000317_image_03.png,0-40m,61776,1.3885278643582406,138.85278643582407,10.191920682795265,96.60547785547784,2.3107351903517053,2.415170669555664,1216x352,1344x392
237,2011_09_26_drive_0023_sync_image_0000000317_image_03.png,0-80m,66040,1.672476760969965,167.24767609699649,10.216031528295568,95.96002422774076,2.3107351903517053,2.415170669555664,1216x352,1344x392
238,2011_09_26_drive_0023_sync_image_0000000320_image_02.png,0-10m,19485,1.0664869168124689,106.64869168124689,14.502422462467598,95.1501154734411,2.3048043878061324,2.415170669555664,1216x352,1344x392
238,2011_09_26_drive_0023_sync_image_0000000320_image_02.png,0-20m,42241,1.1679048337329305,116.79048337329306,11.901135036285995,97.21834236878861,2.3048043878061324,2.415170669555664,1216x352,1344x392
238,2011_09_26_drive_0023_sync_image_0000000320_image_02.png,0-40m,57180,1.5075545289000252,150.75545289000252,11.116969368908405,96.04232249038125,2.3048043878061324,2.415170669555664,1216x352,1344x392
238,2011_09_26_drive_0023_sync_image_0000000320_image_02.png,0-80m,60624,1.7571462662160537,175.71462662160536,11.0639834466214,95.5578648719979,2.3048043878061324,2.415170669555664,1216x352,1344x392
239,2011_09_26_drive_0023_sync_image_0000000323_image_03.png,0-10m,21182,1.0614145001432238,106.14145001432237,13.727708224625532,99.23047870833727,2.299477512736419,2.415170669555664,1216x352,1344x392
239,2011_09_26_drive_0023_sync_image_0000000323_image_03.png,0-20m,43158,1.1477361133208095,114.77361133208095,11.50777075186838,99.2098799759025,2.299477512736419,2.415170669555664,1216x352,1344x392
239,2011_09_26_drive_0023_sync_image_0000000323_image_03.png,0-40m,56255,1.4469826485207744,144.69826485207744,10.924105898225104,97.81352768642788,2.299477512736419,2.415170669555664,1216x352,1344x392
239,2011_09_26_drive_0023_sync_image_0000000323_image_03.png,0-80m,58186,1.6585809146657673,165.85809146657672,11.010201907273252,97.27425841267659,2.299477512736419,2.415170669555664,1216x352,1344x392
240,2011_09_26_drive_0023_sync_image_0000000326_image_02.png,0-10m,34472,1.0424175657648365,104.24175657648365,13.33581012618068,98.81643072638663,2.3296642674872037,2.415170669555664,1216x352,1344x392
240,2011_09_26_drive_0023_sync_image_0000000326_image_02.png,0-20m,57052,1.2063651010263503,120.63651010263503,12.273353310903014,98.81161046063241,2.3296642674872037,2.415170669555664,1216x352,1344x392
240,2011_09_26_drive_0023_sync_image_0000000326_image_02.png,0-40m,70499,1.3836260390661461,138.36260390661462,11.410227477159852,98.66097391452361,2.3296642674872037,2.415170669555664,1216x352,1344x392
240,2011_09_26_drive_0023_sync_image_0000000326_image_02.png,0-80m,72828,1.5938742745156382,159.38742745156384,11.496455595447255,98.20536057560278,2.3296642674872037,2.415170669555664,1216x352,1344x392
241,2011_09_26_drive_0023_sync_image_0000000329_image_03.png,0-10m,23251,1.1727468412177064,117.27468412177065,15.67226169129741,89.84989892907832,2.3546575834127665,2.415170669555664,1216x352,1344x392
241,2011_09_26_drive_0023_sync_image_0000000329_image_03.png,0-20m,44151,1.2486580842667367,124.86580842667368,13.223237589851921,94.27646032932437,2.3546575834127665,2.415170669555664,1216x352,1344x392
241,2011_09_26_drive_0023_sync_image_0000000329_image_03.png,0-40m,57939,1.3653337132023606,136.53337132023606,11.689517496646914,95.0430625312829,2.3546575834127665,2.415170669555664,1216x352,1344x392
241,2011_09_26_drive_0023_sync_image_0000000329_image_03.png,0-80m,60386,1.6007707379966876,160.07707379966877,11.746346980717137,94.61133375285662,2.3546575834127665,2.415170669555664,1216x352,1344x392
242,2011_09_26_drive_0023_sync_image_0000000332_image_02.png,0-10m,24890,1.1771511377125392,117.71511377125393,14.917582761639517,99.07593411008438,2.3460003274093704,2.415170669555664,1216x352,1344x392
242,2011_09_26_drive_0023_sync_image_0000000332_image_02.png,0-20m,48102,1.2087958661301816,120.87958661301816,12.033795479846157,99.10398736019292,2.3460003274093704,2.415170669555664,1216x352,1344x392
242,2011_09_26_drive_0023_sync_image_0000000332_image_02.png,0-40m,59288,1.3795058426949003,137.95058426949004,11.213787719976262,98.56126028875995,2.3460003274093704,2.415170669555664,1216x352,1344x392
242,2011_09_26_drive_0023_sync_image_0000000332_image_02.png,0-80m,61879,1.6031202356725063,160.31202356725063,11.248644666493847,98.06234748460706,2.3460003274093704,2.415170669555664,1216x352,1344x392
243,2011_09_26_drive_0023_sync_image_0000000335_image_03.png,0-10m,21537,1.052428127469838,105.24281274698379,13.788251641743704,99.6285462227794,2.384093139896611,2.415170669555664,1216x352,1344x392
243,2011_09_26_drive_0023_sync_image_0000000335_image_03.png,0-20m,45972,1.0715503962411486,107.15503962411486,10.278505191294386,99.59758113634386,2.384093139896611,2.415170669555664,1216x352,1344x392
243,2011_09_26_drive_0023_sync_image_0000000335_image_03.png,0-40m,55078,1.3387339819342947,133.87339819342947,10.191418004288305,98.05730055557574,2.384093139896611,2.415170669555664,1216x352,1344x392
243,2011_09_26_drive_0023_sync_image_0000000335_image_03.png,0-80m,56935,1.5576326330959969,155.7632633095997,10.31024631406788,97.42689031351541,2.384093139896611,2.415170669555664,1216x352,1344x392
244,2011_09_26_drive_0023_sync_image_0000000338_image_02.png,0-10m,12068,1.2768436397666918,127.68436397666918,16.705614287111178,92.51740139211137,2.376066735097426,2.415170669555664,1216x352,1344x392
244,2011_09_26_drive_0023_sync_image_0000000338_image_02.png,0-20m,51683,1.2301507095889894,123.01507095889895,10.948322042037049,97.74780875723158,2.376066735097426,2.415170669555664,1216x352,1344x392
244,2011_09_26_drive_0023_sync_image_0000000338_image_02.png,0-40m,61083,1.3938419339449297,139.38419339449297,10.576757408374954,97.06792397229998,2.376066735097426,2.415170669555664,1216x352,1344x392
244,2011_09_26_drive_0023_sync_image_0000000338_image_02.png,0-80m,63130,1.639731285225735,163.97312852257352,10.743442987188006,96.2236654522414,2.376066735097426,2.415170669555664,1216x352,1344x392
245,2011_09_26_drive_0023_sync_image_0000000341_image_03.png,0-10m,34465,1.1200159439514152,112.00159439514152,14.004541547886785,98.36936022051357,2.3985946154083555,2.415170669555664,1216x352,1344x392
245,2011_09_26_drive_0023_sync_image_0000000341_image_03.png,0-20m,62510,1.2068127745419497,120.68127745419497,12.432902402875044,98.19708846584547,2.3985946154083555,2.415170669555664,1216x352,1344x392
245,2011_09_26_drive_0023_sync_image_0000000341_image_03.png,0-40m,72181,1.328808262488192,132.8808262488192,11.82880363523199,98.06874385226028,2.3985946154083555,2.415170669555664,1216x352,1344x392
245,2011_09_26_drive_0023_sync_image_0000000341_image_03.png,0-80m,74391,1.6142157073321621,161.4215707332162,12.059553243746233,96.98081757201813,2.3985946154083555,2.415170669555664,1216x352,1344x392
246,2011_09_26_drive_0023_sync_image_0000000344_image_02.png,0-10m,36232,0.9321689040067576,93.21689040067575,12.013095191254287,99.56668138661956,2.3705018542265335,2.415170669555664,1216x352,1344x392
246,2011_09_26_drive_0023_sync_image_0000000344_image_02.png,0-20m,55645,1.0721364419515353,107.21364419515353,11.394281646737557,98.63419893970708,2.3705018542265335,2.415170669555664,1216x352,1344x392
246,2011_09_26_drive_0023_sync_image_0000000344_image_02.png,0-40m,62318,1.232361600053085,123.2361600053085,11.182875114151617,98.41618793927918,2.3705018542265335,2.415170669555664,1216x352,1344x392
246,2011_09_26_drive_0023_sync_image_0000000344_image_02.png,0-80m,65017,1.5041773688843236,150.41773688843236,11.314937953960817,97.25917836873434,2.3705018542265335,2.415170669555664,1216x352,1344x392
247,2011_09_26_drive_0023_sync_image_0000000347_image_03.png,0-10m,31849,0.8782913416625004,87.82913416625004,13.047724514112044,98.95130145373481,2.3869168314870586,2.415170669555664,1216x352,1344x392
247,2011_09_26_drive_0023_sync_image_0000000347_image_03.png,0-20m,43028,0.9454926620288178,94.54926620288178,11.811400706457677,98.82866970344891,2.3869168314870586,2.415170669555664,1216x352,1344x392
247,2011_09_26_drive_0023_sync_image_0000000347_image_03.png,0-40m,50807,1.0841731963860703,108.41731963860704,11.08138094401489,98.70096640226741,2.3869168314870586,2.415170669555664,1216x352,1344x392
247,2011_09_26_drive_0023_sync_image_0000000347_image_03.png,0-80m,53464,1.3343436405024771,133.43436405024772,11.107428032412447,97.570327697142,2.3869168314870586,2.415170669555664,1216x352,1344x392
248,2011_09_26_drive_0023_sync_image_0000000350_image_02.png,0-10m,27250,0.6374134177636662,63.741341776366625,10.1427204118287,95.27339449541284,2.3257804390207304,2.415170669555664,1216x352,1344x392
248,2011_09_26_drive_0023_sync_image_0000000350_image_02.png,0-20m,44630,0.6868278458544205,68.68278458544205,8.298587442635233,96.76898946896706,2.3257804390207304,2.415170669555664,1216x352,1344x392
248,2011_09_26_drive_0023_sync_image_0000000350_image_02.png,0-40m,53656,0.8490657957474308,84.90657957474308,7.908920503723234,96.91926345609065,2.3257804390207304,2.415170669555664,1216x352,1344x392
248,2011_09_26_drive_0023_sync_image_0000000350_image_02.png,0-80m,56289,1.0526331529985131,105.26331529985131,8.012170537403819,96.16621364742667,2.3257804390207304,2.415170669555664,1216x352,1344x392
249,2011_09_26_drive_0023_sync_image_0000000353_image_03.png,0-10m,19568,0.8040190343840241,80.40190343840241,11.401211292893905,99.19766966475879,2.2641482092897527,2.415170669555664,1216x352,1344x392
249,2011_09_26_drive_0023_sync_image_0000000353_image_03.png,0-20m,42270,0.9624163420622812,96.24163420622813,9.344546998250019,99.14360066240833,2.2641482092897527,2.415170669555664,1216x352,1344x392
249,2011_09_26_drive_0023_sync_image_0000000353_image_03.png,0-40m,50448,1.3768275116233268,137.6827511623327,9.891896823504311,95.84919124643197,2.2641482092897527,2.415170669555664,1216x352,1344x392
249,2011_09_26_drive_0023_sync_image_0000000353_image_03.png,0-80m,51959,1.571523017610188,157.1523017610188,10.037673761286275,95.05764160203238,2.2641482092897527,2.415170669555664,1216x352,1344x392
250,2011_09_26_drive_0023_sync_image_0000000356_image_02.png,0-10m,19765,0.8210877051451162,82.10877051451162,10.938541425011179,99.62054136099165,2.311394806688427,2.415170669555664,1216x352,1344x392
250,2011_09_26_drive_0023_sync_image_0000000356_image_02.png,0-20m,46772,0.943511623159952,94.3511623159952,8.810757679077676,99.06568032155991,2.311394806688427,2.415170669555664,1216x352,1344x392
250,2011_09_26_drive_0023_sync_image_0000000356_image_02.png,0-40m,54602,1.329219131953358,132.9219131953358,9.39896351809588,96.95615545218124,2.311394806688427,2.415170669555664,1216x352,1344x392
250,2011_09_26_drive_0023_sync_image_0000000356_image_02.png,0-80m,56140,1.4776557958079353,147.7655795807935,9.488897996436103,96.36266476665479,2.311394806688427,2.415170669555664,1216x352,1344x392
251,2011_09_26_drive_0023_sync_image_0000000359_image_03.png,0-10m,18732,0.8630865414810058,86.30865414810059,10.904279847645595,99.48750800768738,2.2020538555300604,2.415170669555664,1216x352,1344x392
251,2011_09_26_drive_0023_sync_image_0000000359_image_03.png,0-20m,51038,0.9785308749367719,97.8530874936772,9.008687081055127,98.42666248677456,2.2020538555300604,2.415170669555664,1216x352,1344x392
251,2011_09_26_drive_0023_sync_image_0000000359_image_03.png,0-40m,58508,1.1809934428974211,118.09934428974212,9.037287761318568,96.86196759417516,2.2020538555300604,2.415170669555664,1216x352,1344x392
251,2011_09_26_drive_0023_sync_image_0000000359_image_03.png,0-80m,60103,1.2935455851734727,129.35455851734727,9.069606385940755,96.55757616092376,2.2020538555300604,2.415170669555664,1216x352,1344x392
252,2011_09_26_drive_0023_sync_image_0000000362_image_02.png,0-10m,36359,0.6462578184648776,64.62578184648777,8.17845493840384,99.54619213949779,2.2288990130839923,2.415170669555664,1216x352,1344x392
252,2011_09_26_drive_0023_sync_image_0000000362_image_02.png,0-20m,57181,0.8705012130307008,87.05012130307009,8.64532388708704,97.91189381088124,2.2288990130839923,2.415170669555664,1216x352,1344x392
252,2011_09_26_drive_0023_sync_image_0000000362_image_02.png,0-40m,64338,1.0250845604315815,102.50845604315815,8.61390478015229,97.24734993316547,2.2288990130839923,2.415170669555664,1216x352,1344x392
252,2011_09_26_drive_0023_sync_image_0000000362_image_02.png,0-80m,66191,1.1488919203367598,114.88919203367598,8.659192614129262,96.95880104545935,2.2288990130839923,2.415170669555664,1216x352,1344x392
253,2011_09_26_drive_0023_sync_image_0000000365_image_03.png,0-10m,33836,0.5330749214618591,53.30749214618591,7.133328787239879,99.84631753162311,2.268128641833657,2.415170669555664,1216x352,1344x392
253,2011_09_26_drive_0023_sync_image_0000000365_image_03.png,0-20m,46357,0.6528073840344243,65.28073840344243,7.151319631909124,98.95377181439696,2.268128641833657,2.415170669555664,1216x352,1344x392
253,2011_09_26_drive_0023_sync_image_0000000365_image_03.png,0-40m,53694,0.7464929223526842,74.64929223526842,6.839167097518777,98.88069430476403,2.268128641833657,2.415170669555664,1216x352,1344x392
253,2011_09_26_drive_0023_sync_image_0000000365_image_03.png,0-80m,55735,0.975763485469529,97.5763485469529,7.074716433044727,98.29550551717952,2.268128641833657,2.415170669555664,1216x352,1344x392
254,2011_09_26_drive_0023_sync_image_0000000368_image_02.png,0-10m,22925,0.5718690336699574,57.18690336699574,8.325381878274605,99.886586695747,2.3234589425385948,2.415170669555664,1216x352,1344x392
254,2011_09_26_drive_0023_sync_image_0000000368_image_02.png,0-20m,37512,0.7135010537663409,71.35010537663409,7.864620718086829,98.9869908296012,2.3234589425385948,2.415170669555664,1216x352,1344x392
254,2011_09_26_drive_0023_sync_image_0000000368_image_02.png,0-40m,47101,0.8577270232599274,85.77270232599274,7.37434842187477,98.90660495530881,2.3234589425385948,2.415170669555664,1216x352,1344x392
254,2011_09_26_drive_0023_sync_image_0000000368_image_02.png,0-80m,49972,1.1992524886192355,119.92524886192355,7.721615274990297,98.0308973024894,2.3234589425385948,2.415170669555664,1216x352,1344x392
255,2011_09_26_drive_0023_sync_image_0000000371_image_03.png,0-10m,17527,0.5700928647022875,57.00928647022875,8.726002361045927,99.92012323843214,2.369575035666257,2.415170669555664,1216x352,1344x392
255,2011_09_26_drive_0023_sync_image_0000000371_image_03.png,0-20m,32507,0.6977247766879717,69.77247766879717,7.678914328218816,99.68929768972836,2.369575035666257,2.415170669555664,1216x352,1344x392
255,2011_09_26_drive_0023_sync_image_0000000371_image_03.png,0-40m,39605,0.873972195535127,87.3972195535127,7.480981945620092,99.02032571644995,2.369575035666257,2.415170669555664,1216x352,1344x392
255,2011_09_26_drive_0023_sync_image_0000000371_image_03.png,0-80m,42288,1.2183569861414574,121.83569861414574,7.765035577564494,98.25718880060538,2.369575035666257,2.415170669555664,1216x352,1344x392
256,2011_09_26_drive_0023_sync_image_0000000374_image_02.png,0-10m,23175,0.8012850027485573,80.12850027485572,10.04591292942072,98.74002157497304,2.3385172024551832,2.415170669555664,1216x352,1344x392
256,2011_09_26_drive_0023_sync_image_0000000374_image_02.png,0-20m,47062,0.8406813796076913,84.06813796076914,7.955154561482358,98.75695890527389,2.3385172024551832,2.415170669555664,1216x352,1344x392
256,2011_09_26_drive_0023_sync_image_0000000374_image_02.png,0-40m,52413,1.006453985686913,100.6453985686913,8.006054191972469,98.36872531623834,2.3385172024551832,2.415170669555664,1216x352,1344x392
256,2011_09_26_drive_0023_sync_image_0000000374_image_02.png,0-80m,55647,1.2551496940423728,125.51496940423728,8.098045403748854,97.86151993818176,2.3385172024551832,2.415170669555664,1216x352,1344x392
257,2011_09_26_drive_0023_sync_image_0000000377_image_03.png,0-10m,21796,0.8312069382836434,83.12069382836434,11.339138291776317,99.71095613874105,2.306429980834876,2.415170669555664,1216x352,1344x392
257,2011_09_26_drive_0023_sync_image_0000000377_image_03.png,0-20m,55677,0.72260332533192,72.260332533192,7.408470517278333,99.48632289814465,2.306429980834876,2.415170669555664,1216x352,1344x392
257,2011_09_26_drive_0023_sync_image_0000000377_image_03.png,0-40m,60826,0.8345367630729115,83.45367630729115,7.350539454792826,99.07769703745109,2.306429980834876,2.415170669555664,1216x352,1344x392
257,2011_09_26_drive_0023_sync_image_0000000377_image_03.png,0-80m,65160,1.1788267244364747,117.88267244364748,7.610752408818679,98.1476365868631,2.306429980834876,2.415170669555664,1216x352,1344x392
258,2011_09_26_drive_0023_sync_image_0000000380_image_02.png,0-10m,33800,0.5935811324444042,59.358113244440425,7.469963171910317,99.73668639053255,2.3441871543025536,2.415170669555664,1216x352,1344x392
258,2011_09_26_drive_0023_sync_image_0000000380_image_02.png,0-20m,59648,0.6145804421656441,61.45804421656441,6.39663805050374,99.6009924892704,2.3441871543025536,2.415170669555664,1216x352,1344x392
258,2011_09_26_drive_0023_sync_image_0000000380_image_02.png,0-40m,65498,0.7655580506484495,76.55580506484495,6.511563033561401,99.37860698036582,2.3441871543025536,2.415170669555664,1216x352,1344x392
258,2011_09_26_drive_0023_sync_image_0000000380_image_02.png,0-80m,71156,1.2096915916693178,120.96915916693179,6.966763406805621,98.12243521277195,2.3441871543025536,2.415170669555664,1216x352,1344x392
259,2011_09_26_drive_0023_sync_image_0000000383_image_03.png,0-10m,25765,0.6351655975629028,63.51655975629028,8.300932808829813,99.92625654958277,2.364822042417629,2.415170669555664,1216x352,1344x392
259,2011_09_26_drive_0023_sync_image_0000000383_image_03.png,0-20m,43169,0.6850329507490508,68.50329507490508,7.338989428996785,99.44867844981353,2.364822042417629,2.415170669555664,1216x352,1344x392
259,2011_09_26_drive_0023_sync_image_0000000383_image_03.png,0-40m,49357,0.8440983424366497,84.40983424366497,7.247639397180754,99.26251595518366,2.364822042417629,2.415170669555664,1216x352,1344x392
259,2011_09_26_drive_0023_sync_image_0000000383_image_03.png,0-80m,55126,1.4308638648379937,143.08638648379937,7.823965842820957,97.56376301563691,2.364822042417629,2.415170669555664,1216x352,1344x392
260,2011_09_26_drive_0023_sync_image_0000000386_image_02.png,0-10m,20537,0.7503117672881731,75.0311767288173,9.885004090152798,99.26474168573793,2.3740991481368834,2.415170669555664,1216x352,1344x392
260,2011_09_26_drive_0023_sync_image_0000000386_image_02.png,0-20m,30742,0.8749961367612639,87.49961367612639,9.245912997108444,99.21930908854335,2.3740991481368834,2.415170669555664,1216x352,1344x392
260,2011_09_26_drive_0023_sync_image_0000000386_image_02.png,0-40m,38400,1.1767979161875943,117.67979161875944,9.079816393725991,98.60677083333333,2.3740991481368834,2.415170669555664,1216x352,1344x392
260,2011_09_26_drive_0023_sync_image_0000000386_image_02.png,0-80m,45629,2.1088469836804316,210.88469836804316,9.895531457871453,95.31657498520678,2.3740991481368834,2.415170669555664,1216x352,1344x392
261,2011_09_26_drive_0023_sync_image_0000000389_image_03.png,0-10m,16257,0.8181040270152388,81.81040270152387,11.319245572864476,99.61862582272252,2.370889085802372,2.415170669555664,1216x352,1344x392
261,2011_09_26_drive_0023_sync_image_0000000389_image_03.png,0-20m,35620,0.8210077856846701,82.10077856846702,8.539132209034287,99.75014037057832,2.370889085802372,2.415170669555664,1216x352,1344x392
261,2011_09_26_drive_0023_sync_image_0000000389_image_03.png,0-40m,46114,1.1854189740880932,118.54189740880932,8.419447164751354,97.72303421954287,2.370889085802372,2.415170669555664,1216x352,1344x392
261,2011_09_26_drive_0023_sync_image_0000000389_image_03.png,0-80m,52892,1.6712229890505303,167.12229890505304,8.643016399042109,96.59872948650079,2.370889085802372,2.415170669555664,1216x352,1344x392
262,2011_09_26_drive_0023_sync_image_0000000392_image_02.png,0-10m,24852,0.8823527879575284,88.23527879575283,11.432755156351757,99.8430709802028,2.391140346745561,2.415170669555664,1216x352,1344x392
262,2011_09_26_drive_0023_sync_image_0000000392_image_02.png,0-20m,48970,0.8982977940156457,89.82977940156456,9.13371166841936,99.55482948744128,2.391140346745561,2.415170669555664,1216x352,1344x392
262,2011_09_26_drive_0023_sync_image_0000000392_image_02.png,0-40m,61527,1.2247232992765678,122.47232992765677,9.042175259059448,98.0593885611195,2.391140346745561,2.415170669555664,1216x352,1344x392
262,2011_09_26_drive_0023_sync_image_0000000392_image_02.png,0-80m,66657,1.6260604563741874,162.60604563741873,9.2879739280731,96.72802556370674,2.391140346745561,2.415170669555664,1216x352,1344x392
263,2011_09_26_drive_0023_sync_image_0000000395_image_03.png,0-10m,18509,0.8865438356759695,88.65438356759695,11.55836712814624,99.90275001350695,2.3913130294405534,2.415170669555664,1216x352,1344x392
263,2011_09_26_drive_0023_sync_image_0000000395_image_03.png,0-20m,40109,1.0507229853949653,105.07229853949653,9.792438464954628,98.8980029419831,2.3913130294405534,2.415170669555664,1216x352,1344x392
263,2011_09_26_drive_0023_sync_image_0000000395_image_03.png,0-40m,50514,1.470437443227587,147.0437443227587,9.976080480708688,96.35150651304589,2.3913130294405534,2.415170669555664,1216x352,1344x392
263,2011_09_26_drive_0023_sync_image_0000000395_image_03.png,0-80m,54834,1.791881822359685,179.1881822359685,10.050404086600894,95.40248750775066,2.3913130294405534,2.415170669555664,1216x352,1344x392
264,2011_09_26_drive_0023_sync_image_0000000398_image_02.png,0-10m,17974,0.8410440424041221,84.10440424041221,10.81201743470938,99.95549126516079,2.3937011192612623,2.415170669555664,1216x352,1344x392
264,2011_09_26_drive_0023_sync_image_0000000398_image_02.png,0-20m,43231,1.0802595122622511,108.02595122622512,9.851967656468693,98.56584395456964,2.3937011192612623,2.415170669555664,1216x352,1344x392
264,2011_09_26_drive_0023_sync_image_0000000398_image_02.png,0-40m,54400,1.4663391313482734,146.63391313482734,9.866561186509786,96.59926470588235,2.3937011192612623,2.415170669555664,1216x352,1344x392
264,2011_09_26_drive_0023_sync_image_0000000398_image_02.png,0-80m,58042,1.7171600776291958,171.7160077629196,9.875826724180321,95.99944867509734,2.3937011192612623,2.415170669555664,1216x352,1344x392
265,2011_09_26_drive_0023_sync_image_0000000401_image_03.png,0-10m,23749,1.0038367136337214,100.38367136337214,12.250008910657408,99.40629079119121,2.3625442237722325,2.415170669555664,1216x352,1344x392
265,2011_09_26_drive_0023_sync_image_0000000401_image_03.png,0-20m,43779,1.1519613263050394,115.19613263050394,11.091131499515484,98.15436624865804,2.3625442237722325,2.415170669555664,1216x352,1344x392
265,2011_09_26_drive_0023_sync_image_0000000401_image_03.png,0-40m,54543,1.3743343694662515,137.43343694662516,10.443828982036552,97.52122178831381,2.3625442237722325,2.415170669555664,1216x352,1344x392
265,2011_09_26_drive_0023_sync_image_0000000401_image_03.png,0-80m,58093,1.6558695719967822,165.5869571996782,10.483425213876565,96.92045513228788,2.3625442237722325,2.415170669555664,1216x352,1344x392
266,2011_09_26_drive_0023_sync_image_0000000404_image_02.png,0-10m,21307,0.9315202026368978,93.15202026368978,12.3122922300294,99.81226826864412,2.380576589803869,2.415170669555664,1216x352,1344x392
266,2011_09_26_drive_0023_sync_image_0000000404_image_02.png,0-20m,39915,1.055390784024565,105.53907840245651,10.648916660371182,99.51647250407115,2.380576589803869,2.415170669555664,1216x352,1344x392
266,2011_09_26_drive_0023_sync_image_0000000404_image_02.png,0-40m,51377,1.357074216876843,135.7074216876843,10.158692452644406,98.77377036417074,2.380576589803869,2.415170669555664,1216x352,1344x392
266,2011_09_26_drive_0023_sync_image_0000000404_image_02.png,0-80m,55199,1.710949462851648,171.09494628516478,10.277149963536898,97.28437109367924,2.380576589803869,2.415170669555664,1216x352,1344x392
267,2011_09_26_drive_0023_sync_image_0000000407_image_03.png,0-10m,20623,1.068437895187321,106.84378951873211,13.63424871723638,95.02497211850847,2.415352171557055,2.415170669555664,1216x352,1344x392
267,2011_09_26_drive_0023_sync_image_0000000407_image_03.png,0-20m,39836,1.1944472758881788,119.44472758881788,11.858030321462703,97.05542725173211,2.415352171557055,2.415170669555664,1216x352,1344x392
267,2011_09_26_drive_0023_sync_image_0000000407_image_03.png,0-40m,53750,1.395831418059593,139.5831418059593,10.692429804666958,97.25953488372093,2.415352171557055,2.415170669555664,1216x352,1344x392
267,2011_09_26_drive_0023_sync_image_0000000407_image_03.png,0-80m,56917,1.7792639842360873,177.92639842360873,10.947979994067198,95.67088918952157,2.415352171557055,2.415170669555664,1216x352,1344x392
268,2011_09_26_drive_0023_sync_image_0000000410_image_02.png,0-10m,22421,0.8532840178911504,85.32840178911503,10.933252697139284,99.72347352928058,2.4056984259568353,2.415170669555664,1216x352,1344x392
268,2011_09_26_drive_0023_sync_image_0000000410_image_02.png,0-20m,46641,0.9428498693591201,94.284986935912,9.254059211228824,99.60978538196008,2.4056984259568353,2.415170669555664,1216x352,1344x392
268,2011_09_26_drive_0023_sync_image_0000000410_image_02.png,0-40m,60152,1.1679139241193708,116.79139241193708,8.782135759376002,99.09063705279958,2.4056984259568353,2.415170669555664,1216x352,1344x392
268,2011_09_26_drive_0023_sync_image_0000000410_image_02.png,0-80m,63758,1.4690394662188566,146.90394662188567,8.951326925696428,98.03005113083849,2.4056984259568353,2.415170669555664,1216x352,1344x392
269,2011_09_26_drive_0023_sync_image_0000000413_image_03.png,0-10m,27485,0.8659243314943249,86.5924331494325,11.030861979573952,99.62525013643805,2.399979072134894,2.415170669555664,1216x352,1344x392
269,2011_09_26_drive_0023_sync_image_0000000413_image_03.png,0-20m,47400,0.8828090138576202,88.28090138576202,9.022403255543738,99.32911392405063,2.399979072134894,2.415170669555664,1216x352,1344x392
269,2011_09_26_drive_0023_sync_image_0000000413_image_03.png,0-40m,59457,1.174354796208549,117.43547962085489,8.909468580900993,98.54516709554805,2.399979072134894,2.415170669555664,1216x352,1344x392
269,2011_09_26_drive_0023_sync_image_0000000413_image_03.png,0-80m,62446,1.4259807504781543,142.59807504781543,9.000620715345764,97.6027287576466,2.399979072134894,2.415170669555664,1216x352,1344x392
270,2011_09_26_drive_0023_sync_image_0000000416_image_02.png,0-10m,24860,0.842886809677437,84.2886809677437,11.493863997302853,99.68624296057924,2.370361942352623,2.415170669555664,1216x352,1344x392
270,2011_09_26_drive_0023_sync_image_0000000416_image_02.png,0-20m,50576,1.0377306578771028,103.77306578771028,9.92117764523116,99.34356216387219,2.370361942352623,2.415170669555664,1216x352,1344x392
270,2011_09_26_drive_0023_sync_image_0000000416_image_02.png,0-40m,64620,1.3484267222257784,134.84267222257785,9.828959503684533,97.5673166202414,2.370361942352623,2.415170669555664,1216x352,1344x392
270,2011_09_26_drive_0023_sync_image_0000000416_image_02.png,0-80m,66930,1.5913408205752484,159.13408205752484,9.97486742456281,96.63379650380996,2.370361942352623,2.415170669555664,1216x352,1344x392
271,2011_09_26_drive_0023_sync_image_0000000419_image_03.png,0-10m,18813,0.7814275134232653,78.14275134232653,10.011779135752374,100.0,2.36146969372105,2.415170669555664,1216x352,1344x392
271,2011_09_26_drive_0023_sync_image_0000000419_image_03.png,0-20m,53589,1.0422150724740202,104.22150724740203,9.202282612108174,98.93075071376587,2.36146969372105,2.415170669555664,1216x352,1344x392
271,2011_09_26_drive_0023_sync_image_0000000419_image_03.png,0-40m,66976,1.236320824463346,123.63208244633459,8.884122574554212,98.6681796464405,2.36146969372105,2.415170669555664,1216x352,1344x392
271,2011_09_26_drive_0023_sync_image_0000000419_image_03.png,0-80m,69186,1.4567719958094765,145.67719958094764,9.063588079639901,97.82904055733819,2.36146969372105,2.415170669555664,1216x352,1344x392
272,2011_09_26_drive_0023_sync_image_0000000422_image_02.png,0-10m,25681,0.7666803984008684,76.66803984008685,9.768214086619931,99.8169853198863,2.288753226853216,2.415170669555664,1216x352,1344x392
272,2011_09_26_drive_0023_sync_image_0000000422_image_02.png,0-20m,55404,0.9092461136168724,90.92461136168724,8.529612716372627,98.93689986282578,2.288753226853216,2.415170669555664,1216x352,1344x392
272,2011_09_26_drive_0023_sync_image_0000000422_image_02.png,0-40m,69072,1.1197606128469395,111.97606128469396,8.379043396681395,98.85047486680565,2.288753226853216,2.415170669555664,1216x352,1344x392
272,2011_09_26_drive_0023_sync_image_0000000422_image_02.png,0-80m,71264,1.3078134699511752,130.78134699511753,8.505674654153943,98.30770094297262,2.288753226853216,2.415170669555664,1216x352,1344x392
273,2011_09_26_drive_0023_sync_image_0000000425_image_03.png,0-10m,22378,0.9266977550112132,92.66977550112132,12.134964695921576,98.06506390204666,2.330754586449639,2.415170669555664,1216x352,1344x392
273,2011_09_26_drive_0023_sync_image_0000000425_image_03.png,0-20m,45994,1.0095668946286205,100.95668946286204,10.11744196548379,98.45849458625038,2.330754586449639,2.415170669555664,1216x352,1344x392
273,2011_09_26_drive_0023_sync_image_0000000425_image_03.png,0-40m,57619,1.2121229420520263,121.21229420520262,9.65773811367327,98.46404831739531,2.330754586449639,2.415170669555664,1216x352,1344x392
273,2011_09_26_drive_0023_sync_image_0000000425_image_03.png,0-80m,59684,1.533733107562551,153.3733107562551,9.933786547752433,97.11648012867771,2.330754586449639,2.415170669555664,1216x352,1344x392
274,2011_09_26_drive_0023_sync_image_0000000428_image_02.png,0-10m,27193,0.7886410649963542,78.86410649963543,10.185098881358313,99.43367778472401,2.2729933163224043,2.415170669555664,1216x352,1344x392
274,2011_09_26_drive_0023_sync_image_0000000428_image_02.png,0-20m,48349,0.9857760253062344,98.57760253062344,9.273734022272723,98.75695464228836,2.2729933163224043,2.415170669555664,1216x352,1344x392
274,2011_09_26_drive_0023_sync_image_0000000428_image_02.png,0-40m,58678,1.0633137173364815,106.33137173364815,8.518841685294737,98.74058420532397,2.2729933163224043,2.415170669555664,1216x352,1344x392
274,2011_09_26_drive_0023_sync_image_0000000428_image_02.png,0-80m,61139,1.4800956220028942,148.00956220028942,8.983711558341223,96.67969708369452,2.2729933163224043,2.415170669555664,1216x352,1344x392
275,2011_09_26_drive_0023_sync_image_0000000431_image_03.png,0-10m,20251,0.7737278767582411,77.3727876758241,10.824036738070808,98.97289022764309,2.189973164050617,2.415170669555664,1216x352,1344x392
275,2011_09_26_drive_0023_sync_image_0000000431_image_03.png,0-20m,40178,1.0176900336774326,101.76900336774327,9.80961225867766,97.33436208870526,2.189973164050617,2.415170669555664,1216x352,1344x392
275,2011_09_26_drive_0023_sync_image_0000000431_image_03.png,0-40m,51367,1.1785009826190662,117.85009826190662,9.116695186651132,97.28230186695738,2.189973164050617,2.415170669555664,1216x352,1344x392
275,2011_09_26_drive_0023_sync_image_0000000431_image_03.png,0-80m,54089,1.6974647934957061,169.74647934957062,9.653458926923127,95.0747841520457,2.189973164050617,2.415170669555664,1216x352,1344x392
276,2011_09_26_drive_0023_sync_image_0000000434_image_02.png,0-10m,18790,0.5482046399362674,54.820463993626745,7.257329922869049,99.78179882916444,2.30144618281963,2.415170669555664,1216x352,1344x392
276,2011_09_26_drive_0023_sync_image_0000000434_image_02.png,0-20m,45473,0.6998134679194293,69.98134679194294,6.216320752891935,99.35566160138983,2.30144618281963,2.415170669555664,1216x352,1344x392
276,2011_09_26_drive_0023_sync_image_0000000434_image_02.png,0-40m,56275,0.8883609053740127,88.83609053740128,6.238824916408349,99.08307418924922,2.30144618281963,2.415170669555664,1216x352,1344x392
276,2011_09_26_drive_0023_sync_image_0000000434_image_02.png,0-80m,60456,1.6137397404313008,161.37397404313006,7.224954134606293,96.10625909752547,2.30144618281963,2.415170669555664,1216x352,1344x392
277,2011_09_26_drive_0023_sync_image_0000000437_image_03.png,0-10m,27685,0.6306905152243527,63.069051522435274,8.127995087339041,99.844681235326,2.3269678352969687,2.415170669555664,1216x352,1344x392
277,2011_09_26_drive_0023_sync_image_0000000437_image_03.png,0-20m,52503,0.7841967794642372,78.41967794642372,7.4869918648266545,99.47050644725063,2.3269678352969687,2.415170669555664,1216x352,1344x392
277,2011_09_26_drive_0023_sync_image_0000000437_image_03.png,0-40m,60563,0.8919283117396949,89.1928311739695,7.214474675086812,98.89371398378547,2.3269678352969687,2.415170669555664,1216x352,1344x392
277,2011_09_26_drive_0023_sync_image_0000000437_image_03.png,0-80m,64525,1.5355028437644371,153.5502843764437,8.075021186298462,95.83727237504843,2.3269678352969687,2.415170669555664,1216x352,1344x392
278,2011_09_26_drive_0023_sync_image_0000000440_image_02.png,0-10m,31024,0.603839917779891,60.383991777989095,8.136661119773759,98.75580195977308,2.3417876552542713,2.415170669555664,1216x352,1344x392
278,2011_09_26_drive_0023_sync_image_0000000440_image_02.png,0-20m,50852,0.6844748188732348,68.44748188732348,7.262296959545125,98.93416188153859,2.3417876552542713,2.415170669555664,1216x352,1344x392
278,2011_09_26_drive_0023_sync_image_0000000440_image_02.png,0-40m,61352,0.8321573701018631,83.2157370101863,6.980078123749728,98.65693049941322,2.3417876552542713,2.415170669555664,1216x352,1344x392
278,2011_09_26_drive_0023_sync_image_0000000440_image_02.png,0-80m,65269,1.2804282337057744,128.04282337057745,7.515104835777296,96.85302364062571,2.3417876552542713,2.415170669555664,1216x352,1344x392
279,2011_09_26_drive_0023_sync_image_0000000443_image_03.png,0-10m,21325,0.7521057777024657,75.21057777024657,10.637441020770071,96.23915592028136,2.2971638756150394,2.415170669555664,1216x352,1344x392
279,2011_09_26_drive_0023_sync_image_0000000443_image_03.png,0-20m,45940,0.9182960077685587,91.82960077685587,9.308830618679197,97.32477144101001,2.2971638756150394,2.415170669555664,1216x352,1344x392
279,2011_09_26_drive_0023_sync_image_0000000443_image_03.png,0-40m,56602,1.141803767675983,114.18037676759829,9.03264826417406,96.86760185152468,2.2971638756150394,2.415170669555664,1216x352,1344x392
279,2011_09_26_drive_0023_sync_image_0000000443_image_03.png,0-80m,60450,1.58067803727979,158.067803727979,9.467839758968918,94.92307692307692,2.2971638756150394,2.415170669555664,1216x352,1344x392
280,2011_09_26_drive_0023_sync_image_0000000446_image_02.png,0-10m,26167,0.8357681157541853,83.57681157541853,10.798315767577222,98.10066113807467,2.313929415391976,2.415170669555664,1216x352,1344x392
280,2011_09_26_drive_0023_sync_image_0000000446_image_02.png,0-20m,56863,0.9529078255527713,95.29078255527713,9.019345208886023,97.96528498320525,2.313929415391976,2.415170669555664,1216x352,1344x392
280,2011_09_26_drive_0023_sync_image_0000000446_image_02.png,0-40m,66603,1.0634151089648385,106.34151089648385,8.653008615508789,97.28090326261581,2.313929415391976,2.415170669555664,1216x352,1344x392
280,2011_09_26_drive_0023_sync_image_0000000446_image_02.png,0-80m,71139,1.5517736426319952,155.17736426319954,9.217470767112792,95.27544666076273,2.313929415391976,2.415170669555664,1216x352,1344x392
281,2011_09_26_drive_0023_sync_image_0000000449_image_03.png,0-10m,26872,0.8422652434365812,84.22652434365811,10.861466321788804,99.20735337898185,2.369267379816508,2.415170669555664,1216x352,1344x392
281,2011_09_26_drive_0023_sync_image_0000000449_image_03.png,0-20m,61181,0.9236318012102309,92.36318012102309,8.702621447661402,99.0716071983132,2.369267379816508,2.415170669555664,1216x352,1344x392
281,2011_09_26_drive_0023_sync_image_0000000449_image_03.png,0-40m,66776,1.034148415648553,103.4148415648553,8.630280982087694,98.29429735234217,2.369267379816508,2.415170669555664,1216x352,1344x392
281,2011_09_26_drive_0023_sync_image_0000000449_image_03.png,0-80m,70622,1.3594508224422053,135.94508224422052,8.941331830406881,97.05049418028376,2.369267379816508,2.415170669555664,1216x352,1344x392
282,2011_09_26_drive_0023_sync_image_0000000452_image_02.png,0-10m,31765,0.6757199441881869,67.57199441881869,8.6445683423644,99.96222257201323,2.22404049886691,2.415170669555664,1216x352,1344x392
282,2011_09_26_drive_0023_sync_image_0000000452_image_02.png,0-20m,59881,0.813667088252816,81.36670882528159,7.843187904468435,99.3136387167883,2.22404049886691,2.415170669555664,1216x352,1344x392
282,2011_09_26_drive_0023_sync_image_0000000452_image_02.png,0-40m,64688,1.000190061285093,100.01900612850929,8.020811722659445,98.21296067276775,2.22404049886691,2.415170669555664,1216x352,1344x392
282,2011_09_26_drive_0023_sync_image_0000000452_image_02.png,0-80m,68797,1.3560632977275715,135.60632977275716,8.392102415651467,96.7920112795616,2.22404049886691,2.415170669555664,1216x352,1344x392
283,2011_09_26_drive_0023_sync_image_0000000455_image_03.png,0-10m,22719,0.7008879813012893,70.08879813012892,9.62237706083539,99.63906862097804,2.323989732643129,2.415170669555664,1216x352,1344x392
283,2011_09_26_drive_0023_sync_image_0000000455_image_03.png,0-20m,45029,0.8496060957848588,84.96060957848587,8.651228636637253,98.43656310377756,2.323989732643129,2.415170669555664,1216x352,1344x392
283,2011_09_26_drive_0023_sync_image_0000000455_image_03.png,0-40m,51529,1.1609829533497809,116.09829533497809,8.847475113857753,96.95123134545595,2.323989732643129,2.415170669555664,1216x352,1344x392
283,2011_09_26_drive_0023_sync_image_0000000455_image_03.png,0-80m,55361,1.5278215068016383,152.78215068016382,9.0634941257481,95.73345857191886,2.323989732643129,2.415170669555664,1216x352,1344x392
284,2011_09_26_drive_0023_sync_image_0000000458_image_02.png,0-10m,22771,0.6195498571990167,61.954985719901664,7.966872156583622,98.42343331430328,2.3729594625665458,2.415170669555664,1216x352,1344x392
284,2011_09_26_drive_0023_sync_image_0000000458_image_02.png,0-20m,41011,0.7667722947589771,76.67722947589772,7.6619531175038755,97.03738021506425,2.3729594625665458,2.415170669555664,1216x352,1344x392
284,2011_09_26_drive_0023_sync_image_0000000458_image_02.png,0-40m,50245,1.12453556296149,112.45355629614899,7.855165872222998,95.6353866056324,2.3729594625665458,2.415170669555664,1216x352,1344x392
284,2011_09_26_drive_0023_sync_image_0000000458_image_02.png,0-80m,53963,1.5633620276867393,156.33620276867393,8.236516079869787,94.72045660915813,2.3729594625665458,2.415170669555664,1216x352,1344x392
285,2011_09_26_drive_0023_sync_image_0000000461_image_03.png,0-10m,17862,0.8661094745240464,86.61094745240464,12.775689819901666,95.47643041092823,2.3935664762250752,2.415170669555664,1216x352,1344x392
285,2011_09_26_drive_0023_sync_image_0000000461_image_03.png,0-20m,30607,0.9750079779295124,97.50079779295125,10.8999196369249,95.56964093181298,2.3935664762250752,2.415170669555664,1216x352,1344x392
285,2011_09_26_drive_0023_sync_image_0000000461_image_03.png,0-40m,40085,1.4184283118422256,141.84283118422258,10.497610839964896,93.5536983909193,2.3935664762250752,2.415170669555664,1216x352,1344x392
285,2011_09_26_drive_0023_sync_image_0000000461_image_03.png,0-80m,43997,1.9223571247975062,192.23571247975062,10.701797108447225,92.65631747619156,2.3935664762250752,2.415170669555664,1216x352,1344x392
286,2011_09_26_drive_0023_sync_image_0000000464_image_02.png,0-10m,16777,0.6809466024572634,68.09466024572633,9.518038852631555,98.90326041604578,2.357284125692946,2.415170669555664,1216x352,1344x392
286,2011_09_26_drive_0023_sync_image_0000000464_image_02.png,0-20m,33643,0.935834111205832,93.58341112058321,9.117741844268537,98.36221502244152,2.357284125692946,2.415170669555664,1216x352,1344x392
286,2011_09_26_drive_0023_sync_image_0000000464_image_02.png,0-40m,44159,1.407512496327001,140.75124963270008,9.263011314546215,95.82191625716162,2.357284125692946,2.415170669555664,1216x352,1344x392
286,2011_09_26_drive_0023_sync_image_0000000464_image_02.png,0-80m,48265,2.063733523741394,206.3733523741394,9.808452272441984,94.06402154770538,2.357284125692946,2.415170669555664,1216x352,1344x392
287,2011_09_26_drive_0023_sync_image_0000000467_image_03.png,0-10m,22971,0.7816486938419768,78.16486938419767,9.544836405381394,99.9129336990118,2.371751116069533,2.415170669555664,1216x352,1344x392
287,2011_09_26_drive_0023_sync_image_0000000467_image_03.png,0-20m,46698,0.8688654704105983,86.88654704105983,8.130479481980965,98.87147201164932,2.371751116069533,2.415170669555664,1216x352,1344x392
287,2011_09_26_drive_0023_sync_image_0000000467_image_03.png,0-40m,57390,1.217734844461512,121.77348444615119,8.38554236521509,97.25039205436488,2.371751116069533,2.415170669555664,1216x352,1344x392
287,2011_09_26_drive_0023_sync_image_0000000467_image_03.png,0-80m,61178,1.6494901937440594,164.94901937440594,8.76482573826379,96.02634934126647,2.371751116069533,2.415170669555664,1216x352,1344x392
288,2011_09_26_drive_0036_sync_image_0000000005_image_02.png,0-10m,43870,0.9205717273853025,92.05717273853024,11.957326607534489,99.98632322771826,2.3553430721721735,2.415170669555664,1216x352,1344x392
288,2011_09_26_drive_0036_sync_image_0000000005_image_02.png,0-20m,86984,0.992753896330182,99.2753896330182,9.911470818410956,99.4493240136117,2.3553430721721735,2.415170669555664,1216x352,1344x392
288,2011_09_26_drive_0036_sync_image_0000000005_image_02.png,0-40m,94361,1.127140152544199,112.7140152544199,9.904816155596343,99.22001674420576,2.3553430721721735,2.415170669555664,1216x352,1344x392
288,2011_09_26_drive_0036_sync_image_0000000005_image_02.png,0-80m,97436,1.2172975154183192,121.72975154183192,9.82530900869709,99.06194835584384,2.3553430721721735,2.415170669555664,1216x352,1344x392
289,2011_09_26_drive_0036_sync_image_0000000008_image_03.png,0-10m,44676,0.8054469810175547,80.54469810175547,10.54549660311293,99.79631121855135,2.3995057018606,2.415170669555664,1216x352,1344x392
289,2011_09_26_drive_0036_sync_image_0000000008_image_03.png,0-20m,73717,0.9288002895012292,92.88002895012292,9.5351865907356,99.03821370918513,2.3995057018606,2.415170669555664,1216x352,1344x392
289,2011_09_26_drive_0036_sync_image_0000000008_image_03.png,0-40m,81190,1.0593233763606313,105.93233763606314,9.465606442815645,98.90257420864639,2.3995057018606,2.415170669555664,1216x352,1344x392
289,2011_09_26_drive_0036_sync_image_0000000008_image_03.png,0-80m,84743,1.2162413297589074,121.62413297589075,9.42652627786407,98.84946249247726,2.3995057018606,2.415170669555664,1216x352,1344x392
290,2011_09_26_drive_0036_sync_image_0000000011_image_02.png,0-10m,41710,0.8385401885819875,83.85401885819876,11.499919440915745,99.0385998561496,2.391592118817146,2.415170669555664,1216x352,1344x392
290,2011_09_26_drive_0036_sync_image_0000000011_image_02.png,0-20m,66563,1.0499615184626392,104.99615184626391,11.102452980244951,98.64038579991887,2.391592118817146,2.415170669555664,1216x352,1344x392
290,2011_09_26_drive_0036_sync_image_0000000011_image_02.png,0-40m,76739,1.2464754878064894,124.64754878064895,10.91993487983333,98.31767419434708,2.391592118817146,2.415170669555664,1216x352,1344x392
290,2011_09_26_drive_0036_sync_image_0000000011_image_02.png,0-80m,80634,1.451743140941983,145.1743140941983,10.863654355440149,98.14470322692661,2.391592118817146,2.415170669555664,1216x352,1344x392
291,2011_09_26_drive_0036_sync_image_0000000014_image_03.png,0-10m,39991,0.7400045020913378,74.00045020913379,10.304790255344553,99.41236778275112,2.3471423542938354,2.415170669555664,1216x352,1344x392
291,2011_09_26_drive_0036_sync_image_0000000014_image_03.png,0-20m,61718,0.9214471171048197,92.14471171048197,9.990028950869885,98.80585890663987,2.3471423542938354,2.415170669555664,1216x352,1344x392
291,2011_09_26_drive_0036_sync_image_0000000014_image_03.png,0-40m,72433,1.0905579334445363,109.05579334445363,9.700839546504772,98.49239987298607,2.3471423542938354,2.415170669555664,1216x352,1344x392
291,2011_09_26_drive_0036_sync_image_0000000014_image_03.png,0-80m,76558,1.325986555216906,132.5986555216906,9.691481129055738,97.6684343896131,2.3471423542938354,2.415170669555664,1216x352,1344x392
292,2011_09_26_drive_0036_sync_image_0000000017_image_02.png,0-10m,42951,0.9356009867085237,93.56009867085237,12.553477373703803,97.78584899071035,2.3678811134195428,2.415170669555664,1216x352,1344x392
292,2011_09_26_drive_0036_sync_image_0000000017_image_02.png,0-20m,69285,1.134924808274257,113.4924808274257,11.719283978150205,98.18864112001154,2.3678811134195428,2.415170669555664,1216x352,1344x392
292,2011_09_26_drive_0036_sync_image_0000000017_image_02.png,0-40m,80690,1.301990058924691,130.1990058924691,11.262986482099482,98.22778535134465,2.3678811134195428,2.415170669555664,1216x352,1344x392
292,2011_09_26_drive_0036_sync_image_0000000017_image_02.png,0-80m,84785,1.5310257287409856,153.10257287409857,11.213670856871499,97.27782036916908,2.3678811134195428,2.415170669555664,1216x352,1344x392
293,2011_09_26_drive_0036_sync_image_0000000020_image_03.png,0-10m,37358,0.8905916326120915,89.05916326120915,11.927789644146497,99.47534664596606,2.38578473114246,2.415170669555664,1216x352,1344x392
293,2011_09_26_drive_0036_sync_image_0000000020_image_03.png,0-20m,69794,1.166488118621515,116.6488118621515,11.311785549843382,99.28933719230879,2.38578473114246,2.415170669555664,1216x352,1344x392
293,2011_09_26_drive_0036_sync_image_0000000020_image_03.png,0-40m,82305,1.3017877699733396,130.17877699733396,10.707362859741869,99.27343417775349,2.38578473114246,2.415170669555664,1216x352,1344x392
293,2011_09_26_drive_0036_sync_image_0000000020_image_03.png,0-80m,86489,1.5075108562093433,150.75108562093433,10.654640586535615,98.28186243337304,2.38578473114246,2.415170669555664,1216x352,1344x392
294,2011_09_26_drive_0036_sync_image_0000000023_image_02.png,0-10m,40012,0.8373710649389869,83.7371064938987,10.64351127394288,100.0,2.355124515349674,2.415170669555664,1216x352,1344x392
294,2011_09_26_drive_0036_sync_image_0000000023_image_02.png,0-20m,77071,1.08174447907137,108.174447907137,10.286707868340306,99.62372357955651,2.355124515349674,2.415170669555664,1216x352,1344x392
294,2011_09_26_drive_0036_sync_image_0000000023_image_02.png,0-40m,90267,1.223802233460204,122.38022334602039,9.856615345688192,99.51809631426767,2.355124515349674,2.415170669555664,1216x352,1344x392
294,2011_09_26_drive_0036_sync_image_0000000023_image_02.png,0-80m,95179,1.472298880336522,147.2298880336522,9.902428405735858,98.63310183969153,2.355124515349674,2.415170669555664,1216x352,1344x392
295,2011_09_26_drive_0036_sync_image_0000000026_image_03.png,0-10m,40074,0.8634463091563421,86.34463091563421,11.136796892419348,99.79787393322354,2.3980412798197595,2.415170669555664,1216x352,1344x392
295,2011_09_26_drive_0036_sync_image_0000000026_image_03.png,0-20m,75395,0.9761121885728612,97.61121885728612,9.833968189438151,99.59148484647523,2.3980412798197595,2.415170669555664,1216x352,1344x392
295,2011_09_26_drive_0036_sync_image_0000000026_image_03.png,0-40m,87447,1.0588519952377013,105.88519952377014,9.290890823954419,99.51742198131438,2.3980412798197595,2.415170669555664,1216x352,1344x392
295,2011_09_26_drive_0036_sync_image_0000000026_image_03.png,0-80m,92149,1.2302391177182408,123.02391177182407,9.22349671872277,99.34779541828995,2.3980412798197595,2.415170669555664,1216x352,1344x392
296,2011_09_26_drive_0036_sync_image_0000000029_image_02.png,0-10m,43181,0.7959187241653622,79.59187241653622,10.326273374637625,99.666519997221,2.390936819161683,2.415170669555664,1216x352,1344x392
296,2011_09_26_drive_0036_sync_image_0000000029_image_02.png,0-20m,76104,0.9375919627489182,93.75919627489182,9.476638170094564,99.52039314622097,2.390936819161683,2.415170669555664,1216x352,1344x392
296,2011_09_26_drive_0036_sync_image_0000000029_image_02.png,0-40m,88670,1.047258223914046,104.7258223914046,9.01072244836243,99.476711401827,2.390936819161683,2.415170669555664,1216x352,1344x392
296,2011_09_26_drive_0036_sync_image_0000000029_image_02.png,0-80m,93109,1.248795899339132,124.8795899339132,9.041319113692522,98.59412086908893,2.390936819161683,2.415170669555664,1216x352,1344x392
297,2011_09_26_drive_0036_sync_image_0000000032_image_03.png,0-10m,41057,0.7190082963136585,71.90082963136585,9.325546759371933,99.79540638624351,2.414743846434343,2.415170669555664,1216x352,1344x392
297,2011_09_26_drive_0036_sync_image_0000000032_image_03.png,0-20m,73499,0.8247251835133304,82.47251835133304,8.340076443028973,99.83129022163567,2.414743846434343,2.415170669555664,1216x352,1344x392
297,2011_09_26_drive_0036_sync_image_0000000032_image_03.png,0-40m,85787,0.9558081852062259,95.58081852062259,8.070237530808381,99.65379369834591,2.414743846434343,2.415170669555664,1216x352,1344x392
297,2011_09_26_drive_0036_sync_image_0000000032_image_03.png,0-80m,89876,1.1421046837228572,114.21046837228572,8.138103169990053,99.22226178290089,2.414743846434343,2.415170669555664,1216x352,1344x392
298,2011_09_26_drive_0036_sync_image_0000000035_image_02.png,0-10m,40867,0.5981939822748228,59.81939822748228,7.916376607504118,99.96329556855164,2.400305702858971,2.415170669555664,1216x352,1344x392
298,2011_09_26_drive_0036_sync_image_0000000035_image_02.png,0-20m,73932,0.6765306692763736,67.65306692763737,6.943253974361846,99.871503543797,2.400305702858971,2.415170669555664,1216x352,1344x392
298,2011_09_26_drive_0036_sync_image_0000000035_image_02.png,0-40m,87806,0.8453572748668742,84.53572748668742,6.877082651108521,99.69022618044325,2.400305702858971,2.415170669555664,1216x352,1344x392
298,2011_09_26_drive_0036_sync_image_0000000035_image_02.png,0-80m,92634,1.056591657086363,105.6591657086363,7.011059131654205,99.09104648401235,2.400305702858971,2.415170669555664,1216x352,1344x392
299,2011_09_26_drive_0036_sync_image_0000000038_image_03.png,0-10m,38340,0.6137061550894565,61.37061550894565,8.352824292791519,99.83046426708398,2.4051533778743917,2.415170669555664,1216x352,1344x392
299,2011_09_26_drive_0036_sync_image_0000000038_image_03.png,0-20m,73015,0.6696355158275491,66.96355158275492,6.951252222877399,99.74388824214202,2.4051533778743917,2.415170669555664,1216x352,1344x392
299,2011_09_26_drive_0036_sync_image_0000000038_image_03.png,0-40m,85482,0.8469328744870946,84.69328744870947,6.986335763399112,99.59523642404248,2.4051533778743917,2.415170669555664,1216x352,1344x392
299,2011_09_26_drive_0036_sync_image_0000000038_image_03.png,0-80m,90687,1.017171607848868,101.7171607848868,7.009210991658533,99.3725671816247,2.4051533778743917,2.415170669555664,1216x352,1344x392
300,2011_09_26_drive_0036_sync_image_0000000041_image_02.png,0-10m,38168,0.5066981524122858,50.66981524122858,6.549854514355684,100.0,2.4078126778485363,2.415170669555664,1216x352,1344x392
300,2011_09_26_drive_0036_sync_image_0000000041_image_02.png,0-20m,75638,0.6189548818346226,61.895488183462255,5.981860046555754,99.6483249160475,2.4078126778485363,2.415170669555664,1216x352,1344x392
300,2011_09_26_drive_0036_sync_image_0000000041_image_02.png,0-40m,90536,0.8183622527345811,81.83622527345811,6.169444310896252,99.41570204117698,2.4078126778485363,2.415170669555664,1216x352,1344x392
300,2011_09_26_drive_0036_sync_image_0000000041_image_02.png,0-80m,96633,1.0311832176170126,103.11832176170125,6.304393580407479,99.25180838843873,2.4078126778485363,2.415170669555664,1216x352,1344x392
301,2011_09_26_drive_0036_sync_image_0000000044_image_03.png,0-10m,40564,0.42581886550917236,42.58188655091723,5.368229369267385,99.64254018341386,2.4024306832617195,2.415170669555664,1216x352,1344x392
301,2011_09_26_drive_0036_sync_image_0000000044_image_03.png,0-20m,75047,0.6070880603016384,60.70880603016384,5.556839429681351,99.65621543832532,2.4024306832617195,2.415170669555664,1216x352,1344x392
301,2011_09_26_drive_0036_sync_image_0000000044_image_03.png,0-40m,89721,0.8224005252619468,82.24005252619469,5.922259047081084,99.4393731679317,2.4024306832617195,2.415170669555664,1216x352,1344x392
301,2011_09_26_drive_0036_sync_image_0000000044_image_03.png,0-80m,95262,1.0433003711223912,104.33003711223911,6.133997558007134,98.87363271818774,2.4024306832617195,2.415170669555664,1216x352,1344x392
302,2011_09_26_drive_0036_sync_image_0000000047_image_02.png,0-10m,40506,0.3894972014602588,38.94972014602588,4.942274042515877,99.86668641682714,2.378991978278458,2.415170669555664,1216x352,1344x392
302,2011_09_26_drive_0036_sync_image_0000000047_image_02.png,0-20m,80073,0.7179334513732241,71.7933451373224,6.000830932991812,99.68154059420779,2.378991978278458,2.415170669555664,1216x352,1344x392
302,2011_09_26_drive_0036_sync_image_0000000047_image_02.png,0-40m,92666,0.8900583740642578,89.00583740642578,6.220133732334867,99.59639997410054,2.378991978278458,2.415170669555664,1216x352,1344x392
302,2011_09_26_drive_0036_sync_image_0000000047_image_02.png,0-80m,97734,1.1167588011078318,111.67588011078318,6.469223155953306,98.87244971043853,2.378991978278458,2.415170669555664,1216x352,1344x392
303,2011_09_26_drive_0036_sync_image_0000000050_image_03.png,0-10m,36513,0.48166007078575773,48.166007078575774,6.127723518144423,100.0,2.375906972822594,2.415170669555664,1216x352,1344x392
303,2011_09_26_drive_0036_sync_image_0000000050_image_03.png,0-20m,75680,0.7432626739049815,74.32626739049815,6.492731115667039,99.33535940803382,2.375906972822594,2.415170669555664,1216x352,1344x392
303,2011_09_26_drive_0036_sync_image_0000000050_image_03.png,0-40m,86185,0.8741413398125667,87.41413398125667,6.498712562169399,99.18663340488484,2.375906972822594,2.415170669555664,1216x352,1344x392
303,2011_09_26_drive_0036_sync_image_0000000050_image_03.png,0-80m,89858,1.0593684597234436,105.93684597234436,6.692068037487905,98.4086002359278,2.375906972822594,2.415170669555664,1216x352,1344x392
304,2011_09_26_drive_0036_sync_image_0000000053_image_02.png,0-10m,41065,0.46648290439774315,46.648290439774314,5.984220129578039,99.99269450870571,2.4220241436978647,2.415170669555664,1216x352,1344x392
304,2011_09_26_drive_0036_sync_image_0000000053_image_02.png,0-20m,76737,0.7373219594730873,73.73219594730872,6.645234240651217,99.37579003609733,2.4220241436978647,2.415170669555664,1216x352,1344x392
304,2011_09_26_drive_0036_sync_image_0000000053_image_02.png,0-40m,87438,0.8861573438265504,88.61573438265505,6.663650393817856,99.02330794391455,2.4220241436978647,2.415170669555664,1216x352,1344x392
304,2011_09_26_drive_0036_sync_image_0000000053_image_02.png,0-80m,90304,1.0448509233057879,104.4850923305788,6.8351776417286665,98.26696491849752,2.4220241436978647,2.415170669555664,1216x352,1344x392
305,2011_09_26_drive_0036_sync_image_0000000056_image_03.png,0-10m,37079,0.53425693945346,53.425693945346,6.9035983419451705,99.88672833679442,2.4113549741199582,2.415170669555664,1216x352,1344x392
305,2011_09_26_drive_0036_sync_image_0000000056_image_03.png,0-20m,71977,0.7974709401519622,79.74709401519621,7.407691964318368,99.43176292426747,2.4113549741199582,2.415170669555664,1216x352,1344x392
305,2011_09_26_drive_0036_sync_image_0000000056_image_03.png,0-40m,83936,0.9409271882398865,94.09271882398865,7.250152509784756,98.96111322912695,2.4113549741199582,2.415170669555664,1216x352,1344x392
305,2011_09_26_drive_0036_sync_image_0000000056_image_03.png,0-80m,86398,1.0474914579955088,104.74914579955087,7.31762983045377,98.74881362994515,2.4113549741199582,2.415170669555664,1216x352,1344x392
306,2011_09_26_drive_0036_sync_image_0000000059_image_02.png,0-10m,34113,0.5985958433555214,59.85958433555214,7.884942534477463,99.93257702342216,2.3942845553583516,2.415170669555664,1216x352,1344x392
306,2011_09_26_drive_0036_sync_image_0000000059_image_02.png,0-20m,68991,0.783305216636624,78.3305216636624,7.6501561043993,98.99407169051035,2.3942845553583516,2.415170669555664,1216x352,1344x392
306,2011_09_26_drive_0036_sync_image_0000000059_image_02.png,0-40m,82115,0.9701752280561815,97.01752280561816,7.492535936404633,98.7541862022773,2.3942845553583516,2.415170669555664,1216x352,1344x392
306,2011_09_26_drive_0036_sync_image_0000000059_image_02.png,0-80m,84607,1.0773679989608675,107.73679989608675,7.558829806676372,98.342926708192,2.3942845553583516,2.415170669555664,1216x352,1344x392
307,2011_09_26_drive_0036_sync_image_0000000062_image_03.png,0-10m,32229,0.6544706693906316,65.44706693906316,8.31403824164588,99.16845077414752,2.4084656604315757,2.415170669555664,1216x352,1344x392
307,2011_09_26_drive_0036_sync_image_0000000062_image_03.png,0-20m,58911,0.7782518422463375,77.82518422463374,7.721628425299976,99.13258983890955,2.4084656604315757,2.415170669555664,1216x352,1344x392
307,2011_09_26_drive_0036_sync_image_0000000062_image_03.png,0-40m,73310,1.030560282222767,103.05602822227671,7.616433716206528,98.28263538398582,2.4084656604315757,2.415170669555664,1216x352,1344x392
307,2011_09_26_drive_0036_sync_image_0000000062_image_03.png,0-80m,75649,1.1553499525298596,115.53499525298596,7.707316398006893,97.92462557337176,2.4084656604315757,2.415170669555664,1216x352,1344x392
308,2011_09_26_drive_0036_sync_image_0000000065_image_02.png,0-10m,33293,0.6514094470839371,65.1409447083937,8.83927526226596,99.21004415342564,2.4066386646872697,2.415170669555664,1216x352,1344x392
308,2011_09_26_drive_0036_sync_image_0000000065_image_02.png,0-20m,59878,0.8559029669205648,85.59029669205648,8.347213924442233,99.35368582784996,2.4066386646872697,2.415170669555664,1216x352,1344x392
308,2011_09_26_drive_0036_sync_image_0000000065_image_02.png,0-40m,75723,1.076230202427351,107.6230202427351,7.977758353687476,98.91710576707209,2.4066386646872697,2.415170669555664,1216x352,1344x392
308,2011_09_26_drive_0036_sync_image_0000000065_image_02.png,0-80m,77756,1.178122649483367,117.8122649483367,8.02426740974347,98.64190544781111,2.4066386646872697,2.415170669555664,1216x352,1344x392
309,2011_09_26_drive_0036_sync_image_0000000068_image_03.png,0-10m,40149,0.7580493697104898,75.80493697104897,11.285317870050743,99.39226381728064,2.3934186730538958,2.415170669555664,1216x352,1344x392
309,2011_09_26_drive_0036_sync_image_0000000068_image_03.png,0-20m,71086,0.8890866382145585,88.90866382145585,9.675817617685684,99.14891821174352,2.3934186730538958,2.415170669555664,1216x352,1344x392
309,2011_09_26_drive_0036_sync_image_0000000068_image_03.png,0-40m,87571,1.1323437141999955,113.23437141999955,9.247722779512095,98.84322435509473,2.3934186730538958,2.415170669555664,1216x352,1344x392
309,2011_09_26_drive_0036_sync_image_0000000068_image_03.png,0-80m,88919,1.2250414721754155,122.50414721754154,9.312333945603179,98.63696172921424,2.3934186730538958,2.415170669555664,1216x352,1344x392
310,2011_09_26_drive_0036_sync_image_0000000071_image_02.png,0-10m,43648,0.5116236409134179,51.16236409134179,6.689141446225669,99.95876099706746,2.39216422695553,2.415170669555664,1216x352,1344x392
310,2011_09_26_drive_0036_sync_image_0000000071_image_02.png,0-20m,76430,0.75608631504248,75.60863150424801,7.206054125089853,99.81420908020411,2.39216422695553,2.415170669555664,1216x352,1344x392
310,2011_09_26_drive_0036_sync_image_0000000071_image_02.png,0-40m,95787,1.154564910833196,115.45649108331959,7.66423719275118,98.69397726205017,2.39216422695553,2.415170669555664,1216x352,1344x392
310,2011_09_26_drive_0036_sync_image_0000000071_image_02.png,0-80m,97001,1.2320384798690849,123.20384798690849,7.7485312844664405,98.56702508221564,2.39216422695553,2.415170669555664,1216x352,1344x392
311,2011_09_26_drive_0036_sync_image_0000000074_image_03.png,0-10m,39474,0.44047020317217184,44.04702031721718,5.762229138180013,99.5161372042357,2.3452960631287216,2.415170669555664,1216x352,1344x392
311,2011_09_26_drive_0036_sync_image_0000000074_image_03.png,0-20m,69755,0.596879534174162,59.687953417416196,5.800610188417907,99.28893986094187,2.3452960631287216,2.415170669555664,1216x352,1344x392
311,2011_09_26_drive_0036_sync_image_0000000074_image_03.png,0-40m,88000,0.8605206011533737,86.05206011533737,6.009855173143615,98.88181818181818,2.3452960631287216,2.415170669555664,1216x352,1344x392
311,2011_09_26_drive_0036_sync_image_0000000074_image_03.png,0-80m,89417,0.9569262833575385,95.69262833575385,6.127937367982432,98.76645380632318,2.3452960631287216,2.415170669555664,1216x352,1344x392
312,2011_09_26_drive_0036_sync_image_0000000077_image_02.png,0-10m,41180,0.35950502260846384,35.950502260846385,4.5893904975972655,99.98785818358427,2.2631300581984966,2.415170669555664,1216x352,1344x392
312,2011_09_26_drive_0036_sync_image_0000000077_image_02.png,0-20m,70432,0.5546134853365745,55.46134853365745,5.165988985996116,99.69758064516128,2.2631300581984966,2.415170669555664,1216x352,1344x392
312,2011_09_26_drive_0036_sync_image_0000000077_image_02.png,0-40m,91512,0.879303656718418,87.9303656718418,5.733264131408865,99.45690182708279,2.2631300581984966,2.415170669555664,1216x352,1344x392
312,2011_09_26_drive_0036_sync_image_0000000077_image_02.png,0-80m,92789,0.9845021766567876,98.45021766567876,5.880806425225252,99.14429512118893,2.2631300581984966,2.415170669555664,1216x352,1344x392
313,2011_09_26_drive_0036_sync_image_0000000080_image_03.png,0-10m,38454,0.4002344787613727,40.02344787613727,5.150113568904464,99.93498725750247,2.102470634361768,2.415170669555664,1216x352,1344x392
313,2011_09_26_drive_0036_sync_image_0000000080_image_03.png,0-20m,69430,0.6610435637276677,66.10435637276677,5.9883968958516745,99.67593259397954,2.102470634361768,2.415170669555664,1216x352,1344x392
313,2011_09_26_drive_0036_sync_image_0000000080_image_03.png,0-40m,89005,0.9347559088422009,93.4755908842201,6.3009637635188005,99.4494691309477,2.102470634361768,2.415170669555664,1216x352,1344x392
313,2011_09_26_drive_0036_sync_image_0000000080_image_03.png,0-80m,90019,1.0254232019050613,102.54232019050613,6.424131681695082,99.16906430864594,2.102470634361768,2.415170669555664,1216x352,1344x392
314,2011_09_26_drive_0036_sync_image_0000000083_image_02.png,0-10m,36464,0.3578697691208545,35.78697691208545,4.518766406861043,99.59412022817024,2.1304391176410404,2.415170669555664,1216x352,1344x392
314,2011_09_26_drive_0036_sync_image_0000000083_image_02.png,0-20m,69580,0.6229164009842595,62.29164009842595,5.44923270183681,99.63782696177063,2.1304391176410404,2.415170669555664,1216x352,1344x392
314,2011_09_26_drive_0036_sync_image_0000000083_image_02.png,0-40m,82316,0.9396232256267664,93.96232256267663,6.152166403484799,98.8058214684873,2.1304391176410404,2.415170669555664,1216x352,1344x392
314,2011_09_26_drive_0036_sync_image_0000000083_image_02.png,0-80m,83565,1.0524793352293582,105.24793352293582,6.310227063604716,98.61664572488482,2.1304391176410404,2.415170669555664,1216x352,1344x392
315,2011_09_26_drive_0036_sync_image_0000000086_image_03.png,0-10m,39059,0.48153257101416364,48.153257101416365,6.186770338876076,99.6108451317238,2.353933705740132,2.415170669555664,1216x352,1344x392
315,2011_09_26_drive_0036_sync_image_0000000086_image_03.png,0-20m,73230,0.7820049420351151,78.20049420351151,6.960013226442157,99.52068824252356,2.353933705740132,2.415170669555664,1216x352,1344x392
315,2011_09_26_drive_0036_sync_image_0000000086_image_03.png,0-40m,81048,1.011620839619234,101.16208396192341,7.434680535901338,99.2942453854506,2.353933705740132,2.415170669555664,1216x352,1344x392
315,2011_09_26_drive_0036_sync_image_0000000086_image_03.png,0-80m,82184,1.106181519034774,110.6181519034774,7.544768901110799,99.12148350043805,2.353933705740132,2.415170669555664,1216x352,1344x392
316,2011_09_26_drive_0036_sync_image_0000000089_image_02.png,0-10m,40238,0.5343862976585398,53.43862976585398,7.005241579918044,99.8682837119141,2.2265848440230624,2.415170669555664,1216x352,1344x392
316,2011_09_26_drive_0036_sync_image_0000000089_image_02.png,0-20m,73598,0.878157949832481,87.8157949832481,8.184754408222124,97.45101769069812,2.2265848440230624,2.415170669555664,1216x352,1344x392
316,2011_09_26_drive_0036_sync_image_0000000089_image_02.png,0-40m,81594,1.1425959678404174,114.25959678404173,8.693773791395785,97.32946049954654,2.2265848440230624,2.415170669555664,1216x352,1344x392
316,2011_09_26_drive_0036_sync_image_0000000089_image_02.png,0-80m,83101,1.2748243561522732,127.48243561522732,8.834737010352152,97.0662206230972,2.2265848440230624,2.415170669555664,1216x352,1344x392
317,2011_09_26_drive_0036_sync_image_0000000092_image_03.png,0-10m,42252,0.5104916451228542,51.049164512285415,6.468920077186308,99.86509514342517,2.328299007538606,2.415170669555664,1216x352,1344x392
317,2011_09_26_drive_0036_sync_image_0000000092_image_03.png,0-20m,67150,0.8907999754626629,89.07999754626628,8.481724706992582,96.4795234549516,2.328299007538606,2.415170669555664,1216x352,1344x392
317,2011_09_26_drive_0036_sync_image_0000000092_image_03.png,0-40m,74698,1.2016178874555319,120.1617887455532,9.137499860614898,96.16723339312966,2.328299007538606,2.415170669555664,1216x352,1344x392
317,2011_09_26_drive_0036_sync_image_0000000092_image_03.png,0-80m,76697,1.4036433190452786,140.36433190452786,9.33979078126074,95.61521311133421,2.328299007538606,2.415170669555664,1216x352,1344x392
318,2011_09_26_drive_0036_sync_image_0000000095_image_02.png,0-10m,44428,0.776576363655067,77.6576363655067,9.980244933376447,96.50670748176825,2.333838298029256,2.415170669555664,1216x352,1344x392
318,2011_09_26_drive_0036_sync_image_0000000095_image_02.png,0-20m,68007,1.0637319638427,106.37319638427,10.441521775982771,97.41203111444409,2.333838298029256,2.415170669555664,1216x352,1344x392
318,2011_09_26_drive_0036_sync_image_0000000095_image_02.png,0-40m,74600,1.3284084718860187,132.84084718860188,10.879294154699682,96.9450402144772,2.333838298029256,2.415170669555664,1216x352,1344x392
318,2011_09_26_drive_0036_sync_image_0000000095_image_02.png,0-80m,77091,1.5760607571838212,157.60607571838213,11.063849327852713,96.11627816476631,2.333838298029256,2.415170669555664,1216x352,1344x392
319,2011_09_26_drive_0036_sync_image_0000000098_image_03.png,0-10m,34671,0.5323433536196054,53.23433536196054,7.07877564951028,99.56159326238067,2.3195091363114346,2.415170669555664,1216x352,1344x392
319,2011_09_26_drive_0036_sync_image_0000000098_image_03.png,0-20m,55934,0.9179472607939185,91.79472607939185,8.5186711499488,98.88797511352666,2.3195091363114346,2.415170669555664,1216x352,1344x392
319,2011_09_26_drive_0036_sync_image_0000000098_image_03.png,0-40m,62846,1.2620521549264552,126.20521549264552,9.189265857476911,98.22423065907138,2.3195091363114346,2.415170669555664,1216x352,1344x392
319,2011_09_26_drive_0036_sync_image_0000000098_image_03.png,0-80m,66415,1.784553132247092,178.4553132247092,9.660724285996052,95.99638635850334,2.3195091363114346,2.415170669555664,1216x352,1344x392
320,2011_09_26_drive_0036_sync_image_0000000101_image_02.png,0-10m,34809,0.3435337396089812,34.35337396089812,4.341049459190679,99.89657847108506,2.3440992341557796,2.415170669555664,1216x352,1344x392
320,2011_09_26_drive_0036_sync_image_0000000101_image_02.png,0-20m,58853,0.6707439957877448,67.07439957877448,5.9250346177869355,99.61259409036073,2.3440992341557796,2.415170669555664,1216x352,1344x392
320,2011_09_26_drive_0036_sync_image_0000000101_image_02.png,0-40m,68385,1.1140407815822917,111.40407815822917,6.9955754186476495,99.014403743511,2.3440992341557796,2.415170669555664,1216x352,1344x392
320,2011_09_26_drive_0036_sync_image_0000000101_image_02.png,0-80m,72305,1.752813616033725,175.28136160337252,7.650970112215597,95.88133600719175,2.3440992341557796,2.415170669555664,1216x352,1344x392
321,2011_09_26_drive_0036_sync_image_0000000104_image_03.png,0-10m,31854,0.3247933289706389,32.47933289706389,4.224747489894933,99.9403528599234,2.3497372405983983,2.415170669555664,1216x352,1344x392
321,2011_09_26_drive_0036_sync_image_0000000104_image_03.png,0-20m,54686,0.5473219945340683,54.73219945340683,5.010709876423272,98.61390483853272,2.3497372405983983,2.415170669555664,1216x352,1344x392
321,2011_09_26_drive_0036_sync_image_0000000104_image_03.png,0-40m,63355,0.9784335255180686,97.84335255180686,6.143812376472872,97.37826533028175,2.3497372405983983,2.415170669555664,1216x352,1344x392
321,2011_09_26_drive_0036_sync_image_0000000104_image_03.png,0-80m,68472,1.7742977317756463,177.42977317756464,6.937995309115166,94.2385208552401,2.3497372405983983,2.415170669555664,1216x352,1344x392
322,2011_09_26_drive_0036_sync_image_0000000107_image_02.png,0-10m,33011,0.32383581302884684,32.383581302884686,4.17955849253367,99.92729696161885,2.2906427015464668,2.415170669555664,1216x352,1344x392
322,2011_09_26_drive_0036_sync_image_0000000107_image_02.png,0-20m,50324,0.6995097594423766,69.95097594423765,6.062649097442757,97.4703918607424,2.2906427015464668,2.415170669555664,1216x352,1344x392
322,2011_09_26_drive_0036_sync_image_0000000107_image_02.png,0-40m,58996,1.1524127165304054,115.24127165304054,7.129271250203891,96.99640653603635,2.2906427015464668,2.415170669555664,1216x352,1344x392
322,2011_09_26_drive_0036_sync_image_0000000107_image_02.png,0-80m,64811,2.2684844578938996,226.84844578938996,8.264552513528013,90.67905139559642,2.2906427015464668,2.415170669555664,1216x352,1344x392
323,2011_09_26_drive_0036_sync_image_0000000110_image_03.png,0-10m,27788,0.4856343730775782,48.563437307757816,6.4608378749669,98.68648337411832,2.271922289372242,2.415170669555664,1216x352,1344x392
323,2011_09_26_drive_0036_sync_image_0000000110_image_03.png,0-20m,44761,0.8193335582678355,81.93335582678355,7.469623741508916,96.84099997765912,2.271922289372242,2.415170669555664,1216x352,1344x392
323,2011_09_26_drive_0036_sync_image_0000000110_image_03.png,0-40m,54014,1.2220596163647255,122.20596163647255,8.155644265122763,96.52312363461326,2.271922289372242,2.415170669555664,1216x352,1344x392
323,2011_09_26_drive_0036_sync_image_0000000110_image_03.png,0-80m,59659,2.2158485420046863,221.58485420046864,9.069160815283874,93.47458053269413,2.271922289372242,2.415170669555664,1216x352,1344x392
324,2011_09_26_drive_0036_sync_image_0000000113_image_02.png,0-10m,25684,0.39448871879521197,39.4488718795212,5.803880100630056,99.12007475471111,2.3203212809973626,2.415170669555664,1216x352,1344x392
324,2011_09_26_drive_0036_sync_image_0000000113_image_02.png,0-20m,45318,0.795883213770327,79.5883213770327,7.268365583609748,96.63930447062977,2.3203212809973626,2.415170669555664,1216x352,1344x392
324,2011_09_26_drive_0036_sync_image_0000000113_image_02.png,0-40m,55069,1.132943510041584,113.29435100415839,7.795520137124925,96.59881239899035,2.3203212809973626,2.415170669555664,1216x352,1344x392
324,2011_09_26_drive_0036_sync_image_0000000113_image_02.png,0-80m,61255,2.1538242913958356,215.38242913958356,8.766086335012304,95.90890539547792,2.3203212809973626,2.415170669555664,1216x352,1344x392
325,2011_09_26_drive_0036_sync_image_0000000116_image_03.png,0-10m,22606,0.41573961548053046,41.57396154805305,5.774904470337816,99.68150048659648,2.208322549436779,2.415170669555664,1216x352,1344x392
325,2011_09_26_drive_0036_sync_image_0000000116_image_03.png,0-20m,44185,1.0051941106879794,100.51941106879794,8.873800526285988,95.81532194183546,2.208322549436779,2.415170669555664,1216x352,1344x392
325,2011_09_26_drive_0036_sync_image_0000000116_image_03.png,0-40m,54887,1.2928834097665192,129.2883409766519,9.022441489941714,95.99176489879207,2.208322549436779,2.415170669555664,1216x352,1344x392
325,2011_09_26_drive_0036_sync_image_0000000116_image_03.png,0-80m,62305,2.3379766290083177,233.79766290083177,9.83967723119774,95.4594334323088,2.208322549436779,2.415170669555664,1216x352,1344x392
326,2011_09_26_drive_0036_sync_image_0000000119_image_02.png,0-10m,26827,0.7240231051448385,72.40231051448384,9.464066650828682,99.31785141834719,2.1925401015217814,2.415170669555664,1216x352,1344x392
326,2011_09_26_drive_0036_sync_image_0000000119_image_02.png,0-20m,54130,0.921924323892937,92.1924323892937,8.842908411988475,99.2684278588583,2.1925401015217814,2.415170669555664,1216x352,1344x392
326,2011_09_26_drive_0036_sync_image_0000000119_image_02.png,0-40m,66552,1.1658283044890954,116.58283044890953,8.815233476838715,98.77238850823417,2.1925401015217814,2.415170669555664,1216x352,1344x392
326,2011_09_26_drive_0036_sync_image_0000000119_image_02.png,0-80m,75369,1.9489010614458586,194.89010614458587,9.301978753540102,98.8456792580504,2.1925401015217814,2.415170669555664,1216x352,1344x392
327,2011_09_26_drive_0036_sync_image_0000000122_image_03.png,0-10m,30518,0.6038642188060392,60.386421880603926,7.799361416554045,99.81650173668,2.3065917085927095,2.415170669555664,1216x352,1344x392
327,2011_09_26_drive_0036_sync_image_0000000122_image_03.png,0-20m,53004,0.7658520341864101,76.58520341864102,7.541876789509552,99.53777073428421,2.3065917085927095,2.415170669555664,1216x352,1344x392
327,2011_09_26_drive_0036_sync_image_0000000122_image_03.png,0-40m,62900,0.9799596341425739,97.99596341425739,7.600782064216075,98.80763116057234,2.3065917085927095,2.415170669555664,1216x352,1344x392
327,2011_09_26_drive_0036_sync_image_0000000122_image_03.png,0-80m,71898,1.6856430347395088,168.56430347395087,8.021155126487244,98.85115024061865,2.3065917085927095,2.415170669555664,1216x352,1344x392
328,2011_09_26_drive_0036_sync_image_0000000125_image_02.png,0-10m,26823,0.9655112306556948,96.55112306556947,12.809882322986768,99.19099280468255,2.196921980454123,2.415170669555664,1216x352,1344x392
328,2011_09_26_drive_0036_sync_image_0000000125_image_02.png,0-20m,51464,1.159892276663738,115.98922766637381,11.353827740081526,99.31408363127623,2.196921980454123,2.415170669555664,1216x352,1344x392
328,2011_09_26_drive_0036_sync_image_0000000125_image_02.png,0-40m,63719,1.294708846680617,129.4708846680617,10.56520233778797,98.73977934368085,2.196921980454123,2.415170669555664,1216x352,1344x392
328,2011_09_26_drive_0036_sync_image_0000000125_image_02.png,0-80m,72442,2.0385704668251257,203.85704668251256,10.835744441791325,98.83631042765246,2.196921980454123,2.415170669555664,1216x352,1344x392
329,2011_09_26_drive_0036_sync_image_0000000128_image_03.png,0-10m,25963,0.8813149236739244,88.13149236739244,11.243422510276266,99.83823132919925,1.930372245210145,2.415170669555664,1216x352,1344x392
329,2011_09_26_drive_0036_sync_image_0000000128_image_03.png,0-20m,53231,1.1413440375860073,114.13440375860074,10.478408545841676,99.66560838609081,1.930372245210145,2.415170669555664,1216x352,1344x392
329,2011_09_26_drive_0036_sync_image_0000000128_image_03.png,0-40m,66015,1.2700337049681734,127.00337049681734,9.843967115779066,98.84117246080436,1.930372245210145,2.415170669555664,1216x352,1344x392
329,2011_09_26_drive_0036_sync_image_0000000128_image_03.png,0-80m,74595,1.6926487305423388,169.26487305423387,9.702236355619654,98.87391916348281,1.930372245210145,2.415170669555664,1216x352,1344x392
330,2011_09_26_drive_0036_sync_image_0000000131_image_02.png,0-10m,25519,1.1445218773722308,114.45218773722307,14.839348022225321,97.77812610211998,1.9942068291589161,2.415170669555664,1216x352,1344x392
330,2011_09_26_drive_0036_sync_image_0000000131_image_02.png,0-20m,60324,1.2964909161111813,129.64909161111814,12.041219305300077,98.80976062595319,1.9942068291589161,2.415170669555664,1216x352,1344x392
330,2011_09_26_drive_0036_sync_image_0000000131_image_02.png,0-40m,72110,1.3389458113810404,133.89458113810403,11.100491546864596,98.41769518790736,1.9942068291589161,2.415170669555664,1216x352,1344x392
330,2011_09_26_drive_0036_sync_image_0000000131_image_02.png,0-80m,79357,1.666684388618657,166.6684388618657,10.906667495212421,98.462643497108,1.9942068291589161,2.415170669555664,1216x352,1344x392
331,2011_09_26_drive_0036_sync_image_0000000134_image_03.png,0-10m,22159,0.9520340605146634,95.20340605146635,12.47010002776196,98.62809693578231,2.145741786181672,2.415170669555664,1216x352,1344x392
331,2011_09_26_drive_0036_sync_image_0000000134_image_03.png,0-20m,57453,1.111930705800811,111.1930705800811,10.202725269780691,99.04269576871529,2.145741786181672,2.415170669555664,1216x352,1344x392
331,2011_09_26_drive_0036_sync_image_0000000134_image_03.png,0-40m,65074,1.2284498648736262,122.84498648736262,10.005895488056387,98.52629314319083,2.145741786181672,2.415170669555664,1216x352,1344x392
331,2011_09_26_drive_0036_sync_image_0000000134_image_03.png,0-80m,70886,1.4715078996521582,147.15078996521584,9.81767060177772,98.53144485511949,2.145741786181672,2.415170669555664,1216x352,1344x392
332,2011_09_26_drive_0036_sync_image_0000000137_image_02.png,0-10m,26583,1.086715686152196,108.6715686152196,13.97054905869242,98.75484332091938,2.2428851757539947,2.415170669555664,1216x352,1344x392
332,2011_09_26_drive_0036_sync_image_0000000137_image_02.png,0-20m,61735,1.1952871442352837,119.52871442352837,11.489651617266533,98.62476714991496,2.2428851757539947,2.415170669555664,1216x352,1344x392
332,2011_09_26_drive_0036_sync_image_0000000137_image_02.png,0-40m,68493,1.3074582642116404,130.74582642116403,11.223365837553652,98.17353598177915,2.2428851757539947,2.415170669555664,1216x352,1344x392
332,2011_09_26_drive_0036_sync_image_0000000137_image_02.png,0-80m,73113,1.5567701857770853,155.67701857770854,11.12935254085782,98.05232995500116,2.2428851757539947,2.415170669555664,1216x352,1344x392
333,2011_09_26_drive_0036_sync_image_0000000140_image_03.png,0-10m,34941,1.0527999992481964,105.27999992481965,13.322941572592804,99.56211900060102,2.3479921614677903,2.415170669555664,1216x352,1344x392
333,2011_09_26_drive_0036_sync_image_0000000140_image_03.png,0-20m,62965,1.0488259895737893,104.88259895737893,10.93564602496111,98.87397760660684,2.3479921614677903,2.415170669555664,1216x352,1344x392
333,2011_09_26_drive_0036_sync_image_0000000140_image_03.png,0-40m,70111,1.1103648720111878,111.03648720111879,10.436693659325531,98.649284705681,2.3479921614677903,2.415170669555664,1216x352,1344x392
333,2011_09_26_drive_0036_sync_image_0000000140_image_03.png,0-80m,73490,1.4384812105689864,143.84812105689863,10.647207106591685,98.4827867737107,2.3479921614677903,2.415170669555664,1216x352,1344x392
334,2011_09_26_drive_0036_sync_image_0000000143_image_02.png,0-10m,38279,0.8302590014210234,83.02590014210234,11.15160091195261,99.83803129653334,2.3851041658201573,2.415170669555664,1216x352,1344x392
334,2011_09_26_drive_0036_sync_image_0000000143_image_02.png,0-20m,64821,0.7867797896302995,78.67797896302994,8.703847992621123,99.33046389287422,2.3851041658201573,2.415170669555664,1216x352,1344x392
334,2011_09_26_drive_0036_sync_image_0000000143_image_02.png,0-40m,71929,0.8853193323599187,88.53193323599187,8.505989756674841,99.07130642717124,2.3851041658201573,2.415170669555664,1216x352,1344x392
334,2011_09_26_drive_0036_sync_image_0000000143_image_02.png,0-80m,73977,1.0219249818740697,102.19249818740697,8.56163487789592,98.84288359895643,2.3851041658201573,2.415170669555664,1216x352,1344x392
335,2011_09_26_drive_0036_sync_image_0000000146_image_03.png,0-10m,33712,0.7834545510551858,78.34545510551858,11.111588403194194,99.89617940199335,2.408304991698192,2.415170669555664,1216x352,1344x392
335,2011_09_26_drive_0036_sync_image_0000000146_image_03.png,0-20m,63786,0.7314436748552363,73.14436748552363,8.219015833499885,98.91982566707428,2.408304991698192,2.415170669555664,1216x352,1344x392
335,2011_09_26_drive_0036_sync_image_0000000146_image_03.png,0-40m,70880,0.8028506542772526,80.28506542772526,7.892851957068152,98.78244920993228,2.408304991698192,2.415170669555664,1216x352,1344x392
335,2011_09_26_drive_0036_sync_image_0000000146_image_03.png,0-80m,72692,0.9178239124974321,91.78239124974321,7.928439339021823,98.5569251086777,2.408304991698192,2.415170669555664,1216x352,1344x392
336,2011_09_26_drive_0036_sync_image_0000000149_image_02.png,0-10m,35568,0.5857576987548181,58.57576987548181,8.058231343610316,99.93814664867297,2.23050930780708,2.415170669555664,1216x352,1344x392
336,2011_09_26_drive_0036_sync_image_0000000149_image_02.png,0-20m,67551,0.574881796512072,57.488179651207204,6.168128794733119,99.65951651344909,2.23050930780708,2.415170669555664,1216x352,1344x392
336,2011_09_26_drive_0036_sync_image_0000000149_image_02.png,0-40m,77458,0.7027074908757118,70.27074908757118,6.086209777396991,99.35190683983578,2.23050930780708,2.415170669555664,1216x352,1344x392
336,2011_09_26_drive_0036_sync_image_0000000149_image_02.png,0-80m,79691,0.8913668649931498,89.13668649931498,6.267383273861831,98.68241081176042,2.23050930780708,2.415170669555664,1216x352,1344x392
337,2011_09_26_drive_0036_sync_image_0000000152_image_03.png,0-10m,31792,0.5517010048264286,55.17010048264286,7.317206743509274,99.6665827881228,2.2919131905164174,2.415170669555664,1216x352,1344x392
337,2011_09_26_drive_0036_sync_image_0000000152_image_03.png,0-20m,61457,0.5267877224659108,52.67877224659108,5.61375384384045,99.54439689539028,2.2919131905164174,2.415170669555664,1216x352,1344x392
337,2011_09_26_drive_0036_sync_image_0000000152_image_03.png,0-40m,72933,0.7027336555573169,70.27336555573169,5.7231884928039625,99.05941069200499,2.2919131905164174,2.415170669555664,1216x352,1344x392
337,2011_09_26_drive_0036_sync_image_0000000152_image_03.png,0-80m,74947,0.9356517628777097,93.56517628777097,5.9826102759479145,98.28278650246173,2.2919131905164174,2.415170669555664,1216x352,1344x392
338,2011_09_26_drive_0036_sync_image_0000000155_image_02.png,0-10m,34721,0.7590072464824138,75.90072464824138,9.920484350260612,99.41821952132716,2.318261081635095,2.415170669555664,1216x352,1344x392
338,2011_09_26_drive_0036_sync_image_0000000155_image_02.png,0-20m,65541,0.7482212686216396,74.82212686216397,7.8268127146800825,99.36070551257991,2.318261081635095,2.415170669555664,1216x352,1344x392
338,2011_09_26_drive_0036_sync_image_0000000155_image_02.png,0-40m,74830,0.821407874933972,82.1407874933972,7.482219836700074,99.15408258719765,2.318261081635095,2.415170669555664,1216x352,1344x392
338,2011_09_26_drive_0036_sync_image_0000000155_image_02.png,0-80m,76691,1.0048247353588007,100.48247353588008,7.614956735126017,98.50569167177375,2.318261081635095,2.415170669555664,1216x352,1344x392
339,2011_09_26_drive_0036_sync_image_0000000158_image_03.png,0-10m,35388,0.9114588725778414,91.14588725778414,12.374323031121131,98.77076975245846,2.3763191245008453,2.415170669555664,1216x352,1344x392
339,2011_09_26_drive_0036_sync_image_0000000158_image_03.png,0-20m,64290,0.8606421579189482,86.06421579189481,9.689254009755272,98.97651267693264,2.3763191245008453,2.415170669555664,1216x352,1344x392
339,2011_09_26_drive_0036_sync_image_0000000158_image_03.png,0-40m,73336,1.0471049835335484,104.71049835335484,9.55430463674018,98.83549689102215,2.3763191245008453,2.415170669555664,1216x352,1344x392
339,2011_09_26_drive_0036_sync_image_0000000158_image_03.png,0-80m,75182,1.2513198604391185,125.13198604391185,9.695773955661075,98.02213295735682,2.3763191245008453,2.415170669555664,1216x352,1344x392
340,2011_09_26_drive_0036_sync_image_0000000161_image_02.png,0-10m,37116,0.8682253423828107,86.82253423828107,11.502600202727029,98.91960340553939,2.379811204795629,2.415170669555664,1216x352,1344x392
340,2011_09_26_drive_0036_sync_image_0000000161_image_02.png,0-20m,62386,0.7710876610907901,77.10876610907901,8.76084175582257,99.2562433879396,2.379811204795629,2.415170669555664,1216x352,1344x392
340,2011_09_26_drive_0036_sync_image_0000000161_image_02.png,0-40m,70931,0.9586579630143014,95.86579630143014,8.743727904339545,98.9017495876274,2.379811204795629,2.415170669555664,1216x352,1344x392
340,2011_09_26_drive_0036_sync_image_0000000161_image_02.png,0-80m,72949,1.1781545902475434,117.81545902475435,8.907417715743767,98.07810936407627,2.379811204795629,2.415170669555664,1216x352,1344x392
341,2011_09_26_drive_0036_sync_image_0000000164_image_03.png,0-10m,32623,0.9416097026304951,94.16097026304952,12.524748052313587,99.69653312080435,2.2935322162412537,2.415170669555664,1216x352,1344x392
341,2011_09_26_drive_0036_sync_image_0000000164_image_03.png,0-20m,57298,0.9644339346437122,96.44339346437121,10.30175916521143,99.68759817096583,2.2935322162412537,2.415170669555664,1216x352,1344x392
341,2011_09_26_drive_0036_sync_image_0000000164_image_03.png,0-40m,65268,1.2660828190720124,126.60828190720123,10.650558296394614,98.44793773365203,2.2935322162412537,2.415170669555664,1216x352,1344x392
341,2011_09_26_drive_0036_sync_image_0000000164_image_03.png,0-80m,67300,1.541260739924472,154.1260739924472,10.851218964204447,97.23476968796435,2.2935322162412537,2.415170669555664,1216x352,1344x392
342,2011_09_26_drive_0036_sync_image_0000000167_image_02.png,0-10m,32584,0.7560705777441522,75.60705777441522,9.938489982761538,97.73508470414927,2.218978076342392,2.415170669555664,1216x352,1344x392
342,2011_09_26_drive_0036_sync_image_0000000167_image_02.png,0-20m,53546,0.8360177139909437,83.60177139909437,8.822597406043867,98.28932133119187,2.218978076342392,2.415170669555664,1216x352,1344x392
342,2011_09_26_drive_0036_sync_image_0000000167_image_02.png,0-40m,59722,1.0952584259412872,109.52584259412872,9.242223075311328,96.86547670875055,2.218978076342392,2.415170669555664,1216x352,1344x392
342,2011_09_26_drive_0036_sync_image_0000000167_image_02.png,0-80m,61808,1.4228571850556708,142.28571850556708,9.541602920601317,95.77724566399172,2.218978076342392,2.415170669555664,1216x352,1344x392
343,2011_09_26_drive_0036_sync_image_0000000170_image_03.png,0-10m,33611,0.7339938237586148,73.39938237586148,9.656271730798762,98.97057510933921,2.2879860597056587,2.415170669555664,1216x352,1344x392
343,2011_09_26_drive_0036_sync_image_0000000170_image_03.png,0-20m,48750,0.8841373386969933,88.41373386969933,9.238343548515004,99.03999999999999,2.2879860597056587,2.415170669555664,1216x352,1344x392
343,2011_09_26_drive_0036_sync_image_0000000170_image_03.png,0-40m,54022,1.0298758980646283,102.98758980646284,9.168269209015092,98.11373144274555,2.2879860597056587,2.415170669555664,1216x352,1344x392
343,2011_09_26_drive_0036_sync_image_0000000170_image_03.png,0-80m,55898,1.3521726465663686,135.21726465663687,9.482884361432504,97.29328419621453,2.2879860597056587,2.415170669555664,1216x352,1344x392
344,2011_09_26_drive_0036_sync_image_0000000173_image_02.png,0-10m,32264,0.4848155924649029,48.48155924649029,7.244859666918979,99.93181254649144,2.149343708717948,2.415170669555664,1216x352,1344x392
344,2011_09_26_drive_0036_sync_image_0000000173_image_02.png,0-20m,47116,0.5774672733663612,57.74672733663612,6.642033452190893,99.67102470498345,2.149343708717948,2.415170669555664,1216x352,1344x392
344,2011_09_26_drive_0036_sync_image_0000000173_image_02.png,0-40m,53519,0.6872656677653943,68.72656677653943,6.472526321843768,99.07322633083578,2.149343708717948,2.415170669555664,1216x352,1344x392
344,2011_09_26_drive_0036_sync_image_0000000173_image_02.png,0-80m,55045,0.9921744386640229,99.21744386640229,6.863779419957976,98.13425379235171,2.149343708717948,2.415170669555664,1216x352,1344x392
345,2011_09_26_drive_0036_sync_image_0000000176_image_03.png,0-10m,31125,0.5043118304287094,50.43118304287094,7.130552486327215,99.79437751004015,2.246619511641908,2.415170669555664,1216x352,1344x392
345,2011_09_26_drive_0036_sync_image_0000000176_image_03.png,0-20m,44863,0.5474525259800772,54.745252598007724,6.362412633798227,99.74812206049528,2.246619511641908,2.415170669555664,1216x352,1344x392
345,2011_09_26_drive_0036_sync_image_0000000176_image_03.png,0-40m,51297,0.7020740684766803,70.20740684766803,6.396273048834001,99.35083923036436,2.246619511641908,2.415170669555664,1216x352,1344x392
345,2011_09_26_drive_0036_sync_image_0000000176_image_03.png,0-80m,52616,0.9688170038178389,96.88170038178389,6.736993459456676,98.504257260149,2.246619511641908,2.415170669555664,1216x352,1344x392
346,2011_09_26_drive_0036_sync_image_0000000179_image_02.png,0-10m,32412,0.5968935118182918,59.689351181829174,8.4061124707925,99.53720844131803,2.1621401901388957,2.415170669555664,1216x352,1344x392
346,2011_09_26_drive_0036_sync_image_0000000179_image_02.png,0-20m,46331,0.6787229032607667,67.87229032607667,7.741240606084536,99.54889814594979,2.1621401901388957,2.415170669555664,1216x352,1344x392
346,2011_09_26_drive_0036_sync_image_0000000179_image_02.png,0-40m,52452,0.865380059188212,86.5380059188212,7.829944508017419,99.15541828719591,2.1621401901388957,2.415170669555664,1216x352,1344x392
346,2011_09_26_drive_0036_sync_image_0000000179_image_02.png,0-80m,54065,1.1459875775521287,114.59875775521286,8.135233833783216,98.21511143993341,2.1621401901388957,2.415170669555664,1216x352,1344x392
347,2011_09_26_drive_0036_sync_image_0000000182_image_03.png,0-10m,24781,0.5476719400052523,54.76719400052523,7.664260168083488,99.87086881078245,2.148227250552361,2.415170669555664,1216x352,1344x392
347,2011_09_26_drive_0036_sync_image_0000000182_image_03.png,0-20m,39881,0.696345112316049,69.6345112316049,7.381591229365999,99.49098568240515,2.148227250552361,2.415170669555664,1216x352,1344x392
347,2011_09_26_drive_0036_sync_image_0000000182_image_03.png,0-40m,46206,0.9011197268630047,90.11197268630046,7.461054918008199,99.18625286759296,2.148227250552361,2.415170669555664,1216x352,1344x392
347,2011_09_26_drive_0036_sync_image_0000000182_image_03.png,0-80m,48133,1.2716068953868223,127.16068953868222,7.881321260394447,98.06785365549622,2.148227250552361,2.415170669555664,1216x352,1344x392
348,2011_09_26_drive_0036_sync_image_0000000185_image_02.png,0-10m,31414,0.5545973962804579,55.45973962804579,7.179676443631632,99.88221811930987,2.1204374547469143,2.415170669555664,1216x352,1344x392
348,2011_09_26_drive_0036_sync_image_0000000185_image_02.png,0-20m,46376,0.6310305956192668,63.10305956192668,6.7653303865158305,99.77574607555633,2.1204374547469143,2.415170669555664,1216x352,1344x392
348,2011_09_26_drive_0036_sync_image_0000000185_image_02.png,0-40m,54621,0.8915825720614353,89.15825720614353,7.029411057701969,98.65436370626682,2.1204374547469143,2.415170669555664,1216x352,1344x392
348,2011_09_26_drive_0036_sync_image_0000000185_image_02.png,0-80m,56145,1.1802743222709435,118.02743222709435,7.381818342392873,97.6489446967673,2.1204374547469143,2.415170669555664,1216x352,1344x392
349,2011_09_26_drive_0036_sync_image_0000000188_image_03.png,0-10m,27934,0.703774310646841,70.3774310646841,9.58026989772811,99.7744683897759,2.1489497222083203,2.415170669555664,1216x352,1344x392
349,2011_09_26_drive_0036_sync_image_0000000188_image_03.png,0-20m,40069,0.8387219318985007,83.87219318985008,9.2283865205469,99.45593850607702,2.1489497222083203,2.415170669555664,1216x352,1344x392
349,2011_09_26_drive_0036_sync_image_0000000188_image_03.png,0-40m,47720,1.1240925480913737,112.40925480913737,9.300185366971608,99.06538139145013,2.1489497222083203,2.415170669555664,1216x352,1344x392
349,2011_09_26_drive_0036_sync_image_0000000188_image_03.png,0-80m,49607,1.5851090728790833,158.51090728790834,9.807491807358053,97.33102183159635,2.1489497222083203,2.415170669555664,1216x352,1344x392
350,2011_09_26_drive_0036_sync_image_0000000191_image_02.png,0-10m,23710,0.44795729642374915,44.795729642374916,6.657904541973372,99.8397300716997,2.2329817205733415,2.415170669555664,1216x352,1344x392
350,2011_09_26_drive_0036_sync_image_0000000191_image_02.png,0-20m,36669,0.5474330140387718,54.743301403877176,6.178826431491119,99.7000190896943,2.2329817205733415,2.415170669555664,1216x352,1344x392
350,2011_09_26_drive_0036_sync_image_0000000191_image_02.png,0-40m,44477,0.8222181533988272,82.22181533988272,6.480751102530726,99.37046113721699,2.2329817205733415,2.415170669555664,1216x352,1344x392
350,2011_09_26_drive_0036_sync_image_0000000191_image_02.png,0-80m,46841,1.4630601374895988,146.30601374895988,7.350046495669839,96.42620780939775,2.2329817205733415,2.415170669555664,1216x352,1344x392
351,2011_09_26_drive_0036_sync_image_0000000194_image_03.png,0-10m,23774,0.6234316540454368,62.343165404543676,8.769928158488986,98.14082611255995,2.352401507871792,2.415170669555664,1216x352,1344x392
351,2011_09_26_drive_0036_sync_image_0000000194_image_03.png,0-20m,36911,0.7286813393284055,72.86813393284055,7.867198316885105,98.68061011622552,2.352401507871792,2.415170669555664,1216x352,1344x392
351,2011_09_26_drive_0036_sync_image_0000000194_image_03.png,0-40m,43256,0.9828632694197292,98.28632694197293,8.045000135443715,97.89624560754578,2.352401507871792,2.415170669555664,1216x352,1344x392
351,2011_09_26_drive_0036_sync_image_0000000194_image_03.png,0-80m,46120,1.817343809133184,181.7343809133184,9.07360300381044,94.11968777103209,2.352401507871792,2.415170669555664,1216x352,1344x392
352,2011_09_26_drive_0036_sync_image_0000000197_image_02.png,0-10m,22566,0.5600421742895103,56.00421742895103,8.123684515992531,99.73411326774794,2.387091753629573,2.415170669555664,1216x352,1344x392
352,2011_09_26_drive_0036_sync_image_0000000197_image_02.png,0-20m,36248,0.7641693946016043,76.41693946016042,7.844052255196498,99.69377620834253,2.387091753629573,2.415170669555664,1216x352,1344x392
352,2011_09_26_drive_0036_sync_image_0000000197_image_02.png,0-40m,41945,1.0083304966571776,100.83304966571775,8.000311284365303,98.61246870902373,2.387091753629573,2.415170669555664,1216x352,1344x392
352,2011_09_26_drive_0036_sync_image_0000000197_image_02.png,0-80m,45027,1.9015998823493887,190.15998823493888,9.118922723514105,94.38781175739001,2.387091753629573,2.415170669555664,1216x352,1344x392
353,2011_09_26_drive_0036_sync_image_0000000200_image_03.png,0-10m,17997,0.502222529794068,50.222252979406804,7.081068725639376,99.85553147746846,2.39516598032089,2.415170669555664,1216x352,1344x392
353,2011_09_26_drive_0036_sync_image_0000000200_image_03.png,0-20m,32590,0.6498166257452109,64.9816625745211,6.573890566434851,99.60417305922063,2.39516598032089,2.415170669555664,1216x352,1344x392
353,2011_09_26_drive_0036_sync_image_0000000200_image_03.png,0-40m,38951,1.0705328979944162,107.05328979944161,7.394649733410212,96.71125259941978,2.39516598032089,2.415170669555664,1216x352,1344x392
353,2011_09_26_drive_0036_sync_image_0000000200_image_03.png,0-80m,42505,2.0736569767460487,207.36569767460486,8.742329231605126,92.18209622397366,2.39516598032089,2.415170669555664,1216x352,1344x392
354,2011_09_26_drive_0036_sync_image_0000000203_image_02.png,0-10m,22340,0.4426212700435703,44.26212700435703,5.933552922838105,99.68218442256043,2.390780766720673,2.415170669555664,1216x352,1344x392
354,2011_09_26_drive_0036_sync_image_0000000203_image_02.png,0-20m,43626,0.7122677219120065,71.22677219120065,6.348849290138517,99.4911291431715,2.390780766720673,2.415170669555664,1216x352,1344x392
354,2011_09_26_drive_0036_sync_image_0000000203_image_02.png,0-40m,50644,1.2907949245453407,129.07949245453406,7.8103189342430035,95.71716294131585,2.390780766720673,2.415170669555664,1216x352,1344x392
354,2011_09_26_drive_0036_sync_image_0000000203_image_02.png,0-80m,54801,2.258206736351682,225.8206736351682,9.171799715113595,91.61694129669166,2.390780766720673,2.415170669555664,1216x352,1344x392
355,2011_09_26_drive_0036_sync_image_0000000206_image_03.png,0-10m,23034,0.5287189549887212,52.87189549887212,7.284829208937873,99.53112789789007,2.314656218036005,2.415170669555664,1216x352,1344x392
355,2011_09_26_drive_0036_sync_image_0000000206_image_03.png,0-20m,40057,0.850355444093268,85.0355444093268,7.935280542472857,98.69935342137454,2.314656218036005,2.415170669555664,1216x352,1344x392
355,2011_09_26_drive_0036_sync_image_0000000206_image_03.png,0-40m,47800,1.4560233287033177,145.60233287033176,9.28219752879813,94.74267782426779,2.314656218036005,2.415170669555664,1216x352,1344x392
355,2011_09_26_drive_0036_sync_image_0000000206_image_03.png,0-80m,52443,2.565877699291438,256.5877699291438,10.740483540945506,90.57071487138417,2.314656218036005,2.415170669555664,1216x352,1344x392
356,2011_09_26_drive_0036_sync_image_0000000209_image_02.png,0-10m,26950,0.5537799096859453,55.377990968594524,7.687936092811021,99.35435992578849,2.280850729940482,2.415170669555664,1216x352,1344x392
356,2011_09_26_drive_0036_sync_image_0000000209_image_02.png,0-20m,41798,0.8754205954372042,87.54205954372041,8.313974815249022,98.19608593712617,2.280850729940482,2.415170669555664,1216x352,1344x392
356,2011_09_26_drive_0036_sync_image_0000000209_image_02.png,0-40m,49993,1.3255241618588414,132.55241618588414,8.948887493822303,95.20132818594604,2.280850729940482,2.415170669555664,1216x352,1344x392
356,2011_09_26_drive_0036_sync_image_0000000209_image_02.png,0-80m,54338,2.118083102986803,211.8083102986803,9.894511436534334,92.35525783061578,2.280850729940482,2.415170669555664,1216x352,1344x392
357,2011_09_26_drive_0036_sync_image_0000000212_image_03.png,0-10m,22589,0.5751106449952823,57.51106449952823,9.503528957909872,99.08362477311967,2.2963246176162255,2.415170669555664,1216x352,1344x392
357,2011_09_26_drive_0036_sync_image_0000000212_image_03.png,0-20m,36164,0.7992466788365242,79.92466788365242,9.038013090288882,97.04125649817497,2.2963246176162255,2.415170669555664,1216x352,1344x392
357,2011_09_26_drive_0036_sync_image_0000000212_image_03.png,0-40m,44446,1.0975444651377415,109.75444651377416,8.94031980630342,96.29662961796338,2.2963246176162255,2.415170669555664,1216x352,1344x392
357,2011_09_26_drive_0036_sync_image_0000000212_image_03.png,0-80m,47971,1.6694764845123389,166.94764845123387,9.45770605931523,94.77392591357278,2.2963246176162255,2.415170669555664,1216x352,1344x392
358,2011_09_26_drive_0036_sync_image_0000000215_image_02.png,0-10m,19929,0.5336905892694808,53.36905892694808,8.443650873679607,99.16202518942245,2.2333702137604567,2.415170669555664,1216x352,1344x392
358,2011_09_26_drive_0036_sync_image_0000000215_image_02.png,0-20m,38793,0.7680546502959095,76.80546502959095,8.151132944550273,98.2187508055577,2.2333702137604567,2.415170669555664,1216x352,1344x392
358,2011_09_26_drive_0036_sync_image_0000000215_image_02.png,0-40m,48260,0.8986774658297189,89.86774658297189,7.610165659825088,98.2387070037298,2.2333702137604567,2.415170669555664,1216x352,1344x392
358,2011_09_26_drive_0036_sync_image_0000000215_image_02.png,0-80m,51862,1.4039897814069517,140.39897814069516,8.172771600968034,96.87632563341174,2.2333702137604567,2.415170669555664,1216x352,1344x392
359,2011_09_26_drive_0036_sync_image_0000000218_image_03.png,0-10m,31406,0.8213526013398075,82.13526013398075,10.70201796046864,99.3058651213144,2.350013888564726,2.415170669555664,1216x352,1344x392
359,2011_09_26_drive_0036_sync_image_0000000218_image_03.png,0-20m,49643,0.9455483173273693,94.55483173273693,9.954270287256502,98.7953991499305,2.350013888564726,2.415170669555664,1216x352,1344x392
359,2011_09_26_drive_0036_sync_image_0000000218_image_03.png,0-40m,59900,1.138102624814379,113.8102624814379,9.61061993349663,97.68280467445743,2.350013888564726,2.415170669555664,1216x352,1344x392
359,2011_09_26_drive_0036_sync_image_0000000218_image_03.png,0-80m,63410,1.65895675428845,165.895675428845,10.254644275495345,95.86500551963412,2.350013888564726,2.415170669555664,1216x352,1344x392
360,2011_09_26_drive_0036_sync_image_0000000221_image_02.png,0-10m,34606,0.7077821369481998,70.77821369481998,9.583871432062537,99.64457030572733,2.213453503226555,2.415170669555664,1216x352,1344x392
360,2011_09_26_drive_0036_sync_image_0000000221_image_02.png,0-20m,62918,0.8048915201643251,80.48915201643251,8.276742734658272,99.55656568867414,2.213453503226555,2.415170669555664,1216x352,1344x392
360,2011_09_26_drive_0036_sync_image_0000000221_image_02.png,0-40m,72246,0.918768459422028,91.8768459422028,7.9750136057066765,98.88713561996512,2.213453503226555,2.415170669555664,1216x352,1344x392
360,2011_09_26_drive_0036_sync_image_0000000221_image_02.png,0-80m,75555,1.229443475076881,122.94434750768811,8.359503650121068,97.74468929918602,2.213453503226555,2.415170669555664,1216x352,1344x392
361,2011_09_26_drive_0036_sync_image_0000000224_image_03.png,0-10m,31331,0.6820363610319903,68.20363610319903,8.915747755133834,99.93616545912994,2.3666572078982924,2.415170669555664,1216x352,1344x392
361,2011_09_26_drive_0036_sync_image_0000000224_image_03.png,0-20m,61425,0.7078499548931068,70.78499548931067,7.230151361254837,99.72812372812373,2.3666572078982924,2.415170669555664,1216x352,1344x392
361,2011_09_26_drive_0036_sync_image_0000000224_image_03.png,0-40m,68996,0.7969089049492388,79.69089049492388,7.046323666375089,99.2622760739753,2.3666572078982924,2.415170669555664,1216x352,1344x392
361,2011_09_26_drive_0036_sync_image_0000000224_image_03.png,0-80m,71336,1.0028619978531361,100.28619978531361,7.311514644498232,98.37529438151846,2.3666572078982924,2.415170669555664,1216x352,1344x392
362,2011_09_26_drive_0036_sync_image_0000000227_image_02.png,0-10m,30589,0.6417125414109089,64.1712541410909,8.4087142827072,99.69596913923306,2.3031832063502358,2.415170669555664,1216x352,1344x392
362,2011_09_26_drive_0036_sync_image_0000000227_image_02.png,0-20m,61099,0.6912193749625604,69.12193749625604,7.000590122496127,99.5941013764546,2.3031832063502358,2.415170669555664,1216x352,1344x392
362,2011_09_26_drive_0036_sync_image_0000000227_image_02.png,0-40m,68337,0.8442746485490443,84.42746485490443,7.069766767592258,98.60836735589797,2.3031832063502358,2.415170669555664,1216x352,1344x392
362,2011_09_26_drive_0036_sync_image_0000000227_image_02.png,0-80m,71302,1.1195601805581046,111.95601805581046,7.444169887162179,97.16978485876973,2.3031832063502358,2.415170669555664,1216x352,1344x392
363,2011_09_26_drive_0036_sync_image_0000000230_image_03.png,0-10m,27900,0.6084347611943454,60.843476119434534,8.006773863848087,99.81720430107526,2.323774795513347,2.415170669555664,1216x352,1344x392
363,2011_09_26_drive_0036_sync_image_0000000230_image_03.png,0-20m,52750,0.6117013037713218,61.17013037713218,6.460116965182848,99.59052132701422,2.323774795513347,2.415170669555664,1216x352,1344x392
363,2011_09_26_drive_0036_sync_image_0000000230_image_03.png,0-40m,59631,0.8360318656026167,83.60318656026166,6.736559151860029,98.11339739397293,2.323774795513347,2.415170669555664,1216x352,1344x392
363,2011_09_26_drive_0036_sync_image_0000000230_image_03.png,0-80m,62077,1.1569615394231814,115.69615394231813,7.201867600827298,96.71859142677643,2.323774795513347,2.415170669555664,1216x352,1344x392
364,2011_09_26_drive_0036_sync_image_0000000233_image_02.png,0-10m,28652,0.41570019528933383,41.570019528933386,5.576457222741553,99.8185117967332,2.368022414681052,2.415170669555664,1216x352,1344x392
364,2011_09_26_drive_0036_sync_image_0000000233_image_02.png,0-20m,46818,0.5361751821978221,53.61751821978221,5.308714583752379,99.12640437438593,2.368022414681052,2.415170669555664,1216x352,1344x392
364,2011_09_26_drive_0036_sync_image_0000000233_image_02.png,0-40m,55079,1.0247073889657405,102.47073889657405,6.285638274718991,96.08380689555003,2.368022414681052,2.415170669555664,1216x352,1344x392
364,2011_09_26_drive_0036_sync_image_0000000233_image_02.png,0-80m,57514,1.378225417927591,137.8225417927591,6.841031525919703,94.60305316966304,2.368022414681052,2.415170669555664,1216x352,1344x392
365,2011_09_26_drive_0036_sync_image_0000000236_image_03.png,0-10m,22947,0.7686613931704509,76.8661393170451,10.2528765501545,99.88669542859633,2.372670067648882,2.415170669555664,1216x352,1344x392
365,2011_09_26_drive_0036_sync_image_0000000236_image_03.png,0-20m,41962,1.0501701097164315,105.01701097164316,10.015624666482557,93.67284686144608,2.372670067648882,2.415170669555664,1216x352,1344x392
365,2011_09_26_drive_0036_sync_image_0000000236_image_03.png,0-40m,51422,1.8178159709219883,181.78159709219884,11.240449158659684,88.37268095367742,2.372670067648882,2.415170669555664,1216x352,1344x392
365,2011_09_26_drive_0036_sync_image_0000000236_image_03.png,0-80m,53556,2.17000332027529,217.00033202752903,11.636961238406826,87.52147285084772,2.372670067648882,2.415170669555664,1216x352,1344x392
366,2011_09_26_drive_0036_sync_image_0000000239_image_02.png,0-10m,25340,0.5163081352787876,51.63081352787876,6.751863144766303,99.66061562746646,2.3787656157937995,2.415170669555664,1216x352,1344x392
366,2011_09_26_drive_0036_sync_image_0000000239_image_02.png,0-20m,42373,0.8164730829482819,81.64730829482819,7.657100052865874,93.69173766313455,2.3787656157937995,2.415170669555664,1216x352,1344x392
366,2011_09_26_drive_0036_sync_image_0000000239_image_02.png,0-40m,52087,1.4266616694607308,142.66616694607308,8.799094155801132,91.08990727052816,2.3787656157937995,2.415170669555664,1216x352,1344x392
366,2011_09_26_drive_0036_sync_image_0000000239_image_02.png,0-80m,54048,1.6839366180523392,168.39366180523393,9.048370987160045,90.8710775606868,2.3787656157937995,2.415170669555664,1216x352,1344x392
367,2011_09_26_drive_0036_sync_image_0000000242_image_03.png,0-10m,24368,0.36564630844330054,36.564630844330054,5.136548690223219,99.69221930400525,2.3700917178130645,2.415170669555664,1216x352,1344x392
367,2011_09_26_drive_0036_sync_image_0000000242_image_03.png,0-20m,40028,0.4617114477704619,46.171144777046194,4.789180710877856,99.19556310582593,2.3700917178130645,2.415170669555664,1216x352,1344x392
367,2011_09_26_drive_0036_sync_image_0000000242_image_03.png,0-40m,49679,1.0532922804548788,105.32922804548788,6.173176073062575,95.71046116065138,2.3700917178130645,2.415170669555664,1216x352,1344x392
367,2011_09_26_drive_0036_sync_image_0000000242_image_03.png,0-80m,50979,1.2132442836405664,121.32442836405663,6.331624636597807,95.57268679260088,2.3700917178130645,2.415170669555664,1216x352,1344x392
368,2011_09_26_drive_0036_sync_image_0000000245_image_02.png,0-10m,29432,0.3987543415637663,39.875434156376635,5.441047074023278,99.46316933949443,2.2418357944434972,2.415170669555664,1216x352,1344x392
368,2011_09_26_drive_0036_sync_image_0000000245_image_02.png,0-20m,47074,0.548629375470851,54.8629375470851,5.47770096926548,99.23312231805242,2.2418357944434972,2.415170669555664,1216x352,1344x392
368,2011_09_26_drive_0036_sync_image_0000000245_image_02.png,0-40m,56861,0.8611284924875102,86.11284924875102,5.91242656389627,98.67923532825662,2.2418357944434972,2.415170669555664,1216x352,1344x392
368,2011_09_26_drive_0036_sync_image_0000000245_image_02.png,0-80m,58345,1.0688714005869677,106.88714005869677,6.118371411709664,98.37004027765876,2.2418357944434972,2.415170669555664,1216x352,1344x392
369,2011_09_26_drive_0036_sync_image_0000000248_image_03.png,0-10m,25134,0.4439823012121672,44.39823012121672,6.2948105356129105,99.61008991803931,2.1948528944415053,2.415170669555664,1216x352,1344x392
369,2011_09_26_drive_0036_sync_image_0000000248_image_03.png,0-20m,45039,0.558065770211759,55.8065770211759,5.784921342129839,99.42272252936344,2.1948528944415053,2.415170669555664,1216x352,1344x392
369,2011_09_26_drive_0036_sync_image_0000000248_image_03.png,0-40m,53705,0.8953134373816772,89.53134373816772,6.390071149410264,98.76361605064704,2.1948528944415053,2.415170669555664,1216x352,1344x392
369,2011_09_26_drive_0036_sync_image_0000000248_image_03.png,0-80m,55449,1.2123826284525008,121.23826284525008,6.702365535517002,98.11538530902271,2.1948528944415053,2.415170669555664,1216x352,1344x392
370,2011_09_26_drive_0036_sync_image_0000000251_image_02.png,0-10m,31331,0.6591552319488168,65.91552319488167,8.85240376989522,98.66266636877215,2.2625493999486554,2.415170669555664,1216x352,1344x392
370,2011_09_26_drive_0036_sync_image_0000000251_image_02.png,0-20m,54796,0.6752508816901625,67.52508816901624,7.332259651140325,98.79005766844296,2.2625493999486554,2.415170669555664,1216x352,1344x392
370,2011_09_26_drive_0036_sync_image_0000000251_image_02.png,0-40m,65811,0.9599165764992678,95.99165764992678,7.617007562296962,98.40452204038839,2.2625493999486554,2.415170669555664,1216x352,1344x392
370,2011_09_26_drive_0036_sync_image_0000000251_image_02.png,0-80m,66969,1.0774832190860495,107.74832190860495,7.687638487398786,98.10360017321446,2.2625493999486554,2.415170669555664,1216x352,1344x392
371,2011_09_26_drive_0036_sync_image_0000000254_image_03.png,0-10m,37022,0.7420199205639567,74.20199205639567,10.413875860174558,99.40575873804764,2.3409965856646155,2.415170669555664,1216x352,1344x392
371,2011_09_26_drive_0036_sync_image_0000000254_image_03.png,0-20m,63181,0.6679457060052743,66.79457060052742,7.92523132873077,99.44128772890585,2.3409965856646155,2.415170669555664,1216x352,1344x392
371,2011_09_26_drive_0036_sync_image_0000000254_image_03.png,0-40m,75321,1.073520759444712,107.35207594447121,8.691957877964896,98.39088700362448,2.3409965856646155,2.415170669555664,1216x352,1344x392
371,2011_09_26_drive_0036_sync_image_0000000254_image_03.png,0-80m,76191,1.1861453952795065,118.61453952795064,8.792521603199754,97.82520245173313,2.3409965856646155,2.415170669555664,1216x352,1344x392
372,2011_09_26_drive_0036_sync_image_0000000257_image_02.png,0-10m,37591,0.8691790491118181,86.91790491118181,11.68756525894585,98.5182623500306,2.2243729437690334,2.415170669555664,1216x352,1344x392
372,2011_09_26_drive_0036_sync_image_0000000257_image_02.png,0-20m,66602,0.8038464159275482,80.38464159275482,8.816417172604199,98.18924356625928,2.2243729437690334,2.415170669555664,1216x352,1344x392
372,2011_09_26_drive_0036_sync_image_0000000257_image_02.png,0-40m,77899,1.1058119256731576,110.58119256731575,9.292303095075107,96.8176741678327,2.2243729437690334,2.415170669555664,1216x352,1344x392
372,2011_09_26_drive_0036_sync_image_0000000257_image_02.png,0-80m,78595,1.1734035203638737,117.34035203638737,9.34409753694104,96.55957758127107,2.2243729437690334,2.415170669555664,1216x352,1344x392
373,2011_09_26_drive_0036_sync_image_0000000260_image_03.png,0-10m,39448,0.7847822660293572,78.47822660293572,10.760457203386565,99.51074832691138,2.1867387415982926,2.415170669555664,1216x352,1344x392
373,2011_09_26_drive_0036_sync_image_0000000260_image_03.png,0-20m,66148,1.0523627273562224,105.23627273562224,10.011073736575874,93.7473544173671,2.1867387415982926,2.415170669555664,1216x352,1344x392
373,2011_09_26_drive_0036_sync_image_0000000260_image_03.png,0-40m,75664,1.2430000886160366,124.30000886160366,10.0252404911476,94.08569465003171,2.1867387415982926,2.415170669555664,1216x352,1344x392
373,2011_09_26_drive_0036_sync_image_0000000260_image_03.png,0-80m,76233,1.295813961487419,129.5813961487419,10.043868435712703,94.00128553251217,2.1867387415982926,2.415170669555664,1216x352,1344x392
374,2011_09_26_drive_0036_sync_image_0000000263_image_02.png,0-10m,42019,0.7195101961216527,71.95101961216527,9.843770951350916,99.51688521859158,2.109039893248299,2.415170669555664,1216x352,1344x392
374,2011_09_26_drive_0036_sync_image_0000000263_image_02.png,0-20m,69827,0.9815777538277763,98.15777538277763,9.479670364466452,99.0877454279863,2.109039893248299,2.415170669555664,1216x352,1344x392
374,2011_09_26_drive_0036_sync_image_0000000263_image_02.png,0-40m,79159,1.245016608641031,124.5016608641031,9.83466654443394,98.54470117106078,2.109039893248299,2.415170669555664,1216x352,1344x392
374,2011_09_26_drive_0036_sync_image_0000000263_image_02.png,0-80m,80823,1.3561484719323356,135.61484719323354,9.844390941000047,98.5029014018287,2.109039893248299,2.415170669555664,1216x352,1344x392
375,2011_09_26_drive_0036_sync_image_0000000266_image_03.png,0-10m,36703,0.9295653188546581,92.95653188546581,12.810806420234835,97.24273220172738,2.14903192557239,2.415170669555664,1216x352,1344x392
375,2011_09_26_drive_0036_sync_image_0000000266_image_03.png,0-20m,67077,0.9535684090585358,95.35684090585357,10.189057417758756,98.26020841719219,2.14903192557239,2.415170669555664,1216x352,1344x392
375,2011_09_26_drive_0036_sync_image_0000000266_image_03.png,0-40m,76097,1.1191101890513435,111.91101890513436,10.092568879633966,98.16944163370435,2.14903192557239,2.415170669555664,1216x352,1344x392
375,2011_09_26_drive_0036_sync_image_0000000266_image_03.png,0-80m,78299,1.376901004723637,137.6901004723637,10.252923414389555,97.52487260373695,2.14903192557239,2.415170669555664,1216x352,1344x392
376,2011_09_26_drive_0036_sync_image_0000000269_image_02.png,0-10m,33430,0.7867003534427133,78.67003534427133,10.903841797328688,99.92521687107389,2.2366175901110723,2.415170669555664,1216x352,1344x392
376,2011_09_26_drive_0036_sync_image_0000000269_image_02.png,0-20m,70542,0.8197039481053763,81.97039481053763,8.592230494955839,99.69946981939837,2.2366175901110723,2.415170669555664,1216x352,1344x392
376,2011_09_26_drive_0036_sync_image_0000000269_image_02.png,0-40m,80554,1.0094613022028454,100.94613022028453,8.678573060031196,99.2439854010974,2.2366175901110723,2.415170669555664,1216x352,1344x392
376,2011_09_26_drive_0036_sync_image_0000000269_image_02.png,0-80m,84137,1.364875915067877,136.4875915067877,8.916981040189285,98.89109428669907,2.2366175901110723,2.415170669555664,1216x352,1344x392
377,2011_09_26_drive_0036_sync_image_0000000272_image_03.png,0-10m,40997,0.8975080126340347,89.75080126340347,11.992964946596972,93.48976754396662,2.2563833649597904,2.415170669555664,1216x352,1344x392
377,2011_09_26_drive_0036_sync_image_0000000272_image_03.png,0-20m,73370,0.7115603131495332,71.15603131495331,8.362343913885521,96.00517922856754,2.2563833649597904,2.415170669555664,1216x352,1344x392
377,2011_09_26_drive_0036_sync_image_0000000272_image_03.png,0-40m,83238,0.7480013840316354,74.80013840316354,7.8578987752468565,96.40548787813258,2.2563833649597904,2.415170669555664,1216x352,1344x392
377,2011_09_26_drive_0036_sync_image_0000000272_image_03.png,0-80m,87860,1.3226479326704492,132.26479326704492,8.409407346954477,94.52310493967676,2.2563833649597904,2.415170669555664,1216x352,1344x392
378,2011_09_26_drive_0036_sync_image_0000000275_image_02.png,0-10m,51304,0.6839472352017781,68.39472352017782,9.30396616408126,94.84445657258694,2.292919030328391,2.415170669555664,1216x352,1344x392
378,2011_09_26_drive_0036_sync_image_0000000275_image_02.png,0-20m,74431,0.673074433776363,67.3074433776363,7.821862981520473,95.91568029450094,2.292919030328391,2.415170669555664,1216x352,1344x392
378,2011_09_26_drive_0036_sync_image_0000000275_image_02.png,0-40m,85302,0.8257422674102204,82.57422674102204,7.813581300556319,96.3095824247966,2.292919030328391,2.415170669555664,1216x352,1344x392
378,2011_09_26_drive_0036_sync_image_0000000275_image_02.png,0-80m,90799,1.3070062821963744,130.70062821963745,8.197951925890559,95.34906772101014,2.292919030328391,2.415170669555664,1216x352,1344x392
379,2011_09_26_drive_0036_sync_image_0000000278_image_03.png,0-10m,44365,0.8985170318270757,89.85170318270757,12.638705478041032,87.01003042939254,2.270571777601052,2.415170669555664,1216x352,1344x392
379,2011_09_26_drive_0036_sync_image_0000000278_image_03.png,0-20m,66615,0.786001812329944,78.6001812329944,9.767203343113321,90.88643698866622,2.270571777601052,2.415170669555664,1216x352,1344x392
379,2011_09_26_drive_0036_sync_image_0000000278_image_03.png,0-40m,76918,0.8794091240057054,87.94091240057054,9.306710188353161,92.03307418289607,2.270571777601052,2.415170669555664,1216x352,1344x392
379,2011_09_26_drive_0036_sync_image_0000000278_image_03.png,0-80m,84725,1.7273299222176812,172.73299222176811,9.981932659468894,89.51667158453822,2.270571777601052,2.415170669555664,1216x352,1344x392
380,2011_09_26_drive_0036_sync_image_0000000281_image_02.png,0-10m,39008,0.8791772252815097,87.91772252815096,12.314234577165818,89.8866899097621,2.29546963823679,2.415170669555664,1216x352,1344x392
380,2011_09_26_drive_0036_sync_image_0000000281_image_02.png,0-20m,65653,0.8376670425038758,83.76670425038758,9.344073543300455,93.61186845993329,2.29546963823679,2.415170669555664,1216x352,1344x392
380,2011_09_26_drive_0036_sync_image_0000000281_image_02.png,0-40m,73779,1.0439956587327384,104.39956587327384,9.58455350517971,94.03759877471909,2.29546963823679,2.415170669555664,1216x352,1344x392
380,2011_09_26_drive_0036_sync_image_0000000281_image_02.png,0-80m,84546,1.9764954377881112,197.6495437788111,10.16282715202987,91.83166560215741,2.29546963823679,2.415170669555664,1216x352,1344x392
381,2011_09_26_drive_0036_sync_image_0000000284_image_03.png,0-10m,29957,0.7810652751440629,78.10652751440628,10.998120684445794,94.06816436892879,2.3833720710938815,2.415170669555664,1216x352,1344x392
381,2011_09_26_drive_0036_sync_image_0000000284_image_03.png,0-20m,57453,0.9241400283656913,92.41400283656913,8.895635153059708,96.53629923589718,2.3833720710938815,2.415170669555664,1216x352,1344x392
381,2011_09_26_drive_0036_sync_image_0000000284_image_03.png,0-40m,62963,1.1828221036774298,118.28221036774298,9.555692372964078,96.14376697425472,2.3833720710938815,2.415170669555664,1216x352,1344x392
381,2011_09_26_drive_0036_sync_image_0000000284_image_03.png,0-80m,74641,2.2523689720977247,225.23689720977248,10.257380566097133,92.63005586741872,2.3833720710938815,2.415170669555664,1216x352,1344x392
382,2011_09_26_drive_0036_sync_image_0000000287_image_02.png,0-10m,27266,0.9001910944795745,90.01910944795745,12.518268019769554,89.34570527396758,2.3643875940107595,2.415170669555664,1216x352,1344x392
382,2011_09_26_drive_0036_sync_image_0000000287_image_02.png,0-20m,52492,1.0602359259027738,106.02359259027739,10.157483793968169,94.22197668216108,2.3643875940107595,2.415170669555664,1216x352,1344x392
382,2011_09_26_drive_0036_sync_image_0000000287_image_02.png,0-40m,57977,1.4152641032541815,141.52641032541814,11.192613513408377,92.07789295755214,2.3643875940107595,2.415170669555664,1216x352,1344x392
382,2011_09_26_drive_0036_sync_image_0000000287_image_02.png,0-80m,71930,2.3933817085595983,239.33817085595985,11.344061715533176,90.91616849715001,2.3643875940107595,2.415170669555664,1216x352,1344x392
383,2011_09_26_drive_0036_sync_image_0000000290_image_03.png,0-10m,24985,1.021617630812939,102.1617630812939,13.932776138253356,88.58114868921353,2.3885930351119624,2.415170669555664,1216x352,1344x392
383,2011_09_26_drive_0036_sync_image_0000000290_image_03.png,0-20m,46507,1.1244367204428227,112.44367204428227,10.95511629178239,93.32143548283054,2.3885930351119624,2.415170669555664,1216x352,1344x392
383,2011_09_26_drive_0036_sync_image_0000000290_image_03.png,0-40m,50002,1.2803145012117987,128.03145012117986,11.142098847193184,92.69629214831406,2.3885930351119624,2.415170669555664,1216x352,1344x392
383,2011_09_26_drive_0036_sync_image_0000000290_image_03.png,0-80m,66378,2.8084531388446132,280.84531388446135,11.87920974276316,88.73572569224744,2.3885930351119624,2.415170669555664,1216x352,1344x392
384,2011_09_26_drive_0036_sync_image_0000000293_image_02.png,0-10m,24366,0.9886627920466692,98.86627920466692,13.755481238065814,82.71361733563161,2.398527879655682,2.415170669555664,1216x352,1344x392
384,2011_09_26_drive_0036_sync_image_0000000293_image_02.png,0-20m,46636,1.442324101423888,144.2324101423888,12.835677742656538,86.35388969894503,2.398527879655682,2.415170669555664,1216x352,1344x392
384,2011_09_26_drive_0036_sync_image_0000000293_image_02.png,0-40m,51519,1.6089884997427668,160.8988499742767,12.586968364756219,86.99120712746755,2.398527879655682,2.415170669555664,1216x352,1344x392
384,2011_09_26_drive_0036_sync_image_0000000293_image_02.png,0-80m,69061,2.6988171825721574,269.88171825721577,12.323418685307264,88.20463068881133,2.398527879655682,2.415170669555664,1216x352,1344x392
385,2011_09_26_drive_0036_sync_image_0000000296_image_03.png,0-10m,22698,0.8037165584559167,80.37165584559168,11.367154431451207,92.58084412723588,2.4193357181393407,2.415170669555664,1216x352,1344x392
385,2011_09_26_drive_0036_sync_image_0000000296_image_03.png,0-20m,44823,1.4833450556104582,148.3345055610458,12.781794085729054,89.23766816143498,2.4193357181393407,2.415170669555664,1216x352,1344x392
385,2011_09_26_drive_0036_sync_image_0000000296_image_03.png,0-40m,50118,1.7046863640471208,170.46863640471207,12.689774968912145,88.93411548744962,2.4193357181393407,2.415170669555664,1216x352,1344x392
385,2011_09_26_drive_0036_sync_image_0000000296_image_03.png,0-80m,67749,2.739177993835,273.9177993835,12.401039145147978,90.58583890537129,2.4193357181393407,2.415170669555664,1216x352,1344x392
386,2011_09_26_drive_0036_sync_image_0000000299_image_02.png,0-10m,22665,1.4391849618806971,143.91849618806972,20.29712127546119,43.066401941319214,2.392210579549469,2.415170669555664,1216x352,1344x392
386,2011_09_26_drive_0036_sync_image_0000000299_image_02.png,0-20m,45987,1.7348973584698224,173.48973584698223,16.96237007566448,63.58101202513754,2.392210579549469,2.415170669555664,1216x352,1344x392
386,2011_09_26_drive_0036_sync_image_0000000299_image_02.png,0-40m,54279,2.281999257962915,228.1999257962915,16.920769262978443,66.52112234934322,2.392210579549469,2.415170669555664,1216x352,1344x392
386,2011_09_26_drive_0036_sync_image_0000000299_image_02.png,0-80m,68600,2.6097432721391014,260.97432721391016,15.15058619449384,73.20991253644314,2.392210579549469,2.415170669555664,1216x352,1344x392
387,2011_09_26_drive_0036_sync_image_0000000302_image_03.png,0-10m,22529,0.7478855190330437,74.78855190330437,10.724148311318741,91.96591060411026,2.41583531737669,2.415170669555664,1216x352,1344x392
387,2011_09_26_drive_0036_sync_image_0000000302_image_03.png,0-20m,44432,1.331383171197876,133.13831711978762,12.218652869150773,90.51359380626576,2.41583531737669,2.415170669555664,1216x352,1344x392
387,2011_09_26_drive_0036_sync_image_0000000302_image_03.png,0-40m,55666,1.8384460102653921,183.8446010265392,12.178621060832972,90.25796716128337,2.41583531737669,2.415170669555664,1216x352,1344x392
387,2011_09_26_drive_0036_sync_image_0000000302_image_03.png,0-80m,67027,2.32632922594797,232.632922594797,11.768620140007537,91.25427066704462,2.41583531737669,2.415170669555664,1216x352,1344x392
388,2011_09_26_drive_0036_sync_image_0000000305_image_02.png,0-10m,22764,0.7583456512830564,75.83456512830564,10.413004126825594,96.8019680196802,2.353358690009244,2.415170669555664,1216x352,1344x392
388,2011_09_26_drive_0036_sync_image_0000000305_image_02.png,0-20m,43659,1.1526589910547,115.26589910547,10.951705444832093,94.95865686341877,2.353358690009244,2.415170669555664,1216x352,1344x392
388,2011_09_26_drive_0036_sync_image_0000000305_image_02.png,0-40m,57361,1.4924800575067345,149.24800575067346,10.2982637008287,94.8431861369223,2.353358690009244,2.415170669555664,1216x352,1344x392
388,2011_09_26_drive_0036_sync_image_0000000305_image_02.png,0-80m,67238,1.9101602391834407,191.01602391834408,10.099807759543129,95.24227371426872,2.353358690009244,2.415170669555664,1216x352,1344x392
389,2011_09_26_drive_0036_sync_image_0000000308_image_03.png,0-10m,22709,0.6215886324703145,62.15886324703145,8.685752913164803,99.07525650623101,2.3563565074054833,2.415170669555664,1216x352,1344x392
389,2011_09_26_drive_0036_sync_image_0000000308_image_03.png,0-20m,42311,1.190966975970398,119.0966975970398,11.165931045229847,95.04147857531139,2.3563565074054833,2.415170669555664,1216x352,1344x392
389,2011_09_26_drive_0036_sync_image_0000000308_image_03.png,0-40m,57252,1.7587394256441213,175.87394256441215,11.016888785606907,94.81240830014673,2.3563565074054833,2.415170669555664,1216x352,1344x392
389,2011_09_26_drive_0036_sync_image_0000000308_image_03.png,0-80m,65883,2.016915345726455,201.6915345726455,10.623124392087261,95.21120774706677,2.3563565074054833,2.415170669555664,1216x352,1344x392
390,2011_09_26_drive_0036_sync_image_0000000311_image_02.png,0-10m,25566,0.5778918411775923,57.78918411775923,7.929042673621783,100.0,2.2940094237756763,2.415170669555664,1216x352,1344x392
390,2011_09_26_drive_0036_sync_image_0000000311_image_02.png,0-20m,45898,1.053834594575464,105.3834594575464,9.977124034135286,96.52926053422807,2.2940094237756763,2.415170669555664,1216x352,1344x392
390,2011_09_26_drive_0036_sync_image_0000000311_image_02.png,0-40m,64151,1.6187087742400128,161.8708774240013,9.817669215855366,95.9813564870384,2.2940094237756763,2.415170669555664,1216x352,1344x392
390,2011_09_26_drive_0036_sync_image_0000000311_image_02.png,0-80m,74078,1.8609206137645193,186.09206137645194,9.502492985934364,96.30254596506386,2.2940094237756763,2.415170669555664,1216x352,1344x392
391,2011_09_26_drive_0036_sync_image_0000000314_image_03.png,0-10m,25135,0.8808931221325497,88.08931221325497,11.894240912141008,85.67336383528944,2.1966179552358445,2.415170669555664,1216x352,1344x392
391,2011_09_26_drive_0036_sync_image_0000000314_image_03.png,0-20m,43416,1.2437239980662487,124.37239980662487,12.320099433196717,87.54145936981757,2.1966179552358445,2.415170669555664,1216x352,1344x392
391,2011_09_26_drive_0036_sync_image_0000000314_image_03.png,0-40m,61648,2.338209819567844,233.82098195678438,13.048299686079359,88.77822475992733,2.1966179552358445,2.415170669555664,1216x352,1344x392
391,2011_09_26_drive_0036_sync_image_0000000314_image_03.png,0-80m,71835,2.4168796251883395,241.68796251883396,12.160817744223445,90.36402867682884,2.1966179552358445,2.415170669555664,1216x352,1344x392
392,2011_09_26_drive_0036_sync_image_0000000317_image_02.png,0-10m,26471,0.6507162440733286,65.07162440733286,8.656116931104739,99.66378300781989,2.1969103970486117,2.415170669555664,1216x352,1344x392
392,2011_09_26_drive_0036_sync_image_0000000317_image_02.png,0-20m,43614,1.0075725158525748,100.75725158525748,9.812312951429275,96.85422112165818,2.1969103970486117,2.415170669555664,1216x352,1344x392
392,2011_09_26_drive_0036_sync_image_0000000317_image_02.png,0-40m,63109,1.8584879394243163,185.84879394243163,10.242589194388497,96.21131692785498,2.1969103970486117,2.415170669555664,1216x352,1344x392
392,2011_09_26_drive_0036_sync_image_0000000317_image_02.png,0-80m,73098,1.8700776592729949,187.0077659272995,9.461404412609948,96.65517524419272,2.1969103970486117,2.415170669555664,1216x352,1344x392
393,2011_09_26_drive_0036_sync_image_0000000320_image_03.png,0-10m,26633,1.0547873643786247,105.47873643786248,13.96292037003602,75.10982615552135,2.2307003707747315,2.415170669555664,1216x352,1344x392
393,2011_09_26_drive_0036_sync_image_0000000320_image_03.png,0-20m,42507,1.1682516232143079,116.82516232143078,12.331687417205716,82.36761004069918,2.2307003707747315,2.415170669555664,1216x352,1344x392
393,2011_09_26_drive_0036_sync_image_0000000320_image_03.png,0-40m,63315,1.8108272734142485,181.08272734142486,11.380842233754382,86.95727710653084,2.2307003707747315,2.415170669555664,1216x352,1344x392
393,2011_09_26_drive_0036_sync_image_0000000320_image_03.png,0-80m,72571,1.9425794473155458,194.25794473155457,10.736518358056012,88.3851676289427,2.2307003707747315,2.415170669555664,1216x352,1344x392
394,2011_09_26_drive_0036_sync_image_0000000323_image_02.png,0-10m,26689,0.8393829760132843,83.93829760132843,11.080280799942733,89.49379894338492,2.31619112562773,2.415170669555664,1216x352,1344x392
394,2011_09_26_drive_0036_sync_image_0000000323_image_02.png,0-20m,43612,0.996001514526482,99.6001514526482,10.288083342364757,91.60322846922865,2.31619112562773,2.415170669555664,1216x352,1344x392
394,2011_09_26_drive_0036_sync_image_0000000323_image_02.png,0-40m,66883,1.6552795310458408,165.52795310458407,9.776102554421515,93.65907629741488,2.31619112562773,2.415170669555664,1216x352,1344x392
394,2011_09_26_drive_0036_sync_image_0000000323_image_02.png,0-80m,77591,1.7641670704041577,176.41670704041576,9.155368876377606,94.29830779342964,2.31619112562773,2.415170669555664,1216x352,1344x392
395,2011_09_26_drive_0036_sync_image_0000000326_image_03.png,0-10m,24067,1.4604283685811403,146.04283685811404,19.376280157988116,50.41758424398554,2.2397610443063685,2.415170669555664,1216x352,1344x392
395,2011_09_26_drive_0036_sync_image_0000000326_image_03.png,0-20m,41260,1.4246851376636596,142.46851376636596,15.288405593161484,69.47891420261755,2.2397610443063685,2.415170669555664,1216x352,1344x392
395,2011_09_26_drive_0036_sync_image_0000000326_image_03.png,0-40m,63645,2.5969850263476455,259.69850263476457,15.11479523568319,77.77673030088775,2.2397610443063685,2.415170669555664,1216x352,1344x392
395,2011_09_26_drive_0036_sync_image_0000000326_image_03.png,0-80m,73681,2.748306730412529,274.8306730412529,14.12287205475182,80.68294404256186,2.2397610443063685,2.415170669555664,1216x352,1344x392
396,2011_09_26_drive_0036_sync_image_0000000329_image_02.png,0-10m,25330,1.3935721741144336,139.35721741144334,18.591608511259246,53.93604421634426,2.342115642340477,2.415170669555664,1216x352,1344x392
396,2011_09_26_drive_0036_sync_image_0000000329_image_02.png,0-20m,44263,1.2432227931138882,124.32227931138881,13.818548497025738,72.70180511939995,2.342115642340477,2.415170669555664,1216x352,1344x392
396,2011_09_26_drive_0036_sync_image_0000000329_image_02.png,0-40m,69138,2.187418285444249,218.74182854442492,13.32787256957454,81.0552807428621,2.342115642340477,2.415170669555664,1216x352,1344x392
396,2011_09_26_drive_0036_sync_image_0000000329_image_02.png,0-80m,77669,2.358171995724076,235.81719957240762,12.674313896670967,82.99450231108936,2.342115642340477,2.415170669555664,1216x352,1344x392
397,2011_09_26_drive_0036_sync_image_0000000332_image_03.png,0-10m,25353,1.2535695351637623,125.35695351637624,17.12388893701318,61.815169802390244,2.1337152399052384,2.415170669555664,1216x352,1344x392
397,2011_09_26_drive_0036_sync_image_0000000332_image_03.png,0-20m,46461,1.117541881104445,111.7541881104445,12.310569465915764,78.58418888960634,2.1337152399052384,2.415170669555664,1216x352,1344x392
397,2011_09_26_drive_0036_sync_image_0000000332_image_03.png,0-40m,70359,1.9069317797139511,190.6931779713951,11.993416304976067,84.72405804516835,2.1337152399052384,2.415170669555664,1216x352,1344x392
397,2011_09_26_drive_0036_sync_image_0000000332_image_03.png,0-80m,78092,2.1023549425829717,210.23549425829717,11.54587246277962,86.11381447523434,2.1337152399052384,2.415170669555664,1216x352,1344x392
398,2011_09_26_drive_0036_sync_image_0000000335_image_02.png,0-10m,27571,1.4558944730771466,145.58944730771466,19.726615115471905,50.36088643864931,2.327981381613305,2.415170669555664,1216x352,1344x392
398,2011_09_26_drive_0036_sync_image_0000000335_image_02.png,0-20m,52631,1.1692903812483681,116.92903812483681,13.275623457403752,73.58400942410367,2.327981381613305,2.415170669555664,1216x352,1344x392
398,2011_09_26_drive_0036_sync_image_0000000335_image_02.png,0-40m,73969,1.6508054854501784,165.08054854501785,12.252642521170065,80.41071259581717,2.327981381613305,2.415170669555664,1216x352,1344x392
398,2011_09_26_drive_0036_sync_image_0000000335_image_02.png,0-80m,81925,1.8638167698819135,186.38167698819134,11.763496097226819,82.10192249008239,2.327981381613305,2.415170669555664,1216x352,1344x392
399,2011_09_26_drive_0036_sync_image_0000000338_image_03.png,0-10m,27646,1.3735368151158678,137.35368151158679,18.337966646520236,58.087969326484846,2.3310365630900804,2.415170669555664,1216x352,1344x392
399,2011_09_26_drive_0036_sync_image_0000000338_image_03.png,0-20m,54747,1.0852439909139668,108.52439909139669,12.115241543032413,78.51571775622409,2.3310365630900804,2.415170669555664,1216x352,1344x392
399,2011_09_26_drive_0036_sync_image_0000000338_image_03.png,0-40m,73028,1.3915094725272217,139.15094725272218,11.145909026444958,83.23656679629731,2.3310365630900804,2.415170669555664,1216x352,1344x392
399,2011_09_26_drive_0036_sync_image_0000000338_image_03.png,0-80m,82158,1.6407696007057158,164.07696007057157,10.646622411753405,84.81462547773802,2.3310365630900804,2.415170669555664,1216x352,1344x392
400,2011_09_26_drive_0036_sync_image_0000000341_image_02.png,0-10m,30314,1.0615251770731782,106.15251770731781,14.304399121188863,82.9946559345517,2.3782343987784986,2.415170669555664,1216x352,1344x392
400,2011_09_26_drive_0036_sync_image_0000000341_image_02.png,0-20m,58950,0.9028082835300177,90.28082835300178,9.789425229206245,90.72434266327396,2.3782343987784986,2.415170669555664,1216x352,1344x392
400,2011_09_26_drive_0036_sync_image_0000000341_image_02.png,0-40m,78890,1.3141730875974373,131.41730875974375,9.556523670552657,92.00785904423881,2.3782343987784986,2.415170669555664,1216x352,1344x392
400,2011_09_26_drive_0036_sync_image_0000000341_image_02.png,0-80m,88612,1.5742612123026598,157.42612123026598,9.228787026421301,92.5066582404189,2.3782343987784986,2.415170669555664,1216x352,1344x392
401,2011_09_26_drive_0036_sync_image_0000000344_image_03.png,0-10m,31571,1.011664083703221,101.16640837032209,13.839243350692776,83.32963795888631,2.389781485639126,2.415170669555664,1216x352,1344x392
401,2011_09_26_drive_0036_sync_image_0000000344_image_03.png,0-20m,60317,0.8303160046045681,83.03160046045681,9.338948420468865,90.95279937662683,2.389781485639126,2.415170669555664,1216x352,1344x392
401,2011_09_26_drive_0036_sync_image_0000000344_image_03.png,0-40m,76936,1.3675059250006745,136.75059250006746,9.840103806545713,90.71955911406884,2.389781485639126,2.415170669555664,1216x352,1344x392
401,2011_09_26_drive_0036_sync_image_0000000344_image_03.png,0-80m,86178,1.6766431110307891,167.66431110307892,9.582319841975947,91.27039383601382,2.389781485639126,2.415170669555664,1216x352,1344x392
402,2011_09_26_drive_0036_sync_image_0000000347_image_02.png,0-10m,34704,0.8028800766580168,80.28800766580167,11.195775932172909,98.3171968649147,2.395730042325542,2.415170669555664,1216x352,1344x392
402,2011_09_26_drive_0036_sync_image_0000000347_image_02.png,0-20m,65596,0.690277301339785,69.02773013397851,7.7700222389838185,98.687419964632,2.395730042325542,2.415170669555664,1216x352,1344x392
402,2011_09_26_drive_0036_sync_image_0000000347_image_02.png,0-40m,81492,1.3274702809376915,132.74702809376916,8.953759111359073,97.53718156383448,2.395730042325542,2.415170669555664,1216x352,1344x392
402,2011_09_26_drive_0036_sync_image_0000000347_image_02.png,0-80m,90736,1.7702160148819464,177.02160148819465,9.076710345408843,97.19956797742903,2.395730042325542,2.415170669555664,1216x352,1344x392
403,2011_09_26_drive_0036_sync_image_0000000350_image_03.png,0-10m,32800,0.8343881273560407,83.43881273560407,11.242570216675242,97.1798780487805,2.232560465665789,2.415170669555664,1216x352,1344x392
403,2011_09_26_drive_0036_sync_image_0000000350_image_03.png,0-20m,58965,0.8004532279893863,80.04532279893863,8.553272945639735,97.51886712456542,2.232560465665789,2.415170669555664,1216x352,1344x392
403,2011_09_26_drive_0036_sync_image_0000000350_image_03.png,0-40m,72566,1.392970755420722,139.2970755420722,9.527727375889535,96.35917647383071,2.232560465665789,2.415170669555664,1216x352,1344x392
403,2011_09_26_drive_0036_sync_image_0000000350_image_03.png,0-80m,80639,1.991637756989502,199.16377569895022,9.906572683619673,95.70679199890871,2.232560465665789,2.415170669555664,1216x352,1344x392
404,2011_09_26_drive_0036_sync_image_0000000353_image_02.png,0-10m,34687,0.8386794044301513,83.86794044301513,11.338986753519977,96.44535416726727,2.270790907503287,2.415170669555664,1216x352,1344x392
404,2011_09_26_drive_0036_sync_image_0000000353_image_02.png,0-20m,59780,0.8487734777945745,84.87734777945745,8.961679748970635,97.01739712278355,2.270790907503287,2.415170669555664,1216x352,1344x392
404,2011_09_26_drive_0036_sync_image_0000000353_image_02.png,0-40m,73930,1.421038880671343,142.1038880671343,9.79679192055304,96.52238604084945,2.270790907503287,2.415170669555664,1216x352,1344x392
404,2011_09_26_drive_0036_sync_image_0000000353_image_02.png,0-80m,82164,2.0698459061064605,206.98459061064605,10.24640119850636,95.70371452217516,2.270790907503287,2.415170669555664,1216x352,1344x392
405,2011_09_26_drive_0036_sync_image_0000000356_image_03.png,0-10m,28796,0.9392800827807296,93.92800827807297,12.782242437975333,94.14849284622863,2.2127937538952342,2.415170669555664,1216x352,1344x392
405,2011_09_26_drive_0036_sync_image_0000000356_image_03.png,0-20m,56706,1.0315963931551722,103.15963931551721,10.11548361251973,94.05177582619123,2.2127937538952342,2.415170669555664,1216x352,1344x392
405,2011_09_26_drive_0036_sync_image_0000000356_image_03.png,0-40m,68797,1.5435583853802366,154.35583853802365,10.73220989324851,93.49971655740804,2.2127937538952342,2.415170669555664,1216x352,1344x392
405,2011_09_26_drive_0036_sync_image_0000000356_image_03.png,0-80m,76764,2.3572422063286695,235.72422063286695,11.399215246187177,91.77088218435725,2.2127937538952342,2.415170669555664,1216x352,1344x392
406,2011_09_26_drive_0036_sync_image_0000000359_image_02.png,0-10m,33760,0.9284042906069078,92.84042906069078,12.5836868928303,95.43246445497631,2.224955951471483,2.415170669555664,1216x352,1344x392
406,2011_09_26_drive_0036_sync_image_0000000359_image_02.png,0-20m,63721,0.9404305662038503,94.04305662038503,9.83432829795144,96.24142747288963,2.224955951471483,2.415170669555664,1216x352,1344x392
406,2011_09_26_drive_0036_sync_image_0000000359_image_02.png,0-40m,76344,1.420347449887065,142.0347449887065,10.381374582327851,95.75212197422194,2.224955951471483,2.415170669555664,1216x352,1344x392
406,2011_09_26_drive_0036_sync_image_0000000359_image_02.png,0-80m,84932,2.216961601900211,221.6961601900211,11.108656985961117,93.56308576272782,2.224955951471483,2.415170669555664,1216x352,1344x392
407,2011_09_26_drive_0036_sync_image_0000000362_image_03.png,0-10m,34814,0.8491879138611238,84.91879138611237,11.304212776741004,99.05785029011317,2.2685953357144095,2.415170669555664,1216x352,1344x392
407,2011_09_26_drive_0036_sync_image_0000000362_image_03.png,0-20m,59805,0.8827649707808541,88.27649707808541,9.281792527295172,97.79115458573699,2.2685953357144095,2.415170669555664,1216x352,1344x392
407,2011_09_26_drive_0036_sync_image_0000000362_image_03.png,0-40m,70948,1.4236521608713764,142.36521608713764,10.10915462300786,96.45515025088798,2.2685953357144095,2.415170669555664,1216x352,1344x392
407,2011_09_26_drive_0036_sync_image_0000000362_image_03.png,0-80m,80085,2.2755502934862837,227.55502934862838,10.927907577368867,93.91396641068864,2.2685953357144095,2.415170669555664,1216x352,1344x392
408,2011_09_26_drive_0036_sync_image_0000000365_image_02.png,0-10m,39137,0.8573443088472524,85.73443088472524,12.057357880577744,85.34379231928865,2.328321775877179,2.415170669555664,1216x352,1344x392
408,2011_09_26_drive_0036_sync_image_0000000365_image_02.png,0-20m,62954,0.9542576853813973,95.42576853813974,10.18929987767537,88.60596626107952,2.328321775877179,2.415170669555664,1216x352,1344x392
408,2011_09_26_drive_0036_sync_image_0000000365_image_02.png,0-40m,76690,1.5869505168592966,158.69505168592966,11.316472063424175,87.03481549093755,2.328321775877179,2.415170669555664,1216x352,1344x392
408,2011_09_26_drive_0036_sync_image_0000000365_image_02.png,0-80m,85300,2.227160775809607,222.71607758096067,11.728135399550158,86.1746776084408,2.328321775877179,2.415170669555664,1216x352,1344x392
409,2011_09_26_drive_0036_sync_image_0000000368_image_03.png,0-10m,33426,0.6463374495755932,64.63374495755933,8.62885705221684,99.64099802548914,2.2827282163647538,2.415170669555664,1216x352,1344x392
409,2011_09_26_drive_0036_sync_image_0000000368_image_03.png,0-20m,57486,0.8626604122628301,86.26604122628301,8.181015480375718,97.74727759802386,2.2827282163647538,2.415170669555664,1216x352,1344x392
409,2011_09_26_drive_0036_sync_image_0000000368_image_03.png,0-40m,70466,1.5262123734681763,152.62123734681762,9.652755686182816,95.69437743025006,2.2827282163647538,2.415170669555664,1216x352,1344x392
409,2011_09_26_drive_0036_sync_image_0000000368_image_03.png,0-80m,78296,2.377345564596936,237.73455645969358,10.48378794320141,93.5909880453663,2.2827282163647538,2.415170669555664,1216x352,1344x392
410,2011_09_26_drive_0036_sync_image_0000000371_image_02.png,0-10m,34667,0.7204721260687015,72.04721260687015,9.858701344606034,99.57596561571523,2.365698134080592,2.415170669555664,1216x352,1344x392
410,2011_09_26_drive_0036_sync_image_0000000371_image_02.png,0-20m,64159,0.9777233433951245,97.77233433951244,9.242192436929676,97.23343568322449,2.365698134080592,2.415170669555664,1216x352,1344x392
410,2011_09_26_drive_0036_sync_image_0000000371_image_02.png,0-40m,75844,1.4751615507631235,147.51615507631234,10.041033934520987,96.06428985812985,2.365698134080592,2.415170669555664,1216x352,1344x392
410,2011_09_26_drive_0036_sync_image_0000000371_image_02.png,0-80m,84915,2.569381261008062,256.93812610080624,11.171993141698827,92.57610551728199,2.365698134080592,2.415170669555664,1216x352,1344x392
411,2011_09_26_drive_0036_sync_image_0000000374_image_03.png,0-10m,28015,0.8373765621103603,83.73765621103603,11.145274470334886,98.13314295912903,2.377086219980965,2.415170669555664,1216x352,1344x392
411,2011_09_26_drive_0036_sync_image_0000000374_image_03.png,0-20m,55447,0.9712210184377955,97.12210184377955,9.460110675384614,97.52556495391997,2.377086219980965,2.415170669555664,1216x352,1344x392
411,2011_09_26_drive_0036_sync_image_0000000374_image_03.png,0-40m,66358,1.4540225418240802,145.40225418240803,10.039938439034271,95.79553331926822,2.377086219980965,2.415170669555664,1216x352,1344x392
411,2011_09_26_drive_0036_sync_image_0000000374_image_03.png,0-80m,73814,2.7618979563298214,276.1897956329821,11.59017955038367,90.95564527054488,2.377086219980965,2.415170669555664,1216x352,1344x392
412,2011_09_26_drive_0036_sync_image_0000000377_image_02.png,0-10m,37144,0.6984113607200189,69.84113607200189,9.24514827619695,99.71193194055567,2.3287550010891755,2.415170669555664,1216x352,1344x392
412,2011_09_26_drive_0036_sync_image_0000000377_image_02.png,0-20m,62805,0.7622909259439302,76.22909259439302,7.975980413890536,99.0462542791179,2.3287550010891755,2.415170669555664,1216x352,1344x392
412,2011_09_26_drive_0036_sync_image_0000000377_image_02.png,0-40m,74622,1.2547399391680305,125.47399391680305,8.838727454475517,97.04644742837233,2.3287550010891755,2.415170669555664,1216x352,1344x392
412,2011_09_26_drive_0036_sync_image_0000000377_image_02.png,0-80m,83567,2.884923813163793,288.4923813163793,11.007346894383971,91.49664341187311,2.3287550010891755,2.415170669555664,1216x352,1344x392
413,2011_09_26_drive_0036_sync_image_0000000380_image_03.png,0-10m,35589,0.5850237798850237,58.502377988502374,8.096311717358727,99.66000730562814,2.4094109663916465,2.415170669555664,1216x352,1344x392
413,2011_09_26_drive_0036_sync_image_0000000380_image_03.png,0-20m,57277,0.7966227175659655,79.66227175659655,7.8707514007362045,97.16291006861393,2.4094109663916465,2.415170669555664,1216x352,1344x392
413,2011_09_26_drive_0036_sync_image_0000000380_image_03.png,0-40m,67545,1.3520342017007232,135.20342017007232,8.994394156614238,95.69176104819009,2.4094109663916465,2.415170669555664,1216x352,1344x392
413,2011_09_26_drive_0036_sync_image_0000000380_image_03.png,0-80m,76785,3.4864037758811746,348.6403775881175,11.825325769036091,88.32975190466888,2.4094109663916465,2.415170669555664,1216x352,1344x392
414,2011_09_26_drive_0036_sync_image_0000000386_image_02.png,0-10m,30893,0.8126608171788077,81.26608171788077,10.811862636562273,98.99977341145242,2.3893092745647655,2.415170669555664,1216x352,1344x392
414,2011_09_26_drive_0036_sync_image_0000000386_image_02.png,0-20m,55800,0.8553557821969405,85.53557821969406,8.889025758903067,98.22401433691756,2.3893092745647655,2.415170669555664,1216x352,1344x392
414,2011_09_26_drive_0036_sync_image_0000000386_image_02.png,0-40m,67650,1.53787627031604,153.787627031604,10.056336422212176,96.13599408721359,2.3893092745647655,2.415170669555664,1216x352,1344x392
414,2011_09_26_drive_0036_sync_image_0000000386_image_02.png,0-80m,79955,3.969466067958777,396.9466067958777,13.397753358758452,88.29841786004627,2.3893092745647655,2.415170669555664,1216x352,1344x392
415,2011_09_26_drive_0036_sync_image_0000000392_image_03.png,0-10m,30808,0.7321070518022511,73.2107051802251,10.053746373264753,99.24370293430277,2.3713905953816132,2.415170669555664,1216x352,1344x392
415,2011_09_26_drive_0036_sync_image_0000000392_image_03.png,0-20m,54191,0.789028472207542,78.9028472207542,8.195948169765606,98.7673229872119,2.3713905953816132,2.415170669555664,1216x352,1344x392
415,2011_09_26_drive_0036_sync_image_0000000392_image_03.png,0-40m,64676,1.2547940060876945,125.47940060876945,8.9135914046573,97.65600841115716,2.3713905953816132,2.415170669555664,1216x352,1344x392
415,2011_09_26_drive_0036_sync_image_0000000392_image_03.png,0-80m,76089,3.6491844711487453,364.91844711487454,12.216211085774411,90.47168447475981,2.3713905953816132,2.415170669555664,1216x352,1344x392
416,2011_09_26_drive_0036_sync_image_0000000398_image_02.png,0-10m,30542,0.7122366498007021,71.22366498007021,9.480526656147727,99.50559884748871,2.218691544303096,2.415170669555664,1216x352,1344x392
416,2011_09_26_drive_0036_sync_image_0000000398_image_02.png,0-20m,57181,0.71737953053844,71.737953053844,7.512365172144941,99.1518161627114,2.218691544303096,2.415170669555664,1216x352,1344x392
416,2011_09_26_drive_0036_sync_image_0000000398_image_02.png,0-40m,68268,1.222771569219493,122.2771569219493,8.4552173906541,98.32718110974396,2.218691544303096,2.415170669555664,1216x352,1344x392
416,2011_09_26_drive_0036_sync_image_0000000398_image_02.png,0-80m,80422,3.249390584697791,324.9390584697791,11.572043798224357,91.69505856606402,2.218691544303096,2.415170669555664,1216x352,1344x392
417,2011_09_26_drive_0036_sync_image_0000000404_image_03.png,0-10m,27655,0.9172729631936738,91.72729631936738,12.22025645321551,97.50497197613451,2.2364665259446395,2.415170669555664,1216x352,1344x392
417,2011_09_26_drive_0036_sync_image_0000000404_image_03.png,0-20m,52199,0.9490717153178861,94.90717153178862,9.781516379433015,97.95206804728059,2.2364665259446395,2.415170669555664,1216x352,1344x392
417,2011_09_26_drive_0036_sync_image_0000000404_image_03.png,0-40m,63057,1.4626237727679332,146.26237727679333,10.296346481102834,96.38105206400557,2.2364665259446395,2.415170669555664,1216x352,1344x392
417,2011_09_26_drive_0036_sync_image_0000000404_image_03.png,0-80m,77612,4.229549638381331,422.95496383813315,14.298778602795698,88.46183579858786,2.2364665259446395,2.415170669555664,1216x352,1344x392
418,2011_09_26_drive_0036_sync_image_0000000410_image_02.png,0-10m,33301,0.9235415140296142,92.35415140296142,12.706024398712126,86.51091558812047,2.3057561819527135,2.415170669555664,1216x352,1344x392
418,2011_09_26_drive_0036_sync_image_0000000410_image_02.png,0-20m,59259,0.830211290006152,83.0211290006152,9.425182262467226,92.0180900791441,2.3057561819527135,2.415170669555664,1216x352,1344x392
418,2011_09_26_drive_0036_sync_image_0000000410_image_02.png,0-40m,71546,1.486405028827809,148.6405028827809,10.410282828653195,91.35660973359796,2.3057561819527135,2.415170669555664,1216x352,1344x392
418,2011_09_26_drive_0036_sync_image_0000000410_image_02.png,0-80m,83250,3.093411391252512,309.3411391252512,12.33261187632757,87.51351351351352,2.3057561819527135,2.415170669555664,1216x352,1344x392
419,2011_09_26_drive_0036_sync_image_0000000416_image_03.png,0-10m,28930,0.6595829166840238,65.95829166840238,9.034629772365582,99.90321465606637,2.36314272450943,2.415170669555664,1216x352,1344x392
419,2011_09_26_drive_0036_sync_image_0000000416_image_03.png,0-20m,52624,0.8419852357490261,84.19852357490261,8.21105536415625,98.10922772879294,2.36314272450943,2.415170669555664,1216x352,1344x392
419,2011_09_26_drive_0036_sync_image_0000000416_image_03.png,0-40m,63993,1.6180079909440843,161.80079909440843,9.80439805777854,95.84485803134719,2.36314272450943,2.415170669555664,1216x352,1344x392
419,2011_09_26_drive_0036_sync_image_0000000416_image_03.png,0-80m,75880,3.6904806835090858,369.0480683509086,12.63768451888925,89.81418028466,2.36314272450943,2.415170669555664,1216x352,1344x392
420,2011_09_26_drive_0036_sync_image_0000000422_image_02.png,0-10m,34987,0.7180465122472256,71.80465122472256,9.725016502362536,99.448366536142,2.3549226360750395,2.415170669555664,1216x352,1344x392
420,2011_09_26_drive_0036_sync_image_0000000422_image_02.png,0-20m,57346,0.7506954632950241,75.06954632950242,8.02656577643332,99.04439716806752,2.3549226360750395,2.415170669555664,1216x352,1344x392
420,2011_09_26_drive_0036_sync_image_0000000422_image_02.png,0-40m,68027,1.4691766293534234,146.91766293534235,9.58177988071914,97.1687712231908,2.3549226360750395,2.415170669555664,1216x352,1344x392
420,2011_09_26_drive_0036_sync_image_0000000422_image_02.png,0-80m,76854,3.048713804547723,304.8713804547723,11.588323901924467,92.30879329638016,2.3549226360750395,2.415170669555664,1216x352,1344x392
421,2011_09_26_drive_0036_sync_image_0000000428_image_03.png,0-10m,31639,0.72771299698059,72.771299698059,9.916466797205134,99.31729827112108,2.3597271965231936,2.415170669555664,1216x352,1344x392
421,2011_09_26_drive_0036_sync_image_0000000428_image_03.png,0-20m,54687,0.8233594226198899,82.33594226198899,8.593003852694494,98.54627242306215,2.3597271965231936,2.415170669555664,1216x352,1344x392
421,2011_09_26_drive_0036_sync_image_0000000428_image_03.png,0-40m,65528,1.4339070798545628,143.3907079854563,9.663087503808159,97.12336711024295,2.3597271965231936,2.415170669555664,1216x352,1344x392
421,2011_09_26_drive_0036_sync_image_0000000428_image_03.png,0-80m,74813,3.373726767656018,337.3726767656018,12.627127361845785,90.58987074438934,2.3597271965231936,2.415170669555664,1216x352,1344x392
422,2011_09_26_drive_0036_sync_image_0000000434_image_02.png,0-10m,19782,0.8505197974478749,85.05197974478749,12.03432252951603,96.30472146395714,2.3129783527166747,2.415170669555664,1216x352,1344x392
422,2011_09_26_drive_0036_sync_image_0000000434_image_02.png,0-20m,38557,0.9230048251998565,92.30048251998565,9.396943803521147,96.85141478849496,2.3129783527166747,2.415170669555664,1216x352,1344x392
422,2011_09_26_drive_0036_sync_image_0000000434_image_02.png,0-40m,49795,1.741207212079827,174.1207212079827,10.789611724147417,94.59182648860327,2.3129783527166747,2.415170669555664,1216x352,1344x392
422,2011_09_26_drive_0036_sync_image_0000000434_image_02.png,0-80m,59283,4.225898663729764,422.5898663729764,14.447733410006888,86.61336302143954,2.3129783527166747,2.415170669555664,1216x352,1344x392
423,2011_09_26_drive_0036_sync_image_0000000440_image_03.png,0-10m,11447,0.7557877950234279,75.57877950234278,10.456521433470261,98.25281733205206,2.2300362693303404,2.415170669555664,1216x352,1344x392
423,2011_09_26_drive_0036_sync_image_0000000440_image_03.png,0-20m,28053,1.0087116095478623,100.87116095478623,9.22586291238838,97.8398032296011,2.2300362693303404,2.415170669555664,1216x352,1344x392
423,2011_09_26_drive_0036_sync_image_0000000440_image_03.png,0-40m,37149,1.7607737552006475,176.07737552006475,10.435269030458528,95.81953753802256,2.2300362693303404,2.415170669555664,1216x352,1344x392
423,2011_09_26_drive_0036_sync_image_0000000440_image_03.png,0-80m,45785,3.7082024820379207,370.82024820379206,12.903489889059497,90.18455826143934,2.2300362693303404,2.415170669555664,1216x352,1344x392
424,2011_09_26_drive_0036_sync_image_0000000446_image_02.png,0-10m,30047,0.8147326353191635,81.47326353191634,11.01966587360932,89.27679968050055,2.198711159443704,2.415170669555664,1216x352,1344x392
424,2011_09_26_drive_0036_sync_image_0000000446_image_02.png,0-20m,52865,0.8885076383289253,88.85076383289253,9.176302802645901,93.0937293105079,2.198711159443704,2.415170669555664,1216x352,1344x392
424,2011_09_26_drive_0036_sync_image_0000000446_image_02.png,0-40m,63274,1.619402489605047,161.9402489605047,10.514780552031477,91.65534026614407,2.198711159443704,2.415170669555664,1216x352,1344x392
424,2011_09_26_drive_0036_sync_image_0000000446_image_02.png,0-80m,73653,2.7836196594367246,278.3619659436725,11.585286766497719,88.691567213827,2.198711159443704,2.415170669555664,1216x352,1344x392
425,2011_09_26_drive_0036_sync_image_0000000452_image_03.png,0-10m,35658,0.7071568297754127,70.71568297754128,9.550217914814498,99.44192046665546,2.338997449641437,2.415170669555664,1216x352,1344x392
425,2011_09_26_drive_0036_sync_image_0000000452_image_03.png,0-20m,61519,0.8267959307573225,82.67959307573224,8.374384655032555,98.57767518977877,2.338997449641437,2.415170669555664,1216x352,1344x392
425,2011_09_26_drive_0036_sync_image_0000000452_image_03.png,0-40m,70632,1.2918700247020733,129.18700247020735,9.222413401913201,97.17833276701778,2.338997449641437,2.415170669555664,1216x352,1344x392
425,2011_09_26_drive_0036_sync_image_0000000452_image_03.png,0-80m,80522,2.402741817028594,240.27418170285938,10.477406924866656,93.58684583095304,2.338997449641437,2.415170669555664,1216x352,1344x392
426,2011_09_26_drive_0036_sync_image_0000000458_image_02.png,0-10m,29079,0.8480671419107404,84.80671419107404,11.254134661807623,98.39403005605419,2.2377782621378755,2.415170669555664,1216x352,1344x392
426,2011_09_26_drive_0036_sync_image_0000000458_image_02.png,0-20m,56399,0.8734685479817859,87.34685479817858,9.161740000742716,98.21805351158709,2.2377782621378755,2.415170669555664,1216x352,1344x392
426,2011_09_26_drive_0036_sync_image_0000000458_image_02.png,0-40m,67347,1.4238052356941782,142.38052356941782,10.051444050758287,96.36063967214575,2.2377782621378755,2.415170669555664,1216x352,1344x392
426,2011_09_26_drive_0036_sync_image_0000000458_image_02.png,0-80m,78911,2.3200494813435046,232.00494813435046,10.77385376601975,94.33285600233174,2.2377782621378755,2.415170669555664,1216x352,1344x392
427,2011_09_26_drive_0036_sync_image_0000000464_image_03.png,0-10m,33528,0.7307774968973295,73.07774968973295,9.895997962512986,99.37962300167025,2.262916501071392,2.415170669555664,1216x352,1344x392
427,2011_09_26_drive_0036_sync_image_0000000464_image_03.png,0-20m,60566,0.8014430775138679,80.14430775138679,8.186534234293333,99.058877918304,2.262916501071392,2.415170669555664,1216x352,1344x392
427,2011_09_26_drive_0036_sync_image_0000000464_image_03.png,0-40m,73990,1.4309636919091466,143.09636919091466,9.297736724155193,97.18205162859846,2.262916501071392,2.415170669555664,1216x352,1344x392
427,2011_09_26_drive_0036_sync_image_0000000464_image_03.png,0-80m,81879,2.3180215334187317,231.80215334187318,10.293877699977472,94.72880714224648,2.262916501071392,2.415170669555664,1216x352,1344x392
428,2011_09_26_drive_0036_sync_image_0000000470_image_02.png,0-10m,31727,0.8914988725888093,89.14988725888094,12.158141339386637,99.53352034544709,2.201238548779985,2.415170669555664,1216x352,1344x392
428,2011_09_26_drive_0036_sync_image_0000000470_image_02.png,0-20m,58594,0.8780115457037982,87.80115457037982,9.40600415227498,98.60395262313547,2.201238548779985,2.415170669555664,1216x352,1344x392
428,2011_09_26_drive_0036_sync_image_0000000470_image_02.png,0-40m,74883,1.554800451237245,155.4800451237245,10.41384504750312,97.528143904491,2.201238548779985,2.415170669555664,1216x352,1344x392
428,2011_09_26_drive_0036_sync_image_0000000470_image_02.png,0-80m,83557,2.319300758853919,231.9300758853919,11.017737838568394,95.18053544287133,2.201238548779985,2.415170669555664,1216x352,1344x392
429,2011_09_26_drive_0036_sync_image_0000000476_image_03.png,0-10m,33715,0.5713982530186832,57.13982530186832,7.615089485812679,99.64704137624203,2.1765651407752977,2.415170669555664,1216x352,1344x392
429,2011_09_26_drive_0036_sync_image_0000000476_image_03.png,0-20m,64894,0.8027773915694469,80.27773915694469,7.25166913332223,99.45141307362776,2.1765651407752977,2.415170669555664,1216x352,1344x392
429,2011_09_26_drive_0036_sync_image_0000000476_image_03.png,0-40m,75391,1.3024863473719897,130.24863473719896,8.416794336025452,97.62836412834423,2.1765651407752977,2.415170669555664,1216x352,1344x392
429,2011_09_26_drive_0036_sync_image_0000000476_image_03.png,0-80m,83338,2.095388889301301,209.5388889301301,9.313438863370155,95.12107321989969,2.1765651407752977,2.415170669555664,1216x352,1344x392
430,2011_09_26_drive_0036_sync_image_0000000482_image_02.png,0-10m,38636,0.6671099853954993,66.71099853954992,8.685358311401686,99.83435138213066,2.164747221479966,2.415170669555664,1216x352,1344x392
430,2011_09_26_drive_0036_sync_image_0000000482_image_02.png,0-20m,69941,0.7347627499312134,73.47627499312134,7.309007406727355,99.2894010666133,2.164747221479966,2.415170669555664,1216x352,1344x392
430,2011_09_26_drive_0036_sync_image_0000000482_image_02.png,0-40m,80719,1.1424745649000032,114.24745649000032,8.114552141439706,98.21479453412456,2.164747221479966,2.415170669555664,1216x352,1344x392
430,2011_09_26_drive_0036_sync_image_0000000482_image_02.png,0-80m,89003,1.792116923944206,179.2116923944206,8.784883078186928,95.97541655899239,2.164747221479966,2.415170669555664,1216x352,1344x392
431,2011_09_26_drive_0036_sync_image_0000000488_image_03.png,0-10m,35079,0.540099900955315,54.0099900955315,7.2993098309024464,99.76624191111492,2.1673544404878435,2.415170669555664,1216x352,1344x392
431,2011_09_26_drive_0036_sync_image_0000000488_image_03.png,0-20m,62565,0.758076974545929,75.8076974545929,7.1336047664702456,99.09214417006314,2.1673544404878435,2.415170669555664,1216x352,1344x392
431,2011_09_26_drive_0036_sync_image_0000000488_image_03.png,0-40m,74852,1.1745136718654954,117.45136718654953,7.840103437335849,97.77561053812857,2.1673544404878435,2.415170669555664,1216x352,1344x392
431,2011_09_26_drive_0036_sync_image_0000000488_image_03.png,0-80m,83744,1.8803893380980252,188.03893380980253,8.688157265888115,96.10360145204433,2.1673544404878435,2.415170669555664,1216x352,1344x392
432,2011_09_26_drive_0036_sync_image_0000000494_image_02.png,0-10m,35263,0.7333850073800193,73.33850073800193,9.482841866460252,99.52357995632816,2.3155298418348598,2.415170669555664,1216x352,1344x392
432,2011_09_26_drive_0036_sync_image_0000000494_image_02.png,0-20m,65274,0.7068868081505459,70.6886808150546,7.3006250512636655,99.24012623709288,2.3155298418348598,2.415170669555664,1216x352,1344x392
432,2011_09_26_drive_0036_sync_image_0000000494_image_02.png,0-40m,79377,1.1740113435942012,117.40113435942013,8.005940546318765,97.98052332539653,2.3155298418348598,2.415170669555664,1216x352,1344x392
432,2011_09_26_drive_0036_sync_image_0000000494_image_02.png,0-80m,86700,1.59539089011211,159.53908901121102,8.45066800723627,97.09227220299884,2.3155298418348598,2.415170669555664,1216x352,1344x392
433,2011_09_26_drive_0036_sync_image_0000000500_image_03.png,0-10m,32878,0.6142410276521912,61.424102765219125,8.059771710125121,99.84488107549122,2.317378951716099,2.415170669555664,1216x352,1344x392
433,2011_09_26_drive_0036_sync_image_0000000500_image_03.png,0-20m,59193,0.7286898692227404,72.86898692227403,7.304919577194645,99.38337303397361,2.317378951716099,2.415170669555664,1216x352,1344x392
433,2011_09_26_drive_0036_sync_image_0000000500_image_03.png,0-40m,76002,1.5930364435024817,159.30364435024816,9.244008942327032,95.73958580037367,2.317378951716099,2.415170669555664,1216x352,1344x392
433,2011_09_26_drive_0036_sync_image_0000000500_image_03.png,0-80m,81315,1.865307130269999,186.5307130269999,9.447822314996081,95.38584517001783,2.317378951716099,2.415170669555664,1216x352,1344x392
434,2011_09_26_drive_0036_sync_image_0000000506_image_02.png,0-10m,23064,0.6847489762856156,68.47489762856156,9.014549081020757,99.86559139784946,2.3220454061926654,2.415170669555664,1216x352,1344x392
434,2011_09_26_drive_0036_sync_image_0000000506_image_02.png,0-20m,52104,0.7944792361691784,79.44792361691783,7.305030865559749,99.54705972670045,2.3220454061926654,2.415170669555664,1216x352,1344x392
434,2011_09_26_drive_0036_sync_image_0000000506_image_02.png,0-40m,66343,1.2837597563317678,128.37597563317678,8.16827852396171,98.00129629350496,2.3220454061926654,2.415170669555664,1216x352,1344x392
434,2011_09_26_drive_0036_sync_image_0000000506_image_02.png,0-80m,72278,1.6987404611234123,169.87404611234123,8.351195595452038,97.01292232767923,2.3220454061926654,2.415170669555664,1216x352,1344x392
435,2011_09_26_drive_0036_sync_image_0000000512_image_03.png,0-10m,26040,0.7515913001861074,75.15913001861074,9.752063625097785,99.74270353302612,2.385546830582705,2.415170669555664,1216x352,1344x392
435,2011_09_26_drive_0036_sync_image_0000000512_image_03.png,0-20m,53540,0.8568812555860663,85.68812555860663,8.186748538053685,99.1258871871498,2.385546830582705,2.415170669555664,1216x352,1344x392
435,2011_09_26_drive_0036_sync_image_0000000512_image_03.png,0-40m,63695,1.314427979047299,131.4427979047299,9.072359382868433,97.08454352774943,2.385546830582705,2.415170669555664,1216x352,1344x392
435,2011_09_26_drive_0036_sync_image_0000000512_image_03.png,0-80m,72499,1.9393426367647195,193.93426367647194,9.301524210160004,96.0068414736755,2.385546830582705,2.415170669555664,1216x352,1344x392
436,2011_09_26_drive_0036_sync_image_0000000518_image_02.png,0-10m,38317,0.8646907594839429,86.46907594839429,11.480996350895776,98.499360597124,2.373049560839728,2.415170669555664,1216x352,1344x392
436,2011_09_26_drive_0036_sync_image_0000000518_image_02.png,0-20m,67156,1.015491173857979,101.5491173857979,10.110554015563464,96.63172315206386,2.373049560839728,2.415170669555664,1216x352,1344x392
436,2011_09_26_drive_0036_sync_image_0000000518_image_02.png,0-40m,77155,1.507944155904357,150.7944155904357,11.111076898936945,95.2653748946925,2.373049560839728,2.415170669555664,1216x352,1344x392
436,2011_09_26_drive_0036_sync_image_0000000518_image_02.png,0-80m,88146,2.3792740268411694,237.92740268411694,11.64692889025935,93.56975926304086,2.373049560839728,2.415170669555664,1216x352,1344x392
437,2011_09_26_drive_0036_sync_image_0000000524_image_03.png,0-10m,41816,0.8045735319736744,80.45735319736744,10.66832885133295,99.3925770040176,2.2246446129942163,2.415170669555664,1216x352,1344x392
437,2011_09_26_drive_0036_sync_image_0000000524_image_03.png,0-20m,75361,0.9308212507704533,93.08212507704533,9.558352958620562,95.92494791735778,2.2246446129942163,2.415170669555664,1216x352,1344x392
437,2011_09_26_drive_0036_sync_image_0000000524_image_03.png,0-40m,84845,1.2322487395839183,123.22487395839184,9.96688039326499,95.53420944074489,2.2246446129942163,2.415170669555664,1216x352,1344x392
437,2011_09_26_drive_0036_sync_image_0000000524_image_03.png,0-80m,97990,2.1800776411652723,218.00776411652723,10.83148462372397,93.50341871619553,2.2246446129942163,2.415170669555664,1216x352,1344x392
438,2011_09_26_drive_0036_sync_image_0000000530_image_02.png,0-10m,38294,0.6976513720283423,69.76513720283423,9.370117391623522,99.86159711704184,2.227399689093567,2.415170669555664,1216x352,1344x392
438,2011_09_26_drive_0036_sync_image_0000000530_image_02.png,0-20m,70719,0.7334192732387519,73.34192732387518,7.513338414614622,99.83172838982452,2.227399689093567,2.415170669555664,1216x352,1344x392
438,2011_09_26_drive_0036_sync_image_0000000530_image_02.png,0-40m,86069,1.8142082200582599,181.42082200582598,10.001998434004278,94.0570937271259,2.227399689093567,2.415170669555664,1216x352,1344x392
438,2011_09_26_drive_0036_sync_image_0000000530_image_02.png,0-80m,97051,2.3895920444493672,238.95920444493672,10.393812047892503,93.46323067253299,2.227399689093567,2.415170669555664,1216x352,1344x392
439,2011_09_26_drive_0036_sync_image_0000000536_image_03.png,0-10m,31590,0.8066059124926368,80.66059124926367,10.448998802821416,99.80373535929091,2.3080237753239072,2.415170669555664,1216x352,1344x392
439,2011_09_26_drive_0036_sync_image_0000000536_image_03.png,0-20m,60378,0.7115202608727371,71.15202608727371,7.616406864989426,99.89565735864056,2.3080237753239072,2.415170669555664,1216x352,1344x392
439,2011_09_26_drive_0036_sync_image_0000000536_image_03.png,0-40m,76653,2.0473562063832493,204.73562063832495,11.48801362670724,91.83332681043143,2.3080237753239072,2.415170669555664,1216x352,1344x392
439,2011_09_26_drive_0036_sync_image_0000000536_image_03.png,0-80m,85409,2.7409122755770663,274.09122755770665,11.951199782016653,90.11228324883794,2.3080237753239072,2.415170669555664,1216x352,1344x392
440,2011_09_26_drive_0036_sync_image_0000000542_image_02.png,0-10m,36505,0.7479625681004709,74.79625681004708,9.841333220799276,99.9013833721408,2.2017624667573084,2.415170669555664,1216x352,1344x392
440,2011_09_26_drive_0036_sync_image_0000000542_image_02.png,0-20m,75344,1.2267367408568755,122.67367408568755,10.42726022925174,92.78376513060098,2.2017624667573084,2.415170669555664,1216x352,1344x392
440,2011_09_26_drive_0036_sync_image_0000000542_image_02.png,0-40m,91554,1.7713081490298979,177.13081490298978,11.511193506147267,89.9982523974922,2.2017624667573084,2.415170669555664,1216x352,1344x392
440,2011_09_26_drive_0036_sync_image_0000000542_image_02.png,0-80m,102910,2.4169337864624563,241.69337864624563,11.787763662686643,89.61422602273832,2.2017624667573084,2.415170669555664,1216x352,1344x392
441,2011_09_26_drive_0036_sync_image_0000000548_image_03.png,0-10m,36992,0.9020793460580201,90.20793460580201,12.098620062200023,95.49362024221453,2.195031633724295,2.415170669555664,1216x352,1344x392
441,2011_09_26_drive_0036_sync_image_0000000548_image_03.png,0-20m,75199,1.2223952289090454,122.23952289090454,11.468054059783837,91.70334711897765,2.195031633724295,2.415170669555664,1216x352,1344x392
441,2011_09_26_drive_0036_sync_image_0000000548_image_03.png,0-40m,87986,1.6198769269499969,161.98769269499968,11.775835750661619,91.33384856681744,2.195031633724295,2.415170669555664,1216x352,1344x392
441,2011_09_26_drive_0036_sync_image_0000000548_image_03.png,0-80m,98089,2.262543344302258,226.25433443022578,12.04767111930602,90.57182762593156,2.195031633724295,2.415170669555664,1216x352,1344x392
442,2011_09_26_drive_0036_sync_image_0000000554_image_02.png,0-10m,43681,0.8902367242938561,89.02367242938561,12.055055613001041,91.04416107689842,2.168353103249656,2.415170669555664,1216x352,1344x392
442,2011_09_26_drive_0036_sync_image_0000000554_image_02.png,0-20m,69109,0.9529847348299898,95.29847348299899,10.37240688354585,93.50301697318729,2.168353103249656,2.415170669555664,1216x352,1344x392
442,2011_09_26_drive_0036_sync_image_0000000554_image_02.png,0-40m,82921,1.4998622768828465,149.98622768828466,11.237830509850061,93.0873964375731,2.168353103249656,2.415170669555664,1216x352,1344x392
442,2011_09_26_drive_0036_sync_image_0000000554_image_02.png,0-80m,92191,2.2332214902110925,223.32214902110925,11.75076916030263,90.75723226779186,2.168353103249656,2.415170669555664,1216x352,1344x392
443,2011_09_26_drive_0036_sync_image_0000000560_image_03.png,0-10m,32879,0.8702228817939324,87.02228817939324,11.63319154625782,94.87210681590072,2.1554469545872177,2.415170669555664,1216x352,1344x392
443,2011_09_26_drive_0036_sync_image_0000000560_image_03.png,0-20m,63974,0.9784453568835859,97.84453568835859,9.49515557518312,96.76274736611748,2.1554469545872177,2.415170669555664,1216x352,1344x392
443,2011_09_26_drive_0036_sync_image_0000000560_image_03.png,0-40m,79062,1.6867645887374298,168.67645887374297,10.873323728779516,94.60676431155296,2.1554469545872177,2.415170669555664,1216x352,1344x392
443,2011_09_26_drive_0036_sync_image_0000000560_image_03.png,0-80m,88460,2.309201741787257,230.9201741787257,11.269097153239937,93.18449016504636,2.1554469545872177,2.415170669555664,1216x352,1344x392
444,2011_09_26_drive_0036_sync_image_0000000566_image_02.png,0-10m,36125,0.7952474463109739,79.52474463109739,11.00755752721145,94.0484429065744,2.264169740400326,2.415170669555664,1216x352,1344x392
444,2011_09_26_drive_0036_sync_image_0000000566_image_02.png,0-20m,69862,0.9443520601375018,94.43520601375019,9.284922672202214,95.65858406572958,2.264169740400326,2.415170669555664,1216x352,1344x392
444,2011_09_26_drive_0036_sync_image_0000000566_image_02.png,0-40m,86077,1.616331933160358,161.6331933160358,10.528602094606107,93.99491153269747,2.264169740400326,2.415170669555664,1216x352,1344x392
444,2011_09_26_drive_0036_sync_image_0000000566_image_02.png,0-80m,94275,2.202825267691095,220.2825267691095,10.923436851694115,92.90479978785467,2.264169740400326,2.415170669555664,1216x352,1344x392
445,2011_09_26_drive_0036_sync_image_0000000572_image_03.png,0-10m,9681,1.0077663160234847,100.77663160234846,14.033014154551712,81.71676479702509,2.2816589304058703,2.415170669555664,1216x352,1344x392
445,2011_09_26_drive_0036_sync_image_0000000572_image_03.png,0-20m,22634,1.4262811413626162,142.62811413626162,12.59751958312145,87.9738446584784,2.2816589304058703,2.415170669555664,1216x352,1344x392
445,2011_09_26_drive_0036_sync_image_0000000572_image_03.png,0-40m,33573,2.542348863064925,254.23488630649248,14.231945864254117,84.07946862061776,2.2816589304058703,2.415170669555664,1216x352,1344x392
445,2011_09_26_drive_0036_sync_image_0000000572_image_03.png,0-80m,41713,3.699747424951817,369.9747424951817,14.411868423743288,83.26900486658836,2.2816589304058703,2.415170669555664,1216x352,1344x392
446,2011_09_26_drive_0036_sync_image_0000000578_image_02.png,0-10m,31085,0.885078673495421,88.5078673495421,11.97640435807703,93.92311404214252,2.259898751933136,2.415170669555664,1216x352,1344x392
446,2011_09_26_drive_0036_sync_image_0000000578_image_02.png,0-20m,61965,0.8834385569694111,88.3438556969411,9.00507039269505,96.24949568304689,2.259898751933136,2.415170669555664,1216x352,1344x392
446,2011_09_26_drive_0036_sync_image_0000000578_image_02.png,0-40m,73865,1.3838312999627476,138.38312999627476,9.86005809026522,95.62038854667298,2.259898751933136,2.415170669555664,1216x352,1344x392
446,2011_09_26_drive_0036_sync_image_0000000578_image_02.png,0-80m,83956,2.2227531642274068,222.27531642274067,10.542707140830746,93.68240506932203,2.259898751933136,2.415170669555664,1216x352,1344x392
447,2011_09_26_drive_0036_sync_image_0000000584_image_03.png,0-10m,31395,0.8610565179851257,86.10565179851257,11.277973183671158,96.04077082337952,2.327320390684356,2.415170669555664,1216x352,1344x392
447,2011_09_26_drive_0036_sync_image_0000000584_image_03.png,0-20m,60030,0.9650637366941288,96.50637366941288,9.432786557380755,97.07646176911544,2.327320390684356,2.415170669555664,1216x352,1344x392
447,2011_09_26_drive_0036_sync_image_0000000584_image_03.png,0-40m,72297,1.4640649367937308,146.40649367937309,10.2465381618334,96.08420819674399,2.327320390684356,2.415170669555664,1216x352,1344x392
447,2011_09_26_drive_0036_sync_image_0000000584_image_03.png,0-80m,81147,2.1612198731770778,216.12198731770778,10.743373647849152,94.77861165539083,2.327320390684356,2.415170669555664,1216x352,1344x392
448,2011_09_26_drive_0036_sync_image_0000000590_image_02.png,0-10m,36932,0.9599008249149387,95.99008249149387,12.774868990840977,93.84273800498212,2.2787644447885254,2.415170669555664,1216x352,1344x392
448,2011_09_26_drive_0036_sync_image_0000000590_image_02.png,0-20m,66917,0.8656686866593567,86.56686866593567,9.445336631381304,96.20873619558557,2.2787644447885254,2.415170669555664,1216x352,1344x392
448,2011_09_26_drive_0036_sync_image_0000000590_image_02.png,0-40m,80658,1.2489703889730126,124.89703889730126,9.700377028055259,96.07602469686826,2.2787644447885254,2.415170669555664,1216x352,1344x392
448,2011_09_26_drive_0036_sync_image_0000000590_image_02.png,0-80m,89606,1.7878289114212167,178.78289114212166,9.959857473981774,95.09296252483092,2.2787644447885254,2.415170669555664,1216x352,1344x392
449,2011_09_26_drive_0036_sync_image_0000000596_image_03.png,0-10m,25624,0.7705837983080941,77.05837983080941,10.838949060784817,96.43303153293787,2.398894397621171,2.415170669555664,1216x352,1344x392
449,2011_09_26_drive_0036_sync_image_0000000596_image_03.png,0-20m,51299,0.8728530915309264,87.28530915309264,8.728350298791517,97.71925378662351,2.398894397621171,2.415170669555664,1216x352,1344x392
449,2011_09_26_drive_0036_sync_image_0000000596_image_03.png,0-40m,63257,1.2263740867902582,122.63740867902581,8.940695280183679,97.49276759884282,2.398894397621171,2.415170669555664,1216x352,1344x392
449,2011_09_26_drive_0036_sync_image_0000000596_image_03.png,0-80m,72499,1.9519180049123293,195.19180049123293,9.384888339715589,95.96959958068388,2.398894397621171,2.415170669555664,1216x352,1344x392
450,2011_09_26_drive_0036_sync_image_0000000602_image_02.png,0-10m,35752,0.8270226792151242,82.70226792151242,11.333823345652686,94.75833519803088,2.3566663728954955,2.415170669555664,1216x352,1344x392
450,2011_09_26_drive_0036_sync_image_0000000602_image_02.png,0-20m,65956,0.7383118876296659,73.83118876296659,8.257627445103708,96.97980471829705,2.3566663728954955,2.415170669555664,1216x352,1344x392
450,2011_09_26_drive_0036_sync_image_0000000602_image_02.png,0-40m,82777,1.0838322866227534,108.38322866227534,8.336360646530073,96.89889703661645,2.3566663728954955,2.415170669555664,1216x352,1344x392
450,2011_09_26_drive_0036_sync_image_0000000602_image_02.png,0-80m,93351,1.6348714032434533,163.48714032434532,8.6491189700633,95.80829343017214,2.3566663728954955,2.415170669555664,1216x352,1344x392
451,2011_09_26_drive_0036_sync_image_0000000608_image_03.png,0-10m,29124,0.9529934803661189,95.29934803661189,12.921933038653934,91.07952204367533,2.327315516036905,2.415170669555664,1216x352,1344x392
451,2011_09_26_drive_0036_sync_image_0000000608_image_03.png,0-20m,56486,0.8354007257760316,83.54007257760317,9.009356518215204,95.17048472187798,2.327315516036905,2.415170669555664,1216x352,1344x392
451,2011_09_26_drive_0036_sync_image_0000000608_image_03.png,0-40m,70900,1.2705165865424657,127.05165865424657,9.20547801425634,94.25528913963329,2.327315516036905,2.415170669555664,1216x352,1344x392
451,2011_09_26_drive_0036_sync_image_0000000608_image_03.png,0-80m,79723,1.7448859951334423,174.48859951334424,9.368852707090614,93.77845791051516,2.327315516036905,2.415170669555664,1216x352,1344x392
452,2011_09_26_drive_0036_sync_image_0000000614_image_02.png,0-10m,30297,0.9224446526682368,92.24446526682368,12.532917330138412,93.33267320196718,2.2597368670736175,2.415170669555664,1216x352,1344x392
452,2011_09_26_drive_0036_sync_image_0000000614_image_02.png,0-20m,59728,0.7894183367794141,78.9418336779414,8.604496317240693,96.05210286632735,2.2597368670736175,2.415170669555664,1216x352,1344x392
452,2011_09_26_drive_0036_sync_image_0000000614_image_02.png,0-40m,74641,1.3546790907527055,135.46790907527054,9.250258017112294,92.91810131161158,2.2597368670736175,2.415170669555664,1216x352,1344x392
452,2011_09_26_drive_0036_sync_image_0000000614_image_02.png,0-80m,82427,1.6083125511283605,160.83125511283606,9.080304020444732,93.3250027296881,2.2597368670736175,2.415170669555664,1216x352,1344x392
453,2011_09_26_drive_0036_sync_image_0000000620_image_03.png,0-10m,36245,0.9752232316412224,97.52232316412224,12.937399820444806,93.36460201407091,2.2883431342302036,2.415170669555664,1216x352,1344x392
453,2011_09_26_drive_0036_sync_image_0000000620_image_03.png,0-20m,63476,0.8073478645116713,80.73478645116712,9.240836462997013,95.96855504442624,2.2883431342302036,2.415170669555664,1216x352,1344x392
453,2011_09_26_drive_0036_sync_image_0000000620_image_03.png,0-40m,76920,1.0402377881144584,104.02377881144585,8.993151182228987,95.61622464898596,2.2883431342302036,2.415170669555664,1216x352,1344x392
453,2011_09_26_drive_0036_sync_image_0000000620_image_03.png,0-80m,85343,1.325734558841093,132.57345588410928,8.851076972705714,95.63994703724968,2.2883431342302036,2.415170669555664,1216x352,1344x392
454,2011_09_26_drive_0036_sync_image_0000000626_image_02.png,0-10m,37290,0.9475957938000165,94.75957938000164,12.66684881635087,96.71761866452132,2.2721933072801104,2.415170669555664,1216x352,1344x392
454,2011_09_26_drive_0036_sync_image_0000000626_image_02.png,0-20m,68763,0.8632315444330505,86.32315444330504,9.362978039706068,98.00910373311228,2.2721933072801104,2.415170669555664,1216x352,1344x392
454,2011_09_26_drive_0036_sync_image_0000000626_image_02.png,0-40m,86025,1.048948457003402,104.8948457003402,8.766388478730052,98.12031386224935,2.2721933072801104,2.415170669555664,1216x352,1344x392
454,2011_09_26_drive_0036_sync_image_0000000626_image_02.png,0-80m,94184,1.3106124711342477,131.06124711342477,8.678454131790494,98.13450267561369,2.2721933072801104,2.415170669555664,1216x352,1344x392
455,2011_09_26_drive_0036_sync_image_0000000632_image_03.png,0-10m,35289,0.7538462059675318,75.38462059675318,10.273095684804453,99.70245685624415,2.2937131844961463,2.415170669555664,1216x352,1344x392
455,2011_09_26_drive_0036_sync_image_0000000632_image_03.png,0-20m,67065,0.6854943059909746,68.54943059909746,7.527410131261625,99.67941549243271,2.2937131844961463,2.415170669555664,1216x352,1344x392
455,2011_09_26_drive_0036_sync_image_0000000632_image_03.png,0-40m,82120,0.9122278260505321,91.22278260505321,7.408315593335009,99.45323916220165,2.2937131844961463,2.415170669555664,1216x352,1344x392
455,2011_09_26_drive_0036_sync_image_0000000632_image_03.png,0-80m,88443,1.0976940673682642,109.76940673682643,7.345123635875001,99.20061508542226,2.2937131844961463,2.415170669555664,1216x352,1344x392
456,2011_09_26_drive_0036_sync_image_0000000638_image_02.png,0-10m,36949,0.8446973273130085,84.46973273130085,11.522382987290593,99.24761157270832,2.2556972709608436,2.415170669555664,1216x352,1344x392
456,2011_09_26_drive_0036_sync_image_0000000638_image_02.png,0-20m,72363,0.7184487114369358,71.84487114369358,7.99162086210133,99.49836242278512,2.2556972709608436,2.415170669555664,1216x352,1344x392
456,2011_09_26_drive_0036_sync_image_0000000638_image_02.png,0-40m,89012,0.8950704300944116,89.50704300944116,7.611665371266037,99.25740349615782,2.2556972709608436,2.415170669555664,1216x352,1344x392
456,2011_09_26_drive_0036_sync_image_0000000638_image_02.png,0-80m,94604,1.076025910276393,107.60259102763929,7.598677239723685,98.96727411103124,2.2556972709608436,2.415170669555664,1216x352,1344x392
457,2011_09_26_drive_0036_sync_image_0000000644_image_03.png,0-10m,35546,0.8490880718780128,84.90880718780129,11.414277066285184,98.90845664772408,2.3127707964081843,2.415170669555664,1216x352,1344x392
457,2011_09_26_drive_0036_sync_image_0000000644_image_03.png,0-20m,69416,0.7357611085936622,73.57611085936622,8.004576988530305,99.16157658176789,2.3127707964081843,2.415170669555664,1216x352,1344x392
457,2011_09_26_drive_0036_sync_image_0000000644_image_03.png,0-40m,85708,0.8407222385690678,84.07222385690677,7.366022821902166,99.0304288981192,2.3127707964081843,2.415170669555664,1216x352,1344x392
457,2011_09_26_drive_0036_sync_image_0000000644_image_03.png,0-80m,90733,1.009630848600886,100.9630848600886,7.334507117665334,98.73034066987755,2.3127707964081843,2.415170669555664,1216x352,1344x392
458,2011_09_26_drive_0036_sync_image_0000000650_image_02.png,0-10m,36465,0.8846372693879245,88.46372693879245,11.82237331484775,99.1471273824215,2.335304953409019,2.415170669555664,1216x352,1344x392
458,2011_09_26_drive_0036_sync_image_0000000650_image_02.png,0-20m,73814,0.7514821904216,75.14821904216001,8.191319167696443,99.37003820413472,2.335304953409019,2.415170669555664,1216x352,1344x392
458,2011_09_26_drive_0036_sync_image_0000000650_image_02.png,0-40m,87779,0.823115129182047,82.3115129182047,7.568350331449862,99.31874366306292,2.335304953409019,2.415170669555664,1216x352,1344x392
458,2011_09_26_drive_0036_sync_image_0000000650_image_02.png,0-80m,94058,1.0349940856331608,103.49940856331608,7.556614301909198,98.86240404856578,2.335304953409019,2.415170669555664,1216x352,1344x392
459,2011_09_26_drive_0036_sync_image_0000000656_image_03.png,0-10m,36187,1.0408714248485293,104.08714248485293,13.605470683476506,93.7574267001962,2.3849187279833575,2.415170669555664,1216x352,1344x392
459,2011_09_26_drive_0036_sync_image_0000000656_image_03.png,0-20m,68919,0.8660129157403582,86.60129157403583,9.572070990291587,96.71353327819614,2.3849187279833575,2.415170669555664,1216x352,1344x392
459,2011_09_26_drive_0036_sync_image_0000000656_image_03.png,0-40m,84957,0.9712258454050072,97.12258454050072,8.69024533876938,97.1891662841202,2.3849187279833575,2.415170669555664,1216x352,1344x392
459,2011_09_26_drive_0036_sync_image_0000000656_image_03.png,0-80m,90206,1.2528329344278715,125.28329344278714,8.801419269089335,96.51796997982396,2.3849187279833575,2.415170669555664,1216x352,1344x392
460,2011_09_26_drive_0036_sync_image_0000000662_image_02.png,0-10m,44809,0.7211777608155029,72.11777608155029,9.854658198548227,99.77013546385771,2.2185576578592663,2.415170669555664,1216x352,1344x392
460,2011_09_26_drive_0036_sync_image_0000000662_image_02.png,0-20m,85828,0.6365021424763089,63.650214247630885,6.954773120937108,99.70755464417206,2.2185576578592663,2.415170669555664,1216x352,1344x392
460,2011_09_26_drive_0036_sync_image_0000000662_image_02.png,0-40m,100543,0.8478758956183218,84.78758956183218,6.977301274352136,99.47385695672499,2.2185576578592663,2.415170669555664,1216x352,1344x392
460,2011_09_26_drive_0036_sync_image_0000000662_image_02.png,0-80m,105630,1.0814952669547249,108.14952669547249,7.157147862411863,98.78254283820884,2.2185576578592663,2.415170669555664,1216x352,1344x392
461,2011_09_26_drive_0036_sync_image_0000000668_image_03.png,0-10m,42241,0.7774046452579781,77.74046452579782,10.236906134286256,99.01280746194455,2.385306132595406,2.415170669555664,1216x352,1344x392
461,2011_09_26_drive_0036_sync_image_0000000668_image_03.png,0-20m,74531,0.6912313812468165,69.12313812468165,7.685761251588212,98.85953495860782,2.385306132595406,2.415170669555664,1216x352,1344x392
461,2011_09_26_drive_0036_sync_image_0000000668_image_03.png,0-40m,91337,1.185474403165255,118.54744031652551,8.555678648569428,96.53152610661616,2.385306132595406,2.415170669555664,1216x352,1344x392
461,2011_09_26_drive_0036_sync_image_0000000668_image_03.png,0-80m,95814,1.451299058230705,145.12990582307052,8.787856344101003,95.61024484939571,2.385306132595406,2.415170669555664,1216x352,1344x392
462,2011_09_26_drive_0036_sync_image_0000000674_image_02.png,0-10m,36615,0.49816795723141666,49.81679572314167,6.77467675583671,99.6149119213437,2.3706861808424797,2.415170669555664,1216x352,1344x392
462,2011_09_26_drive_0036_sync_image_0000000674_image_02.png,0-20m,78921,1.276915228389056,127.6915228389056,9.341043148386277,90.71096412868565,2.3706861808424797,2.415170669555664,1216x352,1344x392
462,2011_09_26_drive_0036_sync_image_0000000674_image_02.png,0-40m,92441,1.6745936694393677,167.45936694393677,10.215334172740528,89.14659079845522,2.3706861808424797,2.415170669555664,1216x352,1344x392
462,2011_09_26_drive_0036_sync_image_0000000674_image_02.png,0-80m,96552,1.9659319229850576,196.59319229850576,10.480593595322864,88.4435330184771,2.3706861808424797,2.415170669555664,1216x352,1344x392
463,2011_09_26_drive_0036_sync_image_0000000680_image_03.png,0-10m,43939,0.8125258918594127,81.25258918594128,10.160196904518589,87.6556134641207,2.285059322454148,2.415170669555664,1216x352,1344x392
463,2011_09_26_drive_0036_sync_image_0000000680_image_03.png,0-20m,78983,0.9497350816306616,94.97350816306616,9.336657255077107,91.08922173125863,2.285059322454148,2.415170669555664,1216x352,1344x392
463,2011_09_26_drive_0036_sync_image_0000000680_image_03.png,0-40m,91878,1.4702542728809869,147.02542728809868,10.311331400369179,89.83108034567579,2.285059322454148,2.415170669555664,1216x352,1344x392
463,2011_09_26_drive_0036_sync_image_0000000680_image_03.png,0-80m,96584,1.8439273142996317,184.39273142996316,10.681955557819004,88.52087302244678,2.285059322454148,2.415170669555664,1216x352,1344x392
464,2011_09_26_drive_0036_sync_image_0000000686_image_02.png,0-10m,41480,0.6260809894238052,62.60809894238052,8.656902954132155,99.19479267116684,2.2679671190580453,2.415170669555664,1216x352,1344x392
464,2011_09_26_drive_0036_sync_image_0000000686_image_02.png,0-20m,72362,0.8951085267489086,89.51085267489086,8.300118290941112,95.06785329316492,2.2679671190580453,2.415170669555664,1216x352,1344x392
464,2011_09_26_drive_0036_sync_image_0000000686_image_02.png,0-40m,90938,2.036650117951834,203.6650117951834,11.064642169600294,88.60542347533485,2.2679671190580453,2.415170669555664,1216x352,1344x392
464,2011_09_26_drive_0036_sync_image_0000000686_image_02.png,0-80m,96777,2.4613219496668663,246.13219496668663,11.501617840785649,87.12297343377043,2.2679671190580453,2.415170669555664,1216x352,1344x392
465,2011_09_26_drive_0036_sync_image_0000000692_image_03.png,0-10m,38024,0.9151669887399864,91.51669887399864,11.960627192178483,95.69745423942773,2.2266126074447343,2.415170669555664,1216x352,1344x392
465,2011_09_26_drive_0036_sync_image_0000000692_image_03.png,0-20m,69805,1.0471965807828731,104.71965807828731,10.481129166222381,92.50340233507627,2.2266126074447343,2.415170669555664,1216x352,1344x392
465,2011_09_26_drive_0036_sync_image_0000000692_image_03.png,0-40m,87253,1.9202384735595686,192.02384735595686,12.31670024331859,87.25086816499146,2.2266126074447343,2.415170669555664,1216x352,1344x392
465,2011_09_26_drive_0036_sync_image_0000000692_image_03.png,0-80m,91453,2.2403259937854956,224.03259937854955,12.593397989023503,85.94578636020688,2.2266126074447343,2.415170669555664,1216x352,1344x392
466,2011_09_26_drive_0036_sync_image_0000000698_image_02.png,0-10m,40326,0.8326991683746362,83.26991683746363,11.666906646414212,93.24505281952091,2.2134750605716795,2.415170669555664,1216x352,1344x392
466,2011_09_26_drive_0036_sync_image_0000000698_image_02.png,0-20m,73884,0.9760146489044499,97.60146489044499,9.740378417881594,92.72914298088895,2.2134750605716795,2.415170669555664,1216x352,1344x392
466,2011_09_26_drive_0036_sync_image_0000000698_image_02.png,0-40m,90295,1.6820414528523815,168.20414528523816,11.228996512124482,89.13671853369512,2.2134750605716795,2.415170669555664,1216x352,1344x392
466,2011_09_26_drive_0036_sync_image_0000000698_image_02.png,0-80m,93631,1.8895501078529169,188.95501078529168,11.371861499186469,88.8861594984567,2.2134750605716795,2.415170669555664,1216x352,1344x392
467,2011_09_26_drive_0036_sync_image_0000000704_image_03.png,0-10m,41643,0.6362387407863157,63.62387407863157,9.050738518663332,97.35609826381385,2.3571891085256422,2.415170669555664,1216x352,1344x392
467,2011_09_26_drive_0036_sync_image_0000000704_image_03.png,0-20m,69482,1.035007418260574,103.50074182605739,9.896082489124568,95.70536253993839,2.3571891085256422,2.415170669555664,1216x352,1344x392
467,2011_09_26_drive_0036_sync_image_0000000704_image_03.png,0-40m,85764,1.6893054332079758,168.93054332079757,11.240157037734576,92.88629261694884,2.3571891085256422,2.415170669555664,1216x352,1344x392
467,2011_09_26_drive_0036_sync_image_0000000704_image_03.png,0-80m,88888,1.8858822288408899,188.588222884089,11.365266590717077,92.6829268292683,2.3571891085256422,2.415170669555664,1216x352,1344x392
468,2011_09_26_drive_0036_sync_image_0000000710_image_02.png,0-10m,35785,0.6768586536517802,67.68586536517802,9.959740179412433,90.70560290624563,2.3176501808735055,2.415170669555664,1216x352,1344x392
468,2011_09_26_drive_0036_sync_image_0000000710_image_02.png,0-20m,66432,1.275722848412963,127.5722848412963,11.34745465293092,92.80015655105973,2.3176501808735055,2.415170669555664,1216x352,1344x392
468,2011_09_26_drive_0036_sync_image_0000000710_image_02.png,0-40m,85070,2.0321728086757425,203.21728086757423,12.737361552867558,88.68696367697191,2.3176501808735055,2.415170669555664,1216x352,1344x392
468,2011_09_26_drive_0036_sync_image_0000000710_image_02.png,0-80m,87911,2.2101612892311,221.01612892311,12.78595010754853,88.66580973939553,2.3176501808735055,2.415170669555664,1216x352,1344x392
469,2011_09_26_drive_0036_sync_image_0000000716_image_03.png,0-10m,33288,0.7407475499988204,74.07475499988205,10.815811852079486,86.50564768084595,2.376332112359318,2.415170669555664,1216x352,1344x392
469,2011_09_26_drive_0036_sync_image_0000000716_image_03.png,0-20m,65171,1.2163213501774668,121.63213501774668,11.305366955008326,85.69916066962298,2.376332112359318,2.415170669555664,1216x352,1344x392
469,2011_09_26_drive_0036_sync_image_0000000716_image_03.png,0-40m,80841,1.8329776177886623,183.29776177886623,12.419478014298901,83.6320678863448,2.376332112359318,2.415170669555664,1216x352,1344x392
469,2011_09_26_drive_0036_sync_image_0000000716_image_03.png,0-80m,84847,2.1443810189737067,214.43810189737067,12.581936447607193,83.70950063054676,2.376332112359318,2.415170669555664,1216x352,1344x392
470,2011_09_26_drive_0036_sync_image_0000000722_image_02.png,0-10m,37830,0.8576638855065677,85.76638855065677,11.676739513048247,89.64578376949511,2.251184460747112,2.415170669555664,1216x352,1344x392
470,2011_09_26_drive_0036_sync_image_0000000722_image_02.png,0-20m,68959,1.0984932749970375,109.84932749970375,10.432526541332301,91.13096187589727,2.251184460747112,2.415170669555664,1216x352,1344x392
470,2011_09_26_drive_0036_sync_image_0000000722_image_02.png,0-40m,83607,1.6282086836254712,162.82086836254712,11.473240816871764,88.49617854964296,2.251184460747112,2.415170669555664,1216x352,1344x392
470,2011_09_26_drive_0036_sync_image_0000000722_image_02.png,0-80m,89668,2.1192102820052083,211.92102820052082,11.800181187461414,88.52321898559128,2.251184460747112,2.415170669555664,1216x352,1344x392
471,2011_09_26_drive_0036_sync_image_0000000728_image_03.png,0-10m,33817,0.8069267203574679,80.6926720357468,11.306084138221365,92.37957240441197,2.2260896820505556,2.415170669555664,1216x352,1344x392
471,2011_09_26_drive_0036_sync_image_0000000728_image_03.png,0-20m,67754,1.1825557136513123,118.25557136513123,10.708093418133975,88.35935885704164,2.2260896820505556,2.415170669555664,1216x352,1344x392
471,2011_09_26_drive_0036_sync_image_0000000728_image_03.png,0-40m,78567,1.561932240883227,156.1932240883227,11.321460739735507,87.72003512925274,2.2260896820505556,2.415170669555664,1216x352,1344x392
471,2011_09_26_drive_0036_sync_image_0000000728_image_03.png,0-80m,83664,1.8317077567903826,183.17077567903826,11.306464447941451,88.04981832090266,2.2260896820505556,2.415170669555664,1216x352,1344x392
472,2011_09_26_drive_0036_sync_image_0000000734_image_02.png,0-10m,35310,0.7228071480694049,72.2807148069405,10.068460628258485,93.3305012744265,2.2288940450664265,2.415170669555664,1216x352,1344x392
472,2011_09_26_drive_0036_sync_image_0000000734_image_02.png,0-20m,69583,0.9997193684800041,99.97193684800041,9.178185295464953,91.00929824813532,2.2288940450664265,2.415170669555664,1216x352,1344x392
472,2011_09_26_drive_0036_sync_image_0000000734_image_02.png,0-40m,80096,1.2958486648414118,129.58486648414117,9.597174855936231,90.21798841390331,2.2288940450664265,2.415170669555664,1216x352,1344x392
472,2011_09_26_drive_0036_sync_image_0000000734_image_02.png,0-80m,84917,1.515498258635239,151.5498258635239,9.569282845890239,90.33880141785508,2.2288940450664265,2.415170669555664,1216x352,1344x392
473,2011_09_26_drive_0036_sync_image_0000000737_image_03.png,0-10m,31171,0.7561963735999411,75.6196373599941,10.800616859262965,95.13650508485452,2.218541907600541,2.415170669555664,1216x352,1344x392
473,2011_09_26_drive_0036_sync_image_0000000737_image_03.png,0-20m,66028,1.1723201873120905,117.23201873120905,10.52533032947365,89.19397831223117,2.218541907600541,2.415170669555664,1216x352,1344x392
473,2011_09_26_drive_0036_sync_image_0000000737_image_03.png,0-40m,76335,1.4801653690154484,148.01653690154484,10.842765732951468,88.73256042444488,2.218541907600541,2.415170669555664,1216x352,1344x392
473,2011_09_26_drive_0036_sync_image_0000000737_image_03.png,0-80m,80593,1.6285487256838143,162.85487256838144,10.682946465052732,89.1181616269403,2.218541907600541,2.415170669555664,1216x352,1344x392
474,2011_09_26_drive_0036_sync_image_0000000740_image_02.png,0-10m,31240,0.6245849432316388,62.45849432316388,8.931845762389118,99.63188220230474,2.248397567088936,2.415170669555664,1216x352,1344x392
474,2011_09_26_drive_0036_sync_image_0000000740_image_02.png,0-20m,68422,1.0196311960496034,101.96311960496034,9.087745418943733,92.11803221186167,2.248397567088936,2.415170669555664,1216x352,1344x392
474,2011_09_26_drive_0036_sync_image_0000000740_image_02.png,0-40m,79010,1.2986678000960588,129.86678000960586,9.413076862421804,91.52259207695228,2.248397567088936,2.415170669555664,1216x352,1344x392
474,2011_09_26_drive_0036_sync_image_0000000740_image_02.png,0-80m,82890,1.4471467361790753,144.71467361790752,9.35494267825335,91.64193509470383,2.248397567088936,2.415170669555664,1216x352,1344x392
475,2011_09_26_drive_0036_sync_image_0000000743_image_03.png,0-10m,30945,0.6417386159004659,64.17386159004658,9.036448515472859,99.19857812247535,2.2981690487695303,2.415170669555664,1216x352,1344x392
475,2011_09_26_drive_0036_sync_image_0000000743_image_03.png,0-20m,66431,1.0235809430122678,102.35809430122677,9.224980094396306,91.6349294756966,2.2981690487695303,2.415170669555664,1216x352,1344x392
475,2011_09_26_drive_0036_sync_image_0000000743_image_03.png,0-40m,76735,1.286006157056605,128.60061570566052,9.51566341344655,91.15266827392976,2.2981690487695303,2.415170669555664,1216x352,1344x392
475,2011_09_26_drive_0036_sync_image_0000000743_image_03.png,0-80m,81096,1.4272690222109754,142.72690222109753,9.390576038775162,91.38798461083161,2.2981690487695303,2.415170669555664,1216x352,1344x392
476,2011_09_26_drive_0036_sync_image_0000000746_image_02.png,0-10m,33992,0.6259538783244902,62.59538783244902,8.3213933279284,94.95469522240528,2.3681614896761065,2.415170669555664,1216x352,1344x392
476,2011_09_26_drive_0036_sync_image_0000000746_image_02.png,0-20m,70495,0.9229613353110465,92.29613353110466,8.124338225135846,91.61075253564083,2.3681614896761065,2.415170669555664,1216x352,1344x392
476,2011_09_26_drive_0036_sync_image_0000000746_image_02.png,0-40m,80751,1.1656745293580602,116.56745293580602,8.457528413496634,90.95614914985572,2.3681614896761065,2.415170669555664,1216x352,1344x392
476,2011_09_26_drive_0036_sync_image_0000000746_image_02.png,0-80m,84908,1.285098091877708,128.5098091877708,8.361562140426097,91.25759645734206,2.3681614896761065,2.415170669555664,1216x352,1344x392
477,2011_09_26_drive_0036_sync_image_0000000749_image_03.png,0-10m,32613,0.6914045295233421,69.14045295233421,9.34779636273428,95.01119185600834,2.3002248929998226,2.415170669555664,1216x352,1344x392
477,2011_09_26_drive_0036_sync_image_0000000749_image_03.png,0-20m,67691,0.9356457379507047,93.56457379507047,8.478689463129484,91.51585882909102,2.3002248929998226,2.415170669555664,1216x352,1344x392
477,2011_09_26_drive_0036_sync_image_0000000749_image_03.png,0-40m,76725,1.1316480459534566,113.16480459534566,8.667618975943007,91.20364939719778,2.3002248929998226,2.415170669555664,1216x352,1344x392
477,2011_09_26_drive_0036_sync_image_0000000749_image_03.png,0-80m,79670,1.2515602681662845,125.15602681662845,8.647890013955482,91.28153633739174,2.3002248929998226,2.415170669555664,1216x352,1344x392
478,2011_09_26_drive_0036_sync_image_0000000752_image_02.png,0-10m,33197,0.5664748848319489,56.647488483194884,7.769308062661011,95.2977678705907,2.3890272931988883,2.415170669555664,1216x352,1344x392
478,2011_09_26_drive_0036_sync_image_0000000752_image_02.png,0-20m,69820,0.8563344087548803,85.63344087548803,7.6181115277060885,91.40790604411343,2.3890272931988883,2.415170669555664,1216x352,1344x392
478,2011_09_26_drive_0036_sync_image_0000000752_image_02.png,0-40m,79420,1.059145083213687,105.9145083213687,7.896676463164488,90.9430873835306,2.3890272931988883,2.415170669555664,1216x352,1344x392
478,2011_09_26_drive_0036_sync_image_0000000752_image_02.png,0-80m,82584,1.1896324349583713,118.96324349583713,7.912971502404746,91.06848784268139,2.3890272931988883,2.415170669555664,1216x352,1344x392
479,2011_09_26_drive_0036_sync_image_0000000755_image_03.png,0-10m,32812,0.6674542093980346,66.74542093980345,9.19031881638008,96.72985493112276,2.261476427531351,2.415170669555664,1216x352,1344x392
479,2011_09_26_drive_0036_sync_image_0000000755_image_03.png,0-20m,69261,0.9587957423826691,95.87957423826691,8.680722553148053,90.94728635162646,2.261476427531351,2.415170669555664,1216x352,1344x392
479,2011_09_26_drive_0036_sync_image_0000000755_image_03.png,0-40m,78881,1.1670487615953082,116.70487615953083,8.8638381120523,90.93951648685994,2.261476427531351,2.415170669555664,1216x352,1344x392
479,2011_09_26_drive_0036_sync_image_0000000755_image_03.png,0-80m,83184,1.3440561389654824,134.40561389654823,8.852211244233768,90.98744950952106,2.261476427531351,2.415170669555664,1216x352,1344x392
480,2011_09_26_drive_0036_sync_image_0000000758_image_02.png,0-10m,31737,0.6069732128674221,60.69732128674221,8.273275162036082,97.21460755584964,2.2819895571849393,2.415170669555664,1216x352,1344x392
480,2011_09_26_drive_0036_sync_image_0000000758_image_02.png,0-20m,68886,0.8452541639596969,84.52541639596969,7.794955656445314,91.37415440002322,2.2819895571849393,2.415170669555664,1216x352,1344x392
480,2011_09_26_drive_0036_sync_image_0000000758_image_02.png,0-40m,78670,1.0461301499739284,104.61301499739284,8.005235692485984,90.85674335833227,2.2819895571849393,2.415170669555664,1216x352,1344x392
480,2011_09_26_drive_0036_sync_image_0000000758_image_02.png,0-80m,83235,1.2847472169660352,128.47472169660352,8.138722503721905,90.64696341683187,2.2819895571849393,2.415170669555664,1216x352,1344x392
481,2011_09_26_drive_0036_sync_image_0000000761_image_03.png,0-10m,29999,0.6855840452504423,68.55840452504422,9.348581645194,98.89996333211107,2.2230912038182993,2.415170669555664,1216x352,1344x392
481,2011_09_26_drive_0036_sync_image_0000000761_image_03.png,0-20m,66415,0.9279275899908768,92.79275899908768,8.622739417077211,91.09839644658587,2.2230912038182993,2.415170669555664,1216x352,1344x392
481,2011_09_26_drive_0036_sync_image_0000000761_image_03.png,0-40m,75431,1.0871258665728292,108.71258665728291,8.658121938820837,91.24365313995571,2.2230912038182993,2.415170669555664,1216x352,1344x392
481,2011_09_26_drive_0036_sync_image_0000000761_image_03.png,0-80m,78753,1.2683196102262122,126.83196102262121,8.72947862310421,90.94129747438193,2.2230912038182993,2.415170669555664,1216x352,1344x392
482,2011_09_26_drive_0036_sync_image_0000000764_image_02.png,0-10m,32307,0.6520576591142193,65.20576591142193,8.821371613186093,99.3221283313214,2.3695329247769417,2.415170669555664,1216x352,1344x392
482,2011_09_26_drive_0036_sync_image_0000000764_image_02.png,0-20m,71001,0.832591764769187,83.2591764769187,7.907266621511293,92.60292108561852,2.3695329247769417,2.415170669555664,1216x352,1344x392
482,2011_09_26_drive_0036_sync_image_0000000764_image_02.png,0-40m,78851,0.9697071194559544,96.97071194559544,7.986429113573807,92.72932492929704,2.3695329247769417,2.415170669555664,1216x352,1344x392
482,2011_09_26_drive_0036_sync_image_0000000764_image_02.png,0-80m,81359,1.1246676216901004,112.46676216901004,8.074330600257749,92.51588638011775,2.3695329247769417,2.415170669555664,1216x352,1344x392
483,2011_09_26_drive_0036_sync_image_0000000767_image_03.png,0-10m,27669,0.7968838172221047,79.68838172221047,10.736933283143744,98.95912392930717,2.3392015323164426,2.415170669555664,1216x352,1344x392
483,2011_09_26_drive_0036_sync_image_0000000767_image_03.png,0-20m,64490,0.9272274925683262,92.72274925683261,8.984613956457132,91.7940766010234,2.3392015323164426,2.415170669555664,1216x352,1344x392
483,2011_09_26_drive_0036_sync_image_0000000767_image_03.png,0-40m,70796,1.04552283432667,104.552283432667,8.95828069504451,92.11113622238545,2.3392015323164426,2.415170669555664,1216x352,1344x392
483,2011_09_26_drive_0036_sync_image_0000000767_image_03.png,0-80m,73801,1.2290315709526487,122.90315709526487,8.989693674480034,92.08953808213981,2.3392015323164426,2.415170669555664,1216x352,1344x392
484,2011_09_26_drive_0036_sync_image_0000000770_image_02.png,0-10m,21862,0.742965609710396,74.29656097103961,9.654018025615777,97.95078217912359,2.267666253951016,2.415170669555664,1216x352,1344x392
484,2011_09_26_drive_0036_sync_image_0000000770_image_02.png,0-20m,52324,0.8703023495180929,87.03023495180929,8.276927298492657,92.00366944423209,2.267666253951016,2.415170669555664,1216x352,1344x392
484,2011_09_26_drive_0036_sync_image_0000000770_image_02.png,0-40m,59746,1.08986731644706,108.986731644706,8.441580868777233,91.91410303618652,2.267666253951016,2.415170669555664,1216x352,1344x392
484,2011_09_26_drive_0036_sync_image_0000000770_image_02.png,0-80m,63716,1.438290973176345,143.82909731763448,8.650941208582717,91.70851905329901,2.267666253951016,2.415170669555664,1216x352,1344x392
485,2011_09_26_drive_0036_sync_image_0000000773_image_03.png,0-10m,19196,0.9398011580982116,93.98011580982116,11.864363999626065,91.69097728693478,2.228432616278759,2.415170669555664,1216x352,1344x392
485,2011_09_26_drive_0036_sync_image_0000000773_image_03.png,0-20m,45698,0.9248112608470397,92.48112608470397,8.952253006988819,91.55324084204997,2.228432616278759,2.415170669555664,1216x352,1344x392
485,2011_09_26_drive_0036_sync_image_0000000773_image_03.png,0-40m,53821,1.1477367190138485,114.77367190138486,8.936909149553905,92.11460210698426,2.228432616278759,2.415170669555664,1216x352,1344x392
485,2011_09_26_drive_0036_sync_image_0000000773_image_03.png,0-80m,57609,1.4650497412602532,146.50497412602533,9.048870696171022,91.94743876824802,2.228432616278759,2.415170669555664,1216x352,1344x392
486,2011_09_26_drive_0036_sync_image_0000000776_image_02.png,0-10m,25036,0.7920578178991466,79.20578178991467,10.282342280809912,93.23773765777281,2.2006097890172556,2.415170669555664,1216x352,1344x392
486,2011_09_26_drive_0036_sync_image_0000000776_image_02.png,0-20m,55032,0.7953648012483998,79.53648012483998,7.886625076857068,93.02224160488443,2.2006097890172556,2.415170669555664,1216x352,1344x392
486,2011_09_26_drive_0036_sync_image_0000000776_image_02.png,0-40m,62841,1.0315900600832357,103.15900600832357,8.141265919471168,93.09686351267484,2.2006097890172556,2.415170669555664,1216x352,1344x392
486,2011_09_26_drive_0036_sync_image_0000000776_image_02.png,0-80m,66531,1.3691510827783135,136.91510827783137,8.392587355095321,92.76126918278698,2.2006097890172556,2.415170669555664,1216x352,1344x392
487,2011_09_26_drive_0036_sync_image_0000000779_image_03.png,0-10m,27320,0.907960247312772,90.7960247312772,11.901567348033318,92.86969253294289,2.165018582333736,2.415170669555664,1216x352,1344x392
487,2011_09_26_drive_0036_sync_image_0000000779_image_03.png,0-20m,58550,0.8223691291874234,82.23691291874235,8.549492624038951,93.33731853116994,2.165018582333736,2.415170669555664,1216x352,1344x392
487,2011_09_26_drive_0036_sync_image_0000000779_image_03.png,0-40m,65312,1.0196096418112415,101.96096418112415,8.720418883428389,93.33047525722685,2.165018582333736,2.415170669555664,1216x352,1344x392
487,2011_09_26_drive_0036_sync_image_0000000779_image_03.png,0-80m,68561,1.2980069938662784,129.80069938662783,8.882314458909,92.82536719126033,2.165018582333736,2.415170669555664,1216x352,1344x392
488,2011_09_26_drive_0036_sync_image_0000000785_image_02.png,0-10m,35608,0.8487355358090141,84.8735535809014,11.179040284627098,94.94495618962031,2.331942718180332,2.415170669555664,1216x352,1344x392
488,2011_09_26_drive_0036_sync_image_0000000785_image_02.png,0-20m,71337,0.8415355208256394,84.15355208256395,8.64028194489301,93.27137390134152,2.331942718180332,2.415170669555664,1216x352,1344x392
488,2011_09_26_drive_0036_sync_image_0000000785_image_02.png,0-40m,78218,0.9651232840822281,96.51232840822281,8.66005617723299,93.38131887800762,2.331942718180332,2.415170669555664,1216x352,1344x392
488,2011_09_26_drive_0036_sync_image_0000000785_image_02.png,0-80m,81157,1.211272269162393,121.1272269162393,8.847008724702876,92.91127074682406,2.331942718180332,2.415170669555664,1216x352,1344x392
489,2011_09_26_drive_0036_sync_image_0000000791_image_03.png,0-10m,33801,0.7690723852759856,76.90723852759857,10.058882606730743,96.04449572497855,2.2339948787950963,2.415170669555664,1216x352,1344x392
489,2011_09_26_drive_0036_sync_image_0000000791_image_03.png,0-20m,64902,0.8596370977663464,85.96370977663464,8.666334515391181,92.72133370312163,2.2339948787950963,2.415170669555664,1216x352,1344x392
489,2011_09_26_drive_0036_sync_image_0000000791_image_03.png,0-40m,75072,1.002484479371239,100.24844793712391,8.502545208124802,92.9214620630861,2.2339948787950963,2.415170669555664,1216x352,1344x392
489,2011_09_26_drive_0036_sync_image_0000000791_image_03.png,0-80m,78081,1.2295013426683978,122.95013426683978,8.657233012204744,92.49113100498201,2.2339948787950963,2.415170669555664,1216x352,1344x392
490,2011_09_26_drive_0036_sync_image_0000000797_image_02.png,0-10m,36069,0.8966435326778739,89.66435326778739,11.815445658684547,95.63891430314119,2.313902644462817,2.415170669555664,1216x352,1344x392
490,2011_09_26_drive_0036_sync_image_0000000797_image_02.png,0-20m,64246,0.9281949476885053,92.81949476885053,9.7052511607737,92.58475235812347,2.313902644462817,2.415170669555664,1216x352,1344x392
490,2011_09_26_drive_0036_sync_image_0000000797_image_02.png,0-40m,75310,1.058465532211174,105.8465532211174,9.326202669085681,93.24525295445491,2.313902644462817,2.415170669555664,1216x352,1344x392
490,2011_09_26_drive_0036_sync_image_0000000797_image_02.png,0-80m,79888,1.3414616696812598,134.14616696812598,9.412914470655686,93.09658521930703,2.313902644462817,2.415170669555664,1216x352,1344x392
491,2011_09_26_drive_0079_sync_image_0000000005_image_03.png,0-10m,48086,0.893019786319543,89.3019786319543,11.0577542047564,99.78372083350664,2.3797449436644857,2.415170669555664,1216x352,1344x392
491,2011_09_26_drive_0079_sync_image_0000000005_image_03.png,0-20m,72982,1.041288205065485,104.12882050654851,10.725166692957934,99.48754487407854,2.3797449436644857,2.415170669555664,1216x352,1344x392
491,2011_09_26_drive_0079_sync_image_0000000005_image_03.png,0-40m,86760,1.270563961273517,127.05639612735169,10.395568205016389,99.28192715537114,2.3797449436644857,2.415170669555664,1216x352,1344x392
491,2011_09_26_drive_0079_sync_image_0000000005_image_03.png,0-80m,90219,1.4827777536042301,148.27777536042302,10.44366759147549,99.02570411997473,2.3797449436644857,2.415170669555664,1216x352,1344x392
492,2011_09_26_drive_0079_sync_image_0000000008_image_02.png,0-10m,47042,0.8784761234517964,87.84761234517964,11.346396863017114,99.24535521448918,2.2937915778503464,2.415170669555664,1216x352,1344x392
492,2011_09_26_drive_0079_sync_image_0000000008_image_02.png,0-20m,69390,1.0795310848228936,107.95310848228937,11.1845333033904,99.22034875342268,2.2937915778503464,2.415170669555664,1216x352,1344x392
492,2011_09_26_drive_0079_sync_image_0000000008_image_02.png,0-40m,85414,1.3282005698968886,132.82005698968885,10.724086110048264,99.10319151427166,2.2937915778503464,2.415170669555664,1216x352,1344x392
492,2011_09_26_drive_0079_sync_image_0000000008_image_02.png,0-80m,89117,1.5857415338772192,158.5741533877219,10.813255315033897,98.72751551331396,2.2937915778503464,2.415170669555664,1216x352,1344x392
493,2011_09_26_drive_0079_sync_image_0000000011_image_03.png,0-10m,30350,0.793037486508415,79.3037486508415,11.264818121226481,99.29489291598023,2.2861396383687174,2.415170669555664,1216x352,1344x392
493,2011_09_26_drive_0079_sync_image_0000000011_image_03.png,0-20m,52300,0.9797626581429068,97.97626581429067,10.252431218871044,99.41682600382408,2.2861396383687174,2.415170669555664,1216x352,1344x392
493,2011_09_26_drive_0079_sync_image_0000000011_image_03.png,0-40m,67443,1.2368400460833122,123.68400460833122,9.729238548259802,99.21563394273683,2.2861396383687174,2.415170669555664,1216x352,1344x392
493,2011_09_26_drive_0079_sync_image_0000000011_image_03.png,0-80m,71007,1.560207187562817,156.0207187562817,9.884023111639623,98.83391778275382,2.2861396383687174,2.415170669555664,1216x352,1344x392
494,2011_09_26_drive_0079_sync_image_0000000014_image_02.png,0-10m,25427,0.8118675298938713,81.18675298938713,11.39227984012587,99.63424706021159,2.3317600170205606,2.415170669555664,1216x352,1344x392
494,2011_09_26_drive_0079_sync_image_0000000014_image_02.png,0-20m,54770,0.9635032429755201,96.35032429755202,9.72194616250734,99.65492057695819,2.3317600170205606,2.415170669555664,1216x352,1344x392
494,2011_09_26_drive_0079_sync_image_0000000014_image_02.png,0-40m,71592,1.1903272686870234,119.03272686870234,9.150030015723074,99.25270979997765,2.3317600170205606,2.415170669555664,1216x352,1344x392
494,2011_09_26_drive_0079_sync_image_0000000014_image_02.png,0-80m,75855,1.493958042203991,149.3958042203991,9.266947754245567,98.92690000659152,2.3317600170205606,2.415170669555664,1216x352,1344x392
495,2011_09_26_drive_0079_sync_image_0000000017_image_03.png,0-10m,26864,1.060660721966026,106.0660721966026,13.268186932901664,98.56313281715306,2.3989772678757824,2.415170669555664,1216x352,1344x392
495,2011_09_26_drive_0079_sync_image_0000000017_image_03.png,0-20m,60682,1.1471613049801814,114.71613049801815,10.900763617836988,99.12989024751985,2.3989772678757824,2.415170669555664,1216x352,1344x392
495,2011_09_26_drive_0079_sync_image_0000000017_image_03.png,0-40m,75077,1.3387745478408646,133.87745478408647,10.36307849127813,98.87315689225728,2.3989772678757824,2.415170669555664,1216x352,1344x392
495,2011_09_26_drive_0079_sync_image_0000000017_image_03.png,0-80m,79258,1.6465513077447385,164.65513077447383,10.455169158985617,98.5553508794065,2.3989772678757824,2.415170669555664,1216x352,1344x392
496,2011_09_26_drive_0079_sync_image_0000000020_image_02.png,0-10m,32453,0.9594148127275178,95.94148127275179,12.044384827571482,99.95686069084522,2.355789741972469,2.415170669555664,1216x352,1344x392
496,2011_09_26_drive_0079_sync_image_0000000020_image_02.png,0-20m,69456,1.1522461222396747,115.22461222396747,10.562614497874371,99.38522229900944,2.355789741972469,2.415170669555664,1216x352,1344x392
496,2011_09_26_drive_0079_sync_image_0000000020_image_02.png,0-40m,83794,1.4181111478394681,141.8111147839468,10.436540435901865,99.2016134806788,2.355789741972469,2.415170669555664,1216x352,1344x392
496,2011_09_26_drive_0079_sync_image_0000000020_image_02.png,0-80m,88023,1.812758805944842,181.2758805944842,10.713239426269816,98.05846199288823,2.355789741972469,2.415170669555664,1216x352,1344x392
497,2011_09_26_drive_0079_sync_image_0000000023_image_03.png,0-10m,26557,0.8309547305309113,83.09547305309113,10.669218925634587,99.70252664081033,2.239418969413416,2.415170669555664,1216x352,1344x392
497,2011_09_26_drive_0079_sync_image_0000000023_image_03.png,0-20m,56906,0.9967182969408488,99.67182969408488,9.19036031596081,99.20395037430147,2.239418969413416,2.415170669555664,1216x352,1344x392
497,2011_09_26_drive_0079_sync_image_0000000023_image_03.png,0-40m,70711,1.2234306609503638,122.34306609503638,8.913217814117305,99.15996096788335,2.239418969413416,2.415170669555664,1216x352,1344x392
497,2011_09_26_drive_0079_sync_image_0000000023_image_03.png,0-80m,74695,1.6225713369940344,162.25713369940345,9.227828303576164,98.37740143249214,2.239418969413416,2.415170669555664,1216x352,1344x392
498,2011_09_26_drive_0079_sync_image_0000000026_image_02.png,0-10m,24591,0.8387956352446408,83.87956352446409,11.165147973736206,99.61774632995811,2.3444591989260077,2.415170669555664,1216x352,1344x392
498,2011_09_26_drive_0079_sync_image_0000000026_image_02.png,0-20m,53594,1.1643481559751994,116.43481559751993,10.427401442203648,98.81889763779527,2.3444591989260077,2.415170669555664,1216x352,1344x392
498,2011_09_26_drive_0079_sync_image_0000000026_image_02.png,0-40m,68884,1.490328576560497,149.0328576560497,10.280370023282819,98.76749317693513,2.3444591989260077,2.415170669555664,1216x352,1344x392
498,2011_09_26_drive_0079_sync_image_0000000026_image_02.png,0-80m,72827,1.9732720462942017,197.32720462942018,10.681253546277263,96.92147143229846,2.3444591989260077,2.415170669555664,1216x352,1344x392
499,2011_09_26_drive_0079_sync_image_0000000029_image_03.png,0-10m,25538,0.8931046256500718,89.31046256500717,12.256360889078834,99.4948703892239,2.363497948611064,2.415170669555664,1216x352,1344x392
499,2011_09_26_drive_0079_sync_image_0000000029_image_03.png,0-20m,54133,1.1753765163404366,117.53765163404366,10.991077350703357,98.91009181091016,2.363497948611064,2.415170669555664,1216x352,1344x392
499,2011_09_26_drive_0079_sync_image_0000000029_image_03.png,0-40m,68879,1.4369564443451546,143.69564443451546,10.568270770754614,98.82547656034495,2.363497948611064,2.415170669555664,1216x352,1344x392
499,2011_09_26_drive_0079_sync_image_0000000029_image_03.png,0-80m,72751,1.8501738588208045,185.01738588208045,10.855990582599864,97.7828483457272,2.363497948611064,2.415170669555664,1216x352,1344x392
500,2011_09_26_drive_0079_sync_image_0000000032_image_02.png,0-10m,28191,0.9774423771229976,97.74423771229976,13.780222458268831,99.56723777091979,2.3621904024322053,2.415170669555664,1216x352,1344x392
500,2011_09_26_drive_0079_sync_image_0000000032_image_02.png,0-20m,60672,1.2671080541164312,126.71080541164312,12.141055744449087,98.84790348101265,2.3621904024322053,2.415170669555664,1216x352,1344x392
500,2011_09_26_drive_0079_sync_image_0000000032_image_02.png,0-40m,73222,1.5485905569027096,154.85905569027096,11.929611254689148,98.60287891617273,2.3621904024322053,2.415170669555664,1216x352,1344x392
500,2011_09_26_drive_0079_sync_image_0000000032_image_02.png,0-80m,77206,1.960244958784822,196.0244958784822,12.185627087489767,97.1129186850763,2.3621904024322053,2.415170669555664,1216x352,1344x392
501,2011_09_26_drive_0079_sync_image_0000000035_image_03.png,0-10m,23070,1.0089478602179935,100.89478602179935,14.206488514220524,91.20502817511921,2.2283660751173584,2.415170669555664,1216x352,1344x392
501,2011_09_26_drive_0079_sync_image_0000000035_image_03.png,0-20m,50708,1.235339790622622,123.5339790622622,12.076917181586651,94.23759564565749,2.2283660751173584,2.415170669555664,1216x352,1344x392
501,2011_09_26_drive_0079_sync_image_0000000035_image_03.png,0-40m,61106,1.4591091675161085,145.91091675161084,11.635263572449672,95.0119464537034,2.2283660751173584,2.415170669555664,1216x352,1344x392
501,2011_09_26_drive_0079_sync_image_0000000035_image_03.png,0-80m,64686,1.8759869111954264,187.59869111954265,11.886264272112605,93.72816374485978,2.2283660751173584,2.415170669555664,1216x352,1344x392
502,2011_09_26_drive_0079_sync_image_0000000038_image_02.png,0-10m,19003,1.0511239895235707,105.11239895235707,15.123442279949337,92.29595327053623,2.347378717382597,2.415170669555664,1216x352,1344x392
502,2011_09_26_drive_0079_sync_image_0000000038_image_02.png,0-20m,43697,1.3700978582499053,137.00978582499053,13.365641922688038,94.44813145067167,2.347378717382597,2.415170669555664,1216x352,1344x392
502,2011_09_26_drive_0079_sync_image_0000000038_image_02.png,0-40m,52203,1.7211992276655022,172.11992276655022,13.342031606446037,93.94096124743788,2.347378717382597,2.415170669555664,1216x352,1344x392
502,2011_09_26_drive_0079_sync_image_0000000038_image_02.png,0-80m,56338,2.349133147849388,234.9133147849388,13.736931483856251,91.41254570627285,2.347378717382597,2.415170669555664,1216x352,1344x392
503,2011_09_26_drive_0079_sync_image_0000000041_image_03.png,0-10m,17080,1.1001947188405299,110.01947188405299,14.738795665261875,96.27049180327869,2.2359764587197755,2.415170669555664,1216x352,1344x392
503,2011_09_26_drive_0079_sync_image_0000000041_image_03.png,0-20m,43481,1.4718558158763968,147.1855815876397,13.51118147256947,94.6436374508406,2.2359764587197755,2.415170669555664,1216x352,1344x392
503,2011_09_26_drive_0079_sync_image_0000000041_image_03.png,0-40m,50469,1.8700880179512638,187.00880179512637,13.864368050309277,92.58554756385108,2.2359764587197755,2.415170669555664,1216x352,1344x392
503,2011_09_26_drive_0079_sync_image_0000000041_image_03.png,0-80m,54481,2.6410034274510537,264.10034274510537,14.492133628521694,88.41247407353022,2.2359764587197755,2.415170669555664,1216x352,1344x392
504,2011_09_26_drive_0079_sync_image_0000000044_image_02.png,0-10m,22072,1.2125591407784866,121.25591407784866,15.71345278928851,90.80735773831098,2.3387583952808626,2.415170669555664,1216x352,1344x392
504,2011_09_26_drive_0079_sync_image_0000000044_image_02.png,0-20m,50414,1.5123168158692928,151.23168158692928,14.28532838090138,92.24818502796842,2.3387583952808626,2.415170669555664,1216x352,1344x392
504,2011_09_26_drive_0079_sync_image_0000000044_image_02.png,0-40m,57790,1.9094806760998204,190.94806760998205,14.644006957461414,89.85291572936495,2.3387583952808626,2.415170669555664,1216x352,1344x392
504,2011_09_26_drive_0079_sync_image_0000000044_image_02.png,0-80m,62152,2.667161822495489,266.7161822495489,15.249696766724668,85.55798687089715,2.3387583952808626,2.415170669555664,1216x352,1344x392
505,2011_09_26_drive_0079_sync_image_0000000047_image_03.png,0-10m,24326,1.2383641386310453,123.83641386310454,16.07815506743982,86.19995067006495,2.288414353126193,2.415170669555664,1216x352,1344x392
505,2011_09_26_drive_0079_sync_image_0000000047_image_03.png,0-20m,49001,1.4532878662853304,145.32878662853304,14.170211483324044,90.92263423195445,2.288414353126193,2.415170669555664,1216x352,1344x392
505,2011_09_26_drive_0079_sync_image_0000000047_image_03.png,0-40m,57051,1.8512204698575092,185.12204698575093,14.401427863798041,89.82314069867311,2.288414353126193,2.415170669555664,1216x352,1344x392
505,2011_09_26_drive_0079_sync_image_0000000047_image_03.png,0-80m,61163,2.5507087124054153,255.07087124054152,14.931211881104467,86.15993329300395,2.288414353126193,2.415170669555664,1216x352,1344x392
506,2011_09_26_drive_0079_sync_image_0000000050_image_02.png,0-10m,30134,1.1860201228722775,118.60201228722775,14.780878453116426,96.28990509059534,2.347502703116826,2.415170669555664,1216x352,1344x392
506,2011_09_26_drive_0079_sync_image_0000000050_image_02.png,0-20m,56937,1.4392647607887998,143.92647607887997,13.638648377181273,95.66889720217083,2.347502703116826,2.415170669555664,1216x352,1344x392
506,2011_09_26_drive_0079_sync_image_0000000050_image_02.png,0-40m,65992,1.8235874344745049,182.35874344745048,13.946209213055862,93.38556188628925,2.347502703116826,2.415170669555664,1216x352,1344x392
506,2011_09_26_drive_0079_sync_image_0000000050_image_02.png,0-80m,69920,2.391342739143688,239.13427391436878,14.393075288197075,90.19593821510298,2.347502703116826,2.415170669555664,1216x352,1344x392
507,2011_09_26_drive_0079_sync_image_0000000053_image_03.png,0-10m,36364,1.1389591176115683,113.89591176115684,14.427759598114456,96.88428115718843,2.315892348148135,2.415170669555664,1216x352,1344x392
507,2011_09_26_drive_0079_sync_image_0000000053_image_03.png,0-20m,60266,1.4238522050589035,142.38522050589035,13.9171563432882,97.29532406331928,2.315892348148135,2.415170669555664,1216x352,1344x392
507,2011_09_26_drive_0079_sync_image_0000000053_image_03.png,0-40m,68880,1.7774904096410389,177.7490409641039,14.154628618017584,95.94947735191639,2.315892348148135,2.415170669555664,1216x352,1344x392
507,2011_09_26_drive_0079_sync_image_0000000053_image_03.png,0-80m,72420,2.3053529086049767,230.53529086049767,14.575134089218558,92.11129522231428,2.315892348148135,2.415170669555664,1216x352,1344x392
508,2011_09_26_drive_0079_sync_image_0000000056_image_02.png,0-10m,36284,1.1035155918957997,110.35155918957997,14.373787346869427,97.0400176386286,2.391422255282329,2.415170669555664,1216x352,1344x392
508,2011_09_26_drive_0079_sync_image_0000000056_image_02.png,0-20m,60357,1.3547558954419872,135.47558954419873,13.59090035187697,97.93893003297049,2.391422255282329,2.415170669555664,1216x352,1344x392
508,2011_09_26_drive_0079_sync_image_0000000056_image_02.png,0-40m,68370,1.6149087801268354,161.49087801268354,13.562565185310838,97.76802691238848,2.391422255282329,2.415170669555664,1216x352,1344x392
508,2011_09_26_drive_0079_sync_image_0000000056_image_02.png,0-80m,71353,2.0053092862502737,200.53092862502737,13.829323054619676,95.77452945216038,2.391422255282329,2.415170669555664,1216x352,1344x392
509,2011_09_26_drive_0079_sync_image_0000000059_image_03.png,0-10m,34896,1.2117322857557005,121.17322857557005,16.293161428356782,87.66047684548373,2.379760800811681,2.415170669555664,1216x352,1344x392
509,2011_09_26_drive_0079_sync_image_0000000059_image_03.png,0-20m,60692,1.3795159156750039,137.95159156750037,14.280861397781372,92.37131747182495,2.379760800811681,2.415170669555664,1216x352,1344x392
509,2011_09_26_drive_0079_sync_image_0000000059_image_03.png,0-40m,68589,1.630844156067291,163.0844156067291,14.16781045085652,92.70874338450771,2.379760800811681,2.415170669555664,1216x352,1344x392
509,2011_09_26_drive_0079_sync_image_0000000059_image_03.png,0-80m,71148,1.9535244545124564,195.35244545124564,14.357896086067049,91.26749873503121,2.379760800811681,2.415170669555664,1216x352,1344x392
510,2011_09_26_drive_0079_sync_image_0000000062_image_02.png,0-10m,31503,1.1793886718154238,117.93886718154238,16.491931051400545,86.8679173412056,2.374218644628292,2.415170669555664,1216x352,1344x392
510,2011_09_26_drive_0079_sync_image_0000000062_image_02.png,0-20m,59407,1.2427587117055097,124.27587117055097,13.261643710956323,92.81061154409413,2.374218644628292,2.415170669555664,1216x352,1344x392
510,2011_09_26_drive_0079_sync_image_0000000062_image_02.png,0-40m,67015,1.4082944837904756,140.82944837904756,12.879192701218173,93.18510781168395,2.374218644628292,2.415170669555664,1216x352,1344x392
510,2011_09_26_drive_0079_sync_image_0000000062_image_02.png,0-80m,69505,1.692730981128249,169.2730981128249,13.030048455036125,92.90266887274296,2.374218644628292,2.415170669555664,1216x352,1344x392
511,2011_09_26_drive_0079_sync_image_0000000065_image_03.png,0-10m,24032,1.5014376483470717,150.14376483470718,21.56677578000046,65.55426098535287,2.3653461649530207,2.415170669555664,1216x352,1344x392
511,2011_09_26_drive_0079_sync_image_0000000065_image_03.png,0-20m,48925,1.4119533453392141,141.19533453392143,15.553373401996645,82.09504343382729,2.3653461649530207,2.415170669555664,1216x352,1344x392
511,2011_09_26_drive_0079_sync_image_0000000065_image_03.png,0-40m,56863,1.5604800058107628,156.04800058107628,14.679747519033556,84.19710532332097,2.3653461649530207,2.415170669555664,1216x352,1344x392
511,2011_09_26_drive_0079_sync_image_0000000065_image_03.png,0-80m,59362,1.8801444342369251,188.0144434236925,14.784997559841221,84.09420167784104,2.3653461649530207,2.415170669555664,1216x352,1344x392
512,2011_09_26_drive_0079_sync_image_0000000068_image_02.png,0-10m,29462,1.2813398148246198,128.133981482462,18.911384853018475,76.03353472269364,2.372032409444882,2.415170669555664,1216x352,1344x392
512,2011_09_26_drive_0079_sync_image_0000000068_image_02.png,0-20m,56385,1.220244727380375,122.02447273803749,13.983907560795322,87.41509266648931,2.372032409444882,2.415170669555664,1216x352,1344x392
512,2011_09_26_drive_0079_sync_image_0000000068_image_02.png,0-40m,63704,1.4085842411032756,140.85842411032758,13.587408863152481,88.1027878940098,2.372032409444882,2.415170669555664,1216x352,1344x392
512,2011_09_26_drive_0079_sync_image_0000000068_image_02.png,0-80m,66103,1.6781396787072784,167.81396787072785,13.684288613093784,87.86136786530112,2.372032409444882,2.415170669555664,1216x352,1344x392
513,2011_09_26_drive_0079_sync_image_0000000074_image_03.png,0-10m,26319,1.3615278579792067,136.15278579792067,20.855836269881152,64.09438048558076,2.3568696622374166,2.415170669555664,1216x352,1344x392
513,2011_09_26_drive_0079_sync_image_0000000074_image_03.png,0-20m,54496,1.2450618119543955,124.50618119543955,14.550514430072992,81.7968291250734,2.3568696622374166,2.415170669555664,1216x352,1344x392
513,2011_09_26_drive_0079_sync_image_0000000074_image_03.png,0-40m,61777,1.3866372095993797,138.66372095993796,13.921637155857722,83.39835213752691,2.3568696622374166,2.415170669555664,1216x352,1344x392
513,2011_09_26_drive_0079_sync_image_0000000074_image_03.png,0-80m,63972,1.5919289916077333,159.19289916077332,13.920404125393384,83.39586068905146,2.3568696622374166,2.415170669555664,1216x352,1344x392
514,2011_09_26_drive_0079_sync_image_0000000080_image_02.png,0-10m,23088,1.341171317788684,134.11713177886838,20.858590450343915,64.68728343728344,2.3917625783751597,2.415170669555664,1216x352,1344x392
514,2011_09_26_drive_0079_sync_image_0000000080_image_02.png,0-20m,46261,1.3327439667322465,133.27439667322466,15.567363482160262,80.58407730053393,2.3917625783751597,2.415170669555664,1216x352,1344x392
514,2011_09_26_drive_0079_sync_image_0000000080_image_02.png,0-40m,52248,1.5809995692980232,158.09995692980232,15.325226985471266,81.69882100750267,2.3917625783751597,2.415170669555664,1216x352,1344x392
514,2011_09_26_drive_0079_sync_image_0000000080_image_02.png,0-80m,53777,1.7967349851925252,179.67349851925252,15.385817876660088,81.4548970749577,2.3917625783751597,2.415170669555664,1216x352,1344x392
515,2011_09_26_drive_0079_sync_image_0000000086_image_03.png,0-10m,17109,1.3068437406980382,130.68437406980382,20.512792122464273,68.94032380618388,2.3536084936905075,2.415170669555664,1216x352,1344x392
515,2011_09_26_drive_0079_sync_image_0000000086_image_03.png,0-20m,41149,1.337602796020124,133.7602796020124,14.663675783813474,85.24386983887823,2.3536084936905075,2.415170669555664,1216x352,1344x392
515,2011_09_26_drive_0079_sync_image_0000000086_image_03.png,0-40m,47453,1.6547792027441917,165.47792027441918,14.631713854308714,85.88919562514488,2.3536084936905075,2.415170669555664,1216x352,1344x392
515,2011_09_26_drive_0079_sync_image_0000000086_image_03.png,0-80m,48926,1.8203193522608738,182.03193522608737,14.608439283710462,85.58639578138413,2.3536084936905075,2.415170669555664,1216x352,1344x392
516,2011_09_26_drive_0079_sync_image_0000000092_image_02.png,0-10m,15113,1.1553549521701227,115.53549521701227,18.286321659916748,79.3422880963409,2.3923960083896874,2.415170669555664,1216x352,1344x392
516,2011_09_26_drive_0079_sync_image_0000000092_image_02.png,0-20m,33119,1.0345962513486215,103.45962513486215,12.46313756517302,90.33485310546816,2.3923960083896874,2.415170669555664,1216x352,1344x392
516,2011_09_26_drive_0079_sync_image_0000000092_image_02.png,0-40m,37515,1.236747542994826,123.6747542994826,12.235002090030152,90.32120485139278,2.3923960083896874,2.415170669555664,1216x352,1344x392
516,2011_09_26_drive_0079_sync_image_0000000092_image_02.png,0-80m,38578,1.3803018708456247,138.03018708456247,12.236269237868088,89.77396443568874,2.3923960083896874,2.415170669555664,1216x352,1344x392
517,2011_09_26_drive_0095_sync_image_0000000005_image_03.png,0-10m,24898,0.4251212945031549,42.51212945031549,5.8712891399709335,99.27303397863282,2.3253083068194704,2.415170669555664,1216x352,1344x392
517,2011_09_26_drive_0095_sync_image_0000000005_image_03.png,0-20m,45865,0.6022081637946519,60.22081637946519,5.902012880437209,98.38874959119154,2.3253083068194704,2.415170669555664,1216x352,1344x392
517,2011_09_26_drive_0095_sync_image_0000000005_image_03.png,0-40m,58635,0.6929086389815684,69.29086389815684,5.487519858099881,98.65950370938859,2.3253083068194704,2.415170669555664,1216x352,1344x392
517,2011_09_26_drive_0095_sync_image_0000000005_image_03.png,0-80m,60558,0.7707236646137384,77.07236646137385,5.5164774265567065,98.60959741074672,2.3253083068194704,2.415170669555664,1216x352,1344x392
518,2011_09_26_drive_0095_sync_image_0000000008_image_02.png,0-10m,32065,0.48691357596697943,48.69135759669794,6.485919606380579,99.6694214876033,2.2307670514198774,2.415170669555664,1216x352,1344x392
518,2011_09_26_drive_0095_sync_image_0000000008_image_02.png,0-20m,66018,0.5079211119813268,50.79211119813268,5.10138746032668,99.61980066042594,2.2307670514198774,2.415170669555664,1216x352,1344x392
518,2011_09_26_drive_0095_sync_image_0000000008_image_02.png,0-40m,76323,0.5877621674761636,58.77621674761636,4.978106011189096,99.6239665631592,2.2307670514198774,2.415170669555664,1216x352,1344x392
518,2011_09_26_drive_0095_sync_image_0000000008_image_02.png,0-80m,78210,0.6349515312118247,63.49515312118247,4.980078349808401,99.56271576524742,2.2307670514198774,2.415170669555664,1216x352,1344x392
519,2011_09_26_drive_0095_sync_image_0000000011_image_03.png,0-10m,30340,0.5261531398888867,52.615313988888666,6.812904402815442,99.66710613052076,2.3886523726232554,2.415170669555664,1216x352,1344x392
519,2011_09_26_drive_0095_sync_image_0000000011_image_03.png,0-20m,65665,0.6044364889260068,60.44364889260068,5.724488045297311,99.74567882433564,2.3886523726232554,2.415170669555664,1216x352,1344x392
519,2011_09_26_drive_0095_sync_image_0000000011_image_03.png,0-40m,75667,0.7103770032316513,71.03770032316513,5.638126566283483,99.55066277241069,2.3886523726232554,2.415170669555664,1216x352,1344x392
519,2011_09_26_drive_0095_sync_image_0000000011_image_03.png,0-80m,76863,0.7535512376727732,75.35512376727732,5.652480986623803,99.50301185225662,2.3886523726232554,2.415170669555664,1216x352,1344x392
520,2011_09_26_drive_0095_sync_image_0000000014_image_02.png,0-10m,38614,0.4663086449605375,46.630864496053746,6.087465816944436,99.54161703009271,2.3740658940675896,2.415170669555664,1216x352,1344x392
520,2011_09_26_drive_0095_sync_image_0000000014_image_02.png,0-20m,77831,0.6057144989663285,60.57144989663284,5.739603481478845,99.68521540260308,2.3740658940675896,2.415170669555664,1216x352,1344x392
520,2011_09_26_drive_0095_sync_image_0000000014_image_02.png,0-40m,87433,0.7113485368535335,71.13485368535335,5.729752115528243,99.66946118742351,2.3740658940675896,2.415170669555664,1216x352,1344x392
520,2011_09_26_drive_0095_sync_image_0000000014_image_02.png,0-80m,88806,0.7500424655206573,75.00424655206574,5.726108725178109,99.63628583654257,2.3740658940675896,2.415170669555664,1216x352,1344x392
521,2011_09_26_drive_0095_sync_image_0000000017_image_03.png,0-10m,25061,0.5034058407305206,50.340584073052064,6.301383832222923,99.83240892222976,2.2645112142006028,2.415170669555664,1216x352,1344x392
521,2011_09_26_drive_0095_sync_image_0000000017_image_03.png,0-20m,58806,0.6267183496608006,62.67183496608006,5.772777400371547,99.75342652110328,2.2645112142006028,2.415170669555664,1216x352,1344x392
521,2011_09_26_drive_0095_sync_image_0000000017_image_03.png,0-40m,66376,0.7555488295062013,75.55488295062013,5.830233859670879,99.67006146800048,2.2645112142006028,2.415170669555664,1216x352,1344x392
521,2011_09_26_drive_0095_sync_image_0000000017_image_03.png,0-80m,67677,0.8221975482714814,82.21975482714814,5.854931843134089,99.62468785554915,2.2645112142006028,2.415170669555664,1216x352,1344x392
522,2011_09_26_drive_0095_sync_image_0000000020_image_02.png,0-10m,32344,0.6200033774211977,62.00033774211977,7.477351620969245,99.82686124165224,2.309326955955704,2.415170669555664,1216x352,1344x392
522,2011_09_26_drive_0095_sync_image_0000000020_image_02.png,0-20m,64163,0.7846955669964255,78.46955669964255,7.32984874965729,99.69141093776787,2.309326955955704,2.415170669555664,1216x352,1344x392
522,2011_09_26_drive_0095_sync_image_0000000020_image_02.png,0-40m,72195,0.8896781989020385,88.96781989020384,7.2335545358851565,99.64124939400236,2.309326955955704,2.415170669555664,1216x352,1344x392
522,2011_09_26_drive_0095_sync_image_0000000020_image_02.png,0-80m,73502,0.9681702118685954,96.81702118685955,7.264626029973287,99.52382248102093,2.309326955955704,2.415170669555664,1216x352,1344x392
523,2011_09_26_drive_0095_sync_image_0000000023_image_03.png,0-10m,34862,0.5762421875400487,57.62421875400487,7.840141281934038,99.21691239745282,2.3566180551168907,2.415170669555664,1216x352,1344x392
523,2011_09_26_drive_0095_sync_image_0000000023_image_03.png,0-20m,62110,0.6947663677466164,69.47663677466164,7.1950930559519355,99.18853646755757,2.3566180551168907,2.415170669555664,1216x352,1344x392
523,2011_09_26_drive_0095_sync_image_0000000023_image_03.png,0-40m,69531,0.7723987476435945,77.23987476435946,6.998093986614181,99.18885101609354,2.3566180551168907,2.415170669555664,1216x352,1344x392
523,2011_09_26_drive_0095_sync_image_0000000023_image_03.png,0-80m,71378,0.852182937765994,85.2182937765994,6.995017829392033,99.14819692342178,2.3566180551168907,2.415170669555664,1216x352,1344x392
524,2011_09_26_drive_0095_sync_image_0000000026_image_02.png,0-10m,29064,0.5117636301728802,51.17636301728802,6.634599574010407,99.72130470685384,2.3446103619888095,2.415170669555664,1216x352,1344x392
524,2011_09_26_drive_0095_sync_image_0000000026_image_02.png,0-20m,53315,0.6139768442337994,61.39768442337994,6.164757439129357,99.58173122010692,2.3446103619888095,2.415170669555664,1216x352,1344x392
524,2011_09_26_drive_0095_sync_image_0000000026_image_02.png,0-40m,61638,0.7004222190644284,70.04222190644283,5.9988665243454875,99.56195853207437,2.3446103619888095,2.415170669555664,1216x352,1344x392
524,2011_09_26_drive_0095_sync_image_0000000026_image_02.png,0-80m,64360,0.8408665710091221,84.0866571009122,6.055379779341971,99.51988812927284,2.3446103619888095,2.415170669555664,1216x352,1344x392
525,2011_09_26_drive_0095_sync_image_0000000029_image_03.png,0-10m,33595,0.5922296330729736,59.22296330729736,8.025181433886033,99.36002381306743,2.3115064712104316,2.415170669555664,1216x352,1344x392
525,2011_09_26_drive_0095_sync_image_0000000029_image_03.png,0-20m,50529,0.6957166442304125,69.57166442304124,7.556642676724964,99.43003027964139,2.3115064712104316,2.415170669555664,1216x352,1344x392
525,2011_09_26_drive_0095_sync_image_0000000029_image_03.png,0-40m,59037,0.7892696441692908,78.92696441692908,7.254008207702194,99.4494977725833,2.3115064712104316,2.415170669555664,1216x352,1344x392
525,2011_09_26_drive_0095_sync_image_0000000029_image_03.png,0-80m,61128,0.9346922843762989,93.4692284376299,7.329432694985109,99.36363041486716,2.3115064712104316,2.415170669555664,1216x352,1344x392
526,2011_09_26_drive_0095_sync_image_0000000032_image_02.png,0-10m,27104,0.5097979479057027,50.97979479057027,6.930360429008725,99.85979929161746,2.321401253456664,2.415170669555664,1216x352,1344x392
526,2011_09_26_drive_0095_sync_image_0000000032_image_02.png,0-20m,49062,0.5375620277612851,53.75620277612852,5.658685089229237,99.67184378949085,2.321401253456664,2.415170669555664,1216x352,1344x392
526,2011_09_26_drive_0095_sync_image_0000000032_image_02.png,0-40m,56067,0.656972696376884,65.69726963768841,5.605822545755148,99.66290331210872,2.321401253456664,2.415170669555664,1216x352,1344x392
526,2011_09_26_drive_0095_sync_image_0000000032_image_02.png,0-80m,57999,0.7935656093540256,79.35656093540257,5.697136590633345,99.49137054087139,2.321401253456664,2.415170669555664,1216x352,1344x392
527,2011_09_26_drive_0095_sync_image_0000000035_image_03.png,0-10m,13988,0.745230164993549,74.5230164993549,9.92230573103028,98.93480125822133,2.393624915200176,2.415170669555664,1216x352,1344x392
527,2011_09_26_drive_0095_sync_image_0000000035_image_03.png,0-20m,36859,0.724344183015126,72.43441830151261,6.810233105564334,99.36786130931388,2.393624915200176,2.415170669555664,1216x352,1344x392
527,2011_09_26_drive_0095_sync_image_0000000035_image_03.png,0-40m,41394,0.817922088537388,81.7922088537388,6.637337692305955,99.39363192733246,2.393624915200176,2.415170669555664,1216x352,1344x392
527,2011_09_26_drive_0095_sync_image_0000000035_image_03.png,0-80m,43176,1.0114009406901474,101.14009406901474,6.75045623997656,99.29358903094312,2.393624915200176,2.415170669555664,1216x352,1344x392
528,2011_09_26_drive_0095_sync_image_0000000038_image_02.png,0-10m,16465,0.7366566674817199,73.66566674817199,10.18817460997254,99.57485575463103,2.371504757679673,2.415170669555664,1216x352,1344x392
528,2011_09_26_drive_0095_sync_image_0000000038_image_02.png,0-20m,49900,0.6700649397358865,67.00649397358866,6.642584807981063,99.59318637274549,2.371504757679673,2.415170669555664,1216x352,1344x392
528,2011_09_26_drive_0095_sync_image_0000000038_image_02.png,0-40m,57742,0.7450465188656188,74.50465188656187,6.289679089808263,99.64324062207753,2.371504757679673,2.415170669555664,1216x352,1344x392
528,2011_09_26_drive_0095_sync_image_0000000038_image_02.png,0-80m,60225,0.9151853656412507,91.51853656412507,6.398309245264857,99.38231631382315,2.371504757679673,2.415170669555664,1216x352,1344x392
529,2011_09_26_drive_0095_sync_image_0000000041_image_03.png,0-10m,29234,0.7628943291099957,76.28943291099957,9.03511039386616,99.46637476910448,2.401260181490319,2.415170669555664,1216x352,1344x392
529,2011_09_26_drive_0095_sync_image_0000000041_image_03.png,0-20m,56726,0.7812591691037829,78.1259169103783,7.813226658927613,99.6403765469097,2.401260181490319,2.415170669555664,1216x352,1344x392
529,2011_09_26_drive_0095_sync_image_0000000041_image_03.png,0-40m,66118,0.9457452618537406,94.57452618537407,7.66509063757987,99.68087358964276,2.401260181490319,2.415170669555664,1216x352,1344x392
529,2011_09_26_drive_0095_sync_image_0000000041_image_03.png,0-80m,68341,1.0844666456255552,108.44666456255551,7.737225734823373,99.53614960272749,2.401260181490319,2.415170669555664,1216x352,1344x392
530,2011_09_26_drive_0095_sync_image_0000000044_image_02.png,0-10m,42143,0.6374476759140072,63.744767591400716,8.5581048885622,99.87661058776072,2.381030614843575,2.415170669555664,1216x352,1344x392
530,2011_09_26_drive_0095_sync_image_0000000044_image_02.png,0-20m,61364,0.6828286779741989,68.28286779741988,7.805143000169548,99.82726028290203,2.381030614843575,2.415170669555664,1216x352,1344x392
530,2011_09_26_drive_0095_sync_image_0000000044_image_02.png,0-40m,74803,0.8152340842225935,81.52340842225935,7.312954038314198,99.79813643837814,2.381030614843575,2.415170669555664,1216x352,1344x392
530,2011_09_26_drive_0095_sync_image_0000000044_image_02.png,0-80m,76927,0.9290017595821363,92.90017595821362,7.34860100132911,99.73611345821362,2.381030614843575,2.415170669555664,1216x352,1344x392
531,2011_09_26_drive_0095_sync_image_0000000047_image_03.png,0-10m,24704,0.5489213154337567,54.89213154337567,7.658992304206082,99.85427461139896,2.401042244415305,2.415170669555664,1216x352,1344x392
531,2011_09_26_drive_0095_sync_image_0000000047_image_03.png,0-20m,40870,0.6306145491272189,63.06145491272189,6.822939260756631,99.75042818693419,2.401042244415305,2.415170669555664,1216x352,1344x392
531,2011_09_26_drive_0095_sync_image_0000000047_image_03.png,0-40m,59605,0.8018563871925264,80.18563871925264,6.071325741407819,99.6409697173056,2.401042244415305,2.415170669555664,1216x352,1344x392
531,2011_09_26_drive_0095_sync_image_0000000047_image_03.png,0-80m,61559,0.9230394891991629,92.3039489199163,6.134511213420201,99.54352734774768,2.401042244415305,2.415170669555664,1216x352,1344x392
532,2011_09_26_drive_0095_sync_image_0000000050_image_02.png,0-10m,26639,0.6033950904060168,60.33950904060168,8.382296185050723,99.96621494800856,2.3787395868261703,2.415170669555664,1216x352,1344x392
532,2011_09_26_drive_0095_sync_image_0000000050_image_02.png,0-20m,47990,0.7425552222549381,74.2555222254938,7.600816828241892,99.92498437174412,2.3787395868261703,2.415170669555664,1216x352,1344x392
532,2011_09_26_drive_0095_sync_image_0000000050_image_02.png,0-40m,68160,0.8604339803503432,86.04339803503433,6.673254291469248,99.63468309859155,2.3787395868261703,2.415170669555664,1216x352,1344x392
532,2011_09_26_drive_0095_sync_image_0000000050_image_02.png,0-80m,70998,0.9606779851914526,96.06779851914527,6.653068995464954,99.57745288599679,2.3787395868261703,2.415170669555664,1216x352,1344x392
533,2011_09_26_drive_0095_sync_image_0000000053_image_03.png,0-10m,22317,0.6983215927773224,69.83215927773225,9.43391748091012,99.2248062015504,2.380089881836231,2.415170669555664,1216x352,1344x392
533,2011_09_26_drive_0095_sync_image_0000000053_image_03.png,0-20m,49252,0.8195542410290775,81.95542410290774,7.686589580685724,99.58174287338585,2.380089881836231,2.415170669555664,1216x352,1344x392
533,2011_09_26_drive_0095_sync_image_0000000053_image_03.png,0-40m,62601,0.9011297895036923,90.11297895036923,7.017505321816192,99.21886231849332,2.380089881836231,2.415170669555664,1216x352,1344x392
533,2011_09_26_drive_0095_sync_image_0000000053_image_03.png,0-80m,65472,1.089322013895183,108.9322013895183,7.126282168843004,99.13703567937439,2.380089881836231,2.415170669555664,1216x352,1344x392
534,2011_09_26_drive_0095_sync_image_0000000056_image_02.png,0-10m,20579,0.6512920412865966,65.12920412865965,8.404383613086196,99.47033383546334,2.3982788031730498,2.415170669555664,1216x352,1344x392
534,2011_09_26_drive_0095_sync_image_0000000056_image_02.png,0-20m,51958,0.7691975116197449,76.91975116197449,6.84847849892864,99.69783286500635,2.3982788031730498,2.415170669555664,1216x352,1344x392
534,2011_09_26_drive_0095_sync_image_0000000056_image_02.png,0-40m,61390,0.9518499589234343,95.18499589234342,6.887094362025542,99.20345333116143,2.3982788031730498,2.415170669555664,1216x352,1344x392
534,2011_09_26_drive_0095_sync_image_0000000056_image_02.png,0-80m,63785,1.0682723175351445,106.82723175351445,6.8944915537139915,98.92607979932586,2.3982788031730498,2.415170669555664,1216x352,1344x392
535,2011_09_26_drive_0095_sync_image_0000000059_image_03.png,0-10m,20229,0.7522118312334648,75.22118312334648,9.486723895314569,99.42656582134559,2.4067973735060213,2.415170669555664,1216x352,1344x392
535,2011_09_26_drive_0095_sync_image_0000000059_image_03.png,0-20m,54721,0.7095707021033463,70.95707021033462,6.743133844185283,99.73501946236362,2.4067973735060213,2.415170669555664,1216x352,1344x392
535,2011_09_26_drive_0095_sync_image_0000000059_image_03.png,0-40m,63592,0.8120638153465728,81.20638153465728,6.541335333833327,99.33482199018745,2.4067973735060213,2.415170669555664,1216x352,1344x392
535,2011_09_26_drive_0095_sync_image_0000000059_image_03.png,0-80m,66208,0.9649130537450573,96.49130537450573,6.600401581022208,99.15871193813437,2.4067973735060213,2.415170669555664,1216x352,1344x392
536,2011_09_26_drive_0095_sync_image_0000000062_image_02.png,0-10m,25429,0.6563344899039201,65.63344899039201,8.83174338205971,98.97361280427857,2.3816220704721904,2.415170669555664,1216x352,1344x392
536,2011_09_26_drive_0095_sync_image_0000000062_image_02.png,0-20m,65039,0.6175108627429955,61.75108627429955,6.117759724646783,99.44648595458109,2.3816220704721904,2.415170669555664,1216x352,1344x392
536,2011_09_26_drive_0095_sync_image_0000000062_image_02.png,0-40m,72890,0.7046384185540331,70.4638418554033,6.070428362095704,98.93812594320208,2.3816220704721904,2.415170669555664,1216x352,1344x392
536,2011_09_26_drive_0095_sync_image_0000000062_image_02.png,0-80m,75861,0.8180183850151099,81.80183850151099,6.084050859517729,98.91380287631326,2.3816220704721904,2.415170669555664,1216x352,1344x392
537,2011_09_26_drive_0095_sync_image_0000000065_image_03.png,0-10m,25289,0.6061380501484324,60.61380501484324,7.707724203781728,99.83787417454229,2.3898094700196686,2.415170669555664,1216x352,1344x392
537,2011_09_26_drive_0095_sync_image_0000000065_image_03.png,0-20m,61374,0.5904234584857825,59.04234584857825,5.7650175549053655,99.75396747808519,2.3898094700196686,2.415170669555664,1216x352,1344x392
537,2011_09_26_drive_0095_sync_image_0000000065_image_03.png,0-40m,66784,0.6616778473463936,66.16778473463935,5.784814451467759,99.12404168663153,2.3898094700196686,2.415170669555664,1216x352,1344x392
537,2011_09_26_drive_0095_sync_image_0000000065_image_03.png,0-80m,69310,0.7656038181999514,76.56038181999514,5.801335508432623,99.05064204299524,2.3898094700196686,2.415170669555664,1216x352,1344x392
538,2011_09_26_drive_0095_sync_image_0000000068_image_02.png,0-10m,33616,0.37688581171006263,37.68858117100626,4.8814644731073855,99.80663969538315,2.354175872429712,2.415170669555664,1216x352,1344x392
538,2011_09_26_drive_0095_sync_image_0000000068_image_02.png,0-20m,61558,0.4608332733262247,46.08332733262247,4.4335083372155495,99.301471782709,2.354175872429712,2.415170669555664,1216x352,1344x392
538,2011_09_26_drive_0095_sync_image_0000000068_image_02.png,0-40m,67961,0.5618701870671117,56.187018706711164,4.61045674059493,98.41968187637026,2.354175872429712,2.415170669555664,1216x352,1344x392
538,2011_09_26_drive_0095_sync_image_0000000068_image_02.png,0-80m,70544,0.6514553515230833,65.14553515230833,4.641192839829164,98.42793150374234,2.354175872429712,2.415170669555664,1216x352,1344x392
539,2011_09_26_drive_0095_sync_image_0000000071_image_03.png,0-10m,21133,0.42468923180540924,42.468923180540926,6.307394409407734,99.3280651114371,2.4195394261569927,2.415170669555664,1216x352,1344x392
539,2011_09_26_drive_0095_sync_image_0000000071_image_03.png,0-20m,43958,0.6341231339752005,63.41231339752005,5.975875914369232,97.22007370672006,2.4195394261569927,2.415170669555664,1216x352,1344x392
539,2011_09_26_drive_0095_sync_image_0000000071_image_03.png,0-40m,51433,0.689669091505008,68.9669091505008,5.5968679891070705,97.41411156261545,2.4195394261569927,2.415170669555664,1216x352,1344x392
539,2011_09_26_drive_0095_sync_image_0000000071_image_03.png,0-80m,53830,0.7678931800534728,76.78931800534728,5.537014251940361,97.46609697194873,2.4195394261569927,2.415170669555664,1216x352,1344x392
540,2011_09_26_drive_0095_sync_image_0000000074_image_02.png,0-10m,21920,0.6173806046699956,61.738060466999556,7.8498788139505375,98.38503649635037,2.4007597924871655,2.415170669555664,1216x352,1344x392
540,2011_09_26_drive_0095_sync_image_0000000074_image_02.png,0-20m,41786,0.7530806097014116,75.30806097014116,7.3975346933383435,96.82190207246447,2.4007597924871655,2.415170669555664,1216x352,1344x392
540,2011_09_26_drive_0095_sync_image_0000000074_image_02.png,0-40m,50867,0.8118813153877973,81.18813153877973,6.772965366779155,97.2477244579,2.4007597924871655,2.415170669555664,1216x352,1344x392
540,2011_09_26_drive_0095_sync_image_0000000074_image_02.png,0-80m,53484,0.9188033379271663,91.88033379271663,6.7048799558174,97.25712362575723,2.4007597924871655,2.415170669555664,1216x352,1344x392
541,2011_09_26_drive_0095_sync_image_0000000077_image_03.png,0-10m,37422,0.665974615144039,66.5974615144039,8.948748149008969,99.47624392068836,2.3585834631400426,2.415170669555664,1216x352,1344x392
541,2011_09_26_drive_0095_sync_image_0000000077_image_03.png,0-20m,53602,0.7389362093486126,73.89362093486126,8.310508981703043,98.22021566359464,2.3585834631400426,2.415170669555664,1216x352,1344x392
541,2011_09_26_drive_0095_sync_image_0000000077_image_03.png,0-40m,63359,0.818241788818709,81.8241788818709,7.750544040613976,98.37749964488076,2.3585834631400426,2.415170669555664,1216x352,1344x392
541,2011_09_26_drive_0095_sync_image_0000000077_image_03.png,0-80m,66560,0.8809919387531968,88.09919387531968,7.565127405390702,98.39393028846153,2.3585834631400426,2.415170669555664,1216x352,1344x392
542,2011_09_26_drive_0095_sync_image_0000000080_image_02.png,0-10m,29175,0.8823514659933893,88.23514659933893,12.206270774561013,91.28363324764352,2.415336420109122,2.415170669555664,1216x352,1344x392
542,2011_09_26_drive_0095_sync_image_0000000080_image_02.png,0-20m,49925,0.9352893911437148,93.52893911437148,10.244053308518826,93.00751126690035,2.415336420109122,2.415170669555664,1216x352,1344x392
542,2011_09_26_drive_0095_sync_image_0000000080_image_02.png,0-40m,68034,1.0030251855442587,100.30251855442587,8.750291380383219,94.78349060763736,2.415336420109122,2.415170669555664,1216x352,1344x392
542,2011_09_26_drive_0095_sync_image_0000000080_image_02.png,0-80m,70089,1.1096411752347715,110.96411752347714,8.732634063334938,94.7709340980753,2.415336420109122,2.415170669555664,1216x352,1344x392
543,2011_09_26_drive_0095_sync_image_0000000083_image_03.png,0-10m,20437,1.0151202840254885,101.51202840254885,13.76637182476886,93.69770514263345,2.41450888039749,2.415170669555664,1216x352,1344x392
543,2011_09_26_drive_0095_sync_image_0000000083_image_03.png,0-20m,52792,0.8494930150680857,84.94930150680857,8.560115389521581,96.89536293377785,2.41450888039749,2.415170669555664,1216x352,1344x392
543,2011_09_26_drive_0095_sync_image_0000000083_image_03.png,0-40m,67610,0.8644484547358472,86.44484547358472,7.4322840312230865,97.43381156633633,2.41450888039749,2.415170669555664,1216x352,1344x392
543,2011_09_26_drive_0095_sync_image_0000000083_image_03.png,0-80m,69734,0.9887978529353676,98.87978529353676,7.472550928560196,97.29973900823128,2.41450888039749,2.415170669555664,1216x352,1344x392
544,2011_09_26_drive_0095_sync_image_0000000086_image_02.png,0-10m,21741,0.753464500827648,75.3464500827648,9.558980515255886,99.81601582263924,2.411528844146968,2.415170669555664,1216x352,1344x392
544,2011_09_26_drive_0095_sync_image_0000000086_image_02.png,0-20m,66287,0.8431408647617827,84.31408647617828,7.564027776081346,99.60776622867229,2.411528844146968,2.415170669555664,1216x352,1344x392
544,2011_09_26_drive_0095_sync_image_0000000086_image_02.png,0-40m,82155,0.9049297942892356,90.49297942892356,6.9901601430125995,99.59953745967988,2.411528844146968,2.415170669555664,1216x352,1344x392
544,2011_09_26_drive_0095_sync_image_0000000086_image_02.png,0-80m,84489,1.029289193592411,102.92891935924109,7.071736277131226,99.40583981346684,2.411528844146968,2.415170669555664,1216x352,1344x392
545,2011_09_26_drive_0095_sync_image_0000000089_image_03.png,0-10m,21910,0.666574327350479,66.65743273504789,8.323132784446623,98.55317206754907,2.400067202002198,2.415170669555664,1216x352,1344x392
545,2011_09_26_drive_0095_sync_image_0000000089_image_03.png,0-20m,53788,0.7371186735444399,73.711867354444,6.637471207108297,98.653974864282,2.400067202002198,2.415170669555664,1216x352,1344x392
545,2011_09_26_drive_0095_sync_image_0000000089_image_03.png,0-40m,65593,0.8235852816093512,82.35852816093512,6.268167873956811,98.76816123671733,2.400067202002198,2.415170669555664,1216x352,1344x392
545,2011_09_26_drive_0095_sync_image_0000000089_image_03.png,0-80m,67065,0.9610587394860539,96.10587394860539,6.405684656727298,98.45523000074554,2.400067202002198,2.415170669555664,1216x352,1344x392
546,2011_09_26_drive_0095_sync_image_0000000092_image_02.png,0-10m,22200,0.7169186590813301,71.69186590813301,9.378737942425957,94.78828828828829,2.407954726563716,2.415170669555664,1216x352,1344x392
546,2011_09_26_drive_0095_sync_image_0000000092_image_02.png,0-20m,63088,0.8157576514989509,81.57576514989509,7.470614671083433,97.96633274156733,2.407954726563716,2.415170669555664,1216x352,1344x392
546,2011_09_26_drive_0095_sync_image_0000000092_image_02.png,0-40m,75379,0.9348555463299678,93.48555463299678,7.200144001156104,98.16261823584817,2.407954726563716,2.415170669555664,1216x352,1344x392
546,2011_09_26_drive_0095_sync_image_0000000092_image_02.png,0-80m,77443,1.0750772789404102,107.50772789404101,7.292359442997459,97.91201270611934,2.407954726563716,2.415170669555664,1216x352,1344x392
547,2011_09_26_drive_0095_sync_image_0000000095_image_03.png,0-10m,21019,0.936193560594337,93.6193560594337,12.384361529438559,91.83595794281364,2.392888908574922,2.415170669555664,1216x352,1344x392
547,2011_09_26_drive_0095_sync_image_0000000095_image_03.png,0-20m,49753,0.8786122798488394,87.86122798488394,8.781228015181817,96.26555182602054,2.392888908574922,2.415170669555664,1216x352,1344x392
547,2011_09_26_drive_0095_sync_image_0000000095_image_03.png,0-40m,61741,0.9125749772643154,91.25749772643154,7.801879824255361,96.89833336032783,2.392888908574922,2.415170669555664,1216x352,1344x392
547,2011_09_26_drive_0095_sync_image_0000000095_image_03.png,0-80m,63986,1.0542647254041118,105.42647254041117,7.838326283310108,96.58519051042416,2.392888908574922,2.415170669555664,1216x352,1344x392
548,2011_09_26_drive_0095_sync_image_0000000098_image_02.png,0-10m,27616,0.7638434542910664,76.38434542910663,11.223002703350229,99.43873117033604,2.424252415142729,2.415170669555664,1216x352,1344x392
548,2011_09_26_drive_0095_sync_image_0000000098_image_02.png,0-20m,58419,0.8368594279351524,83.68594279351524,8.892255428871673,99.3649326417775,2.424252415142729,2.415170669555664,1216x352,1344x392
548,2011_09_26_drive_0095_sync_image_0000000098_image_02.png,0-40m,76085,0.9397798641929569,93.97798641929569,7.995321751985617,99.46901491752645,2.424252415142729,2.415170669555664,1216x352,1344x392
548,2011_09_26_drive_0095_sync_image_0000000098_image_02.png,0-80m,78981,1.057270879468127,105.72708794681269,7.9760242873433596,99.35933958800219,2.424252415142729,2.415170669555664,1216x352,1344x392
549,2011_09_26_drive_0095_sync_image_0000000101_image_03.png,0-10m,25479,0.80517372884211,80.517372884211,10.516506945979275,99.68601593469131,2.4148126540663126,2.415170669555664,1216x352,1344x392
549,2011_09_26_drive_0095_sync_image_0000000101_image_03.png,0-20m,60748,0.8869210855747498,88.69210855747498,8.28777678258194,99.71686310660434,2.4148126540663126,2.415170669555664,1216x352,1344x392
549,2011_09_26_drive_0095_sync_image_0000000101_image_03.png,0-40m,71676,0.9976188458397929,99.76188458397928,7.963805353656659,99.70561973324405,2.4148126540663126,2.415170669555664,1216x352,1344x392
549,2011_09_26_drive_0095_sync_image_0000000101_image_03.png,0-80m,74079,1.1396937038157615,113.96937038157616,8.020490580331167,99.53428097031546,2.4148126540663126,2.415170669555664,1216x352,1344x392
550,2011_09_26_drive_0095_sync_image_0000000104_image_02.png,0-10m,28460,0.7562514321450524,75.62514321450524,9.954492620630239,99.32185523541813,2.4224876622061786,2.415170669555664,1216x352,1344x392
550,2011_09_26_drive_0095_sync_image_0000000104_image_02.png,0-20m,55936,0.7707306893342079,77.07306893342079,7.935673707942284,99.5512728832952,2.4224876622061786,2.415170669555664,1216x352,1344x392
550,2011_09_26_drive_0095_sync_image_0000000104_image_02.png,0-40m,68395,0.9143526394174273,91.43526394174273,7.577602184418988,99.34644345346882,2.4224876622061786,2.415170669555664,1216x352,1344x392
550,2011_09_26_drive_0095_sync_image_0000000104_image_02.png,0-80m,70613,1.0230601523828846,102.30601523828847,7.591343540812528,99.2678401993967,2.4224876622061786,2.415170669555664,1216x352,1344x392
551,2011_09_26_drive_0095_sync_image_0000000107_image_03.png,0-10m,24921,0.7862870605668968,78.62870605668968,10.982977464834708,99.01288070302155,2.4112474082385145,2.415170669555664,1216x352,1344x392
551,2011_09_26_drive_0095_sync_image_0000000107_image_03.png,0-20m,54242,0.6590626292258412,65.90626292258412,7.2197036378376405,99.50223074370415,2.4112474082385145,2.415170669555664,1216x352,1344x392
551,2011_09_26_drive_0095_sync_image_0000000107_image_03.png,0-40m,67439,0.7964485832503629,79.6448583250363,6.877137770574791,98.99464701433888,2.4112474082385145,2.415170669555664,1216x352,1344x392
551,2011_09_26_drive_0095_sync_image_0000000107_image_03.png,0-80m,69340,0.8640248556800009,86.40248556800009,6.8536084325216216,98.86933948658782,2.4112474082385145,2.415170669555664,1216x352,1344x392
552,2011_09_26_drive_0095_sync_image_0000000110_image_02.png,0-10m,23409,0.8578009887529746,85.78009887529745,11.902144261517941,98.1203810500235,2.395580824069867,2.415170669555664,1216x352,1344x392
552,2011_09_26_drive_0095_sync_image_0000000110_image_02.png,0-20m,70963,0.8494595192586879,84.94595192586878,8.050326408871939,98.9628397897496,2.395580824069867,2.415170669555664,1216x352,1344x392
552,2011_09_26_drive_0095_sync_image_0000000110_image_02.png,0-40m,80461,0.9313076026244602,93.13076026244602,7.817025642335033,98.80687538061919,2.395580824069867,2.415170669555664,1216x352,1344x392
552,2011_09_26_drive_0095_sync_image_0000000110_image_02.png,0-80m,82577,1.0154338120210211,101.54338120210211,7.82386460060097,98.62431427637236,2.395580824069867,2.415170669555664,1216x352,1344x392
553,2011_09_26_drive_0095_sync_image_0000000113_image_03.png,0-10m,31962,0.7024348719637263,70.24348719637263,8.738332197454474,100.0,2.4175681778152596,2.415170669555664,1216x352,1344x392
553,2011_09_26_drive_0095_sync_image_0000000113_image_03.png,0-20m,75260,0.7699215370259829,76.99215370259829,7.155128098396787,99.66781823013552,2.4175681778152596,2.415170669555664,1216x352,1344x392
553,2011_09_26_drive_0095_sync_image_0000000113_image_03.png,0-40m,82361,0.8167860995594058,81.67860995594059,6.939933681510581,99.4669807311713,2.4175681778152596,2.415170669555664,1216x352,1344x392
553,2011_09_26_drive_0095_sync_image_0000000113_image_03.png,0-80m,84504,0.8982173139699354,89.82173139699354,6.963226691206227,99.27459055192654,2.4175681778152596,2.415170669555664,1216x352,1344x392
554,2011_09_26_drive_0095_sync_image_0000000116_image_02.png,0-10m,34907,0.6965444934574061,69.65444934574062,8.97320461500822,99.85103274414874,2.40237123638219,2.415170669555664,1216x352,1344x392
554,2011_09_26_drive_0095_sync_image_0000000116_image_02.png,0-20m,73572,0.7776666618460304,77.76666618460304,7.629593051419657,99.5922361768064,2.40237123638219,2.415170669555664,1216x352,1344x392
554,2011_09_26_drive_0095_sync_image_0000000116_image_02.png,0-40m,82116,0.8157006138525121,81.57006138525121,7.2626540147064835,99.56524915972527,2.40237123638219,2.415170669555664,1216x352,1344x392
554,2011_09_26_drive_0095_sync_image_0000000116_image_02.png,0-80m,84290,0.9055813210136965,90.55813210136965,7.290158330365255,99.44002847312848,2.40237123638219,2.415170669555664,1216x352,1344x392
555,2011_09_26_drive_0095_sync_image_0000000119_image_03.png,0-10m,30400,0.55353274510095,55.353274510095,6.970155049534708,99.59868421052632,2.4189184580618974,2.415170669555664,1216x352,1344x392
555,2011_09_26_drive_0095_sync_image_0000000119_image_03.png,0-20m,53454,0.663059297722857,66.3059297722857,6.699423289630508,97.01612601489131,2.4189184580618974,2.415170669555664,1216x352,1344x392
555,2011_09_26_drive_0095_sync_image_0000000119_image_03.png,0-40m,63468,0.7513549984188876,75.13549984188876,6.322076825554826,97.34196760572257,2.4189184580618974,2.415170669555664,1216x352,1344x392
555,2011_09_26_drive_0095_sync_image_0000000119_image_03.png,0-80m,65830,0.9052126054649348,90.52126054649348,6.423730699114348,97.15023545495974,2.4189184580618974,2.415170669555664,1216x352,1344x392
556,2011_09_26_drive_0095_sync_image_0000000122_image_02.png,0-10m,24459,0.6661019907777885,66.61019907777886,8.526043561696278,98.70804202951878,2.4156223127352687,2.415170669555664,1216x352,1344x392
556,2011_09_26_drive_0095_sync_image_0000000122_image_02.png,0-20m,46104,0.7943550197951561,79.4355019795156,8.071040658232308,95.67499566198161,2.4156223127352687,2.415170669555664,1216x352,1344x392
556,2011_09_26_drive_0095_sync_image_0000000122_image_02.png,0-40m,56217,0.8127031888359055,81.27031888359055,7.237486616210606,96.26803280146575,2.4156223127352687,2.415170669555664,1216x352,1344x392
556,2011_09_26_drive_0095_sync_image_0000000122_image_02.png,0-80m,58550,0.9163458853028555,91.63458853028555,7.198061033453025,96.25106746370624,2.4156223127352687,2.415170669555664,1216x352,1344x392
557,2011_09_26_drive_0095_sync_image_0000000125_image_03.png,0-10m,29131,0.7778063887306764,77.78063887306764,9.978677366761941,99.02852631217604,2.408168121030697,2.415170669555664,1216x352,1344x392
557,2011_09_26_drive_0095_sync_image_0000000125_image_03.png,0-20m,58864,0.7007392622747153,70.07392622747153,7.338759596500986,99.33575699918457,2.408168121030697,2.415170669555664,1216x352,1344x392
557,2011_09_26_drive_0095_sync_image_0000000125_image_03.png,0-40m,70670,0.8397964496887167,83.97964496887167,7.043276091459476,99.10853261638603,2.408168121030697,2.415170669555664,1216x352,1344x392
557,2011_09_26_drive_0095_sync_image_0000000125_image_03.png,0-80m,74311,1.0016892355019777,100.16892355019777,7.027497842571702,98.98130828544899,2.408168121030697,2.415170669555664,1216x352,1344x392
558,2011_09_26_drive_0095_sync_image_0000000128_image_02.png,0-10m,28543,0.5873162794041323,58.73162794041323,7.615662360062772,99.25025400273272,2.4242424242082157,2.415170669555664,1216x352,1344x392
558,2011_09_26_drive_0095_sync_image_0000000128_image_02.png,0-20m,62395,0.6238314283286754,62.38314283286754,6.020385134541371,99.45828992707749,2.4242424242082157,2.415170669555664,1216x352,1344x392
558,2011_09_26_drive_0095_sync_image_0000000128_image_02.png,0-40m,76800,0.8039888024733712,80.39888024733712,5.987464096677872,99.18880208333334,2.4242424242082157,2.415170669555664,1216x352,1344x392
558,2011_09_26_drive_0095_sync_image_0000000128_image_02.png,0-80m,80868,0.9821929872351443,98.21929872351443,6.05722316950587,99.11707968541327,2.4242424242082157,2.415170669555664,1216x352,1344x392
559,2011_09_26_drive_0095_sync_image_0000000131_image_03.png,0-10m,22205,0.8092809919891151,80.92809919891151,10.588076269162864,98.89214140959244,2.3361958740410897,2.415170669555664,1216x352,1344x392
559,2011_09_26_drive_0095_sync_image_0000000131_image_03.png,0-20m,61181,0.7698238432651912,76.98238432651911,7.305170324553649,99.22524966901489,2.3361958740410897,2.415170669555664,1216x352,1344x392
559,2011_09_26_drive_0095_sync_image_0000000131_image_03.png,0-40m,73425,0.8976752364477171,89.76752364477171,7.0350603323512315,99.1651344909772,2.3361958740410897,2.415170669555664,1216x352,1344x392
559,2011_09_26_drive_0095_sync_image_0000000131_image_03.png,0-80m,77294,1.127670283579384,112.76702835793839,7.155640302732132,99.11377338473879,2.3361958740410897,2.415170669555664,1216x352,1344x392
560,2011_09_26_drive_0095_sync_image_0000000134_image_02.png,0-10m,34703,0.7642233381421684,76.42233381421684,9.888547032162121,99.94813128547965,2.22749246942788,2.415170669555664,1216x352,1344x392
560,2011_09_26_drive_0095_sync_image_0000000134_image_02.png,0-20m,74755,0.7202644072713744,72.02644072713744,7.390347931635256,99.57728580028092,2.22749246942788,2.415170669555664,1216x352,1344x392
560,2011_09_26_drive_0095_sync_image_0000000134_image_02.png,0-40m,86137,0.8066219639418033,80.66219639418033,7.059973571785102,99.56696889838281,2.22749246942788,2.415170669555664,1216x352,1344x392
560,2011_09_26_drive_0095_sync_image_0000000134_image_02.png,0-80m,90929,1.049315212125031,104.93152121250311,7.18386348579135,99.54579946991609,2.22749246942788,2.415170669555664,1216x352,1344x392
561,2011_09_26_drive_0095_sync_image_0000000137_image_03.png,0-10m,33143,0.7976602017043226,79.76602017043226,10.315513750571938,99.3060374739764,2.3310947054351634,2.415170669555664,1216x352,1344x392
561,2011_09_26_drive_0095_sync_image_0000000137_image_03.png,0-20m,64481,0.7228437333176434,72.28437333176434,7.569601298350633,99.30212000434237,2.3310947054351634,2.415170669555664,1216x352,1344x392
561,2011_09_26_drive_0095_sync_image_0000000137_image_03.png,0-40m,75805,0.9150167898297994,91.50167898297994,7.467936837311492,99.29819932722116,2.3310947054351634,2.415170669555664,1216x352,1344x392
561,2011_09_26_drive_0095_sync_image_0000000137_image_03.png,0-80m,80185,1.1558189274523334,115.58189274523333,7.578798317040723,99.27293134626177,2.3310947054351634,2.415170669555664,1216x352,1344x392
562,2011_09_26_drive_0095_sync_image_0000000140_image_02.png,0-10m,30389,0.7962675117670425,79.62675117670425,10.74877226926585,98.6705715884037,2.3789863186459947,2.415170669555664,1216x352,1344x392
562,2011_09_26_drive_0095_sync_image_0000000140_image_02.png,0-20m,65606,0.6892286617392552,68.92286617392553,7.281171569249094,99.18605005639728,2.3789863186459947,2.415170669555664,1216x352,1344x392
562,2011_09_26_drive_0095_sync_image_0000000140_image_02.png,0-40m,79843,0.8729597743682118,87.29597743682118,7.087038049105251,99.16586300614956,2.3789863186459947,2.415170669555664,1216x352,1344x392
562,2011_09_26_drive_0095_sync_image_0000000140_image_02.png,0-80m,84884,1.0831471725636168,108.31471725636167,7.1454128466297995,99.10348239950993,2.3789863186459947,2.415170669555664,1216x352,1344x392
563,2011_09_26_drive_0095_sync_image_0000000143_image_03.png,0-10m,27701,0.7377856835953694,73.77856835953695,10.217283328815927,99.21663477852785,2.361860116047999,2.415170669555664,1216x352,1344x392
563,2011_09_26_drive_0095_sync_image_0000000143_image_03.png,0-20m,64923,0.7237081677540961,72.37081677540961,7.373364619569192,99.41161067726384,2.361860116047999,2.415170669555664,1216x352,1344x392
563,2011_09_26_drive_0095_sync_image_0000000143_image_03.png,0-40m,79819,0.9085282722643953,90.85282722643953,7.184911713664642,99.32722785301745,2.361860116047999,2.415170669555664,1216x352,1344x392
563,2011_09_26_drive_0095_sync_image_0000000143_image_03.png,0-80m,84857,1.1342889504306974,113.42889504306974,7.263441274759032,99.23754080394075,2.361860116047999,2.415170669555664,1216x352,1344x392
564,2011_09_26_drive_0095_sync_image_0000000146_image_02.png,0-10m,37351,0.7181631762423971,71.81631762423972,9.191418934740053,99.98393617306095,2.380252473420818,2.415170669555664,1216x352,1344x392
564,2011_09_26_drive_0095_sync_image_0000000146_image_02.png,0-20m,80129,0.7383006287777942,73.83006287777943,7.2262676039285,99.7216987607483,2.380252473420818,2.415170669555664,1216x352,1344x392
564,2011_09_26_drive_0095_sync_image_0000000146_image_02.png,0-40m,93225,0.8642280050345739,86.42280050345738,7.050263931848731,99.57200321802092,2.380252473420818,2.415170669555664,1216x352,1344x392
564,2011_09_26_drive_0095_sync_image_0000000146_image_02.png,0-80m,98475,1.0022084992547482,100.22084992547482,7.024853353690785,99.53287636455953,2.380252473420818,2.415170669555664,1216x352,1344x392
565,2011_09_26_drive_0095_sync_image_0000000149_image_03.png,0-10m,33911,0.9214688391895142,92.14688391895142,11.709339599678662,98.00654654831766,2.410056684627464,2.415170669555664,1216x352,1344x392
565,2011_09_26_drive_0095_sync_image_0000000149_image_03.png,0-20m,73178,0.9305420629526416,93.05420629526417,9.0441998696076,98.80018584820574,2.410056684627464,2.415170669555664,1216x352,1344x392
565,2011_09_26_drive_0095_sync_image_0000000149_image_03.png,0-40m,84016,1.0583175950857644,105.83175950857644,8.736817184198749,98.8299847648067,2.410056684627464,2.415170669555664,1216x352,1344x392
565,2011_09_26_drive_0095_sync_image_0000000149_image_03.png,0-80m,89396,1.1635878388313827,116.35878388313827,8.536041143353208,98.79524810953511,2.410056684627464,2.415170669555664,1216x352,1344x392
566,2011_09_26_drive_0095_sync_image_0000000152_image_02.png,0-10m,26818,0.8821297370753607,88.21297370753607,11.41052067924792,99.20202848832874,2.285017551234747,2.415170669555664,1216x352,1344x392
566,2011_09_26_drive_0095_sync_image_0000000152_image_02.png,0-20m,72182,0.910860378431536,91.0860378431536,8.650448867761455,99.4375329029398,2.285017551234747,2.415170669555664,1216x352,1344x392
566,2011_09_26_drive_0095_sync_image_0000000152_image_02.png,0-40m,83591,1.0915054313371344,109.15054313371344,8.582359879708653,99.22479692789894,2.285017551234747,2.415170669555664,1216x352,1344x392
566,2011_09_26_drive_0095_sync_image_0000000152_image_02.png,0-80m,89725,1.2124974515292597,121.24974515292597,8.376089778350988,99.21983839509613,2.285017551234747,2.415170669555664,1216x352,1344x392
567,2011_09_26_drive_0095_sync_image_0000000155_image_03.png,0-10m,32083,0.9878961018514548,98.78961018514548,11.838050453338711,98.37608702428076,2.389155147095374,2.415170669555664,1216x352,1344x392
567,2011_09_26_drive_0095_sync_image_0000000155_image_03.png,0-20m,69735,0.9334668668630841,93.34668668630842,9.149813196379371,99.05069190506919,2.389155147095374,2.415170669555664,1216x352,1344x392
567,2011_09_26_drive_0095_sync_image_0000000155_image_03.png,0-40m,81575,1.0998103314457297,109.98103314457298,8.955858672074521,98.87097762794974,2.389155147095374,2.415170669555664,1216x352,1344x392
567,2011_09_26_drive_0095_sync_image_0000000155_image_03.png,0-80m,88460,1.2414385671343924,124.14385671343923,8.70786631800392,98.91589418946415,2.389155147095374,2.415170669555664,1216x352,1344x392
568,2011_09_26_drive_0095_sync_image_0000000158_image_02.png,0-10m,36409,0.7361991138118262,73.61991138118262,9.558432172555936,99.60998654178911,2.374731714637343,2.415170669555664,1216x352,1344x392
568,2011_09_26_drive_0095_sync_image_0000000158_image_02.png,0-20m,61863,0.8674298697148609,86.74298697148609,8.71771048172987,99.46656321225935,2.374731714637343,2.415170669555664,1216x352,1344x392
568,2011_09_26_drive_0095_sync_image_0000000158_image_02.png,0-40m,75204,1.132168728609959,113.2168728609959,8.75666778621093,99.01866921972236,2.374731714637343,2.415170669555664,1216x352,1344x392
568,2011_09_26_drive_0095_sync_image_0000000158_image_02.png,0-80m,81551,1.313163969632556,131.3163969632556,8.613106934243762,99.00185160206496,2.374731714637343,2.415170669555664,1216x352,1344x392
569,2011_09_26_drive_0095_sync_image_0000000161_image_03.png,0-10m,24564,0.9256715026784653,92.56715026784653,13.27858716323055,98.2861097541117,2.2646127533988376,2.415170669555664,1216x352,1344x392
569,2011_09_26_drive_0095_sync_image_0000000161_image_03.png,0-20m,53658,1.2256925087831054,122.56925087831054,11.51857465870733,98.84080658988408,2.2646127533988376,2.415170669555664,1216x352,1344x392
569,2011_09_26_drive_0095_sync_image_0000000161_image_03.png,0-40m,69419,1.5507768744786572,155.0776874478657,11.082787409298755,98.85910197496362,2.2646127533988376,2.415170669555664,1216x352,1344x392
569,2011_09_26_drive_0095_sync_image_0000000161_image_03.png,0-80m,73905,1.6885288480476455,168.85288480476456,10.856618642792371,98.82281307083419,2.2646127533988376,2.415170669555664,1216x352,1344x392
570,2011_09_26_drive_0095_sync_image_0000000164_image_02.png,0-10m,23504,0.8221257305149321,82.21257305149321,10.991901231125958,98.8852961198094,2.356945210499867,2.415170669555664,1216x352,1344x392
570,2011_09_26_drive_0095_sync_image_0000000164_image_02.png,0-20m,66414,1.0253466892921639,102.5346689292164,9.18268035247657,99.27575511187399,2.356945210499867,2.415170669555664,1216x352,1344x392
570,2011_09_26_drive_0095_sync_image_0000000164_image_02.png,0-40m,79709,1.165412367240452,116.54123672404519,8.806131019270651,99.11051449648095,2.356945210499867,2.415170669555664,1216x352,1344x392
570,2011_09_26_drive_0095_sync_image_0000000164_image_02.png,0-80m,83573,1.2565389713850705,125.65389713850705,8.6796548827733,99.08463259665203,2.356945210499867,2.415170669555664,1216x352,1344x392
571,2011_09_26_drive_0095_sync_image_0000000167_image_03.png,0-10m,19845,0.8611838766897196,86.11838766897196,10.926245192058923,97.07231040564373,2.3912850096697187,2.415170669555664,1216x352,1344x392
571,2011_09_26_drive_0095_sync_image_0000000167_image_03.png,0-20m,61710,1.0918255393382623,109.18255393382623,9.499535065704292,98.69875222816398,2.3912850096697187,2.415170669555664,1216x352,1344x392
571,2011_09_26_drive_0095_sync_image_0000000167_image_03.png,0-40m,75429,1.3260875876236957,132.60875876236958,9.361352468756428,98.443569449416,2.3912850096697187,2.415170669555664,1216x352,1344x392
571,2011_09_26_drive_0095_sync_image_0000000167_image_03.png,0-80m,78986,1.453929419314433,145.3929419314433,9.307745772501102,98.21740561618515,2.3912850096697187,2.415170669555664,1216x352,1344x392
572,2011_09_26_drive_0095_sync_image_0000000170_image_02.png,0-10m,28852,0.7058772323334183,70.58772323334182,8.782033712711652,99.32760293913768,2.3926369946504633,2.415170669555664,1216x352,1344x392
572,2011_09_26_drive_0095_sync_image_0000000170_image_02.png,0-20m,65720,1.038001018911328,103.8001018911328,9.07609599983167,97.32653682288498,2.3926369946504633,2.415170669555664,1216x352,1344x392
572,2011_09_26_drive_0095_sync_image_0000000170_image_02.png,0-40m,81503,1.2401324717230298,124.01324717230298,8.811768587052452,96.54000466240507,2.3926369946504633,2.415170669555664,1216x352,1344x392
572,2011_09_26_drive_0095_sync_image_0000000170_image_02.png,0-80m,84770,1.350561866848005,135.0561866848005,8.775329034252657,96.60493098973694,2.3926369946504633,2.415170669555664,1216x352,1344x392
573,2011_09_26_drive_0095_sync_image_0000000173_image_03.png,0-10m,23185,0.6325752901213422,63.25752901213421,8.45278267215205,99.56868665085184,2.3505828504979056,2.415170669555664,1216x352,1344x392
573,2011_09_26_drive_0095_sync_image_0000000173_image_03.png,0-20m,56865,1.0533245817208094,105.33245817208095,8.910479889896601,94.18798909698408,2.3505828504979056,2.415170669555664,1216x352,1344x392
573,2011_09_26_drive_0095_sync_image_0000000173_image_03.png,0-40m,75877,1.1288874501214343,112.88874501214343,7.880602827506733,95.5849598692621,2.3505828504979056,2.415170669555664,1216x352,1344x392
573,2011_09_26_drive_0095_sync_image_0000000173_image_03.png,0-80m,79475,1.221217979258357,122.12179792583571,7.793743728191487,95.73450770682605,2.3505828504979056,2.415170669555664,1216x352,1344x392
574,2011_09_26_drive_0095_sync_image_0000000176_image_02.png,0-10m,20033,0.7118545033181594,71.18545033181593,8.934152845772529,99.73044476613588,2.357494746940428,2.415170669555664,1216x352,1344x392
574,2011_09_26_drive_0095_sync_image_0000000176_image_02.png,0-20m,50362,0.9707031451388475,97.07031451388475,8.628879351053545,99.38445653468885,2.357494746940428,2.415170669555664,1216x352,1344x392
574,2011_09_26_drive_0095_sync_image_0000000176_image_02.png,0-40m,71919,1.2043994538094718,120.43994538094718,7.98012237148739,99.45772327201435,2.357494746940428,2.415170669555664,1216x352,1344x392
574,2011_09_26_drive_0095_sync_image_0000000176_image_02.png,0-80m,75671,1.3830498300600182,138.30498300600183,8.009625782168381,99.39342680815636,2.357494746940428,2.415170669555664,1216x352,1344x392
575,2011_09_26_drive_0095_sync_image_0000000179_image_03.png,0-10m,24207,0.9045405012526989,90.45405012526989,11.689821982151187,99.46709629446028,2.2977001400366817,2.415170669555664,1216x352,1344x392
575,2011_09_26_drive_0095_sync_image_0000000179_image_03.png,0-20m,50334,1.03993056300959,103.99305630095901,10.14021290327985,99.66424285771049,2.2977001400366817,2.415170669555664,1216x352,1344x392
575,2011_09_26_drive_0095_sync_image_0000000179_image_03.png,0-40m,76389,1.2803616975710819,128.03616975710818,9.086040609001328,99.73032766497795,2.2977001400366817,2.415170669555664,1216x352,1344x392
575,2011_09_26_drive_0095_sync_image_0000000179_image_03.png,0-80m,80576,1.483060381315335,148.30603813153348,9.095424298365446,99.65001985702939,2.2977001400366817,2.415170669555664,1216x352,1344x392
576,2011_09_26_drive_0095_sync_image_0000000182_image_02.png,0-10m,23066,1.1380697391106147,113.80697391106148,14.13134450787168,88.17306858579728,2.2722821120596186,2.415170669555664,1216x352,1344x392
576,2011_09_26_drive_0095_sync_image_0000000182_image_02.png,0-20m,58069,1.3427720819354463,134.27720819354462,11.63169170262643,92.7207287881658,2.2722821120596186,2.415170669555664,1216x352,1344x392
576,2011_09_26_drive_0095_sync_image_0000000182_image_02.png,0-40m,74968,1.507409505077798,150.74095050777981,10.806904403055068,94.30957208408921,2.2722821120596186,2.415170669555664,1216x352,1344x392
576,2011_09_26_drive_0095_sync_image_0000000182_image_02.png,0-80m,79170,1.6236818585595172,162.3681858559517,10.606644290514138,94.55475558923835,2.2722821120596186,2.415170669555664,1216x352,1344x392
577,2011_09_26_drive_0095_sync_image_0000000185_image_03.png,0-10m,18866,1.1341856896883609,113.41856896883608,14.363226635959393,93.33722039648043,2.3172908831526153,2.415170669555664,1216x352,1344x392
577,2011_09_26_drive_0095_sync_image_0000000185_image_03.png,0-20m,60574,1.241730439917592,124.17304399175919,10.439005992439922,97.9232013735266,2.3172908831526153,2.415170669555664,1216x352,1344x392
577,2011_09_26_drive_0095_sync_image_0000000185_image_03.png,0-40m,77122,1.3905966711849325,139.05966711849325,9.781019258424703,98.32862218303468,2.3172908831526153,2.415170669555664,1216x352,1344x392
577,2011_09_26_drive_0095_sync_image_0000000185_image_03.png,0-80m,80494,1.5110493082050822,151.10493082050823,9.709796036599117,98.32285636196487,2.3172908831526153,2.415170669555664,1216x352,1344x392
578,2011_09_26_drive_0095_sync_image_0000000188_image_02.png,0-10m,24482,1.1308553568649387,113.08553568649387,14.527624771209036,97.4675271628135,2.3705175882685445,2.415170669555664,1216x352,1344x392
578,2011_09_26_drive_0095_sync_image_0000000188_image_02.png,0-20m,78837,1.0707339251747714,107.07339251747715,9.62087477393924,99.175514035288,2.3705175882685445,2.415170669555664,1216x352,1344x392
578,2011_09_26_drive_0095_sync_image_0000000188_image_02.png,0-40m,93426,1.238477477647001,123.84774776470009,9.39308637849112,99.27536231884058,2.3705175882685445,2.415170669555664,1216x352,1344x392
578,2011_09_26_drive_0095_sync_image_0000000188_image_02.png,0-80m,97998,1.3584520892806533,135.84520892806532,9.295886273771814,99.26529112839037,2.3705175882685445,2.415170669555664,1216x352,1344x392
579,2011_09_26_drive_0095_sync_image_0000000191_image_03.png,0-10m,21834,0.988338621149485,98.8338621149485,12.596073069742975,98.86415681963909,2.3345166219654616,2.415170669555664,1216x352,1344x392
579,2011_09_26_drive_0095_sync_image_0000000191_image_03.png,0-20m,72555,0.9196394000455288,91.96394000455288,8.311632702151853,99.6154641306595,2.3345166219654616,2.415170669555664,1216x352,1344x392
579,2011_09_26_drive_0095_sync_image_0000000191_image_03.png,0-40m,84450,1.1098832494172208,110.98832494172208,8.352619619277277,99.62462995855536,2.3345166219654616,2.415170669555664,1216x352,1344x392
579,2011_09_26_drive_0095_sync_image_0000000191_image_03.png,0-80m,89136,1.3213501217720047,132.13501217720048,8.427270984223265,99.58041644229043,2.3345166219654616,2.415170669555664,1216x352,1344x392
580,2011_09_26_drive_0095_sync_image_0000000194_image_02.png,0-10m,28726,0.8462755932562582,84.62755932562582,10.923903187615387,99.93733899603147,2.348262332814876,2.415170669555664,1216x352,1344x392
580,2011_09_26_drive_0095_sync_image_0000000194_image_02.png,0-20m,80202,0.8470126780092364,84.70126780092365,7.890319783650636,99.86534001645843,2.348262332814876,2.415170669555664,1216x352,1344x392
580,2011_09_26_drive_0095_sync_image_0000000194_image_02.png,0-40m,90764,0.9897250225112025,98.97250225112025,7.873813554002998,99.84024503106959,2.348262332814876,2.415170669555664,1216x352,1344x392
580,2011_09_26_drive_0095_sync_image_0000000194_image_02.png,0-80m,95749,1.1041369891806379,110.41369891806379,7.789101036714434,99.79425372588747,2.348262332814876,2.415170669555664,1216x352,1344x392
581,2011_09_26_drive_0095_sync_image_0000000197_image_03.png,0-10m,27256,0.9655436377109654,96.55436377109655,12.172550790107948,98.17654828294687,2.368612473932172,2.415170669555664,1216x352,1344x392
581,2011_09_26_drive_0095_sync_image_0000000197_image_03.png,0-20m,74209,0.9560500922340122,95.60500922340121,9.011973565182862,99.23324664124297,2.368612473932172,2.415170669555664,1216x352,1344x392
581,2011_09_26_drive_0095_sync_image_0000000197_image_03.png,0-40m,83920,1.0887324120796102,108.87324120796103,8.872491715781901,99.29575786463299,2.368612473932172,2.415170669555664,1216x352,1344x392
581,2011_09_26_drive_0095_sync_image_0000000197_image_03.png,0-80m,88174,1.1661883364526937,116.61883364526938,8.684915259851621,99.2707600880078,2.368612473932172,2.415170669555664,1216x352,1344x392
582,2011_09_26_drive_0095_sync_image_0000000200_image_02.png,0-10m,33193,0.9171023304908557,91.71023304908556,11.431094446896875,99.66860482631881,2.353631205760454,2.415170669555664,1216x352,1344x392
582,2011_09_26_drive_0095_sync_image_0000000200_image_02.png,0-20m,67120,1.0969655771789733,109.69655771789732,10.498601715469844,99.68414779499403,2.353631205760454,2.415170669555664,1216x352,1344x392
582,2011_09_26_drive_0095_sync_image_0000000200_image_02.png,0-40m,80573,1.3545555984383728,135.45555984383728,10.357393505546082,99.68972236357092,2.353631205760454,2.415170669555664,1216x352,1344x392
582,2011_09_26_drive_0095_sync_image_0000000200_image_02.png,0-80m,84724,1.4614034238941558,146.14034238941557,10.160714546735417,99.55974694301497,2.353631205760454,2.415170669555664,1216x352,1344x392
583,2011_09_26_drive_0095_sync_image_0000000203_image_03.png,0-10m,28903,0.9271230794144217,92.71230794144218,12.636002760821816,98.55724319274816,2.3681491517942077,2.415170669555664,1216x352,1344x392
583,2011_09_26_drive_0095_sync_image_0000000203_image_03.png,0-20m,55746,1.0538686171023823,105.38686171023824,10.632244142299255,98.9272772934381,2.3681491517942077,2.415170669555664,1216x352,1344x392
583,2011_09_26_drive_0095_sync_image_0000000203_image_03.png,0-40m,72471,1.23051942919486,123.051942919486,9.778381155196291,99.0796318527411,2.3681491517942077,2.415170669555664,1216x352,1344x392
583,2011_09_26_drive_0095_sync_image_0000000203_image_03.png,0-80m,76389,1.3167982769545536,131.67982769545537,9.534230188968994,98.94618335100603,2.3681491517942077,2.415170669555664,1216x352,1344x392
584,2011_09_26_drive_0095_sync_image_0000000206_image_02.png,0-10m,30553,0.7852355465851365,78.52355465851365,10.300971327431654,99.86907995941479,2.3865961125897712,2.415170669555664,1216x352,1344x392
584,2011_09_26_drive_0095_sync_image_0000000206_image_02.png,0-20m,64326,0.8616715632160146,86.16715632160145,8.51507506954039,99.48076982868514,2.3865961125897712,2.415170669555664,1216x352,1344x392
584,2011_09_26_drive_0095_sync_image_0000000206_image_02.png,0-40m,83288,0.942026975701973,94.2026975701973,7.699795847214553,99.51613677840744,2.3865961125897712,2.415170669555664,1216x352,1344x392
584,2011_09_26_drive_0095_sync_image_0000000206_image_02.png,0-80m,86993,1.0039613673063563,100.39613673063563,7.545276748709166,99.41489545135815,2.3865961125897712,2.415170669555664,1216x352,1344x392
585,2011_09_26_drive_0095_sync_image_0000000209_image_03.png,0-10m,21081,0.7711276171143077,77.11276171143076,9.968747505335896,99.8292301124235,2.371796118401777,2.415170669555664,1216x352,1344x392
585,2011_09_26_drive_0095_sync_image_0000000209_image_03.png,0-20m,50288,0.8235775660812342,82.35775660812342,7.628053387958267,99.23639834552975,2.371796118401777,2.415170669555664,1216x352,1344x392
585,2011_09_26_drive_0095_sync_image_0000000209_image_03.png,0-40m,61350,0.8523390573238879,85.23390573238879,6.929439951933783,99.24694376528117,2.371796118401777,2.415170669555664,1216x352,1344x392
585,2011_09_26_drive_0095_sync_image_0000000209_image_03.png,0-80m,65691,0.9473223099272522,94.73223099272522,6.744958001301003,99.19319237033991,2.371796118401777,2.415170669555664,1216x352,1344x392
586,2011_09_26_drive_0095_sync_image_0000000212_image_02.png,0-10m,14425,0.8491314688340423,84.91314688340424,11.247145262878735,97.49740034662045,2.331324586420088,2.415170669555664,1216x352,1344x392
586,2011_09_26_drive_0095_sync_image_0000000212_image_02.png,0-20m,41770,0.8574104316045658,85.74104316045657,7.8516252209809565,99.00646396935599,2.331324586420088,2.415170669555664,1216x352,1344x392
586,2011_09_26_drive_0095_sync_image_0000000212_image_02.png,0-40m,52054,0.9240132228353577,92.40132228353576,7.242355624370169,99.0894071541092,2.331324586420088,2.415170669555664,1216x352,1344x392
586,2011_09_26_drive_0095_sync_image_0000000212_image_02.png,0-80m,56600,1.0421143263304613,104.21143263304613,7.018161509217411,98.95759717314488,2.331324586420088,2.415170669555664,1216x352,1344x392
587,2011_09_26_drive_0095_sync_image_0000000215_image_03.png,0-10m,4341,0.884093192337131,88.4093192337131,11.79107548563712,98.47961299239807,2.2988939102187205,2.415170669555664,1216x352,1344x392
587,2011_09_26_drive_0095_sync_image_0000000215_image_03.png,0-20m,25524,0.7403488857883249,74.0348885788325,5.999391424657937,99.54944366086819,2.2988939102187205,2.415170669555664,1216x352,1344x392
587,2011_09_26_drive_0095_sync_image_0000000215_image_03.png,0-40m,31962,0.8627710168751495,86.27710168751494,5.866985242664747,99.44934609849196,2.2988939102187205,2.415170669555664,1216x352,1344x392
587,2011_09_26_drive_0095_sync_image_0000000215_image_03.png,0-80m,36811,1.047131530333937,104.7131530333937,5.674153414573541,99.28553964847464,2.2988939102187205,2.415170669555664,1216x352,1344x392
588,2011_09_26_drive_0095_sync_image_0000000218_image_02.png,0-10m,5479,0.8299582983199034,82.99582983199033,10.33411560425332,99.87223945975543,2.255913030025737,2.415170669555664,1216x352,1344x392
588,2011_09_26_drive_0095_sync_image_0000000218_image_02.png,0-20m,30165,0.5860119841613719,58.60119841613719,4.939148058576746,99.58892756505884,2.255913030025737,2.415170669555664,1216x352,1344x392
588,2011_09_26_drive_0095_sync_image_0000000218_image_02.png,0-40m,37740,0.6995301342667507,69.95301342667507,4.812818072542919,99.41441441441441,2.255913030025737,2.415170669555664,1216x352,1344x392
588,2011_09_26_drive_0095_sync_image_0000000218_image_02.png,0-80m,40807,0.8839507930160232,88.39507930160232,4.912589057031013,99.19376577547969,2.255913030025737,2.415170669555664,1216x352,1344x392
589,2011_09_26_drive_0095_sync_image_0000000221_image_03.png,0-10m,11601,0.7696799215864759,76.96799215864759,9.383294129939658,99.36212395483149,2.3218647918012256,2.415170669555664,1216x352,1344x392
589,2011_09_26_drive_0095_sync_image_0000000221_image_03.png,0-20m,41500,0.6300971479071192,63.009714790711925,5.6557660287081175,99.59036144578313,2.3218647918012256,2.415170669555664,1216x352,1344x392
589,2011_09_26_drive_0095_sync_image_0000000221_image_03.png,0-40m,49287,0.7058189238532935,70.58189238532935,5.352375854069975,99.48059325988598,2.3218647918012256,2.415170669555664,1216x352,1344x392
589,2011_09_26_drive_0095_sync_image_0000000221_image_03.png,0-80m,52465,0.862417080340344,86.2417080340344,5.427095429595676,99.2890498427523,2.3218647918012256,2.415170669555664,1216x352,1344x392
590,2011_09_26_drive_0095_sync_image_0000000224_image_02.png,0-10m,14588,0.60822940768364,60.822940768364,7.753705378381796,98.8894982177132,2.1284770002339917,2.415170669555664,1216x352,1344x392
590,2011_09_26_drive_0095_sync_image_0000000224_image_02.png,0-20m,38745,0.5924131270361986,59.24131270361986,5.691784678398792,99.19215382630017,2.1284770002339917,2.415170669555664,1216x352,1344x392
590,2011_09_26_drive_0095_sync_image_0000000224_image_02.png,0-40m,45481,0.7074020899096217,70.74020899096217,5.563499140545717,99.05674897209823,2.1284770002339917,2.415170669555664,1216x352,1344x392
590,2011_09_26_drive_0095_sync_image_0000000224_image_02.png,0-80m,48333,0.8113691399883884,81.13691399883885,5.525424148543682,98.99654480375727,2.1284770002339917,2.415170669555664,1216x352,1344x392
591,2011_09_26_drive_0095_sync_image_0000000227_image_03.png,0-10m,11357,0.6016450396429708,60.164503964297076,7.5975987478106255,99.68301488069032,2.134722325966624,2.415170669555664,1216x352,1344x392
591,2011_09_26_drive_0095_sync_image_0000000227_image_03.png,0-20m,31677,0.48218636475575183,48.21863647557518,4.656904837134718,99.34652902737001,2.134722325966624,2.415170669555664,1216x352,1344x392
591,2011_09_26_drive_0095_sync_image_0000000227_image_03.png,0-40m,42079,0.6580115153667758,65.80115153667758,4.515158711240354,99.40825589961739,2.134722325966624,2.415170669555664,1216x352,1344x392
591,2011_09_26_drive_0095_sync_image_0000000227_image_03.png,0-80m,44121,0.7760602306556093,77.60602306556092,4.586244439025725,99.27018879898462,2.134722325966624,2.415170669555664,1216x352,1344x392
592,2011_09_26_drive_0095_sync_image_0000000230_image_02.png,0-10m,9770,0.5149226451237345,51.49226451237345,7.28018413158889,96.1207778915046,2.275947220751676,2.415170669555664,1216x352,1344x392
592,2011_09_26_drive_0095_sync_image_0000000230_image_02.png,0-20m,20633,0.5217287372538638,52.17287372538638,5.50590837793714,97.43129937478795,2.275947220751676,2.415170669555664,1216x352,1344x392
592,2011_09_26_drive_0095_sync_image_0000000230_image_02.png,0-40m,30067,0.7435947054657663,74.35947054657663,5.155280303040165,97.97452356404031,2.275947220751676,2.415170669555664,1216x352,1344x392
592,2011_09_26_drive_0095_sync_image_0000000230_image_02.png,0-80m,31679,0.8690327511257007,86.90327511257007,5.22525569142788,97.81874427854414,2.275947220751676,2.415170669555664,1216x352,1344x392
593,2011_09_26_drive_0095_sync_image_0000000233_image_03.png,0-10m,11287,0.7445421587473489,74.45421587473489,10.915995180318133,86.27624700983432,2.3295492135685505,2.415170669555664,1216x352,1344x392
593,2011_09_26_drive_0095_sync_image_0000000233_image_03.png,0-20m,29493,0.7044528704453019,70.44528704453019,7.458909668909736,94.36815515546061,2.3295492135685505,2.415170669555664,1216x352,1344x392
593,2011_09_26_drive_0095_sync_image_0000000233_image_03.png,0-40m,42876,0.8132822332803478,81.32822332803478,6.297568701088601,95.96277637839351,2.3295492135685505,2.415170669555664,1216x352,1344x392
593,2011_09_26_drive_0095_sync_image_0000000233_image_03.png,0-80m,44826,0.9372661878948512,93.72661878948512,6.3367799397417945,95.94877972605185,2.3295492135685505,2.415170669555664,1216x352,1344x392
594,2011_09_26_drive_0095_sync_image_0000000236_image_02.png,0-10m,31490,0.7465106065707118,74.65106065707118,9.566845255305113,99.32994601460781,2.3604847302195577,2.415170669555664,1216x352,1344x392
594,2011_09_26_drive_0095_sync_image_0000000236_image_02.png,0-20m,57059,0.8444321941390508,84.44321941390508,8.448169109024182,99.51103244010585,2.3604847302195577,2.415170669555664,1216x352,1344x392
594,2011_09_26_drive_0095_sync_image_0000000236_image_02.png,0-40m,75257,0.9514694761751226,95.14694761751225,7.5527392459186355,99.4485562804789,2.3604847302195577,2.415170669555664,1216x352,1344x392
594,2011_09_26_drive_0095_sync_image_0000000236_image_02.png,0-80m,77359,1.0375859414066142,103.75859414066142,7.572178142762853,99.35237011853825,2.3604847302195577,2.415170669555664,1216x352,1344x392
595,2011_09_26_drive_0095_sync_image_0000000239_image_03.png,0-10m,29249,0.9762949466525993,97.62949466525993,12.482917598333652,99.25125645321208,2.3666163208350866,2.415170669555664,1216x352,1344x392
595,2011_09_26_drive_0095_sync_image_0000000239_image_03.png,0-20m,72241,0.8780901461047186,87.80901461047186,8.540244357909145,99.52381611550227,2.3666163208350866,2.415170669555664,1216x352,1344x392
595,2011_09_26_drive_0095_sync_image_0000000239_image_03.png,0-40m,84799,1.0186724114355332,101.86724114355331,8.24376583148647,99.44456892180332,2.3666163208350866,2.415170669555664,1216x352,1344x392
595,2011_09_26_drive_0095_sync_image_0000000239_image_03.png,0-80m,87501,1.1335947849787549,113.35947849787549,8.267284724915793,99.22515171255185,2.3666163208350866,2.415170669555664,1216x352,1344x392
596,2011_09_26_drive_0095_sync_image_0000000242_image_02.png,0-10m,27177,1.0226862305296824,102.26862305296824,12.700078638577889,99.9521654340067,2.371401279984823,2.415170669555664,1216x352,1344x392
596,2011_09_26_drive_0095_sync_image_0000000242_image_02.png,0-20m,75135,0.8672041504256318,86.72041504256318,8.26833293997246,99.92546749184801,2.371401279984823,2.415170669555664,1216x352,1344x392
596,2011_09_26_drive_0095_sync_image_0000000242_image_02.png,0-40m,91916,1.0047465395697093,100.47465395697093,7.852710930126475,99.80525697375865,2.371401279984823,2.415170669555664,1216x352,1344x392
596,2011_09_26_drive_0095_sync_image_0000000242_image_02.png,0-80m,94329,1.087627204064112,108.76272040641119,7.857937551608769,99.73284991890087,2.371401279984823,2.415170669555664,1216x352,1344x392
597,2011_09_26_drive_0095_sync_image_0000000245_image_03.png,0-10m,32391,0.7545435605274811,75.45435605274811,9.684317130107885,99.87959618412522,2.375212284598514,2.415170669555664,1216x352,1344x392
597,2011_09_26_drive_0095_sync_image_0000000245_image_03.png,0-20m,82697,0.6821820158631903,68.21820158631903,6.700868655430342,99.74968862232004,2.375212284598514,2.415170669555664,1216x352,1344x392
597,2011_09_26_drive_0095_sync_image_0000000245_image_03.png,0-40m,99872,0.8468735212103864,84.68735212103864,6.606103205430529,99.70161807113105,2.375212284598514,2.415170669555664,1216x352,1344x392
597,2011_09_26_drive_0095_sync_image_0000000245_image_03.png,0-80m,101566,0.9160837566453742,91.60837566453742,6.653010570422168,99.5805683004155,2.375212284598514,2.415170669555664,1216x352,1344x392
598,2011_09_26_drive_0095_sync_image_0000000248_image_02.png,0-10m,48950,0.5183622282299006,51.83622282299007,6.514794886864602,99.67517875383044,2.3707553107754475,2.415170669555664,1216x352,1344x392
598,2011_09_26_drive_0095_sync_image_0000000248_image_02.png,0-20m,83873,0.643455166122147,64.34551661221471,6.249510124306039,99.61250938919557,2.3707553107754475,2.415170669555664,1216x352,1344x392
598,2011_09_26_drive_0095_sync_image_0000000248_image_02.png,0-40m,97899,0.8092855077803985,80.92855077803985,6.334228206225112,99.56996496389135,2.3707553107754475,2.415170669555664,1216x352,1344x392
598,2011_09_26_drive_0095_sync_image_0000000248_image_02.png,0-80m,99424,0.9051017101301347,90.51017101301348,6.437160054835742,99.42468619246861,2.3707553107754475,2.415170669555664,1216x352,1344x392
599,2011_09_26_drive_0095_sync_image_0000000251_image_03.png,0-10m,38268,0.7965654612110864,79.65654612110865,10.439908097988472,98.94167450611478,2.371570560722828,2.415170669555664,1216x352,1344x392
599,2011_09_26_drive_0095_sync_image_0000000251_image_03.png,0-20m,72018,0.9325301543698752,93.25301543698752,9.248538975339219,99.17381765669694,2.371570560722828,2.415170669555664,1216x352,1344x392
599,2011_09_26_drive_0095_sync_image_0000000251_image_03.png,0-40m,84281,1.039013016250923,103.9013016250923,8.827739032547292,99.21690535233326,2.371570560722828,2.415170669555664,1216x352,1344x392
599,2011_09_26_drive_0095_sync_image_0000000251_image_03.png,0-80m,85845,1.1372284732747282,113.72284732747282,8.883472178090223,99.02498689498515,2.371570560722828,2.415170669555664,1216x352,1344x392
600,2011_09_26_drive_0095_sync_image_0000000254_image_02.png,0-10m,31151,0.911561145173547,91.15611451735471,11.727197498833137,99.27129145131778,2.399544278544393,2.415170669555664,1216x352,1344x392
600,2011_09_26_drive_0095_sync_image_0000000254_image_02.png,0-20m,67779,0.9186968546727384,91.86968546727384,9.091846517929794,99.58689269537763,2.399544278544393,2.415170669555664,1216x352,1344x392
600,2011_09_26_drive_0095_sync_image_0000000254_image_02.png,0-40m,80176,1.0349195521199235,103.49195521199235,8.70551028947646,99.54350429056078,2.399544278544393,2.415170669555664,1216x352,1344x392
600,2011_09_26_drive_0095_sync_image_0000000254_image_02.png,0-80m,81692,1.1611345693033461,116.1134569303346,8.800322357968218,99.33041179062822,2.399544278544393,2.415170669555664,1216x352,1344x392
601,2011_09_26_drive_0095_sync_image_0000000257_image_03.png,0-10m,32653,0.5997624180420826,59.976241804208264,7.766614503004435,99.90506232199185,2.34940214761994,2.415170669555664,1216x352,1344x392
601,2011_09_26_drive_0095_sync_image_0000000257_image_03.png,0-20m,73653,0.6636626408473781,66.36626408473781,6.360921165576268,99.77733425658154,2.34940214761994,2.415170669555664,1216x352,1344x392
601,2011_09_26_drive_0095_sync_image_0000000257_image_03.png,0-40m,78647,0.7553219263016467,75.53219263016467,6.453346811415262,99.68466692944422,2.34940214761994,2.415170669555664,1216x352,1344x392
601,2011_09_26_drive_0095_sync_image_0000000257_image_03.png,0-80m,80253,0.8637462240892688,86.37462240892688,6.5331777874722645,99.60624524939877,2.34940214761994,2.415170669555664,1216x352,1344x392
602,2011_09_26_drive_0095_sync_image_0000000260_image_02.png,0-10m,40745,0.6530969891844827,65.30969891844826,8.11964981611836,99.75457111302,2.413838633378761,2.415170669555664,1216x352,1344x392
602,2011_09_26_drive_0095_sync_image_0000000260_image_02.png,0-20m,76982,0.7076363929301467,70.76363929301466,7.0150068942373816,99.78566418123718,2.413838633378761,2.415170669555664,1216x352,1344x392
602,2011_09_26_drive_0095_sync_image_0000000260_image_02.png,0-40m,80705,0.793744416582814,79.3744416582814,7.143473422427091,99.74846663775479,2.413838633378761,2.415170669555664,1216x352,1344x392
602,2011_09_26_drive_0095_sync_image_0000000260_image_02.png,0-80m,83004,0.9663417456345491,96.6341745634549,7.283076557728019,99.46147173630186,2.413838633378761,2.415170669555664,1216x352,1344x392
603,2011_09_26_drive_0113_sync_image_0000000005_image_03.png,0-10m,15430,0.9755933275952096,97.55933275952096,13.225086976366383,98.12702527543746,2.411768465337446,2.415170669555664,1216x352,1344x392
603,2011_09_26_drive_0113_sync_image_0000000005_image_03.png,0-20m,42313,1.051673750790269,105.1673750790269,9.953492641912934,97.18526221255878,2.411768465337446,2.415170669555664,1216x352,1344x392
603,2011_09_26_drive_0113_sync_image_0000000005_image_03.png,0-40m,50822,1.471656184927181,147.1656184927181,10.673435126484394,96.96194561410412,2.411768465337446,2.415170669555664,1216x352,1344x392
603,2011_09_26_drive_0113_sync_image_0000000005_image_03.png,0-80m,51639,1.6770945113136322,167.7094511313632,10.847952694444075,96.3554677666105,2.411768465337446,2.415170669555664,1216x352,1344x392
604,2011_09_26_drive_0113_sync_image_0000000008_image_02.png,0-10m,16071,1.1382290445707186,113.82290445707186,15.117971367440433,97.84705369920975,2.415830064713862,2.415170669555664,1216x352,1344x392
604,2011_09_26_drive_0113_sync_image_0000000008_image_02.png,0-20m,47139,1.3442083198352173,134.42083198352174,12.331006520456324,97.24856276119561,2.415830064713862,2.415170669555664,1216x352,1344x392
604,2011_09_26_drive_0113_sync_image_0000000008_image_02.png,0-40m,55498,1.8786345730472622,187.8634573047262,13.277968053404912,93.93311470683628,2.415830064713862,2.415170669555664,1216x352,1344x392
604,2011_09_26_drive_0113_sync_image_0000000008_image_02.png,0-80m,56225,2.0448494951223575,204.48494951223574,13.38915884878935,93.29301911960872,2.415830064713862,2.415170669555664,1216x352,1344x392
605,2011_09_26_drive_0113_sync_image_0000000011_image_03.png,0-10m,13800,1.0682113104972286,106.82113104972287,14.567762988654803,97.54347826086956,2.413920791421249,2.415170669555664,1216x352,1344x392
605,2011_09_26_drive_0113_sync_image_0000000011_image_03.png,0-20m,42131,1.3441364513625478,134.4136451362548,12.44411543327158,98.1082813130474,2.413920791421249,2.415170669555664,1216x352,1344x392
605,2011_09_26_drive_0113_sync_image_0000000011_image_03.png,0-40m,47811,1.7596695742224437,175.96695742224438,13.127176865531299,94.79826818096254,2.413920791421249,2.415170669555664,1216x352,1344x392
605,2011_09_26_drive_0113_sync_image_0000000011_image_03.png,0-80m,48412,1.9633259635655966,196.33259635655966,13.296798375993788,94.06138973808147,2.413920791421249,2.415170669555664,1216x352,1344x392
606,2011_09_26_drive_0113_sync_image_0000000014_image_02.png,0-10m,15170,1.0290886187286226,102.90886187286226,13.64947311669824,97.93012524719842,2.41806331989204,2.415170669555664,1216x352,1344x392
606,2011_09_26_drive_0113_sync_image_0000000014_image_02.png,0-20m,41162,1.231533231549184,123.15332315491841,11.866180558346038,98.17307225110538,2.41806331989204,2.415170669555664,1216x352,1344x392
606,2011_09_26_drive_0113_sync_image_0000000014_image_02.png,0-40m,47404,1.6766813162630314,167.66813162630314,12.629746829547061,93.83807273647794,2.41806331989204,2.415170669555664,1216x352,1344x392
606,2011_09_26_drive_0113_sync_image_0000000014_image_02.png,0-80m,47919,1.8402605759644488,184.02605759644487,12.765742393148882,93.19476616790836,2.41806331989204,2.415170669555664,1216x352,1344x392
607,2011_09_26_drive_0113_sync_image_0000000017_image_03.png,0-10m,16188,1.061491218427979,106.1491218427979,13.19624445288323,98.19619471213244,2.4269199788438773,2.415170669555664,1216x352,1344x392
607,2011_09_26_drive_0113_sync_image_0000000017_image_03.png,0-20m,35035,1.2693448661005546,126.93448661005546,12.493992671122959,96.8802625945483,2.4269199788438773,2.415170669555664,1216x352,1344x392
607,2011_09_26_drive_0113_sync_image_0000000017_image_03.png,0-40m,41043,1.6615162313244418,166.15162313244417,12.96800202728664,96.1479424018712,2.4269199788438773,2.415170669555664,1216x352,1344x392
607,2011_09_26_drive_0113_sync_image_0000000017_image_03.png,0-80m,41513,1.8318124747444582,183.18124747444583,13.108980805943279,95.39903162864644,2.4269199788438773,2.415170669555664,1216x352,1344x392
608,2011_09_26_drive_0113_sync_image_0000000020_image_02.png,0-10m,23296,1.0326332169185792,103.26332169185793,11.994676299745766,99.35182005494505,2.395839672387142,2.415170669555664,1216x352,1344x392
608,2011_09_26_drive_0113_sync_image_0000000020_image_02.png,0-20m,33639,1.3254727427700534,132.54727427700536,12.95572956889785,96.48027587026962,2.395839672387142,2.415170669555664,1216x352,1344x392
608,2011_09_26_drive_0113_sync_image_0000000020_image_02.png,0-40m,38743,1.7655099108909424,176.55099108909425,13.7586752352889,91.4255478409003,2.395839672387142,2.415170669555664,1216x352,1344x392
608,2011_09_26_drive_0113_sync_image_0000000020_image_02.png,0-80m,39285,1.9111705646815913,191.11705646815912,13.850657264382452,90.81837851597302,2.395839672387142,2.415170669555664,1216x352,1344x392
609,2011_09_26_drive_0113_sync_image_0000000023_image_03.png,0-10m,26351,1.052190570423062,105.2190570423062,12.248046765549514,96.06466547759098,2.4166112054391884,2.415170669555664,1216x352,1344x392
609,2011_09_26_drive_0113_sync_image_0000000023_image_03.png,0-20m,32108,1.289232271805014,128.92322718050139,13.04783076998973,91.55039242556371,2.4166112054391884,2.415170669555664,1216x352,1344x392
609,2011_09_26_drive_0113_sync_image_0000000023_image_03.png,0-40m,36142,1.6539181429245682,165.39181429245681,13.641178357752981,88.84953793370593,2.4166112054391884,2.415170669555664,1216x352,1344x392
609,2011_09_26_drive_0113_sync_image_0000000023_image_03.png,0-80m,36727,1.8840313733774698,188.40313733774698,13.859700836556673,87.88085060037575,2.4166112054391884,2.415170669555664,1216x352,1344x392
610,2011_09_26_drive_0113_sync_image_0000000026_image_02.png,0-10m,29651,1.192147019580783,119.21470195807831,13.957011319100769,94.283498027048,2.398827644851144,2.415170669555664,1216x352,1344x392
610,2011_09_26_drive_0113_sync_image_0000000026_image_02.png,0-20m,33573,1.4011551604507984,140.11551604507983,14.783662840825269,90.22726595776368,2.398827644851144,2.415170669555664,1216x352,1344x392
610,2011_09_26_drive_0113_sync_image_0000000026_image_02.png,0-40m,39758,1.9983547337848335,199.83547337848336,15.870776208856698,84.07364555561145,2.398827644851144,2.415170669555664,1216x352,1344x392
610,2011_09_26_drive_0113_sync_image_0000000026_image_02.png,0-80m,40430,2.1828943826112597,218.28943826112598,15.980762471481412,83.32426416027701,2.398827644851144,2.415170669555664,1216x352,1344x392
611,2011_09_26_drive_0113_sync_image_0000000029_image_03.png,0-10m,29385,1.1411974688340596,114.11974688340595,13.765416699317912,88.58261017525949,2.4078857293946814,2.415170669555664,1216x352,1344x392
611,2011_09_26_drive_0113_sync_image_0000000029_image_03.png,0-20m,34315,1.4629232078673418,146.29232078673417,14.949743403909288,82.73058429258342,2.4078857293946814,2.415170669555664,1216x352,1344x392
611,2011_09_26_drive_0113_sync_image_0000000029_image_03.png,0-40m,41157,2.1129697490040273,211.29697490040274,16.326752835376062,74.11618922662001,2.4078857293946814,2.415170669555664,1216x352,1344x392
611,2011_09_26_drive_0113_sync_image_0000000029_image_03.png,0-80m,41639,2.2951184437349883,229.51184437349883,16.497885011334827,73.51281250750499,2.4078857293946814,2.415170669555664,1216x352,1344x392
612,2011_09_26_drive_0113_sync_image_0000000032_image_02.png,0-10m,31848,1.1147375062194131,111.47375062194132,14.037899198849798,92.05287616176841,2.417337336684474,2.415170669555664,1216x352,1344x392
612,2011_09_26_drive_0113_sync_image_0000000032_image_02.png,0-20m,36312,1.3722941921155971,137.2294192115597,14.939122017384717,88.49416170962768,2.417337336684474,2.415170669555664,1216x352,1344x392
612,2011_09_26_drive_0113_sync_image_0000000032_image_02.png,0-40m,41655,1.7853720316522306,178.53720316522305,15.61132753380758,83.88908894490457,2.417337336684474,2.415170669555664,1216x352,1344x392
612,2011_09_26_drive_0113_sync_image_0000000032_image_02.png,0-80m,42271,1.9882065597666476,198.82065597666477,15.782284528366795,83.01199403846609,2.417337336684474,2.415170669555664,1216x352,1344x392
613,2011_09_26_drive_0113_sync_image_0000000035_image_03.png,0-10m,30625,0.923088313449159,92.3088313449159,12.28405707439381,94.24979591836735,2.4001150134931035,2.415170669555664,1216x352,1344x392
613,2011_09_26_drive_0113_sync_image_0000000035_image_03.png,0-20m,34802,1.2471653812267707,124.71653812267706,13.62065912234192,87.62427446698466,2.4001150134931035,2.415170669555664,1216x352,1344x392
613,2011_09_26_drive_0113_sync_image_0000000035_image_03.png,0-40m,40888,1.8743202470562226,187.43202470562227,15.195027197298405,77.96908628448445,2.4001150134931035,2.415170669555664,1216x352,1344x392
613,2011_09_26_drive_0113_sync_image_0000000035_image_03.png,0-80m,41531,2.120736176369838,212.07361763698378,15.444462323371752,76.8702896631432,2.4001150134931035,2.415170669555664,1216x352,1344x392
614,2011_09_26_drive_0113_sync_image_0000000038_image_02.png,0-10m,33443,0.9363775135380541,93.63775135380541,13.351060563969055,93.08973477259815,2.39797112449596,2.415170669555664,1216x352,1344x392
614,2011_09_26_drive_0113_sync_image_0000000038_image_02.png,0-20m,38704,1.1954580282637677,119.54580282637677,13.993859736772066,92.67775940471269,2.39797112449596,2.415170669555664,1216x352,1344x392
614,2011_09_26_drive_0113_sync_image_0000000038_image_02.png,0-40m,45828,1.6487987387541378,164.87987387541378,14.660631538296547,89.89264205289342,2.39797112449596,2.415170669555664,1216x352,1344x392
614,2011_09_26_drive_0113_sync_image_0000000038_image_02.png,0-80m,46523,1.8212339886948086,182.12339886948087,14.783085421106218,89.05702555725125,2.39797112449596,2.415170669555664,1216x352,1344x392
615,2011_09_26_drive_0113_sync_image_0000000041_image_03.png,0-10m,28116,0.9585435945730932,95.85435945730933,14.500042517007738,86.40275999430929,2.403364903183012,2.415170669555664,1216x352,1344x392
615,2011_09_26_drive_0113_sync_image_0000000041_image_03.png,0-20m,33190,1.268622431334116,126.8622431334116,15.213656600937354,83.03404639951792,2.403364903183012,2.415170669555664,1216x352,1344x392
615,2011_09_26_drive_0113_sync_image_0000000041_image_03.png,0-40m,39117,1.7414647733140924,174.14647733140924,15.820973882687683,79.6252268834522,2.403364903183012,2.415170669555664,1216x352,1344x392
615,2011_09_26_drive_0113_sync_image_0000000041_image_03.png,0-80m,39936,2.008814548619856,200.8814548619856,16.017697950785852,78.68589743589743,2.403364903183012,2.415170669555664,1216x352,1344x392
616,2011_09_26_drive_0113_sync_image_0000000044_image_02.png,0-10m,24947,1.024125578494551,102.41255784945511,16.28312000632696,77.38806269290896,2.406004617558415,2.415170669555664,1216x352,1344x392
616,2011_09_26_drive_0113_sync_image_0000000044_image_02.png,0-20m,31053,1.374929703142249,137.4929703142249,16.54901739405179,80.72649985508646,2.406004617558415,2.415170669555664,1216x352,1344x392
616,2011_09_26_drive_0113_sync_image_0000000044_image_02.png,0-40m,38402,1.9498852361497094,194.98852361497094,16.993115547946967,78.16780376022082,2.406004617558415,2.415170669555664,1216x352,1344x392
616,2011_09_26_drive_0113_sync_image_0000000044_image_02.png,0-80m,39298,2.2143419309999324,221.43419309999325,17.140972071610452,77.30927782584357,2.406004617558415,2.415170669555664,1216x352,1344x392
617,2011_09_26_drive_0113_sync_image_0000000047_image_03.png,0-10m,18490,1.0235456014466067,102.35456014466067,17.05405829406739,65.87885343428881,2.404692420499362,2.415170669555664,1216x352,1344x392
617,2011_09_26_drive_0113_sync_image_0000000047_image_03.png,0-20m,25773,1.529696887453337,152.9696887453337,17.17447406917091,73.34419741590035,2.404692420499362,2.415170669555664,1216x352,1344x392
617,2011_09_26_drive_0113_sync_image_0000000047_image_03.png,0-40m,33376,2.116232730462533,211.62327304625327,17.323082055904585,74.88314956855226,2.404692420499362,2.415170669555664,1216x352,1344x392
617,2011_09_26_drive_0113_sync_image_0000000047_image_03.png,0-80m,34278,2.4195250446080423,241.95250446080422,17.476297243908345,74.13501371141841,2.404692420499362,2.415170669555664,1216x352,1344x392
618,2011_09_26_drive_0113_sync_image_0000000050_image_02.png,0-10m,15399,1.0006825273490136,100.06825273490136,17.48723460899977,68.64731476069875,2.3972887623644357,2.415170669555664,1216x352,1344x392
618,2011_09_26_drive_0113_sync_image_0000000050_image_02.png,0-20m,24060,1.5324224802621285,153.24224802621285,16.88998933284476,79.41812136325852,2.3972887623644357,2.415170669555664,1216x352,1344x392
618,2011_09_26_drive_0113_sync_image_0000000050_image_02.png,0-40m,30864,2.0643540256192736,206.43540256192736,16.89012791478727,82.09888543286678,2.3972887623644357,2.415170669555664,1216x352,1344x392
618,2011_09_26_drive_0113_sync_image_0000000050_image_02.png,0-80m,31808,2.3615074342405293,236.15074342405293,17.008467180327024,81.05822434607646,2.3972887623644357,2.415170669555664,1216x352,1344x392
619,2011_09_26_drive_0113_sync_image_0000000053_image_03.png,0-10m,12361,0.8167975939127361,81.6797593912736,14.346328411833465,80.28476660464364,2.391701942350936,2.415170669555664,1216x352,1344x392
619,2011_09_26_drive_0113_sync_image_0000000053_image_03.png,0-20m,24512,1.7214116624048266,172.14116624048265,15.759378679134247,88.84219973890339,2.391701942350936,2.415170669555664,1216x352,1344x392
619,2011_09_26_drive_0113_sync_image_0000000053_image_03.png,0-40m,32592,2.33384019685804,233.384019685804,16.318529934218763,85.75417280314187,2.391701942350936,2.415170669555664,1216x352,1344x392
619,2011_09_26_drive_0113_sync_image_0000000053_image_03.png,0-80m,33575,2.628393432343086,262.8393432343086,16.46649787051855,84.72375279225615,2.391701942350936,2.415170669555664,1216x352,1344x392
620,2011_09_26_drive_0113_sync_image_0000000056_image_02.png,0-10m,9091,0.6579483680737686,65.79483680737685,10.230054024792585,98.4380156198438,2.3590141114920424,2.415170669555664,1216x352,1344x392
620,2011_09_26_drive_0113_sync_image_0000000056_image_02.png,0-20m,20384,1.6228932403788274,162.28932403788275,13.58499408030364,98.59203296703298,2.3590141114920424,2.415170669555664,1216x352,1344x392
620,2011_09_26_drive_0113_sync_image_0000000056_image_02.png,0-40m,26587,2.1480747552114776,214.80747552114775,14.348462873361653,97.40474668070863,2.3590141114920424,2.415170669555664,1216x352,1344x392
620,2011_09_26_drive_0113_sync_image_0000000056_image_02.png,0-80m,27647,2.653271783630115,265.3271783630115,14.793689332448132,94.99764893116794,2.3590141114920424,2.415170669555664,1216x352,1344x392
621,2011_09_26_drive_0113_sync_image_0000000059_image_03.png,0-10m,5665,0.8197394463622454,81.97394463622454,11.506974295169087,98.83495145631068,2.385584390631113,2.415170669555664,1216x352,1344x392
621,2011_09_26_drive_0113_sync_image_0000000059_image_03.png,0-20m,23512,1.9303796814184848,193.0379681418485,14.430108749707507,99.10683906090507,2.385584390631113,2.415170669555664,1216x352,1344x392
621,2011_09_26_drive_0113_sync_image_0000000059_image_03.png,0-40m,31190,2.375644582691541,237.5644582691541,14.899088540952752,96.87720423212568,2.385584390631113,2.415170669555664,1216x352,1344x392
621,2011_09_26_drive_0113_sync_image_0000000059_image_03.png,0-80m,32083,2.758177972979124,275.81779729791236,15.253421379507001,95.2311192843562,2.385584390631113,2.415170669555664,1216x352,1344x392
622,2011_09_26_drive_0113_sync_image_0000000062_image_02.png,0-10m,3713,0.9103177086927484,91.03177086927484,13.820622466066347,99.19202800969566,2.408694810208152,2.415170669555664,1216x352,1344x392
622,2011_09_26_drive_0113_sync_image_0000000062_image_02.png,0-20m,27282,1.671585765387269,167.1585765387269,12.555830666110115,99.54548786745839,2.408694810208152,2.415170669555664,1216x352,1344x392
622,2011_09_26_drive_0113_sync_image_0000000062_image_02.png,0-40m,33698,1.9276596238913257,192.76596238913257,12.713709532293466,98.81595346904861,2.408694810208152,2.415170669555664,1216x352,1344x392
622,2011_09_26_drive_0113_sync_image_0000000062_image_02.png,0-80m,34533,2.1976543011495644,219.76543011495644,12.951642316695896,97.39669301827237,2.408694810208152,2.415170669555664,1216x352,1344x392
623,2011_09_26_drive_0113_sync_image_0000000065_image_03.png,0-10m,2766,0.9370647450762216,93.70647450762216,13.493131115425003,96.92697035430224,2.40951430458403,2.415170669555664,1216x352,1344x392
623,2011_09_26_drive_0113_sync_image_0000000065_image_03.png,0-20m,16087,1.7870843833915753,178.70843833915754,14.063797929354099,98.25946416361036,2.40951430458403,2.415170669555664,1216x352,1344x392
623,2011_09_26_drive_0113_sync_image_0000000065_image_03.png,0-40m,17854,1.9015202649138843,190.15202649138843,13.857041162929775,98.06205892237033,2.40951430458403,2.415170669555664,1216x352,1344x392
623,2011_09_26_drive_0113_sync_image_0000000065_image_03.png,0-80m,18674,2.1929803977013145,219.29803977013145,13.930259669562476,97.0386633822427,2.40951430458403,2.415170669555664,1216x352,1344x392
624,2011_09_26_drive_0113_sync_image_0000000068_image_02.png,0-10m,5749,0.902134892670543,90.2134892670543,11.53318908991157,99.98260567055141,2.405631873038469,2.415170669555664,1216x352,1344x392
624,2011_09_26_drive_0113_sync_image_0000000068_image_02.png,0-20m,34081,1.6341085464181146,163.41085464181145,12.312974628700028,99.28405856635662,2.405631873038469,2.415170669555664,1216x352,1344x392
624,2011_09_26_drive_0113_sync_image_0000000068_image_02.png,0-40m,38142,1.8067288620521587,180.67288620521586,12.490138856125833,98.71270515442293,2.405631873038469,2.415170669555664,1216x352,1344x392
624,2011_09_26_drive_0113_sync_image_0000000068_image_02.png,0-80m,39124,2.0167635411234333,201.67635411234332,12.647249201385593,97.6203864635518,2.405631873038469,2.415170669555664,1216x352,1344x392
625,2011_09_26_drive_0113_sync_image_0000000071_image_03.png,0-10m,5765,0.956013722514858,95.6013722514858,11.874179336092025,100.0,2.416841907731881,2.415170669555664,1216x352,1344x392
625,2011_09_26_drive_0113_sync_image_0000000071_image_03.png,0-20m,33308,1.6532104380980852,165.32104380980851,12.351280060299267,99.22841359433168,2.416841907731881,2.415170669555664,1216x352,1344x392
625,2011_09_26_drive_0113_sync_image_0000000071_image_03.png,0-40m,35063,1.7374912976531856,173.74912976531854,12.415384289179125,98.86490032227705,2.416841907731881,2.415170669555664,1216x352,1344x392
625,2011_09_26_drive_0113_sync_image_0000000071_image_03.png,0-80m,35981,2.001527814482646,200.1527814482646,12.668789417035544,97.31247047052611,2.416841907731881,2.415170669555664,1216x352,1344x392
626,2011_09_26_drive_0113_sync_image_0000000074_image_02.png,0-10m,6482,1.033824263513548,103.3824263513548,12.178425793960471,99.93829065103364,2.4178920141003752,2.415170669555664,1216x352,1344x392
626,2011_09_26_drive_0113_sync_image_0000000074_image_02.png,0-20m,36267,1.6064411471597209,160.64411471597208,12.47002525231565,99.52573965312818,2.4178920141003752,2.415170669555664,1216x352,1344x392
626,2011_09_26_drive_0113_sync_image_0000000074_image_02.png,0-40m,37931,1.6789002536938515,167.89002536938514,12.464046389392427,99.03509003190003,2.4178920141003752,2.415170669555664,1216x352,1344x392
626,2011_09_26_drive_0113_sync_image_0000000074_image_02.png,0-80m,38803,1.9411736034202296,194.11736034202295,12.743592144718072,97.45122799783522,2.4178920141003752,2.415170669555664,1216x352,1344x392
627,2011_09_26_drive_0113_sync_image_0000000077_image_03.png,0-10m,7906,1.4638550794187932,146.38550794187933,16.596943192394072,99.0766506450797,2.409894061096257,2.415170669555664,1216x352,1344x392
627,2011_09_26_drive_0113_sync_image_0000000077_image_03.png,0-20m,35244,2.102682157753951,210.2682157753951,16.64990566239852,94.7565543071161,2.409894061096257,2.415170669555664,1216x352,1344x392
627,2011_09_26_drive_0113_sync_image_0000000077_image_03.png,0-40m,37065,2.236142213364193,223.6142213364193,16.721273722874315,94.40712262242008,2.409894061096257,2.415170669555664,1216x352,1344x392
627,2011_09_26_drive_0113_sync_image_0000000077_image_03.png,0-80m,37892,2.50130077051686,250.13007705168602,16.965822616909342,92.58418663570147,2.409894061096257,2.415170669555664,1216x352,1344x392
628,2011_09_26_drive_0113_sync_image_0000000080_image_02.png,0-10m,7682,1.6312949407289996,163.12949407289997,18.54574897725226,84.62639937516272,2.394502414081149,2.415170669555664,1216x352,1344x392
628,2011_09_26_drive_0113_sync_image_0000000080_image_02.png,0-20m,28964,2.319000345866105,231.9000345866105,18.55112021183202,71.89614694103025,2.394502414081149,2.415170669555664,1216x352,1344x392
628,2011_09_26_drive_0113_sync_image_0000000080_image_02.png,0-40m,30880,2.603633004102682,260.3633004102682,18.895979526631315,68.6981865284974,2.394502414081149,2.415170669555664,1216x352,1344x392
628,2011_09_26_drive_0113_sync_image_0000000080_image_02.png,0-80m,31428,2.916375125427047,291.6375125427047,19.27179128631384,67.50668193967164,2.394502414081149,2.415170669555664,1216x352,1344x392
629,2011_09_28_drive_0037_sync_image_0000000005_image_03.png,0-10m,30104,0.989953234447243,98.9953234447243,12.888201028712063,99.62131278235451,2.3640036008069756,2.415170669555664,1216x352,1344x392
629,2011_09_28_drive_0037_sync_image_0000000005_image_03.png,0-20m,51789,1.0306123827416611,103.06123827416612,10.789593628535126,99.19480970862539,2.3640036008069756,2.415170669555664,1216x352,1344x392
629,2011_09_28_drive_0037_sync_image_0000000005_image_03.png,0-40m,58844,1.2144455616952738,121.44455616952739,10.533201570559106,98.20712392087555,2.3640036008069756,2.415170669555664,1216x352,1344x392
629,2011_09_28_drive_0037_sync_image_0000000005_image_03.png,0-80m,60429,1.5107973388870473,151.07973388870474,10.84744594910297,97.0626685862748,2.3640036008069756,2.415170669555664,1216x352,1344x392
630,2011_09_28_drive_0037_sync_image_0000000011_image_02.png,0-10m,32976,0.964406668113193,96.4406668113193,12.590184968082902,99.6421639980592,2.4148383120035537,2.415170669555664,1216x352,1344x392
630,2011_09_28_drive_0037_sync_image_0000000011_image_02.png,0-20m,54929,0.997268054826874,99.7268054826874,10.617089119608423,99.3719164739937,2.4148383120035537,2.415170669555664,1216x352,1344x392
630,2011_09_28_drive_0037_sync_image_0000000011_image_02.png,0-40m,62921,1.1893607070078807,118.93607070078806,10.413026027003111,98.41706266588261,2.4148383120035537,2.415170669555664,1216x352,1344x392
630,2011_09_28_drive_0037_sync_image_0000000011_image_02.png,0-80m,64463,1.4091447697097363,140.91447697097362,10.601583164668295,97.29302080263096,2.4148383120035537,2.415170669555664,1216x352,1344x392
631,2011_09_28_drive_0037_sync_image_0000000017_image_03.png,0-10m,20483,0.9432375909341287,94.32375909341287,12.689175218154347,99.59478592003124,2.4152314154232526,2.415170669555664,1216x352,1344x392
631,2011_09_28_drive_0037_sync_image_0000000017_image_03.png,0-20m,36813,1.033934384580379,103.3934384580379,10.78408953926475,98.76402357862712,2.4152314154232526,2.415170669555664,1216x352,1344x392
631,2011_09_28_drive_0037_sync_image_0000000017_image_03.png,0-40m,43559,1.211197569037538,121.11975690375381,10.304732812031391,97.8098670768383,2.4152314154232526,2.415170669555664,1216x352,1344x392
631,2011_09_28_drive_0037_sync_image_0000000017_image_03.png,0-80m,45183,1.5576279797254404,155.76279797254404,10.640028601362268,96.26629484540645,2.4152314154232526,2.415170669555664,1216x352,1344x392
632,2011_09_28_drive_0037_sync_image_0000000023_image_02.png,0-10m,25616,0.9140527548081125,91.40527548081126,12.499071349620415,99.7735790131168,2.418857022417018,2.415170669555664,1216x352,1344x392
632,2011_09_28_drive_0037_sync_image_0000000023_image_02.png,0-20m,41191,1.006171612175684,100.61716121756841,11.086171711692689,98.96822121337185,2.418857022417018,2.415170669555664,1216x352,1344x392
632,2011_09_28_drive_0037_sync_image_0000000023_image_02.png,0-40m,47855,1.2003461983644554,120.03461983644554,10.72813741723433,97.67422421899488,2.418857022417018,2.415170669555664,1216x352,1344x392
632,2011_09_28_drive_0037_sync_image_0000000023_image_02.png,0-80m,49735,1.556354028543204,155.6354028543204,11.057624169941137,95.87815421735196,2.418857022417018,2.415170669555664,1216x352,1344x392
633,2011_09_28_drive_0037_sync_image_0000000029_image_03.png,0-10m,33662,1.0328754050004547,103.28754050004547,13.961768175650272,99.51577446378705,2.414175459022574,2.415170669555664,1216x352,1344x392
633,2011_09_28_drive_0037_sync_image_0000000029_image_03.png,0-20m,57362,1.0594284501785156,105.94284501785157,11.626855581928835,99.22073846797531,2.414175459022574,2.415170669555664,1216x352,1344x392
633,2011_09_28_drive_0037_sync_image_0000000029_image_03.png,0-40m,63694,1.1579306086561993,115.79306086561994,11.186411753963833,98.65764436210632,2.414175459022574,2.415170669555664,1216x352,1344x392
633,2011_09_28_drive_0037_sync_image_0000000029_image_03.png,0-80m,65588,1.4279646149290592,142.79646149290593,11.415112086366445,97.35469903031043,2.414175459022574,2.415170669555664,1216x352,1344x392
634,2011_09_28_drive_0037_sync_image_0000000035_image_02.png,0-10m,36357,1.179636181543529,117.9636181543529,15.915110923160528,89.62785708391782,2.40612792665433,2.415170669555664,1216x352,1344x392
634,2011_09_28_drive_0037_sync_image_0000000035_image_02.png,0-20m,67172,1.2348375933837459,123.48375933837458,13.14223766432666,93.84713868873935,2.40612792665433,2.415170669555664,1216x352,1344x392
634,2011_09_28_drive_0037_sync_image_0000000035_image_02.png,0-40m,75544,1.3799681841197262,137.9968184119726,12.683337785941065,93.66329556285079,2.40612792665433,2.415170669555664,1216x352,1344x392
634,2011_09_28_drive_0037_sync_image_0000000035_image_02.png,0-80m,78304,1.6289461916095636,162.89461916095635,12.772150000252335,92.8803126277074,2.40612792665433,2.415170669555664,1216x352,1344x392
635,2011_09_28_drive_0037_sync_image_0000000041_image_03.png,0-10m,31253,1.1943662301088773,119.43662301088773,16.16906845488011,79.39077848526541,2.4264606505306685,2.415170669555664,1216x352,1344x392
635,2011_09_28_drive_0037_sync_image_0000000041_image_03.png,0-20m,59446,1.2429330654100652,124.29330654100652,13.2361893007947,88.63842815328196,2.4264606505306685,2.415170669555664,1216x352,1344x392
635,2011_09_28_drive_0037_sync_image_0000000041_image_03.png,0-40m,66546,1.4889605388690657,148.89605388690657,13.123141591169746,87.84149310251556,2.4264606505306685,2.415170669555664,1216x352,1344x392
635,2011_09_28_drive_0037_sync_image_0000000041_image_03.png,0-80m,69490,1.913872324283011,191.3872324283011,13.506036481351803,85.9864728737948,2.4264606505306685,2.415170669555664,1216x352,1344x392
636,2011_09_28_drive_0037_sync_image_0000000047_image_02.png,0-10m,33351,1.0875790366875973,108.75790366875972,14.394019922418627,96.11106113759708,2.398805203166286,2.415170669555664,1216x352,1344x392
636,2011_09_28_drive_0037_sync_image_0000000047_image_02.png,0-20m,63116,1.1750393987525454,117.50393987525453,12.161713699407493,96.90886621458901,2.398805203166286,2.415170669555664,1216x352,1344x392
636,2011_09_28_drive_0037_sync_image_0000000047_image_02.png,0-40m,70128,1.5897761226897096,158.97761226897097,12.666795978788386,93.80276066621036,2.398805203166286,2.415170669555664,1216x352,1344x392
636,2011_09_28_drive_0037_sync_image_0000000047_image_02.png,0-80m,73181,2.1359046017246754,213.59046017246754,13.376114849863107,90.90884245910824,2.398805203166286,2.415170669555664,1216x352,1344x392
637,2011_09_28_drive_0037_sync_image_0000000050_image_03.png,0-10m,28944,0.9741292506571696,97.41292506571696,12.906661881980714,98.75276395798784,2.4202028855510256,2.415170669555664,1216x352,1344x392
637,2011_09_28_drive_0037_sync_image_0000000050_image_03.png,0-20m,56236,1.0683566982643187,106.83566982643187,10.805941672627613,98.48139981506509,2.4202028855510256,2.415170669555664,1216x352,1344x392
637,2011_09_28_drive_0037_sync_image_0000000050_image_03.png,0-40m,61573,1.4619555196780207,146.19555196780206,11.454344779248663,95.86182255209263,2.4202028855510256,2.415170669555664,1216x352,1344x392
637,2011_09_28_drive_0037_sync_image_0000000050_image_03.png,0-80m,64230,2.1138595505627853,211.38595505627853,12.46579595318282,92.08936633971663,2.4202028855510256,2.415170669555664,1216x352,1344x392
638,2011_09_28_drive_0037_sync_image_0000000053_image_02.png,0-10m,31389,0.8128141229836057,81.28141229836056,10.555154361412528,99.33097581955462,2.4057441471778764,2.415170669555664,1216x352,1344x392
638,2011_09_28_drive_0037_sync_image_0000000053_image_02.png,0-20m,55930,0.883745995101574,88.37459951015741,8.977700512688259,98.66261398176292,2.4057441471778764,2.415170669555664,1216x352,1344x392
638,2011_09_28_drive_0037_sync_image_0000000053_image_02.png,0-40m,60208,1.1695956584069123,116.95956584069123,9.517590946825024,96.38586234387458,2.4057441471778764,2.415170669555664,1216x352,1344x392
638,2011_09_28_drive_0037_sync_image_0000000053_image_02.png,0-80m,64030,1.9636507617781243,196.36507617781243,10.788208326308284,90.78088396064345,2.4057441471778764,2.415170669555664,1216x352,1344x392
639,2011_09_28_drive_0037_sync_image_0000000056_image_03.png,0-10m,31399,0.7225363419547142,72.25363419547142,9.742394971331544,99.3184496321539,2.4200008227389307,2.415170669555664,1216x352,1344x392
639,2011_09_28_drive_0037_sync_image_0000000056_image_03.png,0-20m,51835,0.7623517435220487,76.23517435220487,8.198278769348175,98.58203916272788,2.4200008227389307,2.415170669555664,1216x352,1344x392
639,2011_09_28_drive_0037_sync_image_0000000056_image_03.png,0-40m,55601,1.0208696171640546,102.08696171640545,8.7295091310921,96.65833348321074,2.4200008227389307,2.415170669555664,1216x352,1344x392
639,2011_09_28_drive_0037_sync_image_0000000056_image_03.png,0-80m,60704,2.0260753515021825,202.60753515021827,10.218844494662688,91.06978123352663,2.4200008227389307,2.415170669555664,1216x352,1344x392
640,2011_09_28_drive_0037_sync_image_0000000059_image_02.png,0-10m,30355,0.492309767959185,49.2309767959185,7.118518044316819,98.53401416570581,2.4027712603276563,2.415170669555664,1216x352,1344x392
640,2011_09_28_drive_0037_sync_image_0000000059_image_02.png,0-20m,49512,0.7624507000554569,76.24507000554568,7.644623335819564,97.20875747293586,2.4027712603276563,2.415170669555664,1216x352,1344x392
640,2011_09_28_drive_0037_sync_image_0000000059_image_02.png,0-40m,53815,1.0035514395509213,100.35514395509213,8.048335993983398,95.96766700733997,2.4027712603276563,2.415170669555664,1216x352,1344x392
640,2011_09_28_drive_0037_sync_image_0000000059_image_02.png,0-80m,60703,2.4502779733128612,245.02779733128614,10.14930607453752,88.49809729337925,2.4027712603276563,2.415170669555664,1216x352,1344x392
641,2011_09_28_drive_0037_sync_image_0000000062_image_03.png,0-10m,27772,0.6013620286926694,60.13620286926694,8.69632493032902,97.68111767247586,2.4010924010429497,2.415170669555664,1216x352,1344x392
641,2011_09_28_drive_0037_sync_image_0000000062_image_03.png,0-20m,43734,0.7582418880666753,75.82418880666752,8.124897925809051,96.74623862441122,2.4010924010429497,2.415170669555664,1216x352,1344x392
641,2011_09_28_drive_0037_sync_image_0000000062_image_03.png,0-40m,48076,1.108387707642345,110.8387707642345,8.831291354787737,94.97878359264497,2.4010924010429497,2.415170669555664,1216x352,1344x392
641,2011_09_28_drive_0037_sync_image_0000000062_image_03.png,0-80m,53810,2.665846573502307,266.5846573502307,11.092800367873188,87.15852072105557,2.4010924010429497,2.415170669555664,1216x352,1344x392
642,2011_09_28_drive_0037_sync_image_0000000065_image_02.png,0-10m,24517,0.6622018721314011,66.22018721314011,9.316065363526471,96.81445527593098,2.416177954505161,2.415170669555664,1216x352,1344x392
642,2011_09_28_drive_0037_sync_image_0000000065_image_02.png,0-20m,43492,0.9343839147640637,93.43839147640637,9.360097069994293,96.61087096477513,2.416177954505161,2.415170669555664,1216x352,1344x392
642,2011_09_28_drive_0037_sync_image_0000000065_image_02.png,0-40m,47952,1.1520315699520451,115.20315699520451,9.536233241617763,95.69152485819153,2.416177954505161,2.415170669555664,1216x352,1344x392
642,2011_09_28_drive_0037_sync_image_0000000065_image_02.png,0-80m,53060,2.179578086779875,217.95780867798752,10.678992243096156,90.99886920467395,2.416177954505161,2.415170669555664,1216x352,1344x392
643,2011_09_28_drive_0037_sync_image_0000000068_image_03.png,0-10m,19879,0.7961410403917286,79.61410403917286,10.635309067950145,98.17395241209317,2.4179481388572412,2.415170669555664,1216x352,1344x392
643,2011_09_28_drive_0037_sync_image_0000000068_image_03.png,0-20m,38434,0.9716363412852391,97.16363412852391,9.472887408024379,97.94192641931623,2.4179481388572412,2.415170669555664,1216x352,1344x392
643,2011_09_28_drive_0037_sync_image_0000000068_image_03.png,0-40m,42143,1.3455515906928603,134.55515906928605,10.000209635934844,95.3657784210901,2.4179481388572412,2.415170669555664,1216x352,1344x392
643,2011_09_28_drive_0037_sync_image_0000000068_image_03.png,0-80m,47562,2.5294550073231536,252.94550073231537,11.302274495032806,89.9562676085951,2.4179481388572412,2.415170669555664,1216x352,1344x392
644,2011_09_28_drive_0037_sync_image_0000000071_image_02.png,0-10m,28220,0.6862088193460866,68.62088193460866,8.86655070832841,99.17788802267896,2.405435128779571,2.415170669555664,1216x352,1344x392
644,2011_09_28_drive_0037_sync_image_0000000071_image_02.png,0-20m,45574,0.8562809587513709,85.62809587513709,8.491667687081913,98.22925352174485,2.405435128779571,2.415170669555664,1216x352,1344x392
644,2011_09_28_drive_0037_sync_image_0000000071_image_02.png,0-40m,51007,1.1838255005526734,118.38255005526734,8.904175306415201,96.6867292724528,2.405435128779571,2.415170669555664,1216x352,1344x392
644,2011_09_28_drive_0037_sync_image_0000000071_image_02.png,0-80m,56728,2.1071770127225435,210.71770127225435,9.849821325515759,92.9029756028769,2.405435128779571,2.415170669555664,1216x352,1344x392
645,2011_09_28_drive_0037_sync_image_0000000074_image_03.png,0-10m,26734,0.7047750239437535,70.47750239437535,9.371633946608473,99.29677564150519,2.41729175825257,2.415170669555664,1216x352,1344x392
645,2011_09_28_drive_0037_sync_image_0000000074_image_03.png,0-20m,48580,0.9239976904724988,92.39976904724988,8.920429413549005,97.62247838616715,2.41729175825257,2.415170669555664,1216x352,1344x392
645,2011_09_28_drive_0037_sync_image_0000000074_image_03.png,0-40m,55160,1.5508897549177616,155.08897549177615,10.231280088481554,93.05293691080493,2.41729175825257,2.415170669555664,1216x352,1344x392
645,2011_09_28_drive_0037_sync_image_0000000074_image_03.png,0-80m,60314,2.118439867155192,211.8439867155192,10.634098631568753,91.61886129256888,2.41729175825257,2.415170669555664,1216x352,1344x392
646,2011_09_28_drive_0037_sync_image_0000000077_image_02.png,0-10m,31972,0.762355173810856,76.2355173810856,10.213883738913324,98.99599649693481,2.4169926182769097,2.415170669555664,1216x352,1344x392
646,2011_09_28_drive_0037_sync_image_0000000077_image_02.png,0-20m,53945,0.9844068979971689,98.44068979971688,10.010754450472348,97.6012605431458,2.4169926182769097,2.415170669555664,1216x352,1344x392
646,2011_09_28_drive_0037_sync_image_0000000077_image_02.png,0-40m,61311,1.2134143168395317,121.34143168395318,9.997883820870491,96.40358173900279,2.4169926182769097,2.415170669555664,1216x352,1344x392
646,2011_09_28_drive_0037_sync_image_0000000077_image_02.png,0-80m,66104,1.7727508137218315,177.27508137218314,10.420986138476955,94.30442938400097,2.4169926182769097,2.415170669555664,1216x352,1344x392
647,2011_09_28_drive_0037_sync_image_0000000080_image_03.png,0-10m,31093,0.723020497490378,72.3020497490378,10.257137260651582,99.33103914064259,2.424691506463471,2.415170669555664,1216x352,1344x392
647,2011_09_28_drive_0037_sync_image_0000000080_image_03.png,0-20m,49961,0.8382113468694485,83.82113468694486,9.359499558252292,98.47080722963912,2.424691506463471,2.415170669555664,1216x352,1344x392
647,2011_09_28_drive_0037_sync_image_0000000080_image_03.png,0-40m,56782,1.2217459730883482,122.17459730883482,9.892969744401642,95.17100489591772,2.424691506463471,2.415170669555664,1216x352,1344x392
647,2011_09_28_drive_0037_sync_image_0000000080_image_03.png,0-80m,61935,1.666572427922861,166.6572427922861,10.07114456680136,94.19875676112053,2.424691506463471,2.415170669555664,1216x352,1344x392
648,2011_09_28_drive_0037_sync_image_0000000083_image_02.png,0-10m,29435,0.8729737784393943,87.29737784393943,13.051432604438308,98.359096313912,2.4231779881350093,2.415170669555664,1216x352,1344x392
648,2011_09_28_drive_0037_sync_image_0000000083_image_02.png,0-20m,51176,0.9304564562937012,93.04564562937013,10.770713928624781,96.72502735657339,2.4231779881350093,2.415170669555664,1216x352,1344x392
648,2011_09_28_drive_0037_sync_image_0000000083_image_02.png,0-40m,58437,1.184195695933672,118.41956959336719,10.678849691752054,95.5712990057669,2.4231779881350093,2.415170669555664,1216x352,1344x392
648,2011_09_28_drive_0037_sync_image_0000000083_image_02.png,0-80m,64098,1.7054940373660465,170.54940373660466,10.899355456825067,93.83912134543979,2.4231779881350093,2.415170669555664,1216x352,1344x392
649,2011_09_29_drive_0026_sync_image_0000000005_image_03.png,0-10m,21575,0.7502598979105679,75.02598979105679,10.207117268172981,99.8702201622248,2.422864475209241,2.415170669555664,1216x352,1344x392
649,2011_09_29_drive_0026_sync_image_0000000005_image_03.png,0-20m,46133,0.8238905275511178,82.38905275511178,8.239760381964237,99.15028287776646,2.422864475209241,2.415170669555664,1216x352,1344x392
649,2011_09_29_drive_0026_sync_image_0000000005_image_03.png,0-40m,54367,1.0693322834909014,106.93322834909014,8.198196378017846,97.73943752644068,2.422864475209241,2.415170669555664,1216x352,1344x392
649,2011_09_29_drive_0026_sync_image_0000000005_image_03.png,0-80m,56827,1.2997948744821173,129.97948744821173,8.385314511921381,97.01022401323314,2.422864475209241,2.415170669555664,1216x352,1344x392
650,2011_09_29_drive_0026_sync_image_0000000008_image_02.png,0-10m,22593,0.6658463565887369,66.5846356588737,9.096423957197116,99.89377240738281,2.4184568890067633,2.415170669555664,1216x352,1344x392
650,2011_09_29_drive_0026_sync_image_0000000008_image_02.png,0-20m,50773,0.7372599400428343,73.72599400428344,7.368766473275001,99.5194296181041,2.4184568890067633,2.415170669555664,1216x352,1344x392
650,2011_09_29_drive_0026_sync_image_0000000008_image_02.png,0-40m,58874,0.9876344781265831,98.76344781265831,7.525221443404534,98.02119781227707,2.4184568890067633,2.415170669555664,1216x352,1344x392
650,2011_09_29_drive_0026_sync_image_0000000008_image_02.png,0-80m,61401,1.1751476355855996,117.51476355855996,7.65753379640349,97.51958437159004,2.4184568890067633,2.415170669555664,1216x352,1344x392
651,2011_09_29_drive_0026_sync_image_0000000011_image_03.png,0-10m,23389,0.7198752014229962,71.98752014229962,9.717415033269962,99.49548933259224,2.425544868292809,2.415170669555664,1216x352,1344x392
651,2011_09_29_drive_0026_sync_image_0000000011_image_03.png,0-20m,50483,0.7666714734647452,76.66714734647452,7.77925427420499,99.47308995107264,2.425544868292809,2.415170669555664,1216x352,1344x392
651,2011_09_29_drive_0026_sync_image_0000000011_image_03.png,0-40m,58736,0.9460431348681613,94.60431348681612,7.683244041266679,98.97677744483792,2.425544868292809,2.415170669555664,1216x352,1344x392
651,2011_09_29_drive_0026_sync_image_0000000011_image_03.png,0-80m,61852,1.1248466388756604,112.48466388756604,7.73793460338959,98.52066222595874,2.425544868292809,2.415170669555664,1216x352,1344x392
652,2011_09_29_drive_0026_sync_image_0000000014_image_02.png,0-10m,28739,0.625508411928061,62.5508411928061,8.257300067448432,99.87125508890358,2.4209264885634085,2.415170669555664,1216x352,1344x392
652,2011_09_29_drive_0026_sync_image_0000000014_image_02.png,0-20m,58071,0.6836008076842603,68.36008076842603,6.972882953493606,99.59532296671316,2.4209264885634085,2.415170669555664,1216x352,1344x392
652,2011_09_29_drive_0026_sync_image_0000000014_image_02.png,0-40m,66455,0.7999889924414817,79.99889924414816,6.789336855659619,99.23707772176661,2.4209264885634085,2.415170669555664,1216x352,1344x392
652,2011_09_29_drive_0026_sync_image_0000000014_image_02.png,0-80m,69182,1.0101623679209568,101.01623679209568,6.99592833813625,98.69763811396027,2.4209264885634085,2.415170669555664,1216x352,1344x392
653,2011_09_29_drive_0026_sync_image_0000000017_image_03.png,0-10m,31000,0.8220965082645416,82.20965082645417,10.683472879478865,99.71935483870968,2.418671564030891,2.415170669555664,1216x352,1344x392
653,2011_09_29_drive_0026_sync_image_0000000017_image_03.png,0-20m,61222,0.8174765958161672,81.74765958161672,8.426260046864941,99.6520858514913,2.418671564030891,2.415170669555664,1216x352,1344x392
653,2011_09_29_drive_0026_sync_image_0000000017_image_03.png,0-40m,69830,0.911275715007151,91.12757150071509,8.083822768787549,99.38278676786481,2.418671564030891,2.415170669555664,1216x352,1344x392
653,2011_09_29_drive_0026_sync_image_0000000017_image_03.png,0-80m,72689,1.0555233886864486,105.55233886864485,8.13068683527837,99.09339790064521,2.418671564030891,2.415170669555664,1216x352,1344x392
654,2011_09_29_drive_0026_sync_image_0000000020_image_02.png,0-10m,37269,0.7947432959337871,79.47432959337871,10.174688287088067,99.7128981190802,2.4297156163496694,2.415170669555664,1216x352,1344x392
654,2011_09_29_drive_0026_sync_image_0000000020_image_02.png,0-20m,70254,0.7667662165752527,76.67662165752527,8.040751228504961,99.69254419677172,2.4297156163496694,2.415170669555664,1216x352,1344x392
654,2011_09_29_drive_0026_sync_image_0000000020_image_02.png,0-40m,79918,0.8423726013339871,84.2372601333987,7.6560660614436875,99.43191771565854,2.4297156163496694,2.415170669555664,1216x352,1344x392
654,2011_09_29_drive_0026_sync_image_0000000020_image_02.png,0-80m,84212,1.0844833726232446,108.44833726232446,7.858914371915889,98.92770626514036,2.4297156163496694,2.415170669555664,1216x352,1344x392
655,2011_09_29_drive_0026_sync_image_0000000023_image_03.png,0-10m,38820,0.8920205910632071,89.2020591063207,11.608955837288368,99.36373003606388,2.4248126226351,2.415170669555664,1216x352,1344x392
655,2011_09_29_drive_0026_sync_image_0000000023_image_03.png,0-20m,71108,0.8636263930208136,86.36263930208136,9.21251207362702,99.5387298194296,2.4248126226351,2.415170669555664,1216x352,1344x392
655,2011_09_29_drive_0026_sync_image_0000000023_image_03.png,0-40m,80048,0.9244346479737661,92.4434647973766,8.747535827847218,99.37662402558465,2.4248126226351,2.415170669555664,1216x352,1344x392
655,2011_09_29_drive_0026_sync_image_0000000023_image_03.png,0-80m,83897,1.0989405742633305,109.89405742633305,8.787544083460487,98.99519649093531,2.4248126226351,2.415170669555664,1216x352,1344x392
656,2011_09_29_drive_0026_sync_image_0000000026_image_02.png,0-10m,41907,0.8521730056609951,85.21730056609951,11.21470051059018,99.64206457155129,2.423089914646633,2.415170669555664,1216x352,1344x392
656,2011_09_29_drive_0026_sync_image_0000000026_image_02.png,0-20m,74057,0.8141168208252124,81.41168208252124,8.907127003475244,99.67052405579486,2.423089914646633,2.415170669555664,1216x352,1344x392
656,2011_09_29_drive_0026_sync_image_0000000026_image_02.png,0-40m,83365,0.8717312646471288,87.17312646471288,8.445169601250317,99.39423019252685,2.423089914646633,2.415170669555664,1216x352,1344x392
656,2011_09_29_drive_0026_sync_image_0000000026_image_02.png,0-80m,87122,1.0647738498749395,106.47738498749395,8.566775327633627,98.98533091526825,2.423089914646633,2.415170669555664,1216x352,1344x392
657,2011_09_29_drive_0026_sync_image_0000000029_image_03.png,0-10m,39210,0.8674261685142527,86.74261685142527,11.488565354767758,99.40321346595256,2.4282424018253455,2.415170669555664,1216x352,1344x392
657,2011_09_29_drive_0026_sync_image_0000000029_image_03.png,0-20m,69277,0.8494694333880624,84.94694333880624,9.25416461029654,99.50777314260144,2.4282424018253455,2.415170669555664,1216x352,1344x392
657,2011_09_29_drive_0026_sync_image_0000000029_image_03.png,0-40m,77182,0.8960942682019261,89.60942682019261,8.805236374336287,99.34440672695706,2.4282424018253455,2.415170669555664,1216x352,1344x392
657,2011_09_29_drive_0026_sync_image_0000000029_image_03.png,0-80m,80202,1.0770177814491444,107.70177814491444,8.92902812701207,99.000024937034,2.4282424018253455,2.415170669555664,1216x352,1344x392
658,2011_09_29_drive_0026_sync_image_0000000035_image_02.png,0-10m,36304,0.7053684157755681,70.53684157755681,9.34186516425299,99.27005288673423,2.425786106220747,2.415170669555664,1216x352,1344x392
658,2011_09_29_drive_0026_sync_image_0000000035_image_02.png,0-20m,62260,0.7367488643114413,73.67488643114413,7.9128865720271975,99.37198843559267,2.425786106220747,2.415170669555664,1216x352,1344x392
658,2011_09_29_drive_0026_sync_image_0000000035_image_02.png,0-40m,70278,0.8290658982993767,82.90658982993767,7.625461647536053,99.08506218162157,2.425786106220747,2.415170669555664,1216x352,1344x392
658,2011_09_29_drive_0026_sync_image_0000000035_image_02.png,0-80m,74711,1.1216106155668573,112.16106155668572,7.898363999933132,98.37641043487572,2.425786106220747,2.415170669555664,1216x352,1344x392
659,2011_09_29_drive_0026_sync_image_0000000041_image_03.png,0-10m,33928,0.943387976304958,94.33879763049579,12.47952543275649,99.31619900966753,2.429661895458441,2.415170669555664,1216x352,1344x392
659,2011_09_29_drive_0026_sync_image_0000000041_image_03.png,0-20m,60339,0.9667236132408314,96.67236132408314,10.30196060897142,99.44646082964583,2.429661895458441,2.415170669555664,1216x352,1344x392
659,2011_09_29_drive_0026_sync_image_0000000041_image_03.png,0-40m,68137,1.1046156246822363,110.46156246822363,10.014300693191656,99.16051484509151,2.429661895458441,2.415170669555664,1216x352,1344x392
659,2011_09_29_drive_0026_sync_image_0000000041_image_03.png,0-80m,71312,1.2969013792678918,129.6901379267892,10.073283039738051,98.77439982050706,2.429661895458441,2.415170669555664,1216x352,1344x392
660,2011_09_29_drive_0026_sync_image_0000000047_image_02.png,0-10m,38214,0.8433827109193854,84.33827109193854,11.111664169714027,99.19139582352018,2.4329378918084865,2.415170669555664,1216x352,1344x392
660,2011_09_29_drive_0026_sync_image_0000000047_image_02.png,0-20m,71538,0.8779324765421213,87.79324765421212,9.117053269202573,99.40031871173363,2.4329378918084865,2.415170669555664,1216x352,1344x392
660,2011_09_29_drive_0026_sync_image_0000000047_image_02.png,0-40m,81135,0.9985519070365831,99.85519070365831,8.84889616886361,99.06575460652,2.4329378918084865,2.415170669555664,1216x352,1344x392
660,2011_09_29_drive_0026_sync_image_0000000047_image_02.png,0-80m,84612,1.167396497671212,116.7396497671212,8.926601542405045,98.69049307426843,2.4329378918084865,2.415170669555664,1216x352,1344x392
661,2011_09_29_drive_0026_sync_image_0000000053_image_03.png,0-10m,36804,1.0004284081154835,100.04284081154834,13.212830852895108,98.83980002173676,2.4150949228952907,2.415170669555664,1216x352,1344x392
661,2011_09_29_drive_0026_sync_image_0000000053_image_03.png,0-20m,65361,1.0579884651852227,105.79884651852227,11.176415561896741,99.20594850139992,2.4150949228952907,2.415170669555664,1216x352,1344x392
661,2011_09_29_drive_0026_sync_image_0000000053_image_03.png,0-40m,72087,1.1656337300974415,116.56337300974415,10.872979811204987,99.00675572572031,2.4150949228952907,2.415170669555664,1216x352,1344x392
661,2011_09_29_drive_0026_sync_image_0000000053_image_03.png,0-80m,74781,1.3393491430776512,133.93491430776513,10.941522119801586,98.5972372661505,2.4150949228952907,2.415170669555664,1216x352,1344x392
662,2011_09_29_drive_0026_sync_image_0000000059_image_02.png,0-10m,33182,0.9083699692754933,90.83699692754934,12.072404862330163,99.00247121933579,2.4205168819631324,2.415170669555664,1216x352,1344x392
662,2011_09_29_drive_0026_sync_image_0000000059_image_02.png,0-20m,56701,0.908826135171599,90.88261351715991,9.906166858780214,99.2716177845188,2.4205168819631324,2.415170669555664,1216x352,1344x392
662,2011_09_29_drive_0026_sync_image_0000000059_image_02.png,0-40m,62312,0.9881451040456622,98.81451040456622,9.5927480598325,98.96007189626395,2.4205168819631324,2.415170669555664,1216x352,1344x392
662,2011_09_29_drive_0026_sync_image_0000000059_image_02.png,0-80m,64477,1.170257097409004,117.02570974090041,9.730248519531346,98.39167455061495,2.4205168819631324,2.415170669555664,1216x352,1344x392
663,2011_09_29_drive_0026_sync_image_0000000080_image_03.png,0-10m,27077,0.9368188046861374,93.68188046861374,12.469502881602383,99.43494478708868,2.4250748862863176,2.415170669555664,1216x352,1344x392
663,2011_09_29_drive_0026_sync_image_0000000080_image_03.png,0-20m,45650,0.968476278580815,96.8476278580815,10.50006736194264,99.47864184008762,2.4250748862863176,2.415170669555664,1216x352,1344x392
663,2011_09_29_drive_0026_sync_image_0000000080_image_03.png,0-40m,50367,1.0683883104201835,106.83883104201834,10.195692195486366,99.17406238211527,2.4250748862863176,2.415170669555664,1216x352,1344x392
663,2011_09_29_drive_0026_sync_image_0000000080_image_03.png,0-80m,52429,1.244701120863383,124.47011208633829,10.250567496261528,98.93188884014572,2.4250748862863176,2.415170669555664,1216x352,1344x392
664,2011_09_29_drive_0026_sync_image_0000000086_image_02.png,0-10m,28706,0.7887573126408395,78.87573126408395,10.50241007366446,99.21619173691911,2.422791098981988,2.415170669555664,1216x352,1344x392
664,2011_09_29_drive_0026_sync_image_0000000086_image_02.png,0-20m,47948,0.7878527184527998,78.78527184527998,8.683175439789839,99.38475014599149,2.422791098981988,2.415170669555664,1216x352,1344x392
664,2011_09_29_drive_0026_sync_image_0000000086_image_02.png,0-40m,53112,0.8739083561575508,87.39083561575508,8.43677312651374,98.99269468293419,2.422791098981988,2.415170669555664,1216x352,1344x392
664,2011_09_29_drive_0026_sync_image_0000000086_image_02.png,0-80m,55156,1.0356688058802523,103.56688058802523,8.527180939567293,98.68192037131045,2.422791098981988,2.415170669555664,1216x352,1344x392
665,2011_09_29_drive_0026_sync_image_0000000104_image_03.png,0-10m,17325,0.8750160906187555,87.50160906187556,11.641395036848952,99.45165945165945,2.430066926383089,2.415170669555664,1216x352,1344x392
665,2011_09_29_drive_0026_sync_image_0000000104_image_03.png,0-20m,30330,0.8848154187792014,88.48154187792015,9.56178148407479,99.45598417408506,2.430066926383089,2.415170669555664,1216x352,1344x392
665,2011_09_29_drive_0026_sync_image_0000000104_image_03.png,0-40m,34097,0.9929304095794439,99.29304095794438,9.254276938962958,99.0292401091005,2.430066926383089,2.415170669555664,1216x352,1344x392
665,2011_09_29_drive_0026_sync_image_0000000104_image_03.png,0-80m,35721,1.245579651810982,124.55796518109821,9.474932253600286,98.48548472887097,2.430066926383089,2.415170669555664,1216x352,1344x392
666,2011_09_29_drive_0026_sync_image_0000000113_image_02.png,0-10m,24570,0.778803210788303,77.88032107883029,10.362808333275504,99.2022792022792,2.4299789419016906,2.415170669555664,1216x352,1344x392
666,2011_09_29_drive_0026_sync_image_0000000113_image_02.png,0-20m,41508,0.7947947376091677,79.47947376091678,8.647324129689787,99.38806976968296,2.4299789419016906,2.415170669555664,1216x352,1344x392
666,2011_09_29_drive_0026_sync_image_0000000113_image_02.png,0-40m,46633,0.9043894474233312,90.43894474233312,8.40393930693191,99.0264405035061,2.4299789419016906,2.415170669555664,1216x352,1344x392
666,2011_09_29_drive_0026_sync_image_0000000113_image_02.png,0-80m,48912,1.100830716218362,110.0830716218362,8.530475178758927,98.67926071311743,2.4299789419016906,2.415170669555664,1216x352,1344x392
667,2011_09_29_drive_0026_sync_image_0000000122_image_03.png,0-10m,27593,0.9331433778138694,93.31433778138694,12.472769016218399,99.28967491755155,2.4089547593308973,2.415170669555664,1216x352,1344x392
667,2011_09_29_drive_0026_sync_image_0000000122_image_03.png,0-20m,45729,0.9357931419502192,93.57931419502192,10.3703009150951,99.40081786175074,2.4089547593308973,2.415170669555664,1216x352,1344x392
667,2011_09_29_drive_0026_sync_image_0000000122_image_03.png,0-40m,50882,1.0209348055276242,102.09348055276241,9.951382128176482,99.10184348099524,2.4089547593308973,2.415170669555664,1216x352,1344x392
667,2011_09_29_drive_0026_sync_image_0000000122_image_03.png,0-80m,53060,1.2307178550875506,123.07178550875506,10.08221383343963,98.71277798718432,2.4089547593308973,2.415170669555664,1216x352,1344x392
668,2011_09_29_drive_0026_sync_image_0000000131_image_02.png,0-10m,17376,0.8557032061051268,85.57032061051268,11.384446685432682,99.17127071823204,2.402981427103091,2.415170669555664,1216x352,1344x392
668,2011_09_29_drive_0026_sync_image_0000000131_image_02.png,0-20m,29943,0.8486679825328759,84.86679825328758,9.27242185491425,99.3654610426477,2.402981427103091,2.415170669555664,1216x352,1344x392
668,2011_09_29_drive_0026_sync_image_0000000131_image_02.png,0-40m,34263,0.9576054068485401,95.760540684854,8.84380584743272,98.91719931121034,2.402981427103091,2.415170669555664,1216x352,1344x392
668,2011_09_29_drive_0026_sync_image_0000000131_image_02.png,0-80m,36285,1.1928810890637203,119.28810890637203,8.973369949794968,98.51729364751274,2.402981427103091,2.415170669555664,1216x352,1344x392
669,2011_09_30_drive_0016_sync_image_0000000005_image_03.png,0-10m,31520,0.8768817327954442,87.68817327954443,11.290764977462219,99.99048223350255,2.407162946646402,2.415170669555664,1216x352,1344x392
669,2011_09_30_drive_0016_sync_image_0000000005_image_03.png,0-20m,66332,0.8592011829067512,85.92011829067512,8.643420711450453,99.50702526683953,2.407162946646402,2.415170669555664,1216x352,1344x392
669,2011_09_30_drive_0016_sync_image_0000000005_image_03.png,0-40m,87688,1.3026384513816003,130.26384513816004,8.732829543870077,98.08525681963324,2.407162946646402,2.415170669555664,1216x352,1344x392
669,2011_09_30_drive_0016_sync_image_0000000005_image_03.png,0-80m,97910,1.763083445167483,176.3083445167483,8.970886869051197,97.11163313246858,2.407162946646402,2.415170669555664,1216x352,1344x392
670,2011_09_30_drive_0016_sync_image_0000000008_image_02.png,0-10m,31267,0.6770547227429128,67.70547227429128,8.66532047657263,100.0,2.3974479645277804,2.415170669555664,1216x352,1344x392
670,2011_09_30_drive_0016_sync_image_0000000008_image_02.png,0-20m,73078,0.7701472922555624,77.01472922555624,7.185723732670578,99.74000383152249,2.3974479645277804,2.415170669555664,1216x352,1344x392
670,2011_09_30_drive_0016_sync_image_0000000008_image_02.png,0-40m,93741,1.1874090244847344,118.74090244847343,7.558116383022191,98.30383716836818,2.3974479645277804,2.415170669555664,1216x352,1344x392
670,2011_09_30_drive_0016_sync_image_0000000008_image_02.png,0-80m,103447,1.7426159567236803,174.26159567236803,8.107771864688054,97.20339884191905,2.3974479645277804,2.415170669555664,1216x352,1344x392
671,2011_09_30_drive_0016_sync_image_0000000011_image_03.png,0-10m,31285,0.6753135697918234,67.53135697918235,8.61016661843168,99.53332267859997,2.3985365089889883,2.415170669555664,1216x352,1344x392
671,2011_09_30_drive_0016_sync_image_0000000011_image_03.png,0-20m,69519,0.7134257813475637,71.34257813475638,6.9590816530756845,99.58140939886937,2.3985365089889883,2.415170669555664,1216x352,1344x392
671,2011_09_30_drive_0016_sync_image_0000000011_image_03.png,0-40m,90454,1.1711166813453324,117.11166813453325,7.463038505378951,97.58551307847083,2.3985365089889883,2.415170669555664,1216x352,1344x392
671,2011_09_30_drive_0016_sync_image_0000000011_image_03.png,0-80m,99383,1.593702463941863,159.37024639418632,7.813579196226261,96.5346185967419,2.3985365089889883,2.415170669555664,1216x352,1344x392
672,2011_09_30_drive_0016_sync_image_0000000014_image_02.png,0-10m,45628,0.8043262066050647,80.43262066050647,9.839141245373735,99.73700359428422,2.409919033841503,2.415170669555664,1216x352,1344x392
672,2011_09_30_drive_0016_sync_image_0000000014_image_02.png,0-20m,81866,0.8051140232194286,80.51140232194285,8.074084912111124,99.79356509417829,2.409919033841503,2.415170669555664,1216x352,1344x392
672,2011_09_30_drive_0016_sync_image_0000000014_image_02.png,0-40m,102465,1.1539978395122412,115.39978395122412,8.23072562372853,98.67954911433172,2.409919033841503,2.415170669555664,1216x352,1344x392
672,2011_09_30_drive_0016_sync_image_0000000014_image_02.png,0-80m,110810,1.3896899214075764,138.96899214075765,8.23869082823055,98.31062178503745,2.409919033841503,2.415170669555664,1216x352,1344x392
673,2011_09_30_drive_0016_sync_image_0000000017_image_03.png,0-10m,34736,0.9542253149758282,95.42253149758282,12.203884278321574,96.9052280055274,2.3670179716939965,2.415170669555664,1216x352,1344x392
673,2011_09_30_drive_0016_sync_image_0000000017_image_03.png,0-20m,74574,1.0933389023002706,109.33389023002707,10.390497845883583,97.86788961300185,2.3670179716939965,2.415170669555664,1216x352,1344x392
673,2011_09_30_drive_0016_sync_image_0000000017_image_03.png,0-40m,92616,1.4474769648342458,144.7476964834246,10.390343739335876,96.90334283493132,2.3670179716939965,2.415170669555664,1216x352,1344x392
673,2011_09_30_drive_0016_sync_image_0000000017_image_03.png,0-80m,100629,1.674185912226627,167.41859122266268,10.262607447197608,96.6639835435113,2.3670179716939965,2.415170669555664,1216x352,1344x392
674,2011_09_30_drive_0016_sync_image_0000000020_image_02.png,0-10m,37886,0.8502926778272271,85.02926778272271,10.730117058462127,94.24853507892097,2.3721860240601487,2.415170669555664,1216x352,1344x392
674,2011_09_30_drive_0016_sync_image_0000000020_image_02.png,0-20m,75057,0.8830564334345948,88.30564334345948,8.873825324317702,96.97030257004677,2.3721860240601487,2.415170669555664,1216x352,1344x392
674,2011_09_30_drive_0016_sync_image_0000000020_image_02.png,0-40m,93491,1.1917498574403431,119.17498574403432,8.724589560438826,97.2114962937609,2.3721860240601487,2.415170669555664,1216x352,1344x392
674,2011_09_30_drive_0016_sync_image_0000000020_image_02.png,0-80m,99063,1.3697080269415145,136.97080269415144,8.705063397633893,97.08367402562006,2.3721860240601487,2.415170669555664,1216x352,1344x392
675,2011_09_30_drive_0016_sync_image_0000000023_image_03.png,0-10m,38798,1.102774380199614,110.2774380199614,13.921068990251056,76.6276612196505,2.263135180006748,2.415170669555664,1216x352,1344x392
675,2011_09_30_drive_0016_sync_image_0000000023_image_03.png,0-20m,72149,1.0713281443177571,107.13281443177571,11.12995950980351,86.38373366228222,2.263135180006748,2.415170669555664,1216x352,1344x392
675,2011_09_30_drive_0016_sync_image_0000000023_image_03.png,0-40m,95017,1.4196498852070605,141.96498852070604,10.547717777982669,88.81358072765926,2.263135180006748,2.415170669555664,1216x352,1344x392
675,2011_09_30_drive_0016_sync_image_0000000023_image_03.png,0-80m,100160,1.5448893949484672,154.48893949484673,10.378181449556857,89.10243610223642,2.263135180006748,2.415170669555664,1216x352,1344x392
676,2011_09_30_drive_0016_sync_image_0000000029_image_02.png,0-10m,30613,1.063459926984414,106.3459926984414,13.462818875873786,91.118152418907,2.259613298791229,2.415170669555664,1216x352,1344x392
676,2011_09_30_drive_0016_sync_image_0000000029_image_02.png,0-20m,67897,1.0231551687898315,102.31551687898315,10.14454664555282,95.28108752964049,2.259613298791229,2.415170669555664,1216x352,1344x392
676,2011_09_30_drive_0016_sync_image_0000000029_image_02.png,0-40m,90339,1.2450375415012072,124.50375415012071,9.410264992671229,96.20429714741142,2.259613298791229,2.415170669555664,1216x352,1344x392
676,2011_09_30_drive_0016_sync_image_0000000029_image_02.png,0-80m,95302,1.4363234842820012,143.63234842820012,9.40013946118329,95.62863318713144,2.259613298791229,2.415170669555664,1216x352,1344x392
677,2011_09_30_drive_0016_sync_image_0000000032_image_03.png,0-10m,30361,0.831010894512165,83.10108945121651,10.568581364338206,97.4605579526366,2.278550003706213,2.415170669555664,1216x352,1344x392
677,2011_09_30_drive_0016_sync_image_0000000032_image_03.png,0-20m,63518,0.8724101049488139,87.2410104948814,8.51594793460024,98.42564312478352,2.278550003706213,2.415170669555664,1216x352,1344x392
677,2011_09_30_drive_0016_sync_image_0000000032_image_03.png,0-40m,84440,1.1301300769900327,113.01300769900327,8.244852490476479,98.32780672666982,2.278550003706213,2.415170669555664,1216x352,1344x392
677,2011_09_30_drive_0016_sync_image_0000000032_image_03.png,0-80m,88771,1.2898818640053542,128.98818640053543,8.244016475272655,97.94189543882574,2.278550003706213,2.415170669555664,1216x352,1344x392
678,2011_09_30_drive_0016_sync_image_0000000038_image_02.png,0-10m,30117,0.9197629616903895,91.97629616903895,11.89565583593079,85.41687419065644,2.3871572848109226,2.415170669555664,1216x352,1344x392
678,2011_09_30_drive_0016_sync_image_0000000038_image_02.png,0-20m,66799,0.993591499688388,99.3591499688388,9.51862274728379,88.085150975314,2.3871572848109226,2.415170669555664,1216x352,1344x392
678,2011_09_30_drive_0016_sync_image_0000000038_image_02.png,0-40m,85182,1.1125284319420368,111.25284319420368,8.664855665458639,89.00002347913879,2.3871572848109226,2.415170669555664,1216x352,1344x392
678,2011_09_30_drive_0016_sync_image_0000000038_image_02.png,0-80m,89912,1.2859526467669082,128.59526467669082,8.645662528974077,88.72119405641071,2.3871572848109226,2.415170669555664,1216x352,1344x392
679,2011_09_30_drive_0016_sync_image_0000000041_image_03.png,0-10m,30120,0.7976951253683285,79.76951253683285,9.843845190530896,82.40039840637449,2.4031743048187098,2.415170669555664,1216x352,1344x392
679,2011_09_30_drive_0016_sync_image_0000000041_image_03.png,0-20m,63405,0.7894017495771338,78.94017495771338,7.79333749380028,86.4285151013327,2.4031743048187098,2.415170669555664,1216x352,1344x392
679,2011_09_30_drive_0016_sync_image_0000000041_image_03.png,0-40m,80400,0.9845078821443206,98.45078821443207,7.4825712249378045,88.29228855721392,2.4031743048187098,2.415170669555664,1216x352,1344x392
679,2011_09_30_drive_0016_sync_image_0000000041_image_03.png,0-80m,84887,1.1431888731787592,114.31888731787592,7.47766943598583,88.25733033326658,2.4031743048187098,2.415170669555664,1216x352,1344x392
680,2011_09_30_drive_0016_sync_image_0000000047_image_02.png,0-10m,27775,0.9012339931903499,90.12339931903499,11.384066290013884,86.85148514851485,2.406263407301861,2.415170669555664,1216x352,1344x392
680,2011_09_30_drive_0016_sync_image_0000000047_image_02.png,0-20m,62579,1.0694444872514273,106.94444872514272,9.839426031773954,88.64794899247352,2.406263407301861,2.415170669555664,1216x352,1344x392
680,2011_09_30_drive_0016_sync_image_0000000047_image_02.png,0-40m,80639,1.3074034918563693,130.74034918563692,9.386031536017324,90.10280385421446,2.406263407301861,2.415170669555664,1216x352,1344x392
680,2011_09_30_drive_0016_sync_image_0000000047_image_02.png,0-80m,85846,1.5209501752026209,152.09501752026208,9.36338806292584,90.38976772359807,2.406263407301861,2.415170669555664,1216x352,1344x392
681,2011_09_30_drive_0016_sync_image_0000000050_image_03.png,0-10m,23110,0.806718833660058,80.6718833660058,10.011321607404197,84.13241021202943,2.380982993586384,2.415170669555664,1216x352,1344x392
681,2011_09_30_drive_0016_sync_image_0000000050_image_03.png,0-20m,56737,1.0914478940984083,109.14478940984083,9.677632227884079,84.22193630258914,2.380982993586384,2.415170669555664,1216x352,1344x392
681,2011_09_30_drive_0016_sync_image_0000000050_image_03.png,0-40m,71690,1.2537672088009524,125.37672088009523,9.067654705092494,84.61989119821453,2.380982993586384,2.415170669555664,1216x352,1344x392
681,2011_09_30_drive_0016_sync_image_0000000050_image_03.png,0-80m,76311,1.4024327622960127,140.24327622960126,8.920257681710114,85.33894196118516,2.380982993586384,2.415170669555664,1216x352,1344x392
682,2011_09_30_drive_0016_sync_image_0000000056_image_02.png,0-10m,32884,1.1605142383676363,116.05142383676363,14.161131308646194,66.20544945870333,2.3760413297208447,2.415170669555664,1216x352,1344x392
682,2011_09_30_drive_0016_sync_image_0000000056_image_02.png,0-20m,61729,1.188174009906334,118.8174009906334,11.693779319877532,74.79790698051158,2.3760413297208447,2.415170669555664,1216x352,1344x392
682,2011_09_30_drive_0016_sync_image_0000000056_image_02.png,0-40m,78600,1.3284227844473666,132.84227844473665,10.67998776762282,78.74045801526718,2.3760413297208447,2.415170669555664,1216x352,1344x392
682,2011_09_30_drive_0016_sync_image_0000000056_image_02.png,0-80m,83780,1.5023360365585088,150.23360365585089,10.490495837006868,79.5416567199809,2.3760413297208447,2.415170669555664,1216x352,1344x392
683,2011_09_30_drive_0016_sync_image_0000000059_image_03.png,0-10m,26465,0.9418717070651059,94.18717070651059,11.561015654494454,72.21235594180993,2.396550501030199,2.415170669555664,1216x352,1344x392
683,2011_09_30_drive_0016_sync_image_0000000059_image_03.png,0-20m,57354,1.1354311589196697,113.54311589196698,10.462205724119055,78.06604596017715,2.396550501030199,2.415170669555664,1216x352,1344x392
683,2011_09_30_drive_0016_sync_image_0000000059_image_03.png,0-40m,72683,1.2892495987626333,128.92495987626333,9.677402699363268,81.86921288334274,2.396550501030199,2.415170669555664,1216x352,1344x392
683,2011_09_30_drive_0016_sync_image_0000000059_image_03.png,0-80m,77451,1.443725230201256,144.37252302012558,9.523113958232607,82.6780803346632,2.396550501030199,2.415170669555664,1216x352,1344x392
684,2011_09_30_drive_0016_sync_image_0000000065_image_02.png,0-10m,27617,0.9732602681076647,97.32602681076648,11.812337037213508,77.56092262012528,2.4205514500711582,2.415170669555664,1216x352,1344x392
684,2011_09_30_drive_0016_sync_image_0000000065_image_02.png,0-20m,59546,1.0849519236633216,108.49519236633216,10.300742770302845,81.26154569576461,2.4205514500711582,2.415170669555664,1216x352,1344x392
684,2011_09_30_drive_0016_sync_image_0000000065_image_02.png,0-40m,77617,1.3084924450773612,130.84924450773613,9.690022057255767,84.05246273367948,2.4205514500711582,2.415170669555664,1216x352,1344x392
684,2011_09_30_drive_0016_sync_image_0000000065_image_02.png,0-80m,83031,1.499643307261901,149.9643307261901,9.593058378111227,84.75268273295517,2.4205514500711582,2.415170669555664,1216x352,1344x392
685,2011_09_30_drive_0016_sync_image_0000000068_image_03.png,0-10m,25854,0.7368405555603519,73.68405555603519,9.359216605358267,90.423145354684,2.4074022805087116,2.415170669555664,1216x352,1344x392
685,2011_09_30_drive_0016_sync_image_0000000068_image_03.png,0-20m,53242,0.9060295678059167,90.60295678059167,8.26897256081656,90.34784568573683,2.4074022805087116,2.415170669555664,1216x352,1344x392
685,2011_09_30_drive_0016_sync_image_0000000068_image_03.png,0-40m,69693,1.0986603324484765,109.86603324484764,7.784952128529851,92.02071944097685,2.4074022805087116,2.415170669555664,1216x352,1344x392
685,2011_09_30_drive_0016_sync_image_0000000068_image_03.png,0-80m,74866,1.240995660700895,124.0995660700895,7.668872333967852,92.36368979242914,2.4074022805087116,2.415170669555664,1216x352,1344x392
686,2011_09_30_drive_0016_sync_image_0000000074_image_02.png,0-10m,28840,0.8205630295898316,82.05630295898317,10.366455935003128,86.69556171983356,2.1600058925510015,2.415170669555664,1216x352,1344x392
686,2011_09_30_drive_0016_sync_image_0000000074_image_02.png,0-20m,63389,0.9547859940801707,95.47859940801708,8.91462225350102,91.17039233936487,2.1600058925510015,2.415170669555664,1216x352,1344x392
686,2011_09_30_drive_0016_sync_image_0000000074_image_02.png,0-40m,81933,1.1486977981461555,114.86977981461554,8.395636332233973,92.92836830092881,2.1600058925510015,2.415170669555664,1216x352,1344x392
686,2011_09_30_drive_0016_sync_image_0000000074_image_02.png,0-80m,87535,1.2896613017341674,128.96613017341673,8.274526885402283,92.9399668703947,2.1600058925510015,2.415170669555664,1216x352,1344x392
687,2011_09_30_drive_0016_sync_image_0000000077_image_03.png,0-10m,30417,0.7193732651849939,71.93732651849939,9.08090415287931,97.55399940822566,2.064167111737666,2.415170669555664,1216x352,1344x392
687,2011_09_30_drive_0016_sync_image_0000000077_image_03.png,0-20m,64723,0.8372952691457708,83.72952691457708,7.8956909802120085,97.36106175548105,2.064167111737666,2.415170669555664,1216x352,1344x392
687,2011_09_30_drive_0016_sync_image_0000000077_image_03.png,0-40m,82556,1.0409772832112127,104.09772832112128,7.6096485343776585,97.32908571151702,2.064167111737666,2.415170669555664,1216x352,1344x392
687,2011_09_30_drive_0016_sync_image_0000000077_image_03.png,0-80m,88045,1.1707887088293192,117.07887088293192,7.5016759528008,97.30478732466352,2.064167111737666,2.415170669555664,1216x352,1344x392
688,2011_09_30_drive_0016_sync_image_0000000083_image_02.png,0-10m,30122,0.8228614701984746,82.28614701984746,10.351724376747534,96.4278600358542,2.2868265981222153,2.415170669555664,1216x352,1344x392
688,2011_09_30_drive_0016_sync_image_0000000083_image_02.png,0-20m,67597,0.9341589504087712,93.41589504087712,8.601261679106514,98.00286994984985,2.2868265981222153,2.415170669555664,1216x352,1344x392
688,2011_09_30_drive_0016_sync_image_0000000083_image_02.png,0-40m,86815,1.0645082379996773,106.45082379996774,7.929446128213454,97.96348557276968,2.2868265981222153,2.415170669555664,1216x352,1344x392
688,2011_09_30_drive_0016_sync_image_0000000083_image_02.png,0-80m,92189,1.1923343945897484,119.23343945897484,7.819705044515189,97.89345800475111,2.2868265981222153,2.415170669555664,1216x352,1344x392
689,2011_09_30_drive_0016_sync_image_0000000086_image_03.png,0-10m,29203,0.6825373135939553,68.25373135939553,8.523854232584746,99.45895969592165,2.380352192125433,2.415170669555664,1216x352,1344x392
689,2011_09_30_drive_0016_sync_image_0000000086_image_03.png,0-20m,65433,0.7606630531551112,76.06630531551112,7.15739737893657,99.71879632601286,2.380352192125433,2.415170669555664,1216x352,1344x392
689,2011_09_30_drive_0016_sync_image_0000000086_image_03.png,0-40m,83831,0.9177496086313818,91.77496086313818,6.7299033862042,99.54909281769274,2.380352192125433,2.415170669555664,1216x352,1344x392
689,2011_09_30_drive_0016_sync_image_0000000086_image_03.png,0-80m,88688,1.0562498750141247,105.62498750141248,6.6959805284466825,99.42946058091286,2.380352192125433,2.415170669555664,1216x352,1344x392
690,2011_09_30_drive_0016_sync_image_0000000092_image_02.png,0-10m,32420,0.9608684752621377,96.08684752621377,11.981968926467935,93.88340530536706,2.393534966350816,2.415170669555664,1216x352,1344x392
690,2011_09_30_drive_0016_sync_image_0000000092_image_02.png,0-20m,64588,1.0195628970579045,101.95628970579045,9.544005291560593,96.57831176069858,2.393534966350816,2.415170669555664,1216x352,1344x392
690,2011_09_30_drive_0016_sync_image_0000000092_image_02.png,0-40m,86485,1.201499989077267,120.14999890772671,8.778742512285513,97.32670405272592,2.393534966350816,2.415170669555664,1216x352,1344x392
690,2011_09_30_drive_0016_sync_image_0000000092_image_02.png,0-80m,91094,1.2911521671218615,129.11521671218617,8.623536059385572,97.30059059872221,2.393534966350816,2.415170669555664,1216x352,1344x392
691,2011_09_30_drive_0016_sync_image_0000000095_image_03.png,0-10m,21876,0.7152734950203895,71.52734950203894,9.355488643541685,99.16803803254707,2.3440563754833805,2.415170669555664,1216x352,1344x392
691,2011_09_30_drive_0016_sync_image_0000000095_image_03.png,0-20m,60751,1.0858034321597427,108.58034321597427,9.240442466651766,95.85356619644121,2.3440563754833805,2.415170669555664,1216x352,1344x392
691,2011_09_30_drive_0016_sync_image_0000000095_image_03.png,0-40m,82033,1.291232024412962,129.1232024412962,8.686246207937394,96.68182316872478,2.3440563754833805,2.415170669555664,1216x352,1344x392
691,2011_09_30_drive_0016_sync_image_0000000095_image_03.png,0-80m,85561,1.433396938275957,143.3396938275957,8.6997980504277,96.53931113474597,2.3440563754833805,2.415170669555664,1216x352,1344x392
692,2011_09_30_drive_0016_sync_image_0000000101_image_02.png,0-10m,34676,0.9487707968854976,94.87707968854976,11.72045802392066,92.01753374091591,2.2688640160747813,2.415170669555664,1216x352,1344x392
692,2011_09_30_drive_0016_sync_image_0000000101_image_02.png,0-20m,74321,0.8894609663096105,88.94609663096105,8.829253763871506,95.58132963765289,2.2688640160747813,2.415170669555664,1216x352,1344x392
692,2011_09_30_drive_0016_sync_image_0000000101_image_02.png,0-40m,88512,0.9134508925702205,91.34508925702205,8.049403135361418,96.25474511930587,2.2688640160747813,2.415170669555664,1216x352,1344x392
692,2011_09_30_drive_0016_sync_image_0000000101_image_02.png,0-80m,92964,1.0473432265246758,104.73432265246758,8.000930990032252,96.27167505701132,2.2688640160747813,2.415170669555664,1216x352,1344x392
693,2011_09_30_drive_0016_sync_image_0000000104_image_03.png,0-10m,39017,0.7969645783643162,79.69645783643162,10.001353674017235,97.45751851756927,2.1753303185657145,2.415170669555664,1216x352,1344x392
693,2011_09_30_drive_0016_sync_image_0000000104_image_03.png,0-20m,71595,0.7382228880157033,73.82228880157034,7.63605404227429,98.35044346672254,2.1753303185657145,2.415170669555664,1216x352,1344x392
693,2011_09_30_drive_0016_sync_image_0000000104_image_03.png,0-40m,87257,0.8674652647187643,86.74652647187642,7.1951035914681745,98.60985365070997,2.1753303185657145,2.415170669555664,1216x352,1344x392
693,2011_09_30_drive_0016_sync_image_0000000104_image_03.png,0-80m,91563,1.0203969252304428,102.03969252304428,7.2335267169831825,98.38799515087973,2.1753303185657145,2.415170669555664,1216x352,1344x392
694,2011_09_30_drive_0016_sync_image_0000000110_image_02.png,0-10m,33487,0.9842074037214062,98.42074037214063,12.917840737782482,89.44963717263416,2.247334941707865,2.415170669555664,1216x352,1344x392
694,2011_09_30_drive_0016_sync_image_0000000110_image_02.png,0-20m,68749,1.088548854733608,108.8548854733608,10.761866040390297,94.52937497272687,2.247334941707865,2.415170669555664,1216x352,1344x392
694,2011_09_30_drive_0016_sync_image_0000000110_image_02.png,0-40m,86543,1.2537748788972665,125.37748788972665,9.899016147217798,95.20238494158974,2.247334941707865,2.415170669555664,1216x352,1344x392
694,2011_09_30_drive_0016_sync_image_0000000110_image_02.png,0-80m,91476,1.437360365924871,143.7360365924871,9.849145325227699,95.18780882417246,2.247334941707865,2.415170669555664,1216x352,1344x392
695,2011_09_30_drive_0016_sync_image_0000000113_image_03.png,0-10m,32018,0.8611792869336735,86.11792869336735,11.219218116875519,96.89549628334062,2.2473899936409367,2.415170669555664,1216x352,1344x392
695,2011_09_30_drive_0016_sync_image_0000000113_image_03.png,0-20m,66879,0.8982863543494509,89.8286354349451,8.892131023651803,98.01133390152364,2.2473899936409367,2.415170669555664,1216x352,1344x392
695,2011_09_30_drive_0016_sync_image_0000000113_image_03.png,0-40m,84216,1.1377462996165502,113.77462996165502,8.530635754630739,97.93150945188562,2.2473899936409367,2.415170669555664,1216x352,1344x392
695,2011_09_30_drive_0016_sync_image_0000000113_image_03.png,0-80m,89205,1.3470728508954786,134.70728508954787,8.568210265027956,97.86446948041029,2.2473899936409367,2.415170669555664,1216x352,1344x392
696,2011_09_30_drive_0016_sync_image_0000000116_image_02.png,0-10m,34332,0.8802961512599724,88.02961512599724,11.60155735845461,99.55435162530584,2.300742472551842,2.415170669555664,1216x352,1344x392
696,2011_09_30_drive_0016_sync_image_0000000116_image_02.png,0-20m,75280,0.8359230914734121,83.59230914734121,8.600752792662512,99.58554729011689,2.300742472551842,2.415170669555664,1216x352,1344x392
696,2011_09_30_drive_0016_sync_image_0000000116_image_02.png,0-40m,93295,1.1361307919207504,113.61307919207503,8.545921743829371,98.94742483520017,2.300742472551842,2.415170669555664,1216x352,1344x392
696,2011_09_30_drive_0016_sync_image_0000000116_image_02.png,0-80m,98435,1.3169373900529338,131.69373900529337,8.534350082921776,98.82765276578452,2.300742472551842,2.415170669555664,1216x352,1344x392
697,2011_09_30_drive_0016_sync_image_0000000119_image_03.png,0-10m,46006,0.5917568289393556,59.17568289393556,7.945870058042378,98.69364865452333,2.3220184471398895,2.415170669555664,1216x352,1344x392
697,2011_09_30_drive_0016_sync_image_0000000119_image_03.png,0-20m,79908,0.5129195230945355,51.29195230945355,5.841742645881454,99.22911348050258,2.3220184471398895,2.415170669555664,1216x352,1344x392
697,2011_09_30_drive_0016_sync_image_0000000119_image_03.png,0-40m,95673,0.7083090103519987,70.83090103519987,5.870866881158573,98.4018479612848,2.3220184471398895,2.415170669555664,1216x352,1344x392
697,2011_09_30_drive_0016_sync_image_0000000119_image_03.png,0-80m,100366,0.8672777881414792,86.72777881414791,5.944451916496361,98.35900603790128,2.3220184471398895,2.415170669555664,1216x352,1344x392
698,2011_09_30_drive_0016_sync_image_0000000122_image_02.png,0-10m,50605,0.6445071773983229,64.45071773983229,8.86884414959587,100.0,2.350932097457548,2.415170669555664,1216x352,1344x392
698,2011_09_30_drive_0016_sync_image_0000000122_image_02.png,0-20m,82929,0.6446976837802932,64.46976837802933,7.300314201598612,99.9228255495665,2.350932097457548,2.415170669555664,1216x352,1344x392
698,2011_09_30_drive_0016_sync_image_0000000122_image_02.png,0-40m,99768,0.8223441877167051,82.23441877167052,7.139466498068319,99.1590489936653,2.350932097457548,2.415170669555664,1216x352,1344x392
698,2011_09_30_drive_0016_sync_image_0000000122_image_02.png,0-80m,104726,0.9813739369811306,98.13739369811306,7.1734898339747595,99.09764528388367,2.350932097457548,2.415170669555664,1216x352,1344x392
699,2011_09_30_drive_0016_sync_image_0000000125_image_03.png,0-10m,38774,0.5180100900525373,51.80100900525373,7.353397750988629,99.91231237427142,2.310589965295032,2.415170669555664,1216x352,1344x392
699,2011_09_30_drive_0016_sync_image_0000000125_image_03.png,0-20m,69857,0.5372906098980866,53.729060989808666,5.838075915485089,99.71370084601399,2.310589965295032,2.415170669555664,1216x352,1344x392
699,2011_09_30_drive_0016_sync_image_0000000125_image_03.png,0-40m,83575,0.6394157970860944,63.94157970860944,5.575190313712865,99.05713431049955,2.310589965295032,2.415170669555664,1216x352,1344x392
699,2011_09_30_drive_0016_sync_image_0000000125_image_03.png,0-80m,87298,0.7237466101701154,72.37466101701155,5.534912318253071,99.04236064972851,2.310589965295032,2.415170669555664,1216x352,1344x392
700,2011_09_30_drive_0016_sync_image_0000000128_image_02.png,0-10m,30640,0.5805569996410499,58.05569996410499,8.211150528262449,99.74216710182768,2.3322054010249746,2.415170669555664,1216x352,1344x392
700,2011_09_30_drive_0016_sync_image_0000000128_image_02.png,0-20m,59635,0.5898626164077883,58.98626164077883,6.397712127548008,99.34769849920349,2.3322054010249746,2.415170669555664,1216x352,1344x392
700,2011_09_30_drive_0016_sync_image_0000000128_image_02.png,0-40m,71209,0.7065072528171784,70.65072528171784,6.1083085324136315,98.93131486188544,2.3322054010249746,2.415170669555664,1216x352,1344x392
700,2011_09_30_drive_0016_sync_image_0000000128_image_02.png,0-80m,75672,0.8153760124051882,81.53760124051882,6.026984821189178,98.9190189237763,2.3322054010249746,2.415170669555664,1216x352,1344x392
701,2011_09_30_drive_0016_sync_image_0000000131_image_03.png,0-10m,30349,0.3920953745833967,39.209537458339675,4.951741517356284,99.2586246663811,2.390550440931314,2.415170669555664,1216x352,1344x392
701,2011_09_30_drive_0016_sync_image_0000000131_image_03.png,0-20m,50403,0.45355522773796714,45.355522773796714,4.417621981419584,99.05362776025235,2.390550440931314,2.415170669555664,1216x352,1344x392
701,2011_09_30_drive_0016_sync_image_0000000131_image_03.png,0-40m,62799,0.6686743591983587,66.86743591983587,4.632477464614884,98.68469243140814,2.390550440931314,2.415170669555664,1216x352,1344x392
701,2011_09_30_drive_0016_sync_image_0000000131_image_03.png,0-80m,67346,0.7858212068869447,78.58212068869447,4.625460305186849,98.7334065868797,2.390550440931314,2.415170669555664,1216x352,1344x392
702,2011_09_30_drive_0016_sync_image_0000000134_image_02.png,0-10m,32428,0.5314233950435181,53.14233950435181,7.913122731781984,99.91365486616505,2.4018126960681134,2.415170669555664,1216x352,1344x392
702,2011_09_30_drive_0016_sync_image_0000000134_image_02.png,0-20m,54814,0.5887500077869889,58.87500077869889,6.643984076662902,99.82121355857993,2.4018126960681134,2.415170669555664,1216x352,1344x392
702,2011_09_30_drive_0016_sync_image_0000000134_image_02.png,0-40m,70104,0.8448403713387005,84.48403713387005,6.612463772383038,98.12849480771425,2.4018126960681134,2.415170669555664,1216x352,1344x392
702,2011_09_30_drive_0016_sync_image_0000000134_image_02.png,0-80m,75719,1.0277797581772634,102.77797581772634,6.563280476134267,98.17350995126719,2.4018126960681134,2.415170669555664,1216x352,1344x392
703,2011_09_30_drive_0016_sync_image_0000000137_image_03.png,0-10m,26786,0.7799824974868542,77.99824974868542,10.881894516471755,96.41230493541401,2.4205578951136486,2.415170669555664,1216x352,1344x392
703,2011_09_30_drive_0016_sync_image_0000000137_image_03.png,0-20m,51928,0.8031666875574258,80.31666875574258,8.374157465356001,96.26020643968572,2.4205578951136486,2.415170669555664,1216x352,1344x392
703,2011_09_30_drive_0016_sync_image_0000000137_image_03.png,0-40m,69876,1.1495196246870176,114.95196246870177,8.624310434444885,92.23910927929475,2.4205578951136486,2.415170669555664,1216x352,1344x392
703,2011_09_30_drive_0016_sync_image_0000000137_image_03.png,0-80m,75147,1.2870012372991928,128.70012372991928,8.402479562258957,92.68234260848736,2.4205578951136486,2.415170669555664,1216x352,1344x392
704,2011_09_30_drive_0016_sync_image_0000000140_image_02.png,0-10m,26162,0.709255369410731,70.92553694107309,10.10639742411025,98.81889763779527,2.3833022034181544,2.415170669555664,1216x352,1344x392
704,2011_09_30_drive_0016_sync_image_0000000140_image_02.png,0-20m,57659,1.8351338251743698,183.51338251743698,14.516677651468129,80.83907109037618,2.3833022034181544,2.415170669555664,1216x352,1344x392
704,2011_09_30_drive_0016_sync_image_0000000140_image_02.png,0-40m,72251,1.7195411337378763,171.95411337378764,12.51380594315871,83.85074255027612,2.3833022034181544,2.415170669555664,1216x352,1344x392
704,2011_09_30_drive_0016_sync_image_0000000140_image_02.png,0-80m,76767,1.773073865260857,177.3073865260857,12.034680914803172,84.71218101528001,2.3833022034181544,2.415170669555664,1216x352,1344x392
705,2011_09_30_drive_0016_sync_image_0000000143_image_03.png,0-10m,24528,0.43247428342009864,43.24742834200986,6.105520925304462,98.74429223744292,2.3857784699455546,2.415170669555664,1216x352,1344x392
705,2011_09_30_drive_0016_sync_image_0000000143_image_03.png,0-20m,54643,1.3500155480424636,135.00155480424635,11.62356191719917,80.56841681459656,2.3857784699455546,2.415170669555664,1216x352,1344x392
705,2011_09_30_drive_0016_sync_image_0000000143_image_03.png,0-40m,70818,1.2966781827023084,129.66781827023084,9.868933954234341,84.8654296930159,2.3857784699455546,2.415170669555664,1216x352,1344x392
705,2011_09_30_drive_0016_sync_image_0000000143_image_03.png,0-80m,76087,1.4451738720033438,144.51738720033438,9.572073398277889,85.61777964698307,2.3857784699455546,2.415170669555664,1216x352,1344x392
706,2011_09_30_drive_0016_sync_image_0000000146_image_02.png,0-10m,29464,0.6107908949688858,61.079089496888585,7.645576100635154,95.69644311702416,2.380302898234659,2.415170669555664,1216x352,1344x392
706,2011_09_30_drive_0016_sync_image_0000000146_image_02.png,0-20m,59067,0.6247291679171785,62.47291679171785,6.337485627956618,92.93683444224355,2.380302898234659,2.415170669555664,1216x352,1344x392
706,2011_09_30_drive_0016_sync_image_0000000146_image_02.png,0-40m,78583,0.6963710150872754,69.63710150872754,5.587244833953155,94.58788796559053,2.380302898234659,2.415170669555664,1216x352,1344x392
706,2011_09_30_drive_0016_sync_image_0000000146_image_02.png,0-80m,84819,0.8996361867001821,89.9636186700182,5.597583910353389,94.66275244933328,2.380302898234659,2.415170669555664,1216x352,1344x392
707,2011_09_30_drive_0016_sync_image_0000000149_image_03.png,0-10m,28211,0.8983607970642683,89.83607970642683,11.989683460401952,98.2382758498458,2.3909533973152226,2.415170669555664,1216x352,1344x392
707,2011_09_30_drive_0016_sync_image_0000000149_image_03.png,0-20m,70596,0.7954681287427023,79.54681287427023,8.125180596044792,99.16567510907134,2.3909533973152226,2.415170669555664,1216x352,1344x392
707,2011_09_30_drive_0016_sync_image_0000000149_image_03.png,0-40m,90200,0.8294322305825227,82.94322305825227,7.102918421871797,99.25942350332593,2.3909533973152226,2.415170669555664,1216x352,1344x392
707,2011_09_30_drive_0016_sync_image_0000000149_image_03.png,0-80m,97062,1.0010133138463133,100.10133138463134,7.003013689665647,99.1067565061507,2.3909533973152226,2.415170669555664,1216x352,1344x392
708,2011_09_30_drive_0016_sync_image_0000000152_image_02.png,0-10m,46260,0.8060739846544971,80.6073984654497,10.208662741796328,98.17336792044962,2.4040403263136696,2.415170669555664,1216x352,1344x392
708,2011_09_30_drive_0016_sync_image_0000000152_image_02.png,0-20m,89176,0.6676638085681504,66.76638085681505,7.149874530432637,98.98403157800306,2.4040403263136696,2.415170669555664,1216x352,1344x392
708,2011_09_30_drive_0016_sync_image_0000000152_image_02.png,0-40m,108642,0.7480812577277307,74.80812577277307,6.568024639520149,99.1218865632076,2.4040403263136696,2.415170669555664,1216x352,1344x392
708,2011_09_30_drive_0016_sync_image_0000000152_image_02.png,0-80m,115290,0.8900662744827992,89.00662744827991,6.523581140051594,99.12134617052651,2.4040403263136696,2.415170669555664,1216x352,1344x392
709,2011_09_30_drive_0016_sync_image_0000000155_image_03.png,0-10m,38320,0.7602885099567301,76.02885099567301,9.990185456210396,99.60334029227558,2.341326544079001,2.415170669555664,1216x352,1344x392
709,2011_09_30_drive_0016_sync_image_0000000155_image_03.png,0-20m,75278,0.6330858542329494,63.308585423294936,6.918473258664608,99.70376471213369,2.341326544079001,2.415170669555664,1216x352,1344x392
709,2011_09_30_drive_0016_sync_image_0000000155_image_03.png,0-40m,92916,0.7744321056771019,77.44321056771018,6.52525843808028,99.71694864178397,2.341326544079001,2.415170669555664,1216x352,1344x392
709,2011_09_30_drive_0016_sync_image_0000000155_image_03.png,0-80m,99066,0.9265549613877241,92.6554961387724,6.485218048309668,99.60531362929764,2.341326544079001,2.415170669555664,1216x352,1344x392
710,2011_09_30_drive_0016_sync_image_0000000158_image_02.png,0-10m,38301,0.8100030135057641,81.00030135057641,10.613105910272242,96.7833738022506,2.2997868788138316,2.415170669555664,1216x352,1344x392
710,2011_09_30_drive_0016_sync_image_0000000158_image_02.png,0-20m,74071,0.7765988831135693,77.65988831135692,8.200690331846035,98.3245804700895,2.2997868788138316,2.415170669555664,1216x352,1344x392
710,2011_09_30_drive_0016_sync_image_0000000158_image_02.png,0-40m,93600,0.7894164149730634,78.94164149730634,7.134026519024629,98.64209401709402,2.2997868788138316,2.415170669555664,1216x352,1344x392
710,2011_09_30_drive_0016_sync_image_0000000158_image_02.png,0-80m,100661,0.9381423336831359,93.8142333683136,7.017167628077268,98.70158253941447,2.2997868788138316,2.415170669555664,1216x352,1344x392
711,2011_09_30_drive_0016_sync_image_0000000161_image_03.png,0-10m,32857,0.8882960215377355,88.82960215377355,11.480506091928415,97.32477097726512,2.2844209118925853,2.415170669555664,1216x352,1344x392
711,2011_09_30_drive_0016_sync_image_0000000161_image_03.png,0-20m,65257,0.8329689086688303,83.29689086688303,8.677295566691837,98.62849962456136,2.2844209118925853,2.415170669555664,1216x352,1344x392
711,2011_09_30_drive_0016_sync_image_0000000161_image_03.png,0-40m,84097,0.864216973966232,86.4216973966232,7.506793325501452,98.81684245573564,2.2844209118925853,2.415170669555664,1216x352,1344x392
711,2011_09_30_drive_0016_sync_image_0000000161_image_03.png,0-80m,89773,0.9941431560405664,99.41431560405664,7.380785901174932,98.84597818943335,2.2844209118925853,2.415170669555664,1216x352,1344x392
712,2011_09_30_drive_0016_sync_image_0000000164_image_02.png,0-10m,33120,0.96761415389137,96.761415389137,12.437040973957904,96.98671497584542,2.265980316209246,2.415170669555664,1216x352,1344x392
712,2011_09_30_drive_0016_sync_image_0000000164_image_02.png,0-20m,70190,0.8212546709375617,82.12546709375617,8.619855469691526,98.47414161561477,2.265980316209246,2.415170669555664,1216x352,1344x392
712,2011_09_30_drive_0016_sync_image_0000000164_image_02.png,0-40m,88595,0.8503116668000623,85.03116668000624,7.531686493603633,98.74372142897455,2.265980316209246,2.415170669555664,1216x352,1344x392
712,2011_09_30_drive_0016_sync_image_0000000164_image_02.png,0-80m,93190,0.9637465075574626,96.37465075574626,7.441872331351113,98.77132739564331,2.265980316209246,2.415170669555664,1216x352,1344x392
713,2011_09_30_drive_0016_sync_image_0000000167_image_03.png,0-10m,30359,0.8721248561275222,87.21248561275222,11.311067436921846,98.28057577654073,2.246740148608181,2.415170669555664,1216x352,1344x392
713,2011_09_30_drive_0016_sync_image_0000000167_image_03.png,0-20m,65009,0.7190242592043572,71.90242592043572,7.700767933251368,99.1601162915904,2.246740148608181,2.415170669555664,1216x352,1344x392
713,2011_09_30_drive_0016_sync_image_0000000167_image_03.png,0-40m,83745,0.790699725060244,79.0699725060244,6.794271026120324,99.27637470893784,2.246740148608181,2.415170669555664,1216x352,1344x392
713,2011_09_30_drive_0016_sync_image_0000000167_image_03.png,0-80m,88162,0.9066420840831946,90.66420840831945,6.741756484629627,99.22869263401466,2.246740148608181,2.415170669555664,1216x352,1344x392
714,2011_09_30_drive_0016_sync_image_0000000170_image_02.png,0-10m,38654,0.9257772454696354,92.57772454696354,12.00067320971843,94.3472861799555,2.28520448915716,2.415170669555664,1216x352,1344x392
714,2011_09_30_drive_0016_sync_image_0000000170_image_02.png,0-20m,69831,0.811332546507733,81.1332546507733,8.944261686491316,96.8566968824734,2.28520448915716,2.415170669555664,1216x352,1344x392
714,2011_09_30_drive_0016_sync_image_0000000170_image_02.png,0-40m,93366,0.8892747503808763,88.92747503808764,7.776302927389056,97.57727652464494,2.28520448915716,2.415170669555664,1216x352,1344x392
714,2011_09_30_drive_0016_sync_image_0000000170_image_02.png,0-80m,98552,1.010115937118223,101.01159371182229,7.67740616666616,97.62358957707606,2.28520448915716,2.415170669555664,1216x352,1344x392
715,2011_09_30_drive_0016_sync_image_0000000173_image_03.png,0-10m,34393,0.8498141125684645,84.98141125684646,11.057457492460882,96.58069956095717,2.3625336188326322,2.415170669555664,1216x352,1344x392
715,2011_09_30_drive_0016_sync_image_0000000173_image_03.png,0-20m,70200,0.7413513172861518,74.13513172861518,7.532893869154133,98.2022792022792,2.3625336188326322,2.415170669555664,1216x352,1344x392
715,2011_09_30_drive_0016_sync_image_0000000173_image_03.png,0-40m,91862,0.9076576415107194,90.76576415107193,7.02298880817695,98.45529163310182,2.3625336188326322,2.415170669555664,1216x352,1344x392
715,2011_09_30_drive_0016_sync_image_0000000173_image_03.png,0-80m,96390,1.0160791337830184,101.60791337830184,6.9871906991452795,98.40024898848428,2.3625336188326322,2.415170669555664,1216x352,1344x392
716,2011_09_30_drive_0016_sync_image_0000000176_image_02.png,0-10m,28168,0.9216008775276882,92.16008775276882,12.00298541784391,97.17054813973303,2.3258361554728673,2.415170669555664,1216x352,1344x392
716,2011_09_30_drive_0016_sync_image_0000000176_image_02.png,0-20m,75871,0.749695924197876,74.9695924197876,7.567671533164214,98.68988150940412,2.3258361554728673,2.415170669555664,1216x352,1344x392
716,2011_09_30_drive_0016_sync_image_0000000176_image_02.png,0-40m,96435,0.8200122975410592,82.00122975410592,6.805007128591738,98.58868668014725,2.3258361554728673,2.415170669555664,1216x352,1344x392
716,2011_09_30_drive_0016_sync_image_0000000176_image_02.png,0-80m,99648,0.9002518058540964,90.02518058540964,6.787750712641917,98.58401573538856,2.3258361554728673,2.415170669555664,1216x352,1344x392
717,2011_09_30_drive_0016_sync_image_0000000179_image_03.png,0-10m,30132,0.7913001654997268,79.13001654997268,10.112429142849134,97.57732643037302,2.3084425515184255,2.415170669555664,1216x352,1344x392
717,2011_09_30_drive_0016_sync_image_0000000179_image_03.png,0-20m,61381,0.6747252862708771,67.47252862708771,7.0858040796036335,98.69177758589792,2.3084425515184255,2.415170669555664,1216x352,1344x392
717,2011_09_30_drive_0016_sync_image_0000000179_image_03.png,0-40m,78604,0.808713983636516,80.87139836365161,6.584681996833405,98.78759350669178,2.3084425515184255,2.415170669555664,1216x352,1344x392
717,2011_09_30_drive_0016_sync_image_0000000179_image_03.png,0-80m,82127,0.9497010932522068,94.97010932522068,6.615887629612416,98.76776212451446,2.3084425515184255,2.415170669555664,1216x352,1344x392
718,2011_09_30_drive_0016_sync_image_0000000182_image_02.png,0-10m,28039,1.0102796855065184,101.02796855065183,12.868373669406486,93.37351546060843,2.2737277130070157,2.415170669555664,1216x352,1344x392
718,2011_09_30_drive_0016_sync_image_0000000182_image_02.png,0-20m,61839,0.8350435611522703,83.50435611522703,8.710569876595857,96.8579698895519,2.2737277130070157,2.415170669555664,1216x352,1344x392
718,2011_09_30_drive_0016_sync_image_0000000182_image_02.png,0-40m,77702,0.8848659236662293,88.48659236662293,7.737187774537259,97.37715888908909,2.2737277130070157,2.415170669555664,1216x352,1344x392
718,2011_09_30_drive_0016_sync_image_0000000182_image_02.png,0-80m,81108,0.9929149896369422,99.29149896369422,7.676010998486481,97.43305222666075,2.2737277130070157,2.415170669555664,1216x352,1344x392
719,2011_09_30_drive_0016_sync_image_0000000185_image_03.png,0-10m,23115,1.0651953390865339,106.51953390865339,13.584187370405756,91.47306943543154,2.3413287368217452,2.415170669555664,1216x352,1344x392
719,2011_09_30_drive_0016_sync_image_0000000185_image_03.png,0-20m,50819,0.9450355195485892,94.50355195485892,9.662162463202897,96.10775497353352,2.3413287368217452,2.415170669555664,1216x352,1344x392
719,2011_09_30_drive_0016_sync_image_0000000185_image_03.png,0-40m,65152,1.0316623489871943,103.16623489871944,8.684778114560913,96.76448919449902,2.3413287368217452,2.415170669555664,1216x352,1344x392
719,2011_09_30_drive_0016_sync_image_0000000185_image_03.png,0-80m,67186,1.161560187380805,116.1560187380805,8.689324403990277,96.73592712767541,2.3413287368217452,2.415170669555664,1216x352,1344x392
720,2011_09_30_drive_0016_sync_image_0000000188_image_02.png,0-10m,22311,0.8397931476842817,83.97931476842817,10.878071664717961,96.40984267849939,2.3543277369995135,2.415170669555664,1216x352,1344x392
720,2011_09_30_drive_0016_sync_image_0000000188_image_02.png,0-20m,49516,0.8849161428534279,88.49161428534279,8.586662257125878,98.27530495193473,2.3543277369995135,2.415170669555664,1216x352,1344x392
720,2011_09_30_drive_0016_sync_image_0000000188_image_02.png,0-40m,60919,1.0292906151336985,102.92906151336985,8.191422811920203,98.52919450417768,2.3543277369995135,2.415170669555664,1216x352,1344x392
720,2011_09_30_drive_0016_sync_image_0000000188_image_02.png,0-80m,62925,1.163779313773639,116.3779313773639,8.221683559232378,98.48708780294001,2.3543277369995135,2.415170669555664,1216x352,1344x392
721,2011_09_30_drive_0016_sync_image_0000000191_image_03.png,0-10m,17356,0.6664483850522644,66.64483850522645,8.659626671522197,99.66005992164094,2.282756876455759,2.415170669555664,1216x352,1344x392
721,2011_09_30_drive_0016_sync_image_0000000191_image_03.png,0-20m,34751,0.7014373797573963,70.14373797573963,6.890197369338267,99.62878766078674,2.282756876455759,2.415170669555664,1216x352,1344x392
721,2011_09_30_drive_0016_sync_image_0000000191_image_03.png,0-40m,42109,0.8659787534628454,86.59787534628454,6.847944449926548,99.66752950675628,2.282756876455759,2.415170669555664,1216x352,1344x392
721,2011_09_30_drive_0016_sync_image_0000000191_image_03.png,0-80m,44001,1.0679862779751819,106.79862779751818,6.99108951930989,99.41819504102179,2.282756876455759,2.415170669555664,1216x352,1344x392
722,2011_09_30_drive_0016_sync_image_0000000194_image_02.png,0-10m,17300,0.8018215418688823,80.18215418688823,10.349341684555629,97.31791907514452,2.236172459747428,2.415170669555664,1216x352,1344x392
722,2011_09_30_drive_0016_sync_image_0000000194_image_02.png,0-20m,32490,0.8743540525216255,87.43540525216254,8.466254520094886,98.54724530624807,2.236172459747428,2.415170669555664,1216x352,1344x392
722,2011_09_30_drive_0016_sync_image_0000000194_image_02.png,0-40m,43051,1.0687517137915794,106.87517137915793,7.983914543102015,98.81768135467236,2.236172459747428,2.415170669555664,1216x352,1344x392
722,2011_09_30_drive_0016_sync_image_0000000194_image_02.png,0-80m,45312,1.2953373198792086,129.53373198792087,8.101202158881248,98.43087923728814,2.236172459747428,2.415170669555664,1216x352,1344x392
723,2011_09_30_drive_0016_sync_image_0000000197_image_03.png,0-10m,11157,1.0101466263303238,101.01466263303239,15.390416761346442,95.94873173792237,2.2635009342127432,2.415170669555664,1216x352,1344x392
723,2011_09_30_drive_0016_sync_image_0000000197_image_03.png,0-20m,22451,1.136724241018497,113.6724241018497,11.757112444622996,97.81301501046724,2.2635009342127432,2.415170669555664,1216x352,1344x392
723,2011_09_30_drive_0016_sync_image_0000000197_image_03.png,0-40m,35441,1.4359816943094614,143.59816943094614,10.284501939501316,98.34372619282752,2.2635009342127432,2.415170669555664,1216x352,1344x392
723,2011_09_30_drive_0016_sync_image_0000000197_image_03.png,0-80m,37194,1.6279241632003711,162.79241632003712,10.276772211942834,98.05882669247728,2.2635009342127432,2.415170669555664,1216x352,1344x392
724,2011_09_30_drive_0016_sync_image_0000000200_image_02.png,0-10m,12327,1.0616087303879564,106.16087303879564,13.49176401764248,93.55074227305914,2.2639549617652257,2.415170669555664,1216x352,1344x392
724,2011_09_30_drive_0016_sync_image_0000000200_image_02.png,0-20m,33929,1.1284637055130993,112.84637055130993,10.153135743421595,97.17056205605824,2.2639549617652257,2.415170669555664,1216x352,1344x392
724,2011_09_30_drive_0016_sync_image_0000000200_image_02.png,0-40m,50328,1.3732861797374907,137.32861797374906,9.09518778840945,97.9176601494198,2.2639549617652257,2.415170669555664,1216x352,1344x392
724,2011_09_30_drive_0016_sync_image_0000000200_image_02.png,0-80m,52741,1.5895797096939999,158.95797096939998,9.227381971768676,97.55787717335659,2.2639549617652257,2.415170669555664,1216x352,1344x392
725,2011_09_30_drive_0016_sync_image_0000000203_image_03.png,0-10m,13707,1.06053608878137,106.053608878137,13.263336678784762,93.57262712482674,2.3468129576057324,2.415170669555664,1216x352,1344x392
725,2011_09_30_drive_0016_sync_image_0000000203_image_03.png,0-20m,34425,1.1537007388639207,115.37007388639206,10.472828854223154,97.039941902687,2.3468129576057324,2.415170669555664,1216x352,1344x392
725,2011_09_30_drive_0016_sync_image_0000000203_image_03.png,0-40m,49290,1.7684522153301399,176.84522153301398,10.992497534219618,96.26902008520997,2.3468129576057324,2.415170669555664,1216x352,1344x392
725,2011_09_30_drive_0016_sync_image_0000000203_image_03.png,0-80m,51280,1.9512032256390486,195.12032256390486,11.071202308808509,95.9789391575663,2.3468129576057324,2.415170669555664,1216x352,1344x392
726,2011_09_30_drive_0016_sync_image_0000000206_image_02.png,0-10m,16172,0.9966642996653335,99.66642996653336,12.860738582072056,87.83700222606974,2.369531801831667,2.415170669555664,1216x352,1344x392
726,2011_09_30_drive_0016_sync_image_0000000206_image_02.png,0-20m,37456,0.891643259666354,89.1643259666354,8.787629697648693,94.56428876548483,2.369531801831667,2.415170669555664,1216x352,1344x392
726,2011_09_30_drive_0016_sync_image_0000000206_image_02.png,0-40m,51611,1.1402930186642097,114.02930186642098,8.283244038408778,95.8904109589041,2.369531801831667,2.415170669555664,1216x352,1344x392
726,2011_09_30_drive_0016_sync_image_0000000206_image_02.png,0-80m,53695,1.3473256157678715,134.73256157678713,8.463610927315871,95.08334109321166,2.369531801831667,2.415170669555664,1216x352,1344x392
727,2011_09_30_drive_0016_sync_image_0000000209_image_03.png,0-10m,19054,0.9693099160353059,96.93099160353059,12.155739994801298,92.2850844966936,2.375160382638594,2.415170669555664,1216x352,1344x392
727,2011_09_30_drive_0016_sync_image_0000000209_image_03.png,0-20m,35427,1.0764549177143257,107.64549177143256,10.641404880982593,95.5542382928275,2.375160382638594,2.415170669555664,1216x352,1344x392
727,2011_09_30_drive_0016_sync_image_0000000209_image_03.png,0-40m,48068,1.8016205981337827,180.16205981337828,11.296809581764188,95.35657818091038,2.375160382638594,2.415170669555664,1216x352,1344x392
727,2011_09_30_drive_0016_sync_image_0000000209_image_03.png,0-80m,50002,2.048070046478384,204.8070046478384,11.478174477529825,94.28222871085157,2.375160382638594,2.415170669555664,1216x352,1344x392
728,2011_09_30_drive_0016_sync_image_0000000212_image_02.png,0-10m,16750,1.031964258108566,103.1964258108566,13.38485146765339,84.44776119402985,2.3625258047702813,2.415170669555664,1216x352,1344x392
728,2011_09_30_drive_0016_sync_image_0000000212_image_02.png,0-20m,30826,1.2344690267931269,123.44690267931269,12.012067170449974,90.78699798871082,2.3625258047702813,2.415170669555664,1216x352,1344x392
728,2011_09_30_drive_0016_sync_image_0000000212_image_02.png,0-40m,47086,1.9557361165906955,195.57361165906954,12.11370152226496,91.53039119908253,2.3625258047702813,2.415170669555664,1216x352,1344x392
728,2011_09_30_drive_0016_sync_image_0000000212_image_02.png,0-80m,49190,2.140814987259392,214.08149872593918,12.089311330502248,91.42305346615166,2.3625258047702813,2.415170669555664,1216x352,1344x392
729,2011_09_30_drive_0016_sync_image_0000000215_image_03.png,0-10m,16364,0.8246134829620253,82.46134829620253,10.77582322801228,95.25788315815204,2.3471880803928253,2.415170669555664,1216x352,1344x392
729,2011_09_30_drive_0016_sync_image_0000000215_image_03.png,0-20m,33541,0.9136313580893748,91.36313580893749,8.660636574636433,97.47771384275961,2.3471880803928253,2.415170669555664,1216x352,1344x392
729,2011_09_30_drive_0016_sync_image_0000000215_image_03.png,0-40m,49410,1.4483677692679686,144.83677692679686,9.04234376981931,96.72535923902043,2.3471880803928253,2.415170669555664,1216x352,1344x392
729,2011_09_30_drive_0016_sync_image_0000000215_image_03.png,0-80m,53008,1.7628733692772252,176.28733692772252,9.18296736251433,96.05908542106852,2.3471880803928253,2.415170669555664,1216x352,1344x392
730,2011_09_30_drive_0016_sync_image_0000000218_image_02.png,0-10m,22901,0.7952440510430787,79.52440510430787,10.592198287910318,99.1834417711017,2.2779281969327947,2.415170669555664,1216x352,1344x392
730,2011_09_30_drive_0016_sync_image_0000000218_image_02.png,0-20m,56322,0.7445249832945153,74.45249832945153,7.229585990880275,99.42296083235681,2.2779281969327947,2.415170669555664,1216x352,1344x392
730,2011_09_30_drive_0016_sync_image_0000000218_image_02.png,0-40m,76203,1.2970424202807787,129.70424202807786,8.00975454954285,97.50928441137489,2.2779281969327947,2.415170669555664,1216x352,1344x392
730,2011_09_30_drive_0016_sync_image_0000000218_image_02.png,0-80m,82170,1.7480114982759807,174.80114982759807,8.36813637379101,96.42935377875136,2.2779281969327947,2.415170669555664,1216x352,1344x392
731,2011_09_30_drive_0016_sync_image_0000000221_image_03.png,0-10m,29481,0.9991143168136944,99.91143168136945,12.941006799938737,88.97595061225874,2.3276540901849048,2.415170669555664,1216x352,1344x392
731,2011_09_30_drive_0016_sync_image_0000000221_image_03.png,0-20m,67285,0.9204243205707531,92.0424320570753,9.013903945335434,94.52478264100468,2.3276540901849048,2.415170669555664,1216x352,1344x392
731,2011_09_30_drive_0016_sync_image_0000000221_image_03.png,0-40m,83417,1.4481160609476937,144.8116060947694,9.803930818827757,91.7930397880528,2.3276540901849048,2.415170669555664,1216x352,1344x392
731,2011_09_30_drive_0016_sync_image_0000000221_image_03.png,0-80m,91978,1.899373835703821,189.9373835703821,9.927304149257568,91.47839700798018,2.3276540901849048,2.415170669555664,1216x352,1344x392
732,2011_09_30_drive_0016_sync_image_0000000224_image_02.png,0-10m,34294,0.906707708193358,90.6707708193358,11.82207438492107,92.60220446725374,2.380053627379075,2.415170669555664,1216x352,1344x392
732,2011_09_30_drive_0016_sync_image_0000000224_image_02.png,0-20m,72765,1.1050131524460247,110.50131524460247,10.310685560384181,87.87054215625643,2.380053627379075,2.415170669555664,1216x352,1344x392
732,2011_09_30_drive_0016_sync_image_0000000224_image_02.png,0-40m,88526,1.493207940761631,149.3207940761631,10.56051930750101,88.19555836703341,2.380053627379075,2.415170669555664,1216x352,1344x392
732,2011_09_30_drive_0016_sync_image_0000000224_image_02.png,0-80m,99168,1.9057526488810363,190.57526488810365,10.451131669780644,88.39545014520813,2.380053627379075,2.415170669555664,1216x352,1344x392
733,2011_09_30_drive_0016_sync_image_0000000227_image_03.png,0-10m,32054,0.8676895310266306,86.76895310266306,11.34739597863153,93.79796593248892,2.380760219705734,2.415170669555664,1216x352,1344x392
733,2011_09_30_drive_0016_sync_image_0000000227_image_03.png,0-20m,61549,1.0625657525120122,106.25657525120123,10.381365290677511,90.73908593153422,2.380760219705734,2.415170669555664,1216x352,1344x392
733,2011_09_30_drive_0016_sync_image_0000000227_image_03.png,0-40m,77908,1.6295960088490327,162.95960088490327,11.050167966330974,89.50043641217846,2.380760219705734,2.415170669555664,1216x352,1344x392
733,2011_09_30_drive_0016_sync_image_0000000227_image_03.png,0-80m,86330,2.0921513989089635,209.21513989089635,11.120667957086782,89.69072164948454,2.380760219705734,2.415170669555664,1216x352,1344x392
734,2011_09_30_drive_0016_sync_image_0000000230_image_02.png,0-10m,26080,0.7955768534925086,79.55768534925086,10.40787324703927,88.85736196319019,2.404197536562233,2.415170669555664,1216x352,1344x392
734,2011_09_30_drive_0016_sync_image_0000000230_image_02.png,0-20m,57602,1.2085553426998514,120.85553426998514,10.28663346062808,88.24867192111385,2.404197536562233,2.415170669555664,1216x352,1344x392
734,2011_09_30_drive_0016_sync_image_0000000230_image_02.png,0-40m,73337,1.8235601540997524,182.35601540997524,11.1106435023848,87.83015394684811,2.404197536562233,2.415170669555664,1216x352,1344x392
734,2011_09_30_drive_0016_sync_image_0000000230_image_02.png,0-80m,82134,2.301970197833574,230.19701978335738,11.16246046739234,87.91365329826868,2.404197536562233,2.415170669555664,1216x352,1344x392
735,2011_09_30_drive_0016_sync_image_0000000233_image_03.png,0-10m,27488,0.9628457747946241,96.28457747946241,12.585134028626452,88.79511059371362,2.320807548167272,2.415170669555664,1216x352,1344x392
735,2011_09_30_drive_0016_sync_image_0000000233_image_03.png,0-20m,54369,1.1561114399044914,115.61114399044914,11.030653424595581,87.2721587669444,2.320807548167272,2.415170669555664,1216x352,1344x392
735,2011_09_30_drive_0016_sync_image_0000000233_image_03.png,0-40m,69509,1.7298856168600774,172.98856168600773,11.600260968397457,87.105266943849,2.320807548167272,2.415170669555664,1216x352,1344x392
735,2011_09_30_drive_0016_sync_image_0000000233_image_03.png,0-80m,78260,2.147574024501433,214.7574024501433,11.440228666002374,87.23485816509073,2.320807548167272,2.415170669555664,1216x352,1344x392
736,2011_09_30_drive_0016_sync_image_0000000236_image_02.png,0-10m,25345,0.9879116675067781,98.7911667506778,12.681438228418415,89.74945748668375,2.21094932862323,2.415170669555664,1216x352,1344x392
736,2011_09_30_drive_0016_sync_image_0000000236_image_02.png,0-20m,56538,1.02806107036174,102.80610703617401,10.009651641082424,89.97665287063568,2.21094932862323,2.415170669555664,1216x352,1344x392
736,2011_09_30_drive_0016_sync_image_0000000236_image_02.png,0-40m,72705,1.4571543815924455,145.71543815924454,10.138095358836592,89.83151090021319,2.21094932862323,2.415170669555664,1216x352,1344x392
736,2011_09_30_drive_0016_sync_image_0000000236_image_02.png,0-80m,83860,2.051298619391325,205.1298619391325,10.386230331594646,88.79441927021226,2.21094932862323,2.415170669555664,1216x352,1344x392
737,2011_09_30_drive_0016_sync_image_0000000239_image_03.png,0-10m,28997,0.9187175523339788,91.87175523339788,12.874639791235722,92.87512501293237,2.1696416792477833,2.415170669555664,1216x352,1344x392
737,2011_09_30_drive_0016_sync_image_0000000239_image_03.png,0-20m,55562,0.7638082399656987,76.38082399656987,8.762080624941742,95.93787120694,2.1696416792477833,2.415170669555664,1216x352,1344x392
737,2011_09_30_drive_0016_sync_image_0000000239_image_03.png,0-40m,73155,1.1752333462454225,117.52333462454226,8.854948137190837,95.32636183446107,2.1696416792477833,2.415170669555664,1216x352,1344x392
737,2011_09_30_drive_0016_sync_image_0000000239_image_03.png,0-80m,82416,1.577803960525279,157.7803960525279,8.965841797463453,94.23412929528247,2.1696416792477833,2.415170669555664,1216x352,1344x392
738,2011_09_30_drive_0016_sync_image_0000000242_image_02.png,0-10m,30130,0.8333160259934941,83.33160259934941,11.028649992951282,90.78327248589446,2.2241963198925228,2.415170669555664,1216x352,1344x392
738,2011_09_30_drive_0016_sync_image_0000000242_image_02.png,0-20m,60401,0.8906998081050648,89.06998081050648,8.815483496089083,93.82626115461665,2.2241963198925228,2.415170669555664,1216x352,1344x392
738,2011_09_30_drive_0016_sync_image_0000000242_image_02.png,0-40m,80567,1.559386020300531,155.9386020300531,9.661306823145505,90.8486104732707,2.2241963198925228,2.415170669555664,1216x352,1344x392
738,2011_09_30_drive_0016_sync_image_0000000242_image_02.png,0-80m,86716,1.8104436366016659,181.0443636601666,9.72760346699114,90.86443101619078,2.2241963198925228,2.415170669555664,1216x352,1344x392
739,2011_09_30_drive_0016_sync_image_0000000245_image_03.png,0-10m,26487,0.92164148823314,92.164148823314,12.204724002027955,89.37969569977724,2.2582809469359355,2.415170669555664,1216x352,1344x392
739,2011_09_30_drive_0016_sync_image_0000000245_image_03.png,0-20m,55202,1.1283853458047823,112.83853458047824,10.48617417698661,90.38802941922394,2.2582809469359355,2.415170669555664,1216x352,1344x392
739,2011_09_30_drive_0016_sync_image_0000000245_image_03.png,0-40m,75263,1.530509314827156,153.0509314827156,10.060889721321379,91.34235945949537,2.2582809469359355,2.415170669555664,1216x352,1344x392
739,2011_09_30_drive_0016_sync_image_0000000245_image_03.png,0-80m,80498,1.714713347198362,171.4713347198362,9.971795368973865,91.55879649183831,2.2582809469359355,2.415170669555664,1216x352,1344x392
740,2011_09_30_drive_0016_sync_image_0000000248_image_02.png,0-10m,28073,0.9055286339426332,90.55286339426331,11.409461037113552,92.46607060164571,2.160332068921228,2.415170669555664,1216x352,1344x392
740,2011_09_30_drive_0016_sync_image_0000000248_image_02.png,0-20m,60416,1.0768861855632799,107.68861855632798,10.26065520307598,90.88652012711864,2.160332068921228,2.415170669555664,1216x352,1344x392
740,2011_09_30_drive_0016_sync_image_0000000248_image_02.png,0-40m,81033,1.4073292638487216,140.73292638487217,9.815533365328651,90.88766305085582,2.160332068921228,2.415170669555664,1216x352,1344x392
740,2011_09_30_drive_0016_sync_image_0000000248_image_02.png,0-80m,85225,1.5867881955230436,158.67881955230436,9.834294835861817,90.94279847462599,2.160332068921228,2.415170669555664,1216x352,1344x392
741,2011_09_30_drive_0016_sync_image_0000000251_image_03.png,0-10m,25448,0.6427087086208659,64.2708708620866,9.188109073266123,95.56743162527506,2.380577723242019,2.415170669555664,1216x352,1344x392
741,2011_09_30_drive_0016_sync_image_0000000251_image_03.png,0-20m,53820,0.6587143971812809,65.87143971812809,6.834636698771825,97.46191007060571,2.380577723242019,2.415170669555664,1216x352,1344x392
741,2011_09_30_drive_0016_sync_image_0000000251_image_03.png,0-40m,72647,1.0690128494461288,106.90128494461288,7.254856224788221,97.37360111222763,2.380577723242019,2.415170669555664,1216x352,1344x392
741,2011_09_30_drive_0016_sync_image_0000000251_image_03.png,0-80m,75060,1.238054316710257,123.80543167102569,7.420384791425357,96.86384225952571,2.380577723242019,2.415170669555664,1216x352,1344x392
742,2011_09_30_drive_0016_sync_image_0000000254_image_02.png,0-10m,25633,0.8549677619875298,85.49677619875298,11.062637252536373,93.2625911910428,2.386058546194088,2.415170669555664,1216x352,1344x392
742,2011_09_30_drive_0016_sync_image_0000000254_image_02.png,0-20m,59979,0.9566574571418027,95.66574571418028,8.749982123098631,93.14926891078544,2.386058546194088,2.415170669555664,1216x352,1344x392
742,2011_09_30_drive_0016_sync_image_0000000254_image_02.png,0-40m,77727,1.0693733708978455,106.93733708978455,7.981313756725942,94.48454205102475,2.386058546194088,2.415170669555664,1216x352,1344x392
742,2011_09_30_drive_0016_sync_image_0000000254_image_02.png,0-80m,80475,1.2204837538330182,122.04837538330182,8.07573168327443,94.29388008698353,2.386058546194088,2.415170669555664,1216x352,1344x392
743,2011_09_30_drive_0016_sync_image_0000000257_image_03.png,0-10m,26914,0.7829796871583016,78.29796871583015,10.025426289042406,97.59976220554358,2.2928485823676117,2.415170669555664,1216x352,1344x392
743,2011_09_30_drive_0016_sync_image_0000000257_image_03.png,0-20m,56435,0.8468420874632059,84.68420874632059,8.23701396445982,94.42721715247629,2.2928485823676117,2.415170669555664,1216x352,1344x392
743,2011_09_30_drive_0016_sync_image_0000000257_image_03.png,0-40m,67460,1.039175377844916,103.9175377844916,8.048730266920431,94.55084494515268,2.2928485823676117,2.415170669555664,1216x352,1344x392
743,2011_09_30_drive_0016_sync_image_0000000257_image_03.png,0-80m,71747,1.2280931799766044,122.80931799766044,8.051858369091669,94.53914449384642,2.2928485823676117,2.415170669555664,1216x352,1344x392
744,2011_09_30_drive_0016_sync_image_0000000260_image_02.png,0-10m,28556,0.8480208212295022,84.80208212295022,10.857088088860198,93.7281131811178,2.218858432854468,2.415170669555664,1216x352,1344x392
744,2011_09_30_drive_0016_sync_image_0000000260_image_02.png,0-20m,61782,0.8293232558973054,82.93232558973054,8.262300029841672,95.66864135185006,2.218858432854468,2.415170669555664,1216x352,1344x392
744,2011_09_30_drive_0016_sync_image_0000000260_image_02.png,0-40m,78185,1.0027652169688854,100.27652169688854,7.779486720872299,95.83935537507195,2.218858432854468,2.415170669555664,1216x352,1344x392
744,2011_09_30_drive_0016_sync_image_0000000260_image_02.png,0-80m,81590,1.1832230366128145,118.32230366128145,7.889379778117199,95.54357151611718,2.218858432854468,2.415170669555664,1216x352,1344x392
745,2011_09_30_drive_0016_sync_image_0000000263_image_03.png,0-10m,27083,0.6927231447438662,69.27231447438662,9.943729683085182,98.75936934608426,2.2253624558720024,2.415170669555664,1216x352,1344x392
745,2011_09_30_drive_0016_sync_image_0000000263_image_03.png,0-20m,55919,0.8144972820147592,81.44972820147592,7.91175553781682,95.84577692734133,2.2253624558720024,2.415170669555664,1216x352,1344x392
745,2011_09_30_drive_0016_sync_image_0000000263_image_03.png,0-40m,69163,1.0454908841714192,104.54908841714192,7.812759737880101,94.95250350620998,2.2253624558720024,2.415170669555664,1216x352,1344x392
745,2011_09_30_drive_0016_sync_image_0000000263_image_03.png,0-80m,72775,1.236138105267964,123.61381052679641,7.885905192789178,94.52559257986945,2.2253624558720024,2.415170669555664,1216x352,1344x392
746,2011_09_30_drive_0016_sync_image_0000000266_image_02.png,0-10m,20206,0.9595706146400329,95.95706146400329,12.56281857026505,89.90398891418391,2.2451219674416123,2.415170669555664,1216x352,1344x392
746,2011_09_30_drive_0016_sync_image_0000000266_image_02.png,0-20m,48614,1.281923007351067,128.1923007351067,11.648457045237897,84.22470893158349,2.2451219674416123,2.415170669555664,1216x352,1344x392
746,2011_09_30_drive_0016_sync_image_0000000266_image_02.png,0-40m,65776,1.4991665318901886,149.91665318901886,10.537050307544,85.72579664315252,2.2451219674416123,2.415170669555664,1216x352,1344x392
746,2011_09_30_drive_0016_sync_image_0000000266_image_02.png,0-80m,69703,1.6851244446106053,168.51244446106054,10.456650903072298,85.9618667776136,2.2451219674416123,2.415170669555664,1216x352,1344x392
747,2011_09_30_drive_0016_sync_image_0000000269_image_03.png,0-10m,18429,0.8338376253825519,83.38376253825518,10.682036747249962,97.29773726192414,2.3643434312280895,2.415170669555664,1216x352,1344x392
747,2011_09_30_drive_0016_sync_image_0000000269_image_03.png,0-20m,43573,0.9423684705606827,94.23684705606827,8.56338289031633,94.73068184426135,2.3643434312280895,2.415170669555664,1216x352,1344x392
747,2011_09_30_drive_0016_sync_image_0000000269_image_03.png,0-40m,57350,1.3268862901486411,132.68862901486412,8.679329359249486,92.91891891891892,2.3643434312280895,2.415170669555664,1216x352,1344x392
747,2011_09_30_drive_0016_sync_image_0000000269_image_03.png,0-80m,61643,1.5666389837021037,156.66389837021038,8.712004140645083,92.50198724916049,2.3643434312280895,2.415170669555664,1216x352,1344x392
748,2011_09_30_drive_0016_sync_image_0000000272_image_02.png,0-10m,16053,0.8916097955377587,89.16097955377586,11.839939523055747,94.56176415623247,2.348137164070017,2.415170669555664,1216x352,1344x392
748,2011_09_30_drive_0016_sync_image_0000000272_image_02.png,0-20m,38573,1.1418798077676053,114.18798077676054,10.416341054679986,89.56783242164208,2.348137164070017,2.415170669555664,1216x352,1344x392
748,2011_09_30_drive_0016_sync_image_0000000272_image_02.png,0-40m,51947,1.6702575884069688,167.02575884069688,10.613446806851114,86.51317689183206,2.348137164070017,2.415170669555664,1216x352,1344x392
748,2011_09_30_drive_0016_sync_image_0000000272_image_02.png,0-80m,56557,1.8895886063034046,188.95886063034047,10.417749407857436,87.26948034726028,2.348137164070017,2.415170669555664,1216x352,1344x392
749,2011_10_03_drive_0047_sync_image_0000000005_image_03.png,0-10m,29931,0.6739842992458042,67.39842992458041,8.631426976723402,99.9599077879122,2.3449303427575634,2.415170669555664,1216x352,1344x392
749,2011_10_03_drive_0047_sync_image_0000000005_image_03.png,0-20m,69903,0.9319121659747651,93.19121659747651,8.298298556783951,99.59801439137091,2.3449303427575634,2.415170669555664,1216x352,1344x392
749,2011_10_03_drive_0047_sync_image_0000000005_image_03.png,0-40m,82082,1.1563800093357404,115.63800093357403,8.463326538661116,98.7658682780634,2.3449303427575634,2.415170669555664,1216x352,1344x392
749,2011_10_03_drive_0047_sync_image_0000000005_image_03.png,0-80m,84920,1.3641728504670998,136.41728504671,8.650745335701721,98.32077249175694,2.3449303427575634,2.415170669555664,1216x352,1344x392
750,2011_10_03_drive_0047_sync_image_0000000011_image_02.png,0-10m,27385,0.7388217210726122,73.88217210726123,9.34577255719292,99.68230783275516,2.4049306851164376,2.415170669555664,1216x352,1344x392
750,2011_10_03_drive_0047_sync_image_0000000011_image_02.png,0-20m,67904,1.0120034209548248,101.20034209548248,8.965531308060616,98.60243873704053,2.4049306851164376,2.415170669555664,1216x352,1344x392
750,2011_10_03_drive_0047_sync_image_0000000011_image_02.png,0-40m,79841,1.2713264866983471,127.13264866983471,9.244447245069452,97.37979233727032,2.4049306851164376,2.415170669555664,1216x352,1344x392
750,2011_10_03_drive_0047_sync_image_0000000011_image_02.png,0-80m,83111,1.4223207694711828,142.2320769471183,9.275083823439271,96.88368567337658,2.4049306851164376,2.415170669555664,1216x352,1344x392
751,2011_10_03_drive_0047_sync_image_0000000017_image_03.png,0-10m,27182,0.7335898977234333,73.35898977234334,9.258245861753736,99.93010080200132,2.413779786042896,2.415170669555664,1216x352,1344x392
751,2011_10_03_drive_0047_sync_image_0000000017_image_03.png,0-20m,66502,1.0140027335839417,101.40027335839417,8.917603793523073,98.56094553547263,2.413779786042896,2.415170669555664,1216x352,1344x392
751,2011_10_03_drive_0047_sync_image_0000000017_image_03.png,0-40m,77776,1.2392710364482893,123.92710364482893,9.039078763030634,97.75252005760132,2.413779786042896,2.415170669555664,1216x352,1344x392
751,2011_10_03_drive_0047_sync_image_0000000017_image_03.png,0-80m,80890,1.4164874971863484,141.64874971863483,9.127953605299618,97.30745456793176,2.413779786042896,2.415170669555664,1216x352,1344x392
752,2011_10_03_drive_0047_sync_image_0000000023_image_02.png,0-10m,30044,0.8372482262634117,83.72482262634117,10.601055860299866,99.64718412994274,2.39456032520433,2.415170669555664,1216x352,1344x392
752,2011_10_03_drive_0047_sync_image_0000000023_image_02.png,0-20m,69393,1.115506844966326,111.55068449663258,10.060721803473866,98.1568746127131,2.39456032520433,2.415170669555664,1216x352,1344x392
752,2011_10_03_drive_0047_sync_image_0000000023_image_02.png,0-40m,79758,1.3490406780550934,134.90406780550933,10.165603380328117,97.52125178665463,2.39456032520433,2.415170669555664,1216x352,1344x392
752,2011_10_03_drive_0047_sync_image_0000000023_image_02.png,0-80m,82782,1.4686891727911087,146.86891727911086,10.120915996690053,97.37140924355536,2.39456032520433,2.415170669555664,1216x352,1344x392
753,2011_10_03_drive_0047_sync_image_0000000029_image_03.png,0-10m,29497,0.8055994141670463,80.55994141670463,10.234993537143119,99.45079160592603,2.329362004026248,2.415170669555664,1216x352,1344x392
753,2011_10_03_drive_0047_sync_image_0000000029_image_03.png,0-20m,66617,1.073256215482719,107.3256215482719,9.84925768240818,97.35202726030893,2.329362004026248,2.415170669555664,1216x352,1344x392
753,2011_10_03_drive_0047_sync_image_0000000029_image_03.png,0-40m,77058,1.3066135545192628,130.66135545192628,9.96093239471464,96.49225258895898,2.329362004026248,2.415170669555664,1216x352,1344x392
753,2011_10_03_drive_0047_sync_image_0000000029_image_03.png,0-80m,79838,1.427003774773385,142.7003774773385,9.912949870045315,96.31378541546633,2.329362004026248,2.415170669555664,1216x352,1344x392
754,2011_10_03_drive_0047_sync_image_0000000035_image_02.png,0-10m,30266,0.9034479038734111,90.3447903873411,11.394309885207555,97.93167250379963,2.2062640690721693,2.415170669555664,1216x352,1344x392
754,2011_10_03_drive_0047_sync_image_0000000035_image_02.png,0-20m,69783,1.2113356660447365,121.13356660447366,10.9264493605588,95.99472650932177,2.2062640690721693,2.415170669555664,1216x352,1344x392
754,2011_10_03_drive_0047_sync_image_0000000035_image_02.png,0-40m,83513,1.5883766926996605,158.83766926996606,11.286478313659533,94.93492031180774,2.2062640690721693,2.415170669555664,1216x352,1344x392
754,2011_10_03_drive_0047_sync_image_0000000035_image_02.png,0-80m,87835,1.7462010442942555,174.62010442942554,11.168599442307766,94.77884670120112,2.2062640690721693,2.415170669555664,1216x352,1344x392
755,2011_10_03_drive_0047_sync_image_0000000041_image_03.png,0-10m,26877,0.8226445997276268,82.26445997276268,10.355482308703575,98.48941474122856,2.096041897370923,2.415170669555664,1216x352,1344x392
755,2011_10_03_drive_0047_sync_image_0000000041_image_03.png,0-20m,65564,1.1838739635552942,118.38739635552942,10.257455511773706,97.28357025196755,2.096041897370923,2.415170669555664,1216x352,1344x392
755,2011_10_03_drive_0047_sync_image_0000000041_image_03.png,0-40m,79325,1.5241334354798575,152.41334354798573,10.506621871648418,96.77907343208321,2.096041897370923,2.415170669555664,1216x352,1344x392
755,2011_10_03_drive_0047_sync_image_0000000041_image_03.png,0-80m,82800,1.6721181720696785,167.21181720696785,10.463767326122877,96.58454106280193,2.096041897370923,2.415170669555664,1216x352,1344x392
756,2011_10_03_drive_0047_sync_image_0000000047_image_02.png,0-10m,25384,0.7947599873947038,79.47599873947038,9.878157402828018,97.93964702174598,2.298985871318246,2.415170669555664,1216x352,1344x392
756,2011_10_03_drive_0047_sync_image_0000000047_image_02.png,0-20m,63758,1.1551884220446618,115.51884220446618,9.88145948972044,97.35876282192038,2.298985871318246,2.415170669555664,1216x352,1344x392
756,2011_10_03_drive_0047_sync_image_0000000047_image_02.png,0-40m,77701,1.4606004573561182,146.06004573561182,10.085688379353174,96.7773902523777,2.298985871318246,2.415170669555664,1216x352,1344x392
756,2011_10_03_drive_0047_sync_image_0000000047_image_02.png,0-80m,81608,1.6277086923676558,162.77086923676558,10.06598296455015,96.53097735516127,2.298985871318246,2.415170669555664,1216x352,1344x392
757,2011_10_03_drive_0047_sync_image_0000000053_image_03.png,0-10m,25226,0.7355359835334729,73.5535983533473,9.321713095683377,98.92571156743043,2.212030170340727,2.415170669555664,1216x352,1344x392
757,2011_10_03_drive_0047_sync_image_0000000053_image_03.png,0-20m,58624,1.2250336491092064,122.50336491092064,10.426352612579098,98.21233624454149,2.212030170340727,2.415170669555664,1216x352,1344x392
757,2011_10_03_drive_0047_sync_image_0000000053_image_03.png,0-40m,71882,1.5484345848229117,154.84345848229117,10.570709053514435,97.18844773378594,2.212030170340727,2.415170669555664,1216x352,1344x392
757,2011_10_03_drive_0047_sync_image_0000000053_image_03.png,0-80m,75170,1.6857733692500572,168.5773369250057,10.514077063489824,96.9748569908208,2.212030170340727,2.415170669555664,1216x352,1344x392
758,2011_10_03_drive_0047_sync_image_0000000059_image_02.png,0-10m,24708,0.7732019838592816,77.32019838592817,10.121304925330211,98.23134207544115,2.1647786189762237,2.415170669555664,1216x352,1344x392
758,2011_10_03_drive_0047_sync_image_0000000059_image_02.png,0-20m,61611,1.308260458704617,130.82604587046168,10.988623014219002,97.43227670383536,2.1647786189762237,2.415170669555664,1216x352,1344x392
758,2011_10_03_drive_0047_sync_image_0000000059_image_02.png,0-40m,75242,1.5377361563790064,153.77361563790063,10.753751283998682,96.33715212248478,2.1647786189762237,2.415170669555664,1216x352,1344x392
758,2011_10_03_drive_0047_sync_image_0000000059_image_02.png,0-80m,79006,1.669889637395659,166.98896373956592,10.619514287071956,96.25344910513127,2.1647786189762237,2.415170669555664,1216x352,1344x392
759,2011_10_03_drive_0047_sync_image_0000000065_image_03.png,0-10m,23001,0.8527298347933707,85.27298347933707,11.238680768205013,99.43480718229642,2.250427581270575,2.415170669555664,1216x352,1344x392
759,2011_10_03_drive_0047_sync_image_0000000065_image_03.png,0-20m,61711,1.3031050293487816,130.31050293487817,11.314840799597619,97.29869877331431,2.250427581270575,2.415170669555664,1216x352,1344x392
759,2011_10_03_drive_0047_sync_image_0000000065_image_03.png,0-40m,73273,1.5944805471070618,159.44805471070617,11.421261481962123,96.51849931079661,2.250427581270575,2.415170669555664,1216x352,1344x392
759,2011_10_03_drive_0047_sync_image_0000000065_image_03.png,0-80m,78470,1.73997598340652,173.99759834065202,11.160228493212294,96.38970307123742,2.250427581270575,2.415170669555664,1216x352,1344x392
760,2011_10_03_drive_0047_sync_image_0000000071_image_02.png,0-10m,31134,1.00394646916353,100.394646916353,12.771210018673138,97.4690049463609,2.3160141025954992,2.415170669555664,1216x352,1344x392
760,2011_10_03_drive_0047_sync_image_0000000071_image_02.png,0-20m,71565,1.27140541995487,127.14054199548701,11.757665302925064,97.10333263466778,2.3160141025954992,2.415170669555664,1216x352,1344x392
760,2011_10_03_drive_0047_sync_image_0000000071_image_02.png,0-40m,81920,1.433430991199566,143.3430991199566,11.488748814553858,96.62109375,2.3160141025954992,2.415170669555664,1216x352,1344x392
760,2011_10_03_drive_0047_sync_image_0000000071_image_02.png,0-80m,85977,1.560273785140061,156.0273785140061,11.338454629093484,96.58164392802726,2.3160141025954992,2.415170669555664,1216x352,1344x392
761,2011_10_03_drive_0047_sync_image_0000000074_image_03.png,0-10m,30634,0.9462259594513276,94.62259594513276,11.9781908654518,97.19592609518836,2.2502751524427977,2.415170669555664,1216x352,1344x392
761,2011_10_03_drive_0047_sync_image_0000000074_image_03.png,0-20m,66694,1.2604679271735633,126.04679271735633,11.646428986686823,97.30260593156805,2.2502751524427977,2.415170669555664,1216x352,1344x392
761,2011_10_03_drive_0047_sync_image_0000000074_image_03.png,0-40m,77051,1.4483616706223443,144.83616706223444,11.446964930673891,96.89166915419656,2.2502751524427977,2.415170669555664,1216x352,1344x392
761,2011_10_03_drive_0047_sync_image_0000000074_image_03.png,0-80m,80247,1.5503392153645366,155.03392153645365,11.320115307471765,96.61420364624223,2.2502751524427977,2.415170669555664,1216x352,1344x392
762,2011_10_03_drive_0047_sync_image_0000000077_image_02.png,0-10m,34347,0.8649298815649906,86.49298815649907,11.091948052802662,99.56328063586339,2.2573220756598964,2.415170669555664,1216x352,1344x392
762,2011_10_03_drive_0047_sync_image_0000000077_image_02.png,0-20m,66853,1.1038825797201577,110.38825797201577,10.512106753248984,98.94096001675318,2.2573220756598964,2.415170669555664,1216x352,1344x392
762,2011_10_03_drive_0047_sync_image_0000000077_image_02.png,0-40m,77823,1.2876322260953523,128.76322260953523,10.324497785680421,98.66363414414762,2.2573220756598964,2.415170669555664,1216x352,1344x392
762,2011_10_03_drive_0047_sync_image_0000000077_image_02.png,0-80m,80919,1.431214562369182,143.12145623691822,10.319244906254644,98.5331010022368,2.2573220756598964,2.415170669555664,1216x352,1344x392
763,2011_10_03_drive_0047_sync_image_0000000080_image_03.png,0-10m,30187,0.868977078179286,86.8977078179286,11.210932287255902,99.82111504952464,2.202112530656282,2.415170669555664,1216x352,1344x392
763,2011_10_03_drive_0047_sync_image_0000000080_image_03.png,0-20m,61104,1.1689527234378114,116.89527234378114,10.844677937873568,99.18663262634198,2.202112530656282,2.415170669555664,1216x352,1344x392
763,2011_10_03_drive_0047_sync_image_0000000080_image_03.png,0-40m,73258,1.4292844568320413,142.92844568320413,10.69647139588657,98.29779682765022,2.202112530656282,2.415170669555664,1216x352,1344x392
763,2011_10_03_drive_0047_sync_image_0000000080_image_03.png,0-80m,76330,1.524245911089321,152.4245911089321,10.567611078325259,98.16323856936984,2.202112530656282,2.415170669555664,1216x352,1344x392
764,2011_10_03_drive_0047_sync_image_0000000083_image_02.png,0-10m,24465,0.7330373095705932,73.30373095705932,9.594770775491792,99.78336398937257,2.2651662506937793,2.415170669555664,1216x352,1344x392
764,2011_10_03_drive_0047_sync_image_0000000083_image_02.png,0-20m,54835,1.0121079858981825,101.21079858981825,9.243925537634649,99.49302452812985,2.2651662506937793,2.415170669555664,1216x352,1344x392
764,2011_10_03_drive_0047_sync_image_0000000083_image_02.png,0-40m,68538,1.362190493544134,136.21904935441341,9.41075944069534,98.19224371881292,2.2651662506937793,2.415170669555664,1216x352,1344x392
764,2011_10_03_drive_0047_sync_image_0000000083_image_02.png,0-80m,71978,1.484174876105885,148.4174876105885,9.325726393844025,97.96326655366919,2.2651662506937793,2.415170669555664,1216x352,1344x392
765,2011_10_03_drive_0047_sync_image_0000000086_image_03.png,0-10m,26893,0.7853212914381572,78.53212914381572,10.081281498524145,99.66162198341576,2.3609874214976028,2.415170669555664,1216x352,1344x392
765,2011_10_03_drive_0047_sync_image_0000000086_image_03.png,0-20m,54541,1.1451533871889878,114.51533871889879,10.185478696793094,98.13351423699602,2.3609874214976028,2.415170669555664,1216x352,1344x392
765,2011_10_03_drive_0047_sync_image_0000000086_image_03.png,0-40m,68002,1.5492145715119268,154.92145715119267,10.473247520153537,96.60451163201083,2.3609874214976028,2.415170669555664,1216x352,1344x392
765,2011_10_03_drive_0047_sync_image_0000000086_image_03.png,0-80m,71084,1.672813388305955,167.2813388305955,10.396055277429276,96.45349164368916,2.3609874214976028,2.415170669555664,1216x352,1344x392
766,2011_10_03_drive_0047_sync_image_0000000089_image_02.png,0-10m,29490,0.7202089959866074,72.02089959866073,9.7739968871238,99.6982027806036,2.3855604887657362,2.415170669555664,1216x352,1344x392
766,2011_10_03_drive_0047_sync_image_0000000089_image_02.png,0-20m,62858,1.2228529883628092,122.28529883628092,10.711600700423283,96.5652741098985,2.3855604887657362,2.415170669555664,1216x352,1344x392
766,2011_10_03_drive_0047_sync_image_0000000089_image_02.png,0-40m,76027,1.5815228097781606,158.15228097781608,10.95936436233238,95.51869730490483,2.3855604887657362,2.415170669555664,1216x352,1344x392
766,2011_10_03_drive_0047_sync_image_0000000089_image_02.png,0-80m,78729,1.6655095839961038,166.55095839961038,10.8494823211652,95.54801915431416,2.3855604887657362,2.415170669555664,1216x352,1344x392
767,2011_10_03_drive_0047_sync_image_0000000092_image_03.png,0-10m,26844,0.719141318961132,71.9141318961132,9.881806013825436,98.12621069885263,2.1647772130864906,2.415170669555664,1216x352,1344x392
767,2011_10_03_drive_0047_sync_image_0000000092_image_03.png,0-20m,62434,1.2334972609126995,123.34972609126996,10.778990158765234,92.01556844027293,2.1647772130864906,2.415170669555664,1216x352,1344x392
767,2011_10_03_drive_0047_sync_image_0000000092_image_03.png,0-40m,75664,1.5121637398129313,151.21637398129312,10.73110120522694,91.82173821103828,2.1647772130864906,2.415170669555664,1216x352,1344x392
767,2011_10_03_drive_0047_sync_image_0000000092_image_03.png,0-80m,78138,1.607401362971307,160.7401362971307,10.663553518268818,91.9885331080908,2.1647772130864906,2.415170669555664,1216x352,1344x392
768,2011_10_03_drive_0047_sync_image_0000000095_image_02.png,0-10m,30024,0.8348564564419403,83.48564564419402,10.80021920547867,97.06901145750066,2.3321080437810595,2.415170669555664,1216x352,1344x392
768,2011_10_03_drive_0047_sync_image_0000000095_image_02.png,0-20m,67604,1.2213285620110563,122.13285620110564,10.834053952396472,95.22513460741968,2.3321080437810595,2.415170669555664,1216x352,1344x392
768,2011_10_03_drive_0047_sync_image_0000000095_image_02.png,0-40m,81567,1.458460841896836,145.84608418968358,10.63044740594415,94.57255998136502,2.3321080437810595,2.415170669555664,1216x352,1344x392
768,2011_10_03_drive_0047_sync_image_0000000095_image_02.png,0-80m,83866,1.5351349090468325,153.51349090468324,10.552442550553284,94.64383659647532,2.3321080437810595,2.415170669555664,1216x352,1344x392
769,2011_10_03_drive_0047_sync_image_0000000098_image_03.png,0-10m,28539,0.8615307155464638,86.15307155464637,11.064272991108675,96.89547636567504,2.347197997075284,2.415170669555664,1216x352,1344x392
769,2011_10_03_drive_0047_sync_image_0000000098_image_03.png,0-20m,66612,1.2506108912936003,125.06108912936003,11.127836937138438,94.93184411217199,2.347197997075284,2.415170669555664,1216x352,1344x392
769,2011_10_03_drive_0047_sync_image_0000000098_image_03.png,0-40m,80689,1.424899373972083,142.4899373972083,10.680513770965057,94.60521260642714,2.347197997075284,2.415170669555664,1216x352,1344x392
769,2011_10_03_drive_0047_sync_image_0000000098_image_03.png,0-80m,82695,1.4774984636288888,147.7498463628889,10.581244741519933,94.67077816071104,2.347197997075284,2.415170669555664,1216x352,1344x392
770,2011_10_03_drive_0047_sync_image_0000000101_image_02.png,0-10m,26461,0.8895751272243129,88.95751272243129,11.626527410538293,95.79003061108801,2.3098214299588373,2.415170669555664,1216x352,1344x392
770,2011_10_03_drive_0047_sync_image_0000000101_image_02.png,0-20m,61420,1.1654885553840084,116.54885553840084,10.77535014384968,95.25724519700424,2.3098214299588373,2.415170669555664,1216x352,1344x392
770,2011_10_03_drive_0047_sync_image_0000000101_image_02.png,0-40m,74553,1.3674605962101345,136.74605962101344,10.415939700237066,95.0089198288466,2.3098214299588373,2.415170669555664,1216x352,1344x392
770,2011_10_03_drive_0047_sync_image_0000000101_image_02.png,0-80m,76743,1.4329442042535718,143.29442042535717,10.30218128354181,95.06925713094354,2.3098214299588373,2.415170669555664,1216x352,1344x392
771,2011_10_03_drive_0047_sync_image_0000000104_image_03.png,0-10m,22958,0.7800704537290388,78.00704537290389,10.076866139922508,97.43880128931092,2.389161425862107,2.415170669555664,1216x352,1344x392
771,2011_10_03_drive_0047_sync_image_0000000104_image_03.png,0-20m,56011,1.0337003279770067,103.37003279770067,9.393479780049987,97.99146596204316,2.389161425862107,2.415170669555664,1216x352,1344x392
771,2011_10_03_drive_0047_sync_image_0000000104_image_03.png,0-40m,70197,1.2270017459351552,122.70017459351553,9.057650926723328,97.3474649913814,2.389161425862107,2.415170669555664,1216x352,1344x392
771,2011_10_03_drive_0047_sync_image_0000000104_image_03.png,0-80m,72506,1.314109988848272,131.4109988848272,8.982144685756865,97.30367142029625,2.389161425862107,2.415170669555664,1216x352,1344x392
772,2011_10_03_drive_0047_sync_image_0000000107_image_02.png,0-10m,26923,0.8052806174228633,80.52806174228633,10.64788715023685,99.62857036734391,2.311846340028453,2.415170669555664,1216x352,1344x392
772,2011_10_03_drive_0047_sync_image_0000000107_image_02.png,0-20m,60339,0.9655283338246484,96.55283338246484,9.141517522719846,99.05368004110112,2.311846340028453,2.415170669555664,1216x352,1344x392
772,2011_10_03_drive_0047_sync_image_0000000107_image_02.png,0-40m,75476,1.1665961709327795,116.65961709327794,8.844483420112002,98.11330754147014,2.311846340028453,2.415170669555664,1216x352,1344x392
772,2011_10_03_drive_0047_sync_image_0000000107_image_02.png,0-80m,78045,1.2773919731506478,127.73919731506479,8.814860416168768,98.02421679800115,2.311846340028453,2.415170669555664,1216x352,1344x392
773,2011_10_03_drive_0047_sync_image_0000000110_image_03.png,0-10m,26467,0.8246955936170433,82.46955936170433,11.050573337272606,99.73929799372804,2.4052951129832314,2.415170669555664,1216x352,1344x392
773,2011_10_03_drive_0047_sync_image_0000000110_image_03.png,0-20m,58804,0.9819023933396697,98.19023933396697,9.334676604227084,98.54431671314876,2.4052951129832314,2.415170669555664,1216x352,1344x392
773,2011_10_03_drive_0047_sync_image_0000000110_image_03.png,0-40m,72996,1.1876085510978478,118.76085510978479,9.083262063775086,97.58205929092006,2.4052951129832314,2.415170669555664,1216x352,1344x392
773,2011_10_03_drive_0047_sync_image_0000000110_image_03.png,0-80m,75360,1.2828106377566444,128.28106377566445,9.032779104460072,97.46151804670913,2.4052951129832314,2.415170669555664,1216x352,1344x392
774,2011_10_03_drive_0047_sync_image_0000000113_image_02.png,0-10m,29078,0.8243937908401925,82.43937908401925,10.955721527460463,99.65953641928606,2.390174470708123,2.415170669555664,1216x352,1344x392
774,2011_10_03_drive_0047_sync_image_0000000113_image_02.png,0-20m,66210,0.9863524175558074,98.63524175558074,9.197413970932256,97.7948950309621,2.390174470708123,2.415170669555664,1216x352,1344x392
774,2011_10_03_drive_0047_sync_image_0000000113_image_02.png,0-40m,80877,1.1209729049385515,112.09729049385516,8.764799889102434,97.20810613647886,2.390174470708123,2.415170669555664,1216x352,1344x392
774,2011_10_03_drive_0047_sync_image_0000000113_image_02.png,0-80m,83327,1.2135151224005765,121.35151224005764,8.741403125609997,97.1593841131926,2.390174470708123,2.415170669555664,1216x352,1344x392
775,2011_10_03_drive_0047_sync_image_0000000116_image_03.png,0-10m,27155,0.8308712434075064,83.08712434075063,11.027001537570216,99.87847541889154,2.3347542648171276,2.415170669555664,1216x352,1344x392
775,2011_10_03_drive_0047_sync_image_0000000116_image_03.png,0-20m,65506,0.9272349078618919,92.72349078618919,8.696477631601695,99.60003663786523,2.3347542648171276,2.415170669555664,1216x352,1344x392
775,2011_10_03_drive_0047_sync_image_0000000116_image_03.png,0-40m,79650,1.1283465968357715,112.83465968357716,8.610555212053148,98.60765850596358,2.3347542648171276,2.415170669555664,1216x352,1344x392
775,2011_10_03_drive_0047_sync_image_0000000116_image_03.png,0-80m,81885,1.226542509042526,122.65425090425259,8.61928559056647,98.59192770348659,2.3347542648171276,2.415170669555664,1216x352,1344x392
776,2011_10_03_drive_0047_sync_image_0000000119_image_02.png,0-10m,29174,0.9580543062477219,95.80543062477219,12.680255480107874,99.40700623843148,2.348704665862889,2.415170669555664,1216x352,1344x392
776,2011_10_03_drive_0047_sync_image_0000000119_image_02.png,0-20m,74758,0.9938335877755323,99.38335877755323,9.30970299957823,99.25359158886006,2.348704665862889,2.415170669555664,1216x352,1344x392
776,2011_10_03_drive_0047_sync_image_0000000119_image_02.png,0-40m,87640,1.0851496745929605,108.51496745929606,8.862554617749456,98.30328617069831,2.348704665862889,2.415170669555664,1216x352,1344x392
776,2011_10_03_drive_0047_sync_image_0000000119_image_02.png,0-80m,90004,1.1777394198241813,117.77394198241812,8.86522020470678,98.19896893471402,2.348704665862889,2.415170669555664,1216x352,1344x392
777,2011_10_03_drive_0047_sync_image_0000000122_image_03.png,0-10m,27299,0.9439750938844522,94.39750938844523,12.418815330759127,99.5054763910766,2.3744576738668224,2.415170669555664,1216x352,1344x392
777,2011_10_03_drive_0047_sync_image_0000000122_image_03.png,0-20m,69920,0.9744492507771988,97.44492507771987,9.275249367911412,98.97311212814645,2.3744576738668224,2.415170669555664,1216x352,1344x392
777,2011_10_03_drive_0047_sync_image_0000000122_image_03.png,0-40m,81377,1.083752315359093,108.37523153590931,8.94476915513883,98.18130429974072,2.3744576738668224,2.415170669555664,1216x352,1344x392
777,2011_10_03_drive_0047_sync_image_0000000122_image_03.png,0-80m,83941,1.1880441975516027,118.80441975516027,8.936555556685782,98.07841221810557,2.3744576738668224,2.415170669555664,1216x352,1344x392
778,2011_10_03_drive_0047_sync_image_0000000125_image_02.png,0-10m,27606,0.9734554424982335,97.34554424982335,12.673076961545105,99.98551039629066,2.31895081382544,2.415170669555664,1216x352,1344x392
778,2011_10_03_drive_0047_sync_image_0000000125_image_02.png,0-20m,71107,0.9288632024272828,92.88632024272829,8.98213778113806,99.10697962225942,2.31895081382544,2.415170669555664,1216x352,1344x392
778,2011_10_03_drive_0047_sync_image_0000000125_image_02.png,0-40m,83056,1.0674232499111689,106.74232499111689,8.784696068652224,98.11813716047004,2.31895081382544,2.415170669555664,1216x352,1344x392
778,2011_10_03_drive_0047_sync_image_0000000125_image_02.png,0-80m,85763,1.239606160789406,123.9606160789406,8.9083115709669,97.91518486993226,2.31895081382544,2.415170669555664,1216x352,1344x392
779,2011_10_03_drive_0047_sync_image_0000000128_image_03.png,0-10m,27904,0.9255360294680256,92.55360294680256,12.063798446190065,99.98924885321101,2.3429535788905613,2.415170669555664,1216x352,1344x392
779,2011_10_03_drive_0047_sync_image_0000000128_image_03.png,0-20m,69034,0.9872248388405287,98.72248388405286,9.34596670922582,98.32691137700263,2.3429535788905613,2.415170669555664,1216x352,1344x392
779,2011_10_03_drive_0047_sync_image_0000000128_image_03.png,0-40m,80969,1.0729585354315994,107.29585354315994,8.836627377889346,97.61019649495486,2.3429535788905613,2.415170669555664,1216x352,1344x392
779,2011_10_03_drive_0047_sync_image_0000000128_image_03.png,0-80m,83467,1.1561199297954041,115.61199297954042,8.782602459660644,97.59785304371788,2.3429535788905613,2.415170669555664,1216x352,1344x392
780,2011_10_03_drive_0047_sync_image_0000000131_image_02.png,0-10m,31892,0.8919689376157155,89.19689376157154,11.5914600318737,99.98432208704378,2.3806389301750435,2.415170669555664,1216x352,1344x392
780,2011_10_03_drive_0047_sync_image_0000000131_image_02.png,0-20m,74416,0.9141132008885855,91.41132008885855,8.913613935499336,98.72608041281444,2.3806389301750435,2.415170669555664,1216x352,1344x392
780,2011_10_03_drive_0047_sync_image_0000000131_image_02.png,0-40m,86536,1.0013116110304625,100.13116110304625,8.468024246298343,98.00660996579458,2.3806389301750435,2.415170669555664,1216x352,1344x392
780,2011_10_03_drive_0047_sync_image_0000000131_image_02.png,0-80m,89154,1.105248486024683,110.5248486024683,8.461058859312896,98.00345469636808,2.3806389301750435,2.415170669555664,1216x352,1344x392
781,2011_10_03_drive_0047_sync_image_0000000134_image_03.png,0-10m,30618,0.9754523812957511,97.54523812957511,12.661562136259144,99.98693578940492,2.354030123084755,2.415170669555664,1216x352,1344x392
781,2011_10_03_drive_0047_sync_image_0000000134_image_03.png,0-20m,69232,1.0354087960645677,103.54087960645677,10.109731849739372,98.49347122717819,2.354030123084755,2.415170669555664,1216x352,1344x392
781,2011_10_03_drive_0047_sync_image_0000000134_image_03.png,0-40m,81433,1.1161446450666668,111.61446450666668,9.466353057679937,97.6925816315253,2.354030123084755,2.415170669555664,1216x352,1344x392
781,2011_10_03_drive_0047_sync_image_0000000134_image_03.png,0-80m,84530,1.2078981047083919,120.78981047083919,9.36660204356643,97.6375251390039,2.354030123084755,2.415170669555664,1216x352,1344x392
782,2011_10_03_drive_0047_sync_image_0000000137_image_02.png,0-10m,32871,0.9646863870938996,96.46863870938996,12.570432149308264,99.97870463326336,2.229816978939504,2.415170669555664,1216x352,1344x392
782,2011_10_03_drive_0047_sync_image_0000000137_image_02.png,0-20m,71270,1.0035562091210255,100.35562091210255,10.039455076049428,98.11000420934475,2.229816978939504,2.415170669555664,1216x352,1344x392
782,2011_10_03_drive_0047_sync_image_0000000137_image_02.png,0-40m,84736,1.1063502557418137,110.63502557418137,9.418807887034133,97.37183723564955,2.229816978939504,2.415170669555664,1216x352,1344x392
782,2011_10_03_drive_0047_sync_image_0000000137_image_02.png,0-80m,87908,1.2060147644678607,120.60147644678607,9.340478337447552,97.36997770396324,2.229816978939504,2.415170669555664,1216x352,1344x392
783,2011_10_03_drive_0047_sync_image_0000000140_image_03.png,0-10m,30202,0.9249473263211506,92.49473263211506,12.06240401185422,100.0,2.2598987520817735,2.415170669555664,1216x352,1344x392
783,2011_10_03_drive_0047_sync_image_0000000140_image_03.png,0-20m,65491,0.9497374749700966,94.97374749700967,9.558485722024587,98.56926905987082,2.2598987520817735,2.415170669555664,1216x352,1344x392
783,2011_10_03_drive_0047_sync_image_0000000140_image_03.png,0-40m,79160,1.0546203138733103,105.46203138733104,8.898975656800518,97.85245073269327,2.2598987520817735,2.415170669555664,1216x352,1344x392
783,2011_10_03_drive_0047_sync_image_0000000140_image_03.png,0-80m,82603,1.1506342951896966,115.06342951896966,8.793584698122828,97.82453421788556,2.2598987520817735,2.415170669555664,1216x352,1344x392
784,2011_10_03_drive_0047_sync_image_0000000143_image_02.png,0-10m,34227,0.879712590899041,87.9712590899041,11.3457222688447,99.82469979840477,2.2509772054190966,2.415170669555664,1216x352,1344x392
784,2011_10_03_drive_0047_sync_image_0000000143_image_02.png,0-20m,66374,0.8776631179418986,87.76631179418986,9.112702679064858,99.07343236809594,2.2509772054190966,2.415170669555664,1216x352,1344x392
784,2011_10_03_drive_0047_sync_image_0000000143_image_02.png,0-40m,81210,1.007335375236358,100.7335375236358,8.585876219297363,97.93621475187784,2.2509772054190966,2.415170669555664,1216x352,1344x392
784,2011_10_03_drive_0047_sync_image_0000000143_image_02.png,0-80m,85159,1.1122840426835205,111.22840426835205,8.472879151798232,97.94149766906611,2.2509772054190966,2.415170669555664,1216x352,1344x392
785,2011_10_03_drive_0047_sync_image_0000000146_image_03.png,0-10m,32235,0.8118896993385908,81.18896993385908,10.533662442288092,99.77664029781293,2.3345727580944335,2.415170669555664,1216x352,1344x392
785,2011_10_03_drive_0047_sync_image_0000000146_image_03.png,0-20m,64085,0.8965899090671294,89.65899090671294,8.846570530744284,98.72044940313646,2.3345727580944335,2.415170669555664,1216x352,1344x392
785,2011_10_03_drive_0047_sync_image_0000000146_image_03.png,0-40m,78650,1.0158845587134437,101.58845587134438,8.336606351794078,97.91481246026702,2.3345727580944335,2.415170669555664,1216x352,1344x392
785,2011_10_03_drive_0047_sync_image_0000000146_image_03.png,0-80m,82424,1.0795428958793503,107.95428958793502,8.158283969553722,97.93264097835582,2.3345727580944335,2.415170669555664,1216x352,1344x392
786,2011_10_03_drive_0047_sync_image_0000000149_image_02.png,0-10m,33008,0.8280868092122958,82.80868092122958,10.753303577377652,99.93334949103247,2.3616827367325146,2.415170669555664,1216x352,1344x392
786,2011_10_03_drive_0047_sync_image_0000000149_image_02.png,0-20m,66744,0.8474000641428908,84.74000641428908,8.473214034298106,98.49574493587438,2.3616827367325146,2.415170669555664,1216x352,1344x392
786,2011_10_03_drive_0047_sync_image_0000000149_image_02.png,0-40m,82002,0.9554860493150654,95.54860493150655,7.875744174617104,98.10004634033317,2.3616827367325146,2.415170669555664,1216x352,1344x392
786,2011_10_03_drive_0047_sync_image_0000000149_image_02.png,0-80m,86008,1.079231231276484,107.9231231276484,7.817320928841003,98.03971723560599,2.3616827367325146,2.415170669555664,1216x352,1344x392
787,2011_10_03_drive_0047_sync_image_0000000152_image_03.png,0-10m,27180,0.8092839706637036,80.92839706637037,10.369414586696609,99.97792494481236,2.3346703212375686,2.415170669555664,1216x352,1344x392
787,2011_10_03_drive_0047_sync_image_0000000152_image_03.png,0-20m,58407,0.8642187698177203,86.42187698177203,8.254535781563483,98.07214888626363,2.3346703212375686,2.415170669555664,1216x352,1344x392
787,2011_10_03_drive_0047_sync_image_0000000152_image_03.png,0-40m,73658,0.9800976912849528,98.00976912849528,7.6098705569005105,97.92826305357192,2.3346703212375686,2.415170669555664,1216x352,1344x392
787,2011_10_03_drive_0047_sync_image_0000000152_image_03.png,0-80m,78554,1.1531571863952732,115.31571863952732,7.574918667564214,97.83206456704941,2.3346703212375686,2.415170669555664,1216x352,1344x392
788,2011_10_03_drive_0047_sync_image_0000000155_image_02.png,0-10m,26260,0.840449205637886,84.04492056378861,11.210844834001335,99.74105102817974,2.186976902488926,2.415170669555664,1216x352,1344x392
788,2011_10_03_drive_0047_sync_image_0000000155_image_02.png,0-20m,53122,0.9232070429542958,92.32070429542958,9.077231195593281,97.88788072738225,2.186976902488926,2.415170669555664,1216x352,1344x392
788,2011_10_03_drive_0047_sync_image_0000000155_image_02.png,0-40m,68980,1.0645463743808476,106.45463743808476,8.262313694181719,98.08785155117425,2.186976902488926,2.415170669555664,1216x352,1344x392
788,2011_10_03_drive_0047_sync_image_0000000155_image_02.png,0-80m,74791,1.3084136608987698,130.84136608987697,8.222808113396749,98.07329758928213,2.186976902488926,2.415170669555664,1216x352,1344x392
789,2011_10_03_drive_0047_sync_image_0000000158_image_03.png,0-10m,23059,0.7150870587913765,71.50870587913765,9.28182132655076,99.70510429767118,2.288368793480965,2.415170669555664,1216x352,1344x392
789,2011_10_03_drive_0047_sync_image_0000000158_image_03.png,0-20m,43302,0.8932406642542585,89.32406642542585,8.482919888801916,96.98859175095839,2.288368793480965,2.415170669555664,1216x352,1344x392
789,2011_10_03_drive_0047_sync_image_0000000158_image_03.png,0-40m,56600,1.283205279933269,128.3205279933269,8.668366742158428,95.86749116607774,2.288368793480965,2.415170669555664,1216x352,1344x392
789,2011_10_03_drive_0047_sync_image_0000000158_image_03.png,0-80m,62342,1.5122601205378448,151.22601205378447,8.54398685337275,96.03317185845818,2.288368793480965,2.415170669555664,1216x352,1344x392
790,2011_10_03_drive_0047_sync_image_0000000161_image_02.png,0-10m,26037,0.6955309467262197,69.55309467262197,9.045786874695153,99.55832085109651,2.3306008591261826,2.415170669555664,1216x352,1344x392
790,2011_10_03_drive_0047_sync_image_0000000161_image_02.png,0-20m,47359,0.8220790012625994,82.20790012625994,8.10865635429296,97.9074727084609,2.3306008591261826,2.415170669555664,1216x352,1344x392
790,2011_10_03_drive_0047_sync_image_0000000161_image_02.png,0-40m,58373,1.0561599487116609,105.61599487116608,7.984905430521287,97.76780360783239,2.3306008591261826,2.415170669555664,1216x352,1344x392
790,2011_10_03_drive_0047_sync_image_0000000161_image_02.png,0-80m,63622,1.2914550470198858,129.14550470198859,7.940668615548667,97.76492408286441,2.3306008591261826,2.415170669555664,1216x352,1344x392
791,2011_10_03_drive_0047_sync_image_0000000164_image_03.png,0-10m,26162,0.6008364000904406,60.08364000904406,7.774807515117901,99.629233239049,2.386978934432608,2.415170669555664,1216x352,1344x392
791,2011_10_03_drive_0047_sync_image_0000000164_image_03.png,0-20m,49131,0.5784223985925309,57.842239859253084,6.036804132005132,99.29779568907614,2.386978934432608,2.415170669555664,1216x352,1344x392
791,2011_10_03_drive_0047_sync_image_0000000164_image_03.png,0-40m,59636,0.9017304289596039,90.17304289596039,6.4501164065744385,98.66020524515393,2.386978934432608,2.415170669555664,1216x352,1344x392
791,2011_10_03_drive_0047_sync_image_0000000164_image_03.png,0-80m,64471,1.133221717417093,113.32217174170931,6.534596086562624,98.51561167036343,2.386978934432608,2.415170669555664,1216x352,1344x392
792,2011_10_03_drive_0047_sync_image_0000000167_image_02.png,0-10m,28631,0.6358483584884543,63.58483584884544,8.167993142452033,99.49006321819007,2.4019903853127977,2.415170669555664,1216x352,1344x392
792,2011_10_03_drive_0047_sync_image_0000000167_image_02.png,0-20m,54285,0.6103032473405773,61.03032473405773,6.3135083011027495,99.5320991065672,2.4019903853127977,2.415170669555664,1216x352,1344x392
792,2011_10_03_drive_0047_sync_image_0000000167_image_02.png,0-40m,64699,0.919686915482061,91.96869154820611,6.737683853282365,99.00616701958299,2.4019903853127977,2.415170669555664,1216x352,1344x392
792,2011_10_03_drive_0047_sync_image_0000000167_image_02.png,0-80m,69286,1.1340928390422986,113.40928390422987,6.791317467554836,98.89732413474583,2.4019903853127977,2.415170669555664,1216x352,1344x392
793,2011_10_03_drive_0047_sync_image_0000000170_image_03.png,0-10m,26760,0.6349200122737741,63.492001227377415,8.447441206401834,99.66367713004485,2.3938569799591005,2.415170669555664,1216x352,1344x392
793,2011_10_03_drive_0047_sync_image_0000000170_image_03.png,0-20m,55476,0.6516217796226115,65.16217796226115,6.665676008443942,99.64489148460596,2.3938569799591005,2.415170669555664,1216x352,1344x392
793,2011_10_03_drive_0047_sync_image_0000000170_image_03.png,0-40m,66682,0.9101035450920805,91.01035450920804,6.880385022008631,99.22917728922349,2.3938569799591005,2.415170669555664,1216x352,1344x392
793,2011_10_03_drive_0047_sync_image_0000000170_image_03.png,0-80m,70629,1.1250377394442843,112.50377394442843,6.974319391161804,99.10518342323975,2.3938569799591005,2.415170669555664,1216x352,1344x392
794,2011_10_03_drive_0047_sync_image_0000000173_image_02.png,0-10m,26627,0.7076077996692821,70.76077996692821,9.295760879431898,99.45919555338565,2.416895647344196,2.415170669555664,1216x352,1344x392
794,2011_10_03_drive_0047_sync_image_0000000173_image_02.png,0-20m,60871,0.6706136230045988,67.06136230045988,6.772890561322765,99.36094363490004,2.416895647344196,2.415170669555664,1216x352,1344x392
794,2011_10_03_drive_0047_sync_image_0000000173_image_02.png,0-40m,72637,0.8515760265264581,85.15760265264582,6.743967064229834,98.95645469939562,2.416895647344196,2.415170669555664,1216x352,1344x392
794,2011_10_03_drive_0047_sync_image_0000000173_image_02.png,0-80m,76150,1.1018807879890646,110.18807879890646,6.954955245754535,98.16414970453053,2.416895647344196,2.415170669555664,1216x352,1344x392
795,2011_10_03_drive_0047_sync_image_0000000176_image_03.png,0-10m,26357,0.7148090657729428,71.48090657729428,9.157877021456637,99.67750502712752,2.4131559470627897,2.415170669555664,1216x352,1344x392
795,2011_10_03_drive_0047_sync_image_0000000176_image_03.png,0-20m,62856,0.6839446648547588,68.39446648547587,6.654730300329696,99.50840015273005,2.4131559470627897,2.415170669555664,1216x352,1344x392
795,2011_10_03_drive_0047_sync_image_0000000176_image_03.png,0-40m,73781,0.8347750905585068,83.47750905585069,6.574820407556883,99.29521150431682,2.4131559470627897,2.415170669555664,1216x352,1344x392
795,2011_10_03_drive_0047_sync_image_0000000176_image_03.png,0-80m,76578,1.034385034709156,103.4385034709156,6.754040271063018,98.56616782888035,2.4131559470627897,2.415170669555664,1216x352,1344x392
796,2011_10_03_drive_0047_sync_image_0000000179_image_02.png,0-10m,38728,0.6709469734231097,67.09469734231097,8.517560061925417,99.55587688494113,2.3980372543744792,2.415170669555664,1216x352,1344x392
796,2011_10_03_drive_0047_sync_image_0000000179_image_02.png,0-20m,72298,0.6557493260293987,65.57493260293987,6.704556761208556,99.47439763202301,2.3980372543744792,2.415170669555664,1216x352,1344x392
796,2011_10_03_drive_0047_sync_image_0000000179_image_02.png,0-40m,83423,0.7997481353035173,79.97481353035172,6.657944750120137,99.25440226316483,2.3980372543744792,2.415170669555664,1216x352,1344x392
796,2011_10_03_drive_0047_sync_image_0000000179_image_02.png,0-80m,86056,0.9573951941158422,95.73951941158421,6.784652115262495,98.90536394905642,2.3980372543744792,2.415170669555664,1216x352,1344x392
797,2011_10_03_drive_0047_sync_image_0000000182_image_03.png,0-10m,36518,0.6452405582651316,64.52405582651316,8.339998790261797,99.79188345473466,2.414823150398425,2.415170669555664,1216x352,1344x392
797,2011_10_03_drive_0047_sync_image_0000000182_image_03.png,0-20m,67000,0.6438340662486518,64.38340662486517,6.619662857576223,99.57313432835821,2.414823150398425,2.415170669555664,1216x352,1344x392
797,2011_10_03_drive_0047_sync_image_0000000182_image_03.png,0-40m,78191,0.76075938198289,76.075938198289,6.463479171146079,99.12010333670116,2.414823150398425,2.415170669555664,1216x352,1344x392
797,2011_10_03_drive_0047_sync_image_0000000182_image_03.png,0-80m,80779,0.8635601322369248,86.35601322369249,6.487052105540051,98.92174946458857,2.414823150398425,2.415170669555664,1216x352,1344x392
798,2011_10_03_drive_0047_sync_image_0000000185_image_02.png,0-10m,36551,0.6181772413314056,61.81772413314056,8.159864431935263,99.79207135235698,2.401946537475828,2.415170669555664,1216x352,1344x392
798,2011_10_03_drive_0047_sync_image_0000000185_image_02.png,0-20m,77318,0.7037382793209428,70.37382793209429,6.853423381032315,99.49300292299336,2.401946537475828,2.415170669555664,1216x352,1344x392
798,2011_10_03_drive_0047_sync_image_0000000185_image_02.png,0-40m,89448,0.8627896535088451,86.2789653508845,6.917987600446251,99.03742956801717,2.401946537475828,2.415170669555664,1216x352,1344x392
798,2011_10_03_drive_0047_sync_image_0000000185_image_02.png,0-80m,91972,0.9808666558168838,98.08666558168838,6.989656534421466,98.8257295698691,2.401946537475828,2.415170669555664,1216x352,1344x392
799,2011_10_03_drive_0047_sync_image_0000000188_image_03.png,0-10m,34718,0.7166585731193199,71.66585731193199,9.236218925059866,99.7868540814563,2.349809571466341,2.415170669555664,1216x352,1344x392
799,2011_10_03_drive_0047_sync_image_0000000188_image_03.png,0-20m,69382,0.7195832270659943,71.95832270659943,7.164944964077168,99.15972442420224,2.349809571466341,2.415170669555664,1216x352,1344x392
799,2011_10_03_drive_0047_sync_image_0000000188_image_03.png,0-40m,80587,0.8795916209342245,87.95916209342245,7.183552825143935,98.85341308151439,2.349809571466341,2.415170669555664,1216x352,1344x392
799,2011_10_03_drive_0047_sync_image_0000000188_image_03.png,0-80m,82818,0.9774588366374009,97.74588366374009,7.2161536560155195,98.64522205317685,2.349809571466341,2.415170669555664,1216x352,1344x392
800,2011_10_03_drive_0047_sync_image_0000000191_image_02.png,0-10m,35657,0.7177091073638161,71.77091073638161,9.31085001092141,99.50360378046386,2.403243032239424,2.415170669555664,1216x352,1344x392
800,2011_10_03_drive_0047_sync_image_0000000191_image_02.png,0-20m,71376,0.7439356701032273,74.39356701032273,7.425794726678663,99.02348128222371,2.403243032239424,2.415170669555664,1216x352,1344x392
800,2011_10_03_drive_0047_sync_image_0000000191_image_02.png,0-40m,81977,0.9636841460355154,96.36841460355154,7.6958451135909725,98.75086914622393,2.403243032239424,2.415170669555664,1216x352,1344x392
800,2011_10_03_drive_0047_sync_image_0000000191_image_02.png,0-80m,84606,1.1194614514705348,111.94614514705347,7.82683123766768,98.52847315793205,2.403243032239424,2.415170669555664,1216x352,1344x392
801,2011_10_03_drive_0047_sync_image_0000000194_image_03.png,0-10m,35262,0.763520733577626,76.35207335776259,10.150334770277288,98.82876751176904,2.4205379741841293,2.415170669555664,1216x352,1344x392
801,2011_10_03_drive_0047_sync_image_0000000194_image_03.png,0-20m,67032,0.7645585206033279,76.45585206033279,7.951992750908829,98.40971476309822,2.4205379741841293,2.415170669555664,1216x352,1344x392
801,2011_10_03_drive_0047_sync_image_0000000194_image_03.png,0-40m,77062,0.992539918313486,99.2539918313486,8.214392093617116,98.3273208585295,2.4205379741841293,2.415170669555664,1216x352,1344x392
801,2011_10_03_drive_0047_sync_image_0000000194_image_03.png,0-80m,80122,1.187710604716822,118.7710604716822,8.358308744577913,98.08167544494646,2.4205379741841293,2.415170669555664,1216x352,1344x392
802,2011_10_03_drive_0047_sync_image_0000000197_image_02.png,0-10m,37283,0.6506875322614748,65.06875322614748,8.62103761035063,99.42601185526915,2.4099143878163085,2.415170669555664,1216x352,1344x392
802,2011_10_03_drive_0047_sync_image_0000000197_image_02.png,0-20m,69892,0.7348240832461589,73.48240832461589,7.275766449934072,99.0127625479311,2.4099143878163085,2.415170669555664,1216x352,1344x392
802,2011_10_03_drive_0047_sync_image_0000000197_image_02.png,0-40m,79641,0.9083004199456097,90.83004199456097,7.349854526645482,98.77450057131377,2.4099143878163085,2.415170669555664,1216x352,1344x392
802,2011_10_03_drive_0047_sync_image_0000000197_image_02.png,0-80m,82679,1.1005765580896252,110.05765580896252,7.540479446565477,98.44700589025025,2.4099143878163085,2.415170669555664,1216x352,1344x392
803,2011_10_03_drive_0047_sync_image_0000000200_image_03.png,0-10m,37424,0.7871276590560633,78.71276590560633,10.420447573192723,97.4615220179564,2.399224186769117,2.415170669555664,1216x352,1344x392
803,2011_10_03_drive_0047_sync_image_0000000200_image_03.png,0-20m,66947,0.8213855848516511,82.13855848516512,8.603336221441053,98.12538276547119,2.399224186769117,2.415170669555664,1216x352,1344x392
803,2011_10_03_drive_0047_sync_image_0000000200_image_03.png,0-40m,77939,0.9567505550154481,95.67505550154482,8.301934881252338,97.9381311025289,2.399224186769117,2.415170669555664,1216x352,1344x392
803,2011_10_03_drive_0047_sync_image_0000000200_image_03.png,0-80m,80008,1.113536901923254,111.35369019232539,8.431073747636427,97.55399460053995,2.399224186769117,2.415170669555664,1216x352,1344x392
804,2011_10_03_drive_0047_sync_image_0000000203_image_02.png,0-10m,30531,0.7245371828053923,72.45371828053922,9.703726965761597,98.18545085323113,2.4094678593901175,2.415170669555664,1216x352,1344x392
804,2011_10_03_drive_0047_sync_image_0000000203_image_02.png,0-20m,61949,0.8354253686367854,83.54253686367854,8.19882075058354,98.1856042873977,2.4094678593901175,2.415170669555664,1216x352,1344x392
804,2011_10_03_drive_0047_sync_image_0000000203_image_02.png,0-40m,71431,1.125142873482546,112.5142873482546,8.513838469195708,97.59348182161807,2.4094678593901175,2.415170669555664,1216x352,1344x392
804,2011_10_03_drive_0047_sync_image_0000000203_image_02.png,0-80m,73445,1.4052857180094247,140.52857180094247,8.895143693124465,96.86704336578393,2.4094678593901175,2.415170669555664,1216x352,1344x392
805,2011_10_03_drive_0047_sync_image_0000000206_image_03.png,0-10m,28452,0.7399900901272346,73.99900901272346,9.892007659877617,96.83326303950514,2.405966990618876,2.415170669555664,1216x352,1344x392
805,2011_10_03_drive_0047_sync_image_0000000206_image_03.png,0-20m,58521,0.7340591446911449,73.40591446911449,7.593907256176294,98.01780557406742,2.405966990618876,2.415170669555664,1216x352,1344x392
805,2011_10_03_drive_0047_sync_image_0000000206_image_03.png,0-40m,68648,0.9589195565498871,95.89195565498872,7.66358266225161,97.89068873091715,2.405966990618876,2.415170669555664,1216x352,1344x392
805,2011_10_03_drive_0047_sync_image_0000000206_image_03.png,0-80m,70233,1.1383547347428364,113.83547347428365,7.872344041835261,97.30610966354848,2.405966990618876,2.415170669555664,1216x352,1344x392
806,2011_10_03_drive_0047_sync_image_0000000209_image_02.png,0-10m,35281,0.6574627170858461,65.74627170858462,8.756749995348505,98.35322128057594,2.3542168849997607,2.415170669555664,1216x352,1344x392
806,2011_10_03_drive_0047_sync_image_0000000209_image_02.png,0-20m,61697,0.7017203309554259,70.17203309554259,7.296348247491177,98.41807543316531,2.3542168849997607,2.415170669555664,1216x352,1344x392
806,2011_10_03_drive_0047_sync_image_0000000209_image_02.png,0-40m,71828,1.0361544905868227,103.61544905868227,7.8467309292937175,97.93256111822689,2.3542168849997607,2.415170669555664,1216x352,1344x392
806,2011_10_03_drive_0047_sync_image_0000000209_image_02.png,0-80m,73461,1.256881718475815,125.6881718475815,8.139972760646048,97.07463824342169,2.3542168849997607,2.415170669555664,1216x352,1344x392
807,2011_10_03_drive_0047_sync_image_0000000212_image_03.png,0-10m,31678,0.6298531853601,62.985318536010006,8.494088914974213,96.20872529831429,2.2953468728740622,2.415170669555664,1216x352,1344x392
807,2011_10_03_drive_0047_sync_image_0000000212_image_03.png,0-20m,54100,0.7622615613690586,76.22615613690587,7.770725160319361,97.06839186691313,2.2953468728740622,2.415170669555664,1216x352,1344x392
807,2011_10_03_drive_0047_sync_image_0000000212_image_03.png,0-40m,63163,0.9194437565349135,91.94437565349135,7.543183624530149,97.00457546348336,2.2953468728740622,2.415170669555664,1216x352,1344x392
807,2011_10_03_drive_0047_sync_image_0000000212_image_03.png,0-80m,65048,1.1410657043768433,114.10657043768433,7.7667545466006445,96.48874677161481,2.2953468728740622,2.415170669555664,1216x352,1344x392
808,2011_10_03_drive_0047_sync_image_0000000215_image_02.png,0-10m,37287,0.522983171468793,52.298317146879306,6.945484104923112,97.72038512081959,2.2886290836819745,2.415170669555664,1216x352,1344x392
808,2011_10_03_drive_0047_sync_image_0000000215_image_02.png,0-20m,59393,0.6332849458615425,63.32849458615425,6.478673458842799,98.25737039718486,2.2886290836819745,2.415170669555664,1216x352,1344x392
808,2011_10_03_drive_0047_sync_image_0000000215_image_02.png,0-40m,70828,0.860940125328269,86.09401253282691,6.519315899611973,97.6365279268086,2.2886290836819745,2.415170669555664,1216x352,1344x392
808,2011_10_03_drive_0047_sync_image_0000000215_image_02.png,0-80m,72952,1.0275570072551505,102.75570072551506,6.654836651829492,97.60253317249699,2.2886290836819745,2.415170669555664,1216x352,1344x392
809,2011_10_03_drive_0047_sync_image_0000000218_image_03.png,0-10m,22003,0.6116101876370544,61.16101876370544,8.139237563923619,95.05521974276235,2.1588997727733585,2.415170669555664,1216x352,1344x392
809,2011_10_03_drive_0047_sync_image_0000000218_image_03.png,0-20m,44168,0.6678147089641134,66.78147089641135,6.712305148504349,97.25593189639558,2.1588997727733585,2.415170669555664,1216x352,1344x392
809,2011_10_03_drive_0047_sync_image_0000000218_image_03.png,0-40m,55606,0.9853444994814391,98.53444994814392,6.952085574490828,96.2701866705032,2.1588997727733585,2.415170669555664,1216x352,1344x392
809,2011_10_03_drive_0047_sync_image_0000000218_image_03.png,0-80m,57758,1.2197429864722533,121.97429864722534,7.168491108616447,96.11482392049587,2.1588997727733585,2.415170669555664,1216x352,1344x392
810,2011_10_03_drive_0047_sync_image_0000000221_image_02.png,0-10m,22707,0.6318056595899283,63.18056595899283,9.036491738164628,91.89236799224909,2.238344269825349,2.415170669555664,1216x352,1344x392
810,2011_10_03_drive_0047_sync_image_0000000221_image_02.png,0-20m,39462,0.6392052929071882,63.92052929071882,7.105686893919278,94.87608332066291,2.238344269825349,2.415170669555664,1216x352,1344x392
810,2011_10_03_drive_0047_sync_image_0000000221_image_02.png,0-40m,50693,1.027416173477674,102.74161734776742,7.367900757216185,94.25956246424556,2.238344269825349,2.415170669555664,1216x352,1344x392
810,2011_10_03_drive_0047_sync_image_0000000221_image_02.png,0-80m,52767,1.3125277129167912,131.25277129167912,7.663412399018372,94.0341501317111,2.238344269825349,2.415170669555664,1216x352,1344x392
811,2011_10_03_drive_0047_sync_image_0000000224_image_03.png,0-10m,17037,0.6440751775648768,64.40751775648768,9.619950227721146,91.18389387803016,2.3305959707269674,2.415170669555664,1216x352,1344x392
811,2011_10_03_drive_0047_sync_image_0000000224_image_03.png,0-20m,30050,0.6711404010896477,67.11404010896477,7.716414504348963,94.54575707154743,2.3305959707269674,2.415170669555664,1216x352,1344x392
811,2011_10_03_drive_0047_sync_image_0000000224_image_03.png,0-40m,34959,1.030002624663449,103.0002624663449,8.212763258306449,93.70405331960296,2.3305959707269674,2.415170669555664,1216x352,1344x392
811,2011_10_03_drive_0047_sync_image_0000000224_image_03.png,0-80m,36316,1.287025939690829,128.7025939690829,8.441795579095434,93.70250027536072,2.3305959707269674,2.415170669555664,1216x352,1344x392
812,2011_10_03_drive_0047_sync_image_0000000227_image_02.png,0-10m,31888,0.6102746951926968,61.02746951926969,8.475149425409224,94.11690918213748,2.3705642298494687,2.415170669555664,1216x352,1344x392
812,2011_10_03_drive_0047_sync_image_0000000227_image_02.png,0-20m,60556,0.6281077680007274,62.810776800072745,6.761608453638794,96.52387872382589,2.3705642298494687,2.415170669555664,1216x352,1344x392
812,2011_10_03_drive_0047_sync_image_0000000227_image_02.png,0-40m,73330,0.9172377302427823,91.72377302427823,7.025691272570348,95.83117414427929,2.3705642298494687,2.415170669555664,1216x352,1344x392
812,2011_10_03_drive_0047_sync_image_0000000227_image_02.png,0-80m,75538,1.0884904681889802,108.84904681889802,7.17634150045768,95.82329423601367,2.3705642298494687,2.415170669555664,1216x352,1344x392
813,2011_10_03_drive_0047_sync_image_0000000230_image_03.png,0-10m,31595,0.8256200478148246,82.56200478148246,10.73961288648963,92.33106504193701,2.3601521354275863,2.415170669555664,1216x352,1344x392
813,2011_10_03_drive_0047_sync_image_0000000230_image_03.png,0-20m,61645,0.8418844299755767,84.18844299755767,8.630382613952763,95.26320058398898,2.3601521354275863,2.415170669555664,1216x352,1344x392
813,2011_10_03_drive_0047_sync_image_0000000230_image_03.png,0-40m,74233,1.013627358529173,101.36273585291731,8.3423900235526,94.4526019425323,2.3601521354275863,2.415170669555664,1216x352,1344x392
813,2011_10_03_drive_0047_sync_image_0000000230_image_03.png,0-80m,76346,1.2374525135021197,123.74525135021197,8.555005755847134,93.97872842061142,2.3601521354275863,2.415170669555664,1216x352,1344x392
814,2011_10_03_drive_0047_sync_image_0000000233_image_02.png,0-10m,38791,0.7195194320217005,71.95194320217006,9.390243172629072,94.45489933231936,2.3485695216008695,2.415170669555664,1216x352,1344x392
814,2011_10_03_drive_0047_sync_image_0000000233_image_02.png,0-20m,72512,0.725405549549967,72.54055495499671,7.6511204364586565,96.74536628420124,2.3485695216008695,2.415170669555664,1216x352,1344x392
814,2011_10_03_drive_0047_sync_image_0000000233_image_02.png,0-40m,83271,0.9167571112217742,91.67571112217742,7.750789937977844,95.69357879694012,2.3485695216008695,2.415170669555664,1216x352,1344x392
814,2011_10_03_drive_0047_sync_image_0000000233_image_02.png,0-80m,85472,1.143840440761302,114.38404407613021,7.984781119802084,95.18087794833396,2.3485695216008695,2.415170669555664,1216x352,1344x392
815,2011_10_03_drive_0047_sync_image_0000000236_image_03.png,0-10m,39427,1.1164356917925211,111.64356917925211,14.471413358443396,84.12255560910036,2.4166836237712945,2.415170669555664,1216x352,1344x392
815,2011_10_03_drive_0047_sync_image_0000000236_image_03.png,0-20m,69696,1.1126106899570336,111.26106899570335,11.879108632645623,90.44564967860423,2.4166836237712945,2.415170669555664,1216x352,1344x392
815,2011_10_03_drive_0047_sync_image_0000000236_image_03.png,0-40m,79323,1.2811648914021492,128.11648914021492,11.65642741170837,89.81758128159551,2.4166836237712945,2.415170669555664,1216x352,1344x392
815,2011_10_03_drive_0047_sync_image_0000000236_image_03.png,0-80m,81720,1.5176824996679132,151.76824996679133,11.799499863988942,89.06142927068036,2.4166836237712945,2.415170669555664,1216x352,1344x392
816,2011_10_03_drive_0047_sync_image_0000000239_image_02.png,0-10m,45228,0.9378495784793512,93.78495784793512,12.76854062342613,97.5015477138056,2.357736535292164,2.415170669555664,1216x352,1344x392
816,2011_10_03_drive_0047_sync_image_0000000239_image_02.png,0-20m,82855,0.8842021673808064,88.42021673808064,9.64362145339874,97.33268963852514,2.357736535292164,2.415170669555664,1216x352,1344x392
816,2011_10_03_drive_0047_sync_image_0000000239_image_02.png,0-40m,90027,0.9866670755442941,98.66670755442941,9.533079999711665,96.85872016172927,2.357736535292164,2.415170669555664,1216x352,1344x392
816,2011_10_03_drive_0047_sync_image_0000000239_image_02.png,0-80m,92924,1.2186929679559393,121.86929679559393,9.717349374505716,96.18290215660109,2.357736535292164,2.415170669555664,1216x352,1344x392
817,2011_10_03_drive_0047_sync_image_0000000242_image_03.png,0-10m,45215,1.083162488349966,108.3162488349966,14.67546961353223,77.73526484573703,2.413476854654759,2.415170669555664,1216x352,1344x392
817,2011_10_03_drive_0047_sync_image_0000000242_image_03.png,0-20m,79906,1.0568671261709575,105.68671261709575,11.70145805276886,85.7532600805947,2.413476854654759,2.415170669555664,1216x352,1344x392
817,2011_10_03_drive_0047_sync_image_0000000242_image_03.png,0-40m,86222,1.1260161541086247,112.60161541086246,11.384042643272782,86.46981048920229,2.413476854654759,2.415170669555664,1216x352,1344x392
817,2011_10_03_drive_0047_sync_image_0000000242_image_03.png,0-80m,88064,1.318111752896288,131.8111752896288,11.559549631901865,85.55595930232558,2.413476854654759,2.415170669555664,1216x352,1344x392
818,2011_10_03_drive_0047_sync_image_0000000245_image_02.png,0-10m,50197,0.7878274209571031,78.78274209571032,10.700201915214663,97.50981134330738,2.423862245099979,2.415170669555664,1216x352,1344x392
818,2011_10_03_drive_0047_sync_image_0000000245_image_02.png,0-20m,81810,0.862643903191523,86.2643903191523,9.381408794952055,98.04669355824471,2.423862245099979,2.415170669555664,1216x352,1344x392
818,2011_10_03_drive_0047_sync_image_0000000245_image_02.png,0-40m,87756,0.9117225245679814,91.17225245679815,9.104516062196192,98.04343862527918,2.423862245099979,2.415170669555664,1216x352,1344x392
818,2011_10_03_drive_0047_sync_image_0000000245_image_02.png,0-80m,89753,1.048643973422683,104.86439734226829,9.208685239345407,97.71483961538891,2.423862245099979,2.415170669555664,1216x352,1344x392
819,2011_10_03_drive_0047_sync_image_0000000248_image_03.png,0-10m,36264,0.9210469158587802,92.10469158587802,12.854478348294146,89.12144275314361,2.4037756584848484,2.415170669555664,1216x352,1344x392
819,2011_10_03_drive_0047_sync_image_0000000248_image_03.png,0-20m,66883,1.0493864996903122,104.93864996903122,11.304884825269053,91.27730514480511,2.4037756584848484,2.415170669555664,1216x352,1344x392
819,2011_10_03_drive_0047_sync_image_0000000248_image_03.png,0-40m,72743,1.1800565028140466,118.00565028140466,11.105965647798165,91.1785326423161,2.4037756584848484,2.415170669555664,1216x352,1344x392
819,2011_10_03_drive_0047_sync_image_0000000248_image_03.png,0-80m,74724,1.3913130187246774,139.13130187246773,11.277367196702793,90.24276002355334,2.4037756584848484,2.415170669555664,1216x352,1344x392
820,2011_10_03_drive_0047_sync_image_0000000251_image_02.png,0-10m,43549,0.708916117144265,70.89161171442649,9.386861418544171,99.05164297687662,2.360826336399667,2.415170669555664,1216x352,1344x392
820,2011_10_03_drive_0047_sync_image_0000000251_image_02.png,0-20m,70405,0.7569429667071688,75.69429667071688,8.279035451734654,99.15204886016619,2.360826336399667,2.415170669555664,1216x352,1344x392
820,2011_10_03_drive_0047_sync_image_0000000251_image_02.png,0-40m,78957,0.9139843296328007,91.39843296328007,8.232609388117305,98.69675899540256,2.360826336399667,2.415170669555664,1216x352,1344x392
820,2011_10_03_drive_0047_sync_image_0000000251_image_02.png,0-80m,81690,1.1326528844554358,113.26528844554358,8.428151168213551,98.14053127677806,2.360826336399667,2.415170669555664,1216x352,1344x392
821,2011_10_03_drive_0047_sync_image_0000000254_image_03.png,0-10m,38803,0.6447589632143966,64.47589632143966,9.12929474471714,99.11347060794269,2.366444946536794,2.415170669555664,1216x352,1344x392
821,2011_10_03_drive_0047_sync_image_0000000254_image_03.png,0-20m,61395,0.7218661820852599,72.18661820852599,8.319404015330626,99.05692645980943,2.366444946536794,2.415170669555664,1216x352,1344x392
821,2011_10_03_drive_0047_sync_image_0000000254_image_03.png,0-40m,69518,0.9968103222250373,99.68103222250373,8.650950441981653,98.35150608475503,2.366444946536794,2.415170669555664,1216x352,1344x392
821,2011_10_03_drive_0047_sync_image_0000000254_image_03.png,0-80m,72005,1.1761071936073142,117.61071936073142,8.762717260656798,97.44184431636693,2.366444946536794,2.415170669555664,1216x352,1344x392
822,2011_10_03_drive_0047_sync_image_0000000257_image_02.png,0-10m,45451,0.5032995409735862,50.32995409735862,6.961029933203788,98.97031968493543,2.3568496650119073,2.415170669555664,1216x352,1344x392
822,2011_10_03_drive_0047_sync_image_0000000257_image_02.png,0-20m,62894,0.5665387202663278,56.653872026632776,6.513597315275672,98.92517569243489,2.3568496650119073,2.415170669555664,1216x352,1344x392
822,2011_10_03_drive_0047_sync_image_0000000257_image_02.png,0-40m,70610,0.7578622412941575,75.78622412941574,6.734730404641357,98.5894349242317,2.3568496650119073,2.415170669555664,1216x352,1344x392
822,2011_10_03_drive_0047_sync_image_0000000257_image_02.png,0-80m,72499,0.8945996712355103,89.45996712355104,6.869371164182586,98.15583663222941,2.3568496650119073,2.415170669555664,1216x352,1344x392
823,2011_10_03_drive_0047_sync_image_0000000260_image_03.png,0-10m,37346,0.42573729650774966,42.573729650774965,6.1290951783565095,99.59031757082418,2.168482879489543,2.415170669555664,1216x352,1344x392
823,2011_10_03_drive_0047_sync_image_0000000260_image_03.png,0-20m,55816,0.48846463926784695,48.84646392678469,5.530009281172754,99.34606564425971,2.168482879489543,2.415170669555664,1216x352,1344x392
823,2011_10_03_drive_0047_sync_image_0000000260_image_03.png,0-40m,64432,0.6401449862043349,64.01449862043349,5.552870987343648,99.12621057859448,2.168482879489543,2.415170669555664,1216x352,1344x392
823,2011_10_03_drive_0047_sync_image_0000000260_image_03.png,0-80m,65305,0.7444934070772037,74.44934070772037,5.692270974181788,98.70147768164766,2.168482879489543,2.415170669555664,1216x352,1344x392
824,2011_10_03_drive_0047_sync_image_0000000263_image_02.png,0-10m,42578,0.5100586013183815,51.005860131838155,7.6471092185732985,99.58898961905209,2.3737751024264018,2.415170669555664,1216x352,1344x392
824,2011_10_03_drive_0047_sync_image_0000000263_image_02.png,0-20m,66032,0.5806276079223033,58.06276079223033,6.76214702101494,99.36394475405864,2.3737751024264018,2.415170669555664,1216x352,1344x392
824,2011_10_03_drive_0047_sync_image_0000000263_image_02.png,0-40m,74875,0.7209626295506855,72.09626295506854,6.70067526191769,99.06377295492487,2.3737751024264018,2.415170669555664,1216x352,1344x392
824,2011_10_03_drive_0047_sync_image_0000000263_image_02.png,0-80m,75680,0.790127042162746,79.0127042162746,6.776447710768989,98.85570824524312,2.3737751024264018,2.415170669555664,1216x352,1344x392
825,2011_10_03_drive_0047_sync_image_0000000266_image_03.png,0-10m,40979,0.6485322655060359,64.8532265506036,9.60339452910564,97.4816369359916,2.3858837754367297,2.415170669555664,1216x352,1344x392
825,2011_10_03_drive_0047_sync_image_0000000266_image_03.png,0-20m,62304,0.6713995900929249,67.1399590092925,8.046760789397144,97.89259116589625,2.3858837754367297,2.415170669555664,1216x352,1344x392
825,2011_10_03_drive_0047_sync_image_0000000266_image_03.png,0-40m,70748,0.8267313504344418,82.67313504344418,7.905671294157439,97.71583649007745,2.3858837754367297,2.415170669555664,1216x352,1344x392
825,2011_10_03_drive_0047_sync_image_0000000266_image_03.png,0-80m,71534,0.9083373661186842,90.83373661186842,8.002361866086046,97.36908323314786,2.3858837754367297,2.415170669555664,1216x352,1344x392
826,2011_10_03_drive_0047_sync_image_0000000269_image_02.png,0-10m,36856,0.7761692653735807,77.61692653735807,11.140828105447289,90.95669633166919,2.40239720810473,2.415170669555664,1216x352,1344x392
826,2011_10_03_drive_0047_sync_image_0000000269_image_02.png,0-20m,66463,0.8152085225154488,81.52085225154488,9.004096265353919,94.36077215894558,2.40239720810473,2.415170669555664,1216x352,1344x392
826,2011_10_03_drive_0047_sync_image_0000000269_image_02.png,0-40m,75268,1.0143102399789863,101.43102399789863,9.037388354400264,94.13960780145612,2.40239720810473,2.415170669555664,1216x352,1344x392
826,2011_10_03_drive_0047_sync_image_0000000269_image_02.png,0-80m,76434,1.1075541106143034,110.75541106143034,9.111868037941875,94.02621869848497,2.40239720810473,2.415170669555664,1216x352,1344x392
827,2011_10_03_drive_0047_sync_image_0000000272_image_03.png,0-10m,37743,0.7149880825928404,71.49880825928405,9.733865201172868,98.04202103701348,2.4106010520467596,2.415170669555664,1216x352,1344x392
827,2011_10_03_drive_0047_sync_image_0000000272_image_03.png,0-20m,67632,0.7105825386601248,71.05825386601248,7.822089656169854,98.27300686065767,2.4106010520467596,2.415170669555664,1216x352,1344x392
827,2011_10_03_drive_0047_sync_image_0000000272_image_03.png,0-40m,76386,0.9348844110152648,93.48844110152648,8.10241362853907,97.49168695834315,2.4106010520467596,2.415170669555664,1216x352,1344x392
827,2011_10_03_drive_0047_sync_image_0000000272_image_03.png,0-80m,77890,1.0596921071297305,105.96921071297305,8.213466108610671,97.2743612787264,2.4106010520467596,2.415170669555664,1216x352,1344x392
828,2011_10_03_drive_0047_sync_image_0000000275_image_02.png,0-10m,41731,0.7662024631960959,76.62024631960959,10.127248385120996,95.75615250053917,2.3330705517204793,2.415170669555664,1216x352,1344x392
828,2011_10_03_drive_0047_sync_image_0000000275_image_02.png,0-20m,72699,0.8008758460500204,80.08758460500204,8.458666177985673,96.73998266826229,2.3330705517204793,2.415170669555664,1216x352,1344x392
828,2011_10_03_drive_0047_sync_image_0000000275_image_02.png,0-40m,81678,0.9045144013097043,90.45144013097043,8.234931740865328,96.86574108082961,2.3330705517204793,2.415170669555664,1216x352,1344x392
828,2011_10_03_drive_0047_sync_image_0000000275_image_02.png,0-80m,82961,0.987365609428907,98.7365609428907,8.283006080263409,96.85635419052325,2.3330705517204793,2.415170669555664,1216x352,1344x392
829,2011_10_03_drive_0047_sync_image_0000000278_image_03.png,0-10m,48192,0.7496436593403537,74.96436593403537,10.246589077366716,95.24817397078354,2.4052141193748877,2.415170669555664,1216x352,1344x392
829,2011_10_03_drive_0047_sync_image_0000000278_image_03.png,0-20m,70072,0.8329853948725864,83.29853948725864,9.222023944818188,96.22102979792214,2.4052141193748877,2.415170669555664,1216x352,1344x392
829,2011_10_03_drive_0047_sync_image_0000000278_image_03.png,0-40m,78273,0.9535800664438573,95.35800664438572,9.052815686904667,96.32695821036629,2.4052141193748877,2.415170669555664,1216x352,1344x392
829,2011_10_03_drive_0047_sync_image_0000000278_image_03.png,0-80m,78967,0.9978845653062696,99.78845653062696,9.065768200933961,96.30478554332824,2.4052141193748877,2.415170669555664,1216x352,1344x392
830,2011_10_03_drive_0047_sync_image_0000000281_image_02.png,0-10m,50580,0.5859813249690959,58.59813249690959,8.212853476639932,97.98734677738237,2.41067427288854,2.415170669555664,1216x352,1344x392
830,2011_10_03_drive_0047_sync_image_0000000281_image_02.png,0-20m,73287,0.636153788071905,63.6153788071905,7.408160531502405,98.16474954630425,2.41067427288854,2.415170669555664,1216x352,1344x392
830,2011_10_03_drive_0047_sync_image_0000000281_image_02.png,0-40m,81809,0.7195596138163178,71.95596138163178,7.2280154597189785,98.15790438704788,2.41067427288854,2.415170669555664,1216x352,1344x392
830,2011_10_03_drive_0047_sync_image_0000000281_image_02.png,0-80m,82571,0.785067870729494,78.50678707294941,7.27160312579373,98.05500720591975,2.41067427288854,2.415170669555664,1216x352,1344x392
831,2011_10_03_drive_0047_sync_image_0000000284_image_03.png,0-10m,46956,0.710074006993235,71.0074006993235,10.300769183493022,94.30956640258967,2.4047363686474346,2.415170669555664,1216x352,1344x392
831,2011_10_03_drive_0047_sync_image_0000000284_image_03.png,0-20m,68308,0.9098675045390776,90.98675045390776,10.195506437717981,95.4529484101423,2.4047363686474346,2.415170669555664,1216x352,1344x392
831,2011_10_03_drive_0047_sync_image_0000000284_image_03.png,0-40m,75811,0.998540405304962,99.8540405304962,9.963302956687842,95.7473189906478,2.4047363686474346,2.415170669555664,1216x352,1344x392
831,2011_10_03_drive_0047_sync_image_0000000284_image_03.png,0-80m,76916,1.1105129377717589,111.05129377717589,10.02840736647001,95.5249882989235,2.4047363686474346,2.415170669555664,1216x352,1344x392
832,2011_10_03_drive_0047_sync_image_0000000287_image_02.png,0-10m,44491,0.7737164690453221,77.37164690453221,10.763779774287022,97.65795329392462,2.416291215395603,2.415170669555664,1216x352,1344x392
832,2011_10_03_drive_0047_sync_image_0000000287_image_02.png,0-20m,69586,0.9025875905511694,90.25875905511694,9.87336231637935,97.97947863075906,2.416291215395603,2.415170669555664,1216x352,1344x392
832,2011_10_03_drive_0047_sync_image_0000000287_image_02.png,0-40m,75236,0.9342258311520923,93.42258311520924,9.511181353210297,98.058110479026,2.416291215395603,2.415170669555664,1216x352,1344x392
832,2011_10_03_drive_0047_sync_image_0000000287_image_02.png,0-80m,76834,1.038236659172719,103.8236659172719,9.529213012606304,98.01259858916626,2.416291215395603,2.415170669555664,1216x352,1344x392
833,2011_10_03_drive_0047_sync_image_0000000290_image_03.png,0-10m,42954,0.9508689510404339,95.08689510404339,13.392555834796049,90.11035060762677,2.380486485749053,2.415170669555664,1216x352,1344x392
833,2011_10_03_drive_0047_sync_image_0000000290_image_03.png,0-20m,64738,1.0065497503123308,100.65497503123308,11.693143789711192,92.71525224752078,2.380486485749053,2.415170669555664,1216x352,1344x392
833,2011_10_03_drive_0047_sync_image_0000000290_image_03.png,0-40m,71088,1.136030082941565,113.60300829415651,11.398478383129168,92.8665878910646,2.380486485749053,2.415170669555664,1216x352,1344x392
833,2011_10_03_drive_0047_sync_image_0000000290_image_03.png,0-80m,72700,1.2229895693563857,122.29895693563857,11.349653899264606,92.84319119669875,2.380486485749053,2.415170669555664,1216x352,1344x392
834,2011_10_03_drive_0047_sync_image_0000000293_image_02.png,0-10m,43944,0.7435008174850493,74.35008174850492,10.75286892211467,97.02348443473512,2.4102106163376718,2.415170669555664,1216x352,1344x392
834,2011_10_03_drive_0047_sync_image_0000000293_image_02.png,0-20m,67336,0.8754965167501922,87.54965167501922,9.810478402139331,97.22733753118689,2.4102106163376718,2.415170669555664,1216x352,1344x392
834,2011_10_03_drive_0047_sync_image_0000000293_image_02.png,0-40m,76085,1.1287309840669173,112.87309840669172,9.894450322083566,96.57882631267661,2.4102106163376718,2.415170669555664,1216x352,1344x392
834,2011_10_03_drive_0047_sync_image_0000000293_image_02.png,0-80m,78263,1.2393187772879948,123.93187772879948,9.878607379243846,96.59609266192199,2.4102106163376718,2.415170669555664,1216x352,1344x392
835,2011_10_03_drive_0047_sync_image_0000000296_image_03.png,0-10m,38454,0.7966498011960411,79.66498011960411,10.901684598172237,99.49810162791907,2.4203897505228658,2.415170669555664,1216x352,1344x392
835,2011_10_03_drive_0047_sync_image_0000000296_image_03.png,0-20m,66366,0.9714292859066906,97.14292859066906,10.206492752979662,98.66045866859537,2.4203897505228658,2.415170669555664,1216x352,1344x392
835,2011_10_03_drive_0047_sync_image_0000000296_image_03.png,0-40m,76083,1.271462229789404,127.1462229789404,10.449362371175297,97.40283637606298,2.4203897505228658,2.415170669555664,1216x352,1344x392
835,2011_10_03_drive_0047_sync_image_0000000296_image_03.png,0-80m,78664,1.3634807452912565,136.34807452912565,10.344991919696362,97.41940404759484,2.4203897505228658,2.415170669555664,1216x352,1344x392
836,2011_10_03_drive_0047_sync_image_0000000299_image_02.png,0-10m,48576,0.6857218823796911,68.57218823796912,9.247847875833367,99.05508893280633,2.3908407845946873,2.415170669555664,1216x352,1344x392
836,2011_10_03_drive_0047_sync_image_0000000299_image_02.png,0-20m,76055,0.8088163130304202,80.88163130304203,8.674834984924937,99.12300308986917,2.3908407845946873,2.415170669555664,1216x352,1344x392
836,2011_10_03_drive_0047_sync_image_0000000299_image_02.png,0-40m,87135,1.1145347359217799,111.45347359217799,9.14114267298278,97.9881792620646,2.3908407845946873,2.415170669555664,1216x352,1344x392
836,2011_10_03_drive_0047_sync_image_0000000299_image_02.png,0-80m,90273,1.2656362309431097,126.56362309431097,9.165272922317792,97.67704629291151,2.3908407845946873,2.415170669555664,1216x352,1344x392
837,2011_10_03_drive_0047_sync_image_0000000302_image_03.png,0-10m,48423,0.8714329527057739,87.1432952705774,11.853210789136718,98.48212626231336,2.2755846829598765,2.415170669555664,1216x352,1344x392
837,2011_10_03_drive_0047_sync_image_0000000302_image_03.png,0-20m,72828,1.0736907260968054,107.36907260968054,11.385466547201553,95.59098149063547,2.2755846829598765,2.415170669555664,1216x352,1344x392
837,2011_10_03_drive_0047_sync_image_0000000302_image_03.png,0-40m,81197,1.2225371496676547,122.25371496676547,11.19901061754293,95.4690444228235,2.2755846829598765,2.415170669555664,1216x352,1344x392
837,2011_10_03_drive_0047_sync_image_0000000302_image_03.png,0-80m,83376,1.3226417835163444,132.26417835163446,11.147113346988123,95.41234887737478,2.2755846829598765,2.415170669555664,1216x352,1344x392
838,2011_10_03_drive_0047_sync_image_0000000305_image_02.png,0-10m,44113,0.7009607924381224,70.09607924381224,9.504653896368255,99.084170199261,2.36557277852648,2.415170669555664,1216x352,1344x392
838,2011_10_03_drive_0047_sync_image_0000000305_image_02.png,0-20m,70792,1.0111442944069666,101.11442944069667,10.169536978784562,96.67335292123404,2.36557277852648,2.415170669555664,1216x352,1344x392
838,2011_10_03_drive_0047_sync_image_0000000305_image_02.png,0-40m,77834,1.1672625465628563,116.72625465628563,10.205727849002184,96.64542487858776,2.36557277852648,2.415170669555664,1216x352,1344x392
838,2011_10_03_drive_0047_sync_image_0000000305_image_02.png,0-80m,79577,1.2585193219598274,125.85193219598274,10.205845879460396,96.59951996179801,2.36557277852648,2.415170669555664,1216x352,1344x392
839,2011_10_03_drive_0047_sync_image_0000000308_image_03.png,0-10m,39158,0.7518387279262569,75.18387279262569,10.058718410385275,98.5341437254201,2.233985895588452,2.415170669555664,1216x352,1344x392
839,2011_10_03_drive_0047_sync_image_0000000308_image_03.png,0-20m,63138,0.9494647961875137,94.94647961875137,9.792786119482958,98.54604200323102,2.233985895588452,2.415170669555664,1216x352,1344x392
839,2011_10_03_drive_0047_sync_image_0000000308_image_03.png,0-40m,69162,1.0735042121693665,107.35042121693665,9.719987430522782,98.4254359330268,2.233985895588452,2.415170669555664,1216x352,1344x392
839,2011_10_03_drive_0047_sync_image_0000000308_image_03.png,0-80m,70304,1.1685248364812686,116.85248364812686,9.77200733659938,98.18360263996358,2.233985895588452,2.415170669555664,1216x352,1344x392
840,2011_10_03_drive_0047_sync_image_0000000311_image_02.png,0-10m,38423,0.7947928650519478,79.47928650519478,10.602971359331738,90.38076152304609,2.186986468200348,2.415170669555664,1216x352,1344x392
840,2011_10_03_drive_0047_sync_image_0000000311_image_02.png,0-20m,65282,1.0940288810043963,109.40288810043964,10.897228781933938,90.91480040439937,2.186986468200348,2.415170669555664,1216x352,1344x392
840,2011_10_03_drive_0047_sync_image_0000000311_image_02.png,0-40m,71330,1.2740441096108106,127.40441096108106,10.984558986537676,90.19066311509883,2.186986468200348,2.415170669555664,1216x352,1344x392
840,2011_10_03_drive_0047_sync_image_0000000311_image_02.png,0-80m,72461,1.3930422537875733,139.30422537875734,11.075314501539841,89.91181463131892,2.186986468200348,2.415170669555664,1216x352,1344x392
841,2011_10_03_drive_0047_sync_image_0000000314_image_03.png,0-10m,35610,0.7990213682865099,79.902136828651,10.408576145001398,93.31929233361416,2.265606060812336,2.415170669555664,1216x352,1344x392
841,2011_10_03_drive_0047_sync_image_0000000314_image_03.png,0-20m,60123,0.9410745651563374,94.10745651563374,9.640178234768225,95.85183706734529,2.265606060812336,2.415170669555664,1216x352,1344x392
841,2011_10_03_drive_0047_sync_image_0000000314_image_03.png,0-40m,65539,1.1000804340754442,110.00804340754442,9.714387374027325,95.37832435649003,2.265606060812336,2.415170669555664,1216x352,1344x392
841,2011_10_03_drive_0047_sync_image_0000000314_image_03.png,0-80m,66438,1.18295939720324,118.295939720324,9.765069475007868,95.19251031036455,2.265606060812336,2.415170669555664,1216x352,1344x392
842,2011_10_03_drive_0047_sync_image_0000000317_image_02.png,0-10m,38019,0.6441709598187674,64.41709598187674,8.545720718340489,97.12775191351693,2.21377445893354,2.415170669555664,1216x352,1344x392
842,2011_10_03_drive_0047_sync_image_0000000317_image_02.png,0-20m,63809,0.7518923141385813,75.18923141385812,7.819097516217205,98.14289520287107,2.21377445893354,2.415170669555664,1216x352,1344x392
842,2011_10_03_drive_0047_sync_image_0000000317_image_02.png,0-40m,70125,0.9080713945854582,90.80713945854582,7.95122365461622,98.10196078431372,2.21377445893354,2.415170669555664,1216x352,1344x392
842,2011_10_03_drive_0047_sync_image_0000000317_image_02.png,0-80m,71022,0.9849805077967744,98.49805077967744,8.0187060954427,97.95978710821998,2.21377445893354,2.415170669555664,1216x352,1344x392
843,2011_10_03_drive_0047_sync_image_0000000320_image_03.png,0-10m,38612,0.7136539441371204,71.36539441371204,9.768150741249395,97.34538485444939,2.2211323865736934,2.415170669555664,1216x352,1344x392
843,2011_10_03_drive_0047_sync_image_0000000320_image_03.png,0-20m,61793,0.7556986370237608,75.56986370237608,8.3810490862358,98.16160406518539,2.2211323865736934,2.415170669555664,1216x352,1344x392
843,2011_10_03_drive_0047_sync_image_0000000320_image_03.png,0-40m,67970,0.9081208607195335,90.81208607195335,8.454863968090644,97.99323230837133,2.2211323865736934,2.415170669555664,1216x352,1344x392
843,2011_10_03_drive_0047_sync_image_0000000320_image_03.png,0-80m,68729,0.979467213440896,97.94672134408961,8.517130622569315,97.77823044129843,2.2211323865736934,2.415170669555664,1216x352,1344x392
844,2011_10_03_drive_0047_sync_image_0000000323_image_02.png,0-10m,43385,0.5376474025434402,53.76474025434403,7.850429895500155,98.40267373516193,2.2746177902257445,2.415170669555664,1216x352,1344x392
844,2011_10_03_drive_0047_sync_image_0000000323_image_02.png,0-20m,67215,0.596231621861644,59.6231621861644,6.899626825277385,98.74879119244217,2.2746177902257445,2.415170669555664,1216x352,1344x392
844,2011_10_03_drive_0047_sync_image_0000000323_image_02.png,0-40m,73742,0.6863196060942083,68.63196060942083,6.838424414988098,98.73749016842504,2.2746177902257445,2.415170669555664,1216x352,1344x392
844,2011_10_03_drive_0047_sync_image_0000000323_image_02.png,0-80m,74645,0.7446764823364967,74.46764823364967,6.884223127183491,98.64023042400697,2.2746177902257445,2.415170669555664,1216x352,1344x392
845,2011_10_03_drive_0047_sync_image_0000000326_image_03.png,0-10m,43678,0.5630624004159034,56.306240041590335,8.320957229303314,99.81226246623014,2.1948239904668894,2.415170669555664,1216x352,1344x392
845,2011_10_03_drive_0047_sync_image_0000000326_image_03.png,0-20m,65553,0.6147972495798141,61.47972495798141,7.28866705863936,99.62320565038976,2.1948239904668894,2.415170669555664,1216x352,1344x392
845,2011_10_03_drive_0047_sync_image_0000000326_image_03.png,0-40m,71191,0.7059101852681644,70.59101852681644,7.246007758689066,99.54207694792882,2.1948239904668894,2.415170669555664,1216x352,1344x392
845,2011_10_03_drive_0047_sync_image_0000000326_image_03.png,0-80m,72026,0.7739600322242116,77.39600322242116,7.314020032920935,99.3183017243773,2.1948239904668894,2.415170669555664,1216x352,1344x392
846,2011_10_03_drive_0047_sync_image_0000000329_image_02.png,0-10m,47885,0.4988316727341796,49.88316727341796,7.620540642142701,99.72016289025791,2.2713727086794164,2.415170669555664,1216x352,1344x392
846,2011_10_03_drive_0047_sync_image_0000000329_image_02.png,0-20m,69768,0.5212235346790192,52.12235346790192,6.485701412317144,99.52843710583649,2.2713727086794164,2.415170669555664,1216x352,1344x392
846,2011_10_03_drive_0047_sync_image_0000000329_image_02.png,0-40m,75685,0.6077230732152867,60.77230732152867,6.473105850858429,99.33276078483186,2.2713727086794164,2.415170669555664,1216x352,1344x392
846,2011_10_03_drive_0047_sync_image_0000000329_image_02.png,0-80m,76623,0.6713043131454358,67.13043131454359,6.542051800714245,99.19606384505958,2.2713727086794164,2.415170669555664,1216x352,1344x392
847,2011_10_03_drive_0047_sync_image_0000000332_image_03.png,0-10m,41047,0.6007648562474248,60.07648562474248,9.600735402676772,99.4615928082442,2.375704901314913,2.415170669555664,1216x352,1344x392
847,2011_10_03_drive_0047_sync_image_0000000332_image_03.png,0-20m,64365,0.5653186922666772,56.531869226667716,7.426959320003144,99.34747145187602,2.375704901314913,2.415170669555664,1216x352,1344x392
847,2011_10_03_drive_0047_sync_image_0000000332_image_03.png,0-40m,68725,0.6392496643919822,63.924966439198215,7.3787206089020065,99.18806838850492,2.375704901314913,2.415170669555664,1216x352,1344x392
847,2011_10_03_drive_0047_sync_image_0000000332_image_03.png,0-80m,69715,0.7157628628766957,71.57628628766956,7.45529403586709,98.95287958115183,2.375704901314913,2.415170669555664,1216x352,1344x392
848,2011_10_03_drive_0047_sync_image_0000000335_image_02.png,0-10m,41143,0.45596633184501734,45.596633184501734,7.225275691014958,99.4822934642588,2.3058077533516066,2.415170669555664,1216x352,1344x392
848,2011_10_03_drive_0047_sync_image_0000000335_image_02.png,0-20m,67008,0.47489233081582166,47.489233081582164,5.842980296790492,99.3000835721108,2.3058077533516066,2.415170669555664,1216x352,1344x392
848,2011_10_03_drive_0047_sync_image_0000000335_image_02.png,0-40m,72028,0.5775615754818383,57.75615754818383,5.962619286740707,99.0031654356639,2.3058077533516066,2.415170669555664,1216x352,1344x392
848,2011_10_03_drive_0047_sync_image_0000000335_image_02.png,0-80m,73198,0.6503651594932609,65.03651594932609,6.042500121359918,98.93303095712997,2.3058077533516066,2.415170669555664,1216x352,1344x392
849,2011_10_03_drive_0047_sync_image_0000000338_image_03.png,0-10m,38586,0.534949328080928,53.4949328080928,8.51931225965222,98.90633908671539,2.4004048042746895,2.415170669555664,1216x352,1344x392
849,2011_10_03_drive_0047_sync_image_0000000338_image_03.png,0-20m,63996,0.5433688327382301,54.33688327382301,6.803761380143025,98.96399774985937,2.4004048042746895,2.415170669555664,1216x352,1344x392
849,2011_10_03_drive_0047_sync_image_0000000338_image_03.png,0-40m,68831,0.6622575515147634,66.22575515147633,6.893930759932903,98.56895875404977,2.4004048042746895,2.415170669555664,1216x352,1344x392
849,2011_10_03_drive_0047_sync_image_0000000338_image_03.png,0-80m,69766,0.7237390434612454,72.37390434612453,6.9542674906845,98.43620101482097,2.4004048042746895,2.415170669555664,1216x352,1344x392
850,2011_10_03_drive_0047_sync_image_0000000341_image_02.png,0-10m,38137,0.4550900151709141,45.509001517091406,6.0827332564964625,99.1687862181084,2.2750654195407836,2.415170669555664,1216x352,1344x392
850,2011_10_03_drive_0047_sync_image_0000000341_image_02.png,0-20m,63895,0.4802084168448248,48.02084168448248,5.126509300151258,99.16268878629,2.2750654195407836,2.415170669555664,1216x352,1344x392
850,2011_10_03_drive_0047_sync_image_0000000341_image_02.png,0-40m,70294,0.7077466893047548,70.77466893047549,5.6032598495203745,98.0894528693772,2.2750654195407836,2.415170669555664,1216x352,1344x392
850,2011_10_03_drive_0047_sync_image_0000000341_image_02.png,0-80m,71186,0.7776183109782081,77.76183109782082,5.682307286397178,97.95605877560195,2.2750654195407836,2.415170669555664,1216x352,1344x392
851,2011_10_03_drive_0047_sync_image_0000000344_image_03.png,0-10m,34547,0.5528058947421475,55.28058947421475,7.5817980120878605,99.25898051929256,2.3177533183119836,2.415170669555664,1216x352,1344x392
851,2011_10_03_drive_0047_sync_image_0000000344_image_03.png,0-20m,56686,0.5987113757539443,59.87113757539443,6.513187079900297,99.19380446671136,2.3177533183119836,2.415170669555664,1216x352,1344x392
851,2011_10_03_drive_0047_sync_image_0000000344_image_03.png,0-40m,63514,0.8799561561533481,87.99561561533481,7.059530842875529,97.24627641149982,2.3177533183119836,2.415170669555664,1216x352,1344x392
851,2011_10_03_drive_0047_sync_image_0000000344_image_03.png,0-80m,65051,1.061736627577328,106.17366275773279,7.2727917147608245,96.49813223470815,2.3177533183119836,2.415170669555664,1216x352,1344x392
852,2011_10_03_drive_0047_sync_image_0000000347_image_02.png,0-10m,35695,0.47207170041072666,47.207170041072665,6.723349537861852,99.24079002661436,2.257507567137901,2.415170669555664,1216x352,1344x392
852,2011_10_03_drive_0047_sync_image_0000000347_image_02.png,0-20m,59487,0.5142732053168,51.427320531679996,5.62751344775201,98.6434010792274,2.257507567137901,2.415170669555664,1216x352,1344x392
852,2011_10_03_drive_0047_sync_image_0000000347_image_02.png,0-40m,66255,0.7400440945480286,74.00440945480285,6.074971316639131,96.99192513772546,2.257507567137901,2.415170669555664,1216x352,1344x392
852,2011_10_03_drive_0047_sync_image_0000000347_image_02.png,0-80m,68210,0.8942103866956884,89.42103866956884,6.241258584880359,96.4975809998534,2.257507567137901,2.415170669555664,1216x352,1344x392
853,2011_10_03_drive_0047_sync_image_0000000350_image_03.png,0-10m,32394,0.5316658511002534,53.166585110025345,7.553823185685367,98.91955300364265,2.3412646012719285,2.415170669555664,1216x352,1344x392
853,2011_10_03_drive_0047_sync_image_0000000350_image_03.png,0-20m,51742,0.656259543042074,65.6259543042074,7.007002265744858,98.57755788334428,2.3412646012719285,2.415170669555664,1216x352,1344x392
853,2011_10_03_drive_0047_sync_image_0000000350_image_03.png,0-40m,58595,0.8839832512894348,88.39832512894348,7.2903038065940855,97.31547060329379,2.3412646012719285,2.415170669555664,1216x352,1344x392
853,2011_10_03_drive_0047_sync_image_0000000350_image_03.png,0-80m,60516,1.029673795590863,102.9673795590863,7.393461253707484,97.03549474519136,2.3412646012719285,2.415170669555664,1216x352,1344x392
854,2011_10_03_drive_0047_sync_image_0000000353_image_02.png,0-10m,31833,0.34402007090922926,34.40200709092293,4.783531665371828,99.67643640247542,2.349831105926547,2.415170669555664,1216x352,1344x392
854,2011_10_03_drive_0047_sync_image_0000000353_image_02.png,0-20m,56507,0.46986701528704566,46.986701528704565,4.707330213914633,98.63910665935194,2.349831105926547,2.415170669555664,1216x352,1344x392
854,2011_10_03_drive_0047_sync_image_0000000353_image_02.png,0-40m,64261,0.7677469502603067,76.77469502603067,5.441948683507943,96.87057468760212,2.349831105926547,2.415170669555664,1216x352,1344x392
854,2011_10_03_drive_0047_sync_image_0000000353_image_02.png,0-80m,66241,0.9775034380506914,97.75034380506914,5.689256198113924,96.01606255944203,2.349831105926547,2.415170669555664,1216x352,1344x392
855,2011_10_03_drive_0047_sync_image_0000000356_image_03.png,0-10m,29311,0.5192701123940299,51.92701123940299,7.359556954255994,96.57807649005493,2.3727387501762522,2.415170669555664,1216x352,1344x392
855,2011_10_03_drive_0047_sync_image_0000000356_image_03.png,0-20m,48991,0.634825842201093,63.482584220109295,6.80828766270449,96.3421852993407,2.3727387501762522,2.415170669555664,1216x352,1344x392
855,2011_10_03_drive_0047_sync_image_0000000356_image_03.png,0-40m,55889,0.9599393887246731,95.99393887246731,7.3787521805840806,95.02585481937412,2.3727387501762522,2.415170669555664,1216x352,1344x392
855,2011_10_03_drive_0047_sync_image_0000000356_image_03.png,0-80m,57657,1.0903676776084434,109.03676776084434,7.445020389914231,94.95811436599199,2.3727387501762522,2.415170669555664,1216x352,1344x392
856,2011_10_03_drive_0047_sync_image_0000000359_image_02.png,0-10m,28901,0.5945630688712009,59.45630688712009,8.026563223154964,97.16618802117574,2.3738894944329147,2.415170669555664,1216x352,1344x392
856,2011_10_03_drive_0047_sync_image_0000000359_image_02.png,0-20m,49480,0.6296391299923486,62.963912999234864,6.841098247443322,97.89409862570736,2.3738894944329147,2.415170669555664,1216x352,1344x392
856,2011_10_03_drive_0047_sync_image_0000000359_image_02.png,0-40m,58058,0.9714429466020286,97.14429466020286,7.362933429063537,96.22446518998244,2.3738894944329147,2.415170669555664,1216x352,1344x392
856,2011_10_03_drive_0047_sync_image_0000000359_image_02.png,0-80m,60132,1.1999917697749483,119.99917697749483,7.556044510545831,95.58138761391605,2.3738894944329147,2.415170669555664,1216x352,1344x392
857,2011_10_03_drive_0047_sync_image_0000000362_image_03.png,0-10m,26602,0.6848599584324361,68.48599584324361,9.233315393432385,96.75588301631456,2.3433779888442485,2.415170669555664,1216x352,1344x392
857,2011_10_03_drive_0047_sync_image_0000000362_image_03.png,0-20m,47497,0.7351117275799114,73.51117275799113,7.846753981904497,97.47563003979198,2.3433779888442485,2.415170669555664,1216x352,1344x392
857,2011_10_03_drive_0047_sync_image_0000000362_image_03.png,0-40m,55915,1.0256316010815336,102.56316010815337,8.135731832689272,96.09585978717696,2.3433779888442485,2.415170669555664,1216x352,1344x392
857,2011_10_03_drive_0047_sync_image_0000000362_image_03.png,0-80m,58477,1.2601632400680804,126.01632400680805,8.261124721235543,95.81544880893343,2.3433779888442485,2.415170669555664,1216x352,1344x392
858,2011_10_03_drive_0047_sync_image_0000000365_image_02.png,0-10m,37177,0.6538509729554527,65.38509729554526,8.645853805476014,98.32692255964709,2.3802507737285383,2.415170669555664,1216x352,1344x392
858,2011_10_03_drive_0047_sync_image_0000000365_image_02.png,0-20m,57830,0.6760001459646118,67.60001459646118,7.471993485481225,98.45927719176898,2.3802507737285383,2.415170669555664,1216x352,1344x392
858,2011_10_03_drive_0047_sync_image_0000000365_image_02.png,0-40m,66787,0.9177711028042613,91.77711028042613,7.765174321206682,96.72690793118421,2.3802507737285383,2.415170669555664,1216x352,1344x392
858,2011_10_03_drive_0047_sync_image_0000000365_image_02.png,0-80m,69436,1.1645667752065076,116.45667752065077,7.9474694885592125,96.01215507805749,2.3802507737285383,2.415170669555664,1216x352,1344x392
859,2011_10_03_drive_0047_sync_image_0000000368_image_03.png,0-10m,30706,0.5920746701086553,59.207467010865535,7.947636609881443,98.62893245619748,2.2113922970151756,2.415170669555664,1216x352,1344x392
859,2011_10_03_drive_0047_sync_image_0000000368_image_03.png,0-20m,46656,0.7074224979288375,70.74224979288375,7.407038715256293,98.77829218106996,2.2113922970151756,2.415170669555664,1216x352,1344x392
859,2011_10_03_drive_0047_sync_image_0000000368_image_03.png,0-40m,54884,0.8912007749475966,89.12007749475967,7.50742854439308,98.36017782960425,2.2113922970151756,2.415170669555664,1216x352,1344x392
859,2011_10_03_drive_0047_sync_image_0000000368_image_03.png,0-80m,57264,1.1242852152085032,112.42852152085032,7.678766818849687,98.11749091925118,2.2113922970151756,2.415170669555664,1216x352,1344x392
860,2011_10_03_drive_0047_sync_image_0000000371_image_02.png,0-10m,27947,0.48526675449388673,48.52667544938868,6.942347627052752,99.06251118187998,2.386030649424132,2.415170669555664,1216x352,1344x392
860,2011_10_03_drive_0047_sync_image_0000000371_image_02.png,0-20m,53487,0.7555902192972712,75.55902192972712,6.911651540504906,97.59567745433469,2.386030649424132,2.415170669555664,1216x352,1344x392
860,2011_10_03_drive_0047_sync_image_0000000371_image_02.png,0-40m,60050,0.8329778608295145,83.29778608295145,6.764363025261824,97.46711074104913,2.386030649424132,2.415170669555664,1216x352,1344x392
860,2011_10_03_drive_0047_sync_image_0000000371_image_02.png,0-80m,62362,1.078642742915432,107.8642742915432,7.01302473257092,97.1905968378179,2.386030649424132,2.415170669555664,1216x352,1344x392
861,2011_10_03_drive_0047_sync_image_0000000374_image_03.png,0-10m,26638,0.6233449704887469,62.334497048874695,8.606910750265184,99.09903145881823,2.3998702149804245,2.415170669555664,1216x352,1344x392
861,2011_10_03_drive_0047_sync_image_0000000374_image_03.png,0-20m,54569,0.8031416593432201,80.314165934322,7.730260525587784,98.2719126243838,2.3998702149804245,2.415170669555664,1216x352,1344x392
861,2011_10_03_drive_0047_sync_image_0000000374_image_03.png,0-40m,61570,0.9362521535916164,93.62521535916164,7.710700574536579,97.5897352606789,2.3998702149804245,2.415170669555664,1216x352,1344x392
861,2011_10_03_drive_0047_sync_image_0000000374_image_03.png,0-80m,64262,1.1898652209847074,118.98652209847074,7.927319314731304,97.2425383585945,2.3998702149804245,2.415170669555664,1216x352,1344x392
862,2011_10_03_drive_0047_sync_image_0000000377_image_02.png,0-10m,36049,0.7153404684264391,71.5340468426439,9.35943451731774,97.36747205192931,2.3761152890915858,2.415170669555664,1216x352,1344x392
862,2011_10_03_drive_0047_sync_image_0000000377_image_02.png,0-20m,69237,0.8426277626462445,84.26277626462445,8.388138884189718,95.8389300518509,2.3761152890915858,2.415170669555664,1216x352,1344x392
862,2011_10_03_drive_0047_sync_image_0000000377_image_02.png,0-40m,77727,0.9268807334257715,92.68807334257716,8.157549560111738,95.48934089827216,2.3761152890915858,2.415170669555664,1216x352,1344x392
862,2011_10_03_drive_0047_sync_image_0000000377_image_02.png,0-80m,80911,1.1758537394464958,117.58537394464959,8.367939353624463,95.2787630853654,2.3761152890915858,2.415170669555664,1216x352,1344x392
863,2011_10_03_drive_0047_sync_image_0000000380_image_03.png,0-10m,33474,0.7209788286651043,72.09788286651043,9.367555882957483,97.39499312899565,2.405379004820783,2.415170669555664,1216x352,1344x392
863,2011_10_03_drive_0047_sync_image_0000000380_image_03.png,0-20m,61789,0.7986144407674219,79.86144407674219,8.355336474959334,97.50764699218307,2.405379004820783,2.415170669555664,1216x352,1344x392
863,2011_10_03_drive_0047_sync_image_0000000380_image_03.png,0-40m,69779,0.8774818328314621,87.7481832831462,8.025231231248569,97.2326917840611,2.405379004820783,2.415170669555664,1216x352,1344x392
863,2011_10_03_drive_0047_sync_image_0000000380_image_03.png,0-80m,72557,1.118072616779116,111.8072616779116,8.222514395249194,97.03956889066528,2.405379004820783,2.415170669555664,1216x352,1344x392
864,2011_10_03_drive_0047_sync_image_0000000383_image_02.png,0-10m,39811,0.9608278540556913,96.08278540556913,12.409212694165324,87.49591821355907,2.416882212302072,2.415170669555664,1216x352,1344x392
864,2011_10_03_drive_0047_sync_image_0000000383_image_02.png,0-20m,61429,0.9237716547702967,92.37716547702966,10.354941464750633,91.52680330137231,2.416882212302072,2.415170669555664,1216x352,1344x392
864,2011_10_03_drive_0047_sync_image_0000000383_image_02.png,0-40m,71118,1.0398435012076415,103.98435012076415,9.794218963545172,92.16794623020895,2.416882212302072,2.415170669555664,1216x352,1344x392
864,2011_10_03_drive_0047_sync_image_0000000383_image_02.png,0-80m,73903,1.2595010471574983,125.95010471574983,9.904716124945294,92.1410497544078,2.416882212302072,2.415170669555664,1216x352,1344x392
865,2011_10_03_drive_0047_sync_image_0000000386_image_03.png,0-10m,32483,0.8393127076515654,83.93127076515654,11.428581095570157,94.5509959055506,2.406698902008405,2.415170669555664,1216x352,1344x392
865,2011_10_03_drive_0047_sync_image_0000000386_image_03.png,0-20m,53958,0.8857145391148074,88.57145391148073,9.624787295671535,96.06545831943365,2.406698902008405,2.415170669555664,1216x352,1344x392
865,2011_10_03_drive_0047_sync_image_0000000386_image_03.png,0-40m,62582,1.0598814706400674,105.98814706400674,9.323645912630898,95.96689143843278,2.406698902008405,2.415170669555664,1216x352,1344x392
865,2011_10_03_drive_0047_sync_image_0000000386_image_03.png,0-80m,65877,1.2973952716510528,129.73952716510527,9.384023547021481,95.58267680677626,2.406698902008405,2.415170669555664,1216x352,1344x392
866,2011_10_03_drive_0047_sync_image_0000000389_image_02.png,0-10m,31334,0.7613544283551141,76.13544283551141,10.20802636420544,95.64051828684495,2.387752358478794,2.415170669555664,1216x352,1344x392
866,2011_10_03_drive_0047_sync_image_0000000389_image_02.png,0-20m,56944,0.9200335301963356,92.00335301963356,9.278959130311744,96.43685023883113,2.387752358478794,2.415170669555664,1216x352,1344x392
866,2011_10_03_drive_0047_sync_image_0000000389_image_02.png,0-40m,66355,1.0983828592296823,109.83828592296823,9.070201437820074,96.084695953583,2.387752358478794,2.415170669555664,1216x352,1344x392
866,2011_10_03_drive_0047_sync_image_0000000389_image_02.png,0-80m,70119,1.3513415895948482,135.1341589594848,9.153619479360989,95.37072690711504,2.387752358478794,2.415170669555664,1216x352,1344x392
867,2011_10_03_drive_0047_sync_image_0000000392_image_03.png,0-10m,26121,0.9135557890330835,91.35557890330836,12.055520148635521,92.56536886030396,2.3919233359148215,2.415170669555664,1216x352,1344x392
867,2011_10_03_drive_0047_sync_image_0000000392_image_03.png,0-20m,48123,0.9853847334094246,98.53847334094246,10.266304927850667,94.83199301789166,2.3919233359148215,2.415170669555664,1216x352,1344x392
867,2011_10_03_drive_0047_sync_image_0000000392_image_03.png,0-40m,56723,1.1349702658876113,113.49702658876113,9.81311225471202,95.07783438816706,2.3919233359148215,2.415170669555664,1216x352,1344x392
867,2011_10_03_drive_0047_sync_image_0000000392_image_03.png,0-80m,60251,1.3935357416495828,139.35357416495827,9.850398199170138,94.43660686129691,2.3919233359148215,2.415170669555664,1216x352,1344x392
868,2011_10_03_drive_0047_sync_image_0000000395_image_02.png,0-10m,26445,0.8176432208091691,81.76432208091691,10.802745809337456,96.1164681414256,2.4054553803494314,2.415170669555664,1216x352,1344x392
868,2011_10_03_drive_0047_sync_image_0000000395_image_02.png,0-20m,48640,0.833414311055094,83.3414311055094,8.75250877855794,97.06208881578947,2.4054553803494314,2.415170669555664,1216x352,1344x392
868,2011_10_03_drive_0047_sync_image_0000000395_image_02.png,0-40m,57617,1.0042702303745936,100.42702303745936,8.438474716659613,97.12064147734175,2.4054553803494314,2.415170669555664,1216x352,1344x392
868,2011_10_03_drive_0047_sync_image_0000000395_image_02.png,0-80m,61578,1.304152913349726,130.4152913349726,8.572451248593877,96.41592776641008,2.4054553803494314,2.415170669555664,1216x352,1344x392
869,2011_10_03_drive_0047_sync_image_0000000398_image_03.png,0-10m,26770,0.6844759179622235,68.44759179622235,9.246773439078146,98.0014942099365,2.424167201505685,2.415170669555664,1216x352,1344x392
869,2011_10_03_drive_0047_sync_image_0000000398_image_03.png,0-20m,50449,0.7342498471222774,73.42498471222774,7.565183345745181,98.596602509465,2.424167201505685,2.415170669555664,1216x352,1344x392
869,2011_10_03_drive_0047_sync_image_0000000398_image_03.png,0-40m,59139,0.9180002084242245,91.80002084242244,7.4400864285573745,98.32428684962547,2.424167201505685,2.415170669555664,1216x352,1344x392
869,2011_10_03_drive_0047_sync_image_0000000398_image_03.png,0-80m,62686,1.1730874713285757,117.30874713285758,7.577182024895551,98.22926969339247,2.424167201505685,2.415170669555664,1216x352,1344x392
870,2011_10_03_drive_0047_sync_image_0000000401_image_02.png,0-10m,30829,0.7151329691524754,71.51329691524754,9.42912616038025,99.28962989393104,2.4140041207177227,2.415170669555664,1216x352,1344x392
870,2011_10_03_drive_0047_sync_image_0000000401_image_02.png,0-20m,62547,0.7479160652687897,74.79160652687898,7.595480551507247,99.28693622395959,2.4140041207177227,2.415170669555664,1216x352,1344x392
870,2011_10_03_drive_0047_sync_image_0000000401_image_02.png,0-40m,71819,0.949759559342267,94.9759559342267,7.700616148824557,98.84013979587574,2.4140041207177227,2.415170669555664,1216x352,1344x392
870,2011_10_03_drive_0047_sync_image_0000000401_image_02.png,0-80m,75476,1.2102466976360207,121.02466976360206,7.893886242444157,98.5306587524511,2.4140041207177227,2.415170669555664,1216x352,1344x392
871,2011_10_03_drive_0047_sync_image_0000000404_image_03.png,0-10m,31775,0.8791862071582786,87.91862071582786,11.410465311066485,99.18489378442172,2.400521201219487,2.415170669555664,1216x352,1344x392
871,2011_10_03_drive_0047_sync_image_0000000404_image_03.png,0-20m,62816,0.9081573811565136,90.81573811565136,9.29159775580304,99.36640346408558,2.400521201219487,2.415170669555664,1216x352,1344x392
871,2011_10_03_drive_0047_sync_image_0000000404_image_03.png,0-40m,71876,1.1457068548257445,114.57068548257445,9.3919683623017,98.91062385218989,2.400521201219487,2.415170669555664,1216x352,1344x392
871,2011_10_03_drive_0047_sync_image_0000000404_image_03.png,0-80m,75375,1.330945867627019,133.0945867627019,9.392208858710195,98.57910447761195,2.400521201219487,2.415170669555664,1216x352,1344x392
872,2011_10_03_drive_0047_sync_image_0000000407_image_02.png,0-10m,36711,0.8185796999008471,81.85796999008471,10.730568893510528,99.80387349840647,2.373068144464787,2.415170669555664,1216x352,1344x392
872,2011_10_03_drive_0047_sync_image_0000000407_image_02.png,0-20m,67244,0.7967897046222883,79.67897046222883,8.652055238306708,99.6490393194932,2.373068144464787,2.415170669555664,1216x352,1344x392
872,2011_10_03_drive_0047_sync_image_0000000407_image_02.png,0-40m,77866,1.0483572828874708,104.83572828874708,8.81276744793762,99.19091773046003,2.373068144464787,2.415170669555664,1216x352,1344x392
872,2011_10_03_drive_0047_sync_image_0000000407_image_02.png,0-80m,81461,1.195716638682486,119.5716638682486,8.773754197257901,99.05107965775034,2.373068144464787,2.415170669555664,1216x352,1344x392
873,2011_10_03_drive_0047_sync_image_0000000410_image_03.png,0-10m,36593,0.7854717705075369,78.54717705075369,10.365929767041912,99.36326619845326,2.418316522867352,2.415170669555664,1216x352,1344x392
873,2011_10_03_drive_0047_sync_image_0000000410_image_03.png,0-20m,59818,0.7463129959078066,74.63129959078067,8.372142172824724,99.38981577451604,2.418316522867352,2.415170669555664,1216x352,1344x392
873,2011_10_03_drive_0047_sync_image_0000000410_image_03.png,0-40m,70675,1.0366921091602597,103.66921091602596,8.65969328633237,98.84824902723736,2.418316522867352,2.415170669555664,1216x352,1344x392
873,2011_10_03_drive_0047_sync_image_0000000410_image_03.png,0-80m,74462,1.299186812125046,129.9186812125046,8.794167267015643,98.02718164970052,2.418316522867352,2.415170669555664,1216x352,1344x392
874,2011_10_03_drive_0047_sync_image_0000000413_image_02.png,0-10m,32728,0.6418067514532151,64.18067514532152,8.666917817319506,98.72586164751894,2.3567513502688193,2.415170669555664,1216x352,1344x392
874,2011_10_03_drive_0047_sync_image_0000000413_image_02.png,0-20m,57620,0.7170770654658484,71.70770654658483,7.21369649488117,98.74349184311004,2.3567513502688193,2.415170669555664,1216x352,1344x392
874,2011_10_03_drive_0047_sync_image_0000000413_image_02.png,0-40m,69032,1.058334112132821,105.83341121328209,7.809914031430957,98.10088075095608,2.3567513502688193,2.415170669555664,1216x352,1344x392
874,2011_10_03_drive_0047_sync_image_0000000413_image_02.png,0-80m,73547,1.4112248944836179,141.1224894483618,8.106272663982763,96.99647844235659,2.3567513502688193,2.415170669555664,1216x352,1344x392
875,2011_10_03_drive_0047_sync_image_0000000416_image_03.png,0-10m,28868,0.6387935519152373,63.879355191523736,8.984275910075032,98.95385894415962,2.343222591887928,2.415170669555664,1216x352,1344x392
875,2011_10_03_drive_0047_sync_image_0000000416_image_03.png,0-20m,56440,0.9122754215898453,91.22754215898453,8.454545068893292,98.71545003543586,2.343222591887928,2.415170669555664,1216x352,1344x392
875,2011_10_03_drive_0047_sync_image_0000000416_image_03.png,0-40m,67534,1.144525612481244,114.4525612481244,8.416793788290173,97.93881600379069,2.343222591887928,2.415170669555664,1216x352,1344x392
875,2011_10_03_drive_0047_sync_image_0000000416_image_03.png,0-80m,71350,1.4264236076444534,142.64236076444533,8.595153126649551,97.35388927820603,2.343222591887928,2.415170669555664,1216x352,1344x392
876,2011_10_03_drive_0047_sync_image_0000000419_image_02.png,0-10m,31665,0.6486776228597073,64.86776228597073,8.645378805313216,98.70203694931313,2.4005379125512687,2.415170669555664,1216x352,1344x392
876,2011_10_03_drive_0047_sync_image_0000000419_image_02.png,0-20m,68086,0.9652372885299437,96.52372885299437,8.56587909850691,98.30949093793144,2.4005379125512687,2.415170669555664,1216x352,1344x392
876,2011_10_03_drive_0047_sync_image_0000000419_image_02.png,0-40m,79397,1.1220268760293277,112.20268760293277,8.445277489002951,97.56413970301145,2.4005379125512687,2.415170669555664,1216x352,1344x392
876,2011_10_03_drive_0047_sync_image_0000000419_image_02.png,0-80m,83488,1.39078384419941,139.07838441994102,8.6329349094316,96.89536220774244,2.4005379125512687,2.415170669555664,1216x352,1344x392
877,2011_10_03_drive_0047_sync_image_0000000422_image_03.png,0-10m,31096,0.8706356387289257,87.06356387289257,11.308650274725418,95.50102907126319,2.4088265185019564,2.415170669555664,1216x352,1344x392
877,2011_10_03_drive_0047_sync_image_0000000422_image_03.png,0-20m,67399,1.1420978185240827,114.20978185240827,10.776562851038708,96.445051113518,2.4088265185019564,2.415170669555664,1216x352,1344x392
877,2011_10_03_drive_0047_sync_image_0000000422_image_03.png,0-40m,77484,1.2235564397218446,122.35564397218445,10.225184193915041,96.35924836095194,2.4088265185019564,2.415170669555664,1216x352,1344x392
877,2011_10_03_drive_0047_sync_image_0000000422_image_03.png,0-80m,81505,1.486315241767383,148.6315241767383,10.332260018865556,95.60517759646648,2.4088265185019564,2.415170669555664,1216x352,1344x392
878,2011_10_03_drive_0047_sync_image_0000000425_image_02.png,0-10m,37017,1.0315703091231216,103.15703091231217,12.716791595687498,98.59253856336278,2.4220212105786065,2.415170669555664,1216x352,1344x392
878,2011_10_03_drive_0047_sync_image_0000000425_image_02.png,0-20m,67131,1.1314884952590285,113.14884952590285,11.623965452513426,98.01135094069804,2.4220212105786065,2.415170669555664,1216x352,1344x392
878,2011_10_03_drive_0047_sync_image_0000000425_image_02.png,0-40m,78322,1.17085305427294,117.085305427294,10.708142255366313,97.98141007635147,2.4220212105786065,2.415170669555664,1216x352,1344x392
878,2011_10_03_drive_0047_sync_image_0000000425_image_02.png,0-80m,81237,1.339417795161928,133.94177951619278,10.704449772815696,97.55899405443333,2.4220212105786065,2.415170669555664,1216x352,1344x392
879,2011_10_03_drive_0047_sync_image_0000000428_image_03.png,0-10m,30833,1.102165359660939,110.21653596609391,14.42345071565393,95.2226510556871,2.4280513746709387,2.415170669555664,1216x352,1344x392
879,2011_10_03_drive_0047_sync_image_0000000428_image_03.png,0-20m,51920,1.109903386969963,110.9903386969963,11.913195660790144,96.43104776579354,2.4280513746709387,2.415170669555664,1216x352,1344x392
879,2011_10_03_drive_0047_sync_image_0000000428_image_03.png,0-40m,61967,1.1701414169736473,117.01414169736472,10.90215044585884,96.4884535317185,2.4280513746709387,2.415170669555664,1216x352,1344x392
879,2011_10_03_drive_0047_sync_image_0000000428_image_03.png,0-80m,65238,1.3817091936417383,138.17091936417384,10.87557545108553,96.20926453907231,2.4280513746709387,2.415170669555664,1216x352,1344x392
880,2011_10_03_drive_0047_sync_image_0000000431_image_02.png,0-10m,29933,1.125996822025767,112.5996822025767,16.667154046537107,94.5043931446898,2.377764478022589,2.415170669555664,1216x352,1344x392
880,2011_10_03_drive_0047_sync_image_0000000431_image_02.png,0-20m,57125,1.1610021129124013,116.10021129124013,12.813914506600572,96.8542669584245,2.377764478022589,2.415170669555664,1216x352,1344x392
880,2011_10_03_drive_0047_sync_image_0000000431_image_02.png,0-40m,67582,1.3278949902672974,132.78949902672974,12.098186660688633,97.00659939037021,2.377764478022589,2.415170669555664,1216x352,1344x392
880,2011_10_03_drive_0047_sync_image_0000000431_image_02.png,0-80m,70770,1.5453732381757073,154.53732381757072,12.111840763498872,96.75003532570298,2.377764478022589,2.415170669555664,1216x352,1344x392
881,2011_10_03_drive_0047_sync_image_0000000434_image_03.png,0-10m,28572,0.8867042005587805,88.67042005587805,11.791614864602478,97.84404311913761,2.393476531934406,2.415170669555664,1216x352,1344x392
881,2011_10_03_drive_0047_sync_image_0000000434_image_03.png,0-20m,59371,0.9517412104229711,95.17412104229712,9.587778235935174,98.7283353825942,2.393476531934406,2.415170669555664,1216x352,1344x392
881,2011_10_03_drive_0047_sync_image_0000000434_image_03.png,0-40m,71019,1.1038326859435574,110.38326859435574,9.109990679284644,98.3145355468255,2.393476531934406,2.415170669555664,1216x352,1344x392
881,2011_10_03_drive_0047_sync_image_0000000434_image_03.png,0-80m,74799,1.3333005291247193,133.33005291247193,9.17803208772288,97.63900586906243,2.393476531934406,2.415170669555664,1216x352,1344x392
882,2011_10_03_drive_0047_sync_image_0000000437_image_02.png,0-10m,36776,0.8749694793554189,87.4969479355419,11.208851307578364,98.78181422666957,2.368705047965263,2.415170669555664,1216x352,1344x392
882,2011_10_03_drive_0047_sync_image_0000000437_image_02.png,0-20m,71724,0.9288964364653776,92.88964364653776,9.318109901516193,99.1286040934694,2.368705047965263,2.415170669555664,1216x352,1344x392
882,2011_10_03_drive_0047_sync_image_0000000437_image_02.png,0-40m,84999,1.1275585246260869,112.75585246260869,9.08260726233132,98.41174602054141,2.368705047965263,2.415170669555664,1216x352,1344x392
882,2011_10_03_drive_0047_sync_image_0000000437_image_02.png,0-80m,88796,1.3003991568156732,130.03991568156732,9.123102117755044,97.68232803279427,2.368705047965263,2.415170669555664,1216x352,1344x392
883,2011_10_03_drive_0047_sync_image_0000000440_image_03.png,0-10m,30165,0.9572410984061437,95.72410984061437,12.222270955113132,95.58097132438256,2.3527762054362196,2.415170669555664,1216x352,1344x392
883,2011_10_03_drive_0047_sync_image_0000000440_image_03.png,0-20m,60584,0.9601022693293264,96.01022693293264,9.908202564488425,97.51089396540341,2.3527762054362196,2.415170669555664,1216x352,1344x392
883,2011_10_03_drive_0047_sync_image_0000000440_image_03.png,0-40m,75104,1.143147899881545,114.3147899881545,9.347893505273182,96.65131018321262,2.3527762054362196,2.415170669555664,1216x352,1344x392
883,2011_10_03_drive_0047_sync_image_0000000440_image_03.png,0-80m,78379,1.286037816139764,128.60378161397642,9.320470583617556,96.33192564334834,2.3527762054362196,2.415170669555664,1216x352,1344x392
884,2011_10_03_drive_0047_sync_image_0000000443_image_02.png,0-10m,36631,0.8676588304186462,86.76588304186463,11.133429520478337,97.20728344844531,2.3597550384638413,2.415170669555664,1216x352,1344x392
884,2011_10_03_drive_0047_sync_image_0000000443_image_02.png,0-20m,68835,0.9130322447423712,91.30322447423713,9.131801428153171,98.24217331299484,2.3597550384638413,2.415170669555664,1216x352,1344x392
884,2011_10_03_drive_0047_sync_image_0000000443_image_02.png,0-40m,81181,1.0901067031639686,109.01067031639687,8.909167397085188,97.78150059743044,2.3597550384638413,2.415170669555664,1216x352,1344x392
884,2011_10_03_drive_0047_sync_image_0000000443_image_02.png,0-80m,84713,1.2257845045204123,122.57845045204124,8.871334869699202,97.45021425283015,2.3597550384638413,2.415170669555664,1216x352,1344x392
885,2011_10_03_drive_0047_sync_image_0000000446_image_03.png,0-10m,31522,0.8586611390514699,85.86611390514699,11.098772949258214,99.56538290717593,2.35458495378255,2.415170669555664,1216x352,1344x392
885,2011_10_03_drive_0047_sync_image_0000000446_image_03.png,0-20m,69347,1.0054726722732192,100.54726722732192,9.51974755553007,99.32224897976842,2.35458495378255,2.415170669555664,1216x352,1344x392
885,2011_10_03_drive_0047_sync_image_0000000446_image_03.png,0-40m,79704,1.1727582903932785,117.27582903932785,9.392581599824517,98.8256549232159,2.35458495378255,2.415170669555664,1216x352,1344x392
885,2011_10_03_drive_0047_sync_image_0000000446_image_03.png,0-80m,83066,1.3160545382077082,131.60545382077083,9.37748524725063,98.34348590277611,2.35458495378255,2.415170669555664,1216x352,1344x392
886,2011_10_03_drive_0047_sync_image_0000000449_image_02.png,0-10m,36165,0.7736827950943691,77.36827950943692,9.684565777618314,99.71519424858289,2.3753809813886355,2.415170669555664,1216x352,1344x392
886,2011_10_03_drive_0047_sync_image_0000000449_image_02.png,0-20m,75245,0.8742068867769279,87.4206886776928,8.573731864189565,99.3992956342614,2.3753809813886355,2.415170669555664,1216x352,1344x392
886,2011_10_03_drive_0047_sync_image_0000000449_image_02.png,0-40m,86102,0.9684756964369658,96.84756964369659,8.23389657567554,98.82348842071032,2.3753809813886355,2.415170669555664,1216x352,1344x392
886,2011_10_03_drive_0047_sync_image_0000000449_image_02.png,0-80m,88426,1.0783647359289747,107.83647359289748,8.253421879990656,98.73001153506887,2.3753809813886355,2.415170669555664,1216x352,1344x392
887,2011_10_03_drive_0047_sync_image_0000000452_image_03.png,0-10m,34779,0.8884221888311044,88.84221888311043,11.387180333918732,99.32718019494523,2.3978406007512625,2.415170669555664,1216x352,1344x392
887,2011_10_03_drive_0047_sync_image_0000000452_image_03.png,0-20m,66031,0.9492177437068537,94.92177437068537,9.793287893132437,99.37907952325423,2.3978406007512625,2.415170669555664,1216x352,1344x392
887,2011_10_03_drive_0047_sync_image_0000000452_image_03.png,0-40m,76216,1.028629680961555,102.8629680961555,9.259503290830953,99.14847276162484,2.3978406007512625,2.415170669555664,1216x352,1344x392
887,2011_10_03_drive_0047_sync_image_0000000452_image_03.png,0-80m,78311,1.2156498613490407,121.56498613490407,9.360060270715898,98.5736358876786,2.3978406007512625,2.415170669555664,1216x352,1344x392
888,2011_10_03_drive_0047_sync_image_0000000455_image_02.png,0-10m,44846,0.8584949824523262,85.84949824523262,11.565073317049052,98.9430495473398,2.38865465474082,2.415170669555664,1216x352,1344x392
888,2011_10_03_drive_0047_sync_image_0000000455_image_02.png,0-20m,71781,0.8764678323672948,87.64678323672948,9.681648731269233,99.05406723227595,2.38865465474082,2.415170669555664,1216x352,1344x392
888,2011_10_03_drive_0047_sync_image_0000000455_image_02.png,0-40m,81057,0.9632420142329883,96.32420142329883,9.268474541640359,98.48008191766287,2.38865465474082,2.415170669555664,1216x352,1344x392
888,2011_10_03_drive_0047_sync_image_0000000455_image_02.png,0-80m,83864,1.1764346164060688,117.64346164060689,9.380727689287395,97.94906038347801,2.38865465474082,2.415170669555664,1216x352,1344x392
889,2011_10_03_drive_0047_sync_image_0000000458_image_03.png,0-10m,28575,0.875046443830742,87.50464438307421,10.960179850626853,99.20559930008748,2.3646475730679177,2.415170669555664,1216x352,1344x392
889,2011_10_03_drive_0047_sync_image_0000000458_image_03.png,0-20m,59860,0.9281849189502437,92.81849189502437,9.130764469522658,99.18476445038424,2.3646475730679177,2.415170669555664,1216x352,1344x392
889,2011_10_03_drive_0047_sync_image_0000000458_image_03.png,0-40m,69435,1.0336173888613238,103.36173888613239,8.761401449956718,97.82242384964354,2.3646475730679177,2.415170669555664,1216x352,1344x392
889,2011_10_03_drive_0047_sync_image_0000000458_image_03.png,0-80m,73089,1.4781551307749778,147.8155130774978,9.160869024895725,96.31134644064086,2.3646475730679177,2.415170669555664,1216x352,1344x392
890,2011_10_03_drive_0047_sync_image_0000000461_image_02.png,0-10m,34187,0.9215391406047186,92.15391406047186,11.628252194409145,95.18822944394067,2.3994394909686227,2.415170669555664,1216x352,1344x392
890,2011_10_03_drive_0047_sync_image_0000000461_image_02.png,0-20m,61098,1.0246119813726453,102.46119813726453,10.263916091544676,96.50234050214411,2.3994394909686227,2.415170669555664,1216x352,1344x392
890,2011_10_03_drive_0047_sync_image_0000000461_image_02.png,0-40m,71510,1.2292497375764608,122.92497375764609,10.029113868668016,96.1082366102643,2.3994394909686227,2.415170669555664,1216x352,1344x392
890,2011_10_03_drive_0047_sync_image_0000000461_image_02.png,0-80m,76179,1.8514961384063797,185.14961384063798,10.637314235591285,93.51396054030639,2.3994394909686227,2.415170669555664,1216x352,1344x392
891,2011_10_03_drive_0047_sync_image_0000000464_image_03.png,0-10m,31633,0.8822219039940629,88.22219039940629,11.56900685513243,95.16644011001169,2.289767828935128,2.415170669555664,1216x352,1344x392
891,2011_10_03_drive_0047_sync_image_0000000464_image_03.png,0-20m,59018,1.0279694025589792,102.79694025589792,10.25737035194348,93.90186044935443,2.289767828935128,2.415170669555664,1216x352,1344x392
891,2011_10_03_drive_0047_sync_image_0000000464_image_03.png,0-40m,69458,1.2648191149412098,126.48191149412098,10.125044321172464,93.6364421664891,2.289767828935128,2.415170669555664,1216x352,1344x392
891,2011_10_03_drive_0047_sync_image_0000000464_image_03.png,0-80m,73872,1.7323713366903215,173.23713366903215,10.518896613650615,92.16753303010613,2.289767828935128,2.415170669555664,1216x352,1344x392
892,2011_10_03_drive_0047_sync_image_0000000467_image_02.png,0-10m,31973,0.9018240067291665,90.18240067291666,11.477963614419656,92.02764832827698,2.206995912249986,2.415170669555664,1216x352,1344x392
892,2011_10_03_drive_0047_sync_image_0000000467_image_02.png,0-20m,65011,0.9694857480582411,96.94857480582411,9.783457389098912,91.23379120456538,2.206995912249986,2.415170669555664,1216x352,1344x392
892,2011_10_03_drive_0047_sync_image_0000000467_image_02.png,0-40m,76640,1.1161242205501847,111.61242205501847,9.34148176804398,91.9454592901879,2.206995912249986,2.415170669555664,1216x352,1344x392
892,2011_10_03_drive_0047_sync_image_0000000467_image_02.png,0-80m,80902,1.568688897113329,156.8688897113329,9.764168134434486,91.13866159056636,2.206995912249986,2.415170669555664,1216x352,1344x392
893,2011_10_03_drive_0047_sync_image_0000000470_image_03.png,0-10m,30686,1.0383602306397295,103.83602306397295,14.356722398350625,86.11093006582806,2.1715314400144115,2.415170669555664,1216x352,1344x392
893,2011_10_03_drive_0047_sync_image_0000000470_image_03.png,0-20m,59931,1.0785552798827478,107.85552798827479,11.440431638366928,92.5397540504914,2.1715314400144115,2.415170669555664,1216x352,1344x392
893,2011_10_03_drive_0047_sync_image_0000000470_image_03.png,0-40m,69651,1.212811729457551,121.28117294575509,10.866850770100605,93.247763851201,2.1715314400144115,2.415170669555664,1216x352,1344x392
893,2011_10_03_drive_0047_sync_image_0000000470_image_03.png,0-80m,74065,1.7016233382021915,170.16233382021915,11.269561734478295,92.06642813744683,2.1715314400144115,2.415170669555664,1216x352,1344x392
894,2011_10_03_drive_0047_sync_image_0000000473_image_02.png,0-10m,35059,0.9603883852692507,96.03883852692508,12.353249333660557,95.68156536124818,2.3456140301587687,2.415170669555664,1216x352,1344x392
894,2011_10_03_drive_0047_sync_image_0000000473_image_02.png,0-20m,66162,1.0739331189711363,107.39331189711363,10.707251608490445,97.39578610078293,2.3456140301587687,2.415170669555664,1216x352,1344x392
894,2011_10_03_drive_0047_sync_image_0000000473_image_02.png,0-40m,77270,1.2336460564444132,123.36460564444131,10.282061253120135,97.14636987187784,2.3456140301587687,2.415170669555664,1216x352,1344x392
894,2011_10_03_drive_0047_sync_image_0000000473_image_02.png,0-80m,81495,1.606592659230861,160.6592659230861,10.594929086100743,95.81937542180502,2.3456140301587687,2.415170669555664,1216x352,1344x392
895,2011_10_03_drive_0047_sync_image_0000000476_image_03.png,0-10m,35688,1.1249026709328689,112.49026709328689,13.92073207331394,92.94160502129567,2.340681512830418,2.415170669555664,1216x352,1344x392
895,2011_10_03_drive_0047_sync_image_0000000476_image_03.png,0-20m,68666,1.2282011158949038,122.82011158949038,12.238058630509638,93.50333498383479,2.340681512830418,2.415170669555664,1216x352,1344x392
895,2011_10_03_drive_0047_sync_image_0000000476_image_03.png,0-40m,79154,1.5439855881553217,154.39855881553217,12.232001405117687,92.37562220481593,2.340681512830418,2.415170669555664,1216x352,1344x392
895,2011_10_03_drive_0047_sync_image_0000000476_image_03.png,0-80m,82395,1.8426614189055355,184.26614189055354,12.447561456872048,91.49948419200194,2.340681512830418,2.415170669555664,1216x352,1344x392
896,2011_10_03_drive_0047_sync_image_0000000479_image_02.png,0-10m,34307,1.2212998628873466,122.12998628873466,15.491396661646906,83.99452006879062,2.3695070974683055,2.415170669555664,1216x352,1344x392
896,2011_10_03_drive_0047_sync_image_0000000479_image_02.png,0-20m,61284,1.4817739165597217,148.17739165597217,14.65376026535159,82.82422818353893,2.3695070974683055,2.415170669555664,1216x352,1344x392
896,2011_10_03_drive_0047_sync_image_0000000479_image_02.png,0-40m,75945,1.9591006141299436,195.91006141299437,14.446968108142697,81.38257949832115,2.3695070974683055,2.415170669555664,1216x352,1344x392
896,2011_10_03_drive_0047_sync_image_0000000479_image_02.png,0-80m,78672,2.1853965060338028,218.53965060338027,14.47304348675453,81.1025523693309,2.3695070974683055,2.415170669555664,1216x352,1344x392
897,2011_10_03_drive_0047_sync_image_0000000482_image_03.png,0-10m,27433,1.2082679547809188,120.82679547809188,15.64358492870338,82.96577115153283,2.4201255706716367,2.415170669555664,1216x352,1344x392
897,2011_10_03_drive_0047_sync_image_0000000482_image_03.png,0-20m,60385,1.4503780085134164,145.03780085134164,13.71465596004735,83.86519831083878,2.4201255706716367,2.415170669555664,1216x352,1344x392
897,2011_10_03_drive_0047_sync_image_0000000482_image_03.png,0-40m,74528,1.8805197835506007,188.05197835506007,13.660275514363853,82.08458565908116,2.4201255706716367,2.415170669555664,1216x352,1344x392
897,2011_10_03_drive_0047_sync_image_0000000482_image_03.png,0-80m,77049,2.1264810889642547,212.64810889642547,13.777053481963936,81.62987189970019,2.4201255706716367,2.415170669555664,1216x352,1344x392
898,2011_10_03_drive_0047_sync_image_0000000485_image_02.png,0-10m,36935,1.2860091329088905,128.60091329088905,16.092803385174047,79.09029375930689,2.4050660309687535,2.415170669555664,1216x352,1344x392
898,2011_10_03_drive_0047_sync_image_0000000485_image_02.png,0-20m,72114,1.607158788373216,160.71587883732158,15.18839003839419,79.24674820423219,2.4050660309687535,2.415170669555664,1216x352,1344x392
898,2011_10_03_drive_0047_sync_image_0000000485_image_02.png,0-40m,85390,2.0674281753886707,206.7428175388671,15.556138662576052,77.07225670453215,2.4050660309687535,2.415170669555664,1216x352,1344x392
898,2011_10_03_drive_0047_sync_image_0000000485_image_02.png,0-80m,87981,2.37174469146588,237.17446914658802,15.781988407694111,76.40058649026494,2.4050660309687535,2.415170669555664,1216x352,1344x392
899,2011_10_03_drive_0047_sync_image_0000000488_image_03.png,0-10m,30689,1.339002825786627,133.9002825786627,16.904213699482625,81.05835967284695,2.3875876005785917,2.415170669555664,1216x352,1344x392
899,2011_10_03_drive_0047_sync_image_0000000488_image_03.png,0-20m,68515,1.6434950249722116,164.34950249722115,15.251839038203965,81.06254104940524,2.3875876005785917,2.415170669555664,1216x352,1344x392
899,2011_10_03_drive_0047_sync_image_0000000488_image_03.png,0-40m,79787,2.0149018247031285,201.49018247031285,15.560300454103073,79.65708699412185,2.3875876005785917,2.415170669555664,1216x352,1344x392
899,2011_10_03_drive_0047_sync_image_0000000488_image_03.png,0-80m,82699,2.407364391727337,240.7364391727337,15.929820735976133,78.82078380633382,2.3875876005785917,2.415170669555664,1216x352,1344x392
900,2011_10_03_drive_0047_sync_image_0000000491_image_02.png,0-10m,39634,1.4943638018319685,149.43638018319686,18.64012120922708,76.38895897461775,2.387628645401654,2.415170669555664,1216x352,1344x392
900,2011_10_03_drive_0047_sync_image_0000000491_image_02.png,0-20m,78926,1.9382041352109902,193.82041352109903,17.765305985002904,75.43775181815879,2.387628645401654,2.415170669555664,1216x352,1344x392
900,2011_10_03_drive_0047_sync_image_0000000491_image_02.png,0-40m,86419,2.0896311453642697,208.96311453642699,17.42631947463507,75.07492565292355,2.387628645401654,2.415170669555664,1216x352,1344x392
900,2011_10_03_drive_0047_sync_image_0000000491_image_02.png,0-80m,89881,2.4210796296703294,242.10796296703293,17.600442263724446,74.63201343999289,2.387628645401654,2.415170669555664,1216x352,1344x392
901,2011_10_03_drive_0047_sync_image_0000000494_image_03.png,0-10m,32475,1.475475556753157,147.5475556753157,18.808055359209483,72.12933025404156,2.4094318656723983,2.415170669555664,1216x352,1344x392
901,2011_10_03_drive_0047_sync_image_0000000494_image_03.png,0-20m,70913,1.8307316595724683,183.07316595724683,17.39102391867845,79.17730176413352,2.4094318656723983,2.415170669555664,1216x352,1344x392
901,2011_10_03_drive_0047_sync_image_0000000494_image_03.png,0-40m,78726,2.272357004600924,227.2357004600924,17.668076186877247,76.18956888448542,2.4094318656723983,2.415170669555664,1216x352,1344x392
901,2011_10_03_drive_0047_sync_image_0000000494_image_03.png,0-80m,80721,2.453816898082863,245.3816898082863,17.647356673104444,75.925719453426,2.4094318656723983,2.415170669555664,1216x352,1344x392
902,2011_10_03_drive_0047_sync_image_0000000497_image_02.png,0-10m,45808,1.670544825710286,167.0544825710286,20.3505421126868,67.3353999301432,2.25738118504711,2.415170669555664,1216x352,1344x392
902,2011_10_03_drive_0047_sync_image_0000000497_image_02.png,0-20m,71957,1.8467871141000993,184.67871141000992,19.004159347166265,68.88280500854677,2.25738118504711,2.415170669555664,1216x352,1344x392
902,2011_10_03_drive_0047_sync_image_0000000497_image_02.png,0-40m,82545,2.2695235169022685,226.95235169022686,18.871731046179402,66.74177721242958,2.25738118504711,2.415170669555664,1216x352,1344x392
902,2011_10_03_drive_0047_sync_image_0000000497_image_02.png,0-80m,84466,2.407605965770378,240.7605965770378,18.774396726847794,67.02696943148723,2.25738118504711,2.415170669555664,1216x352,1344x392
903,2011_10_03_drive_0047_sync_image_0000000500_image_03.png,0-10m,39965,1.479444409061042,147.9444409061042,21.09822197801537,65.13449268109596,2.3190314797691918,2.415170669555664,1216x352,1344x392
903,2011_10_03_drive_0047_sync_image_0000000500_image_03.png,0-20m,64220,1.758271641380057,175.82716413800568,19.207804580698422,67.86826533790097,2.3190314797691918,2.415170669555664,1216x352,1344x392
903,2011_10_03_drive_0047_sync_image_0000000500_image_03.png,0-40m,75948,2.1435639924577874,214.35639924577873,18.703468178243472,67.8727550429241,2.3190314797691918,2.415170669555664,1216x352,1344x392
903,2011_10_03_drive_0047_sync_image_0000000500_image_03.png,0-80m,77748,2.2859553076568724,228.59553076568724,18.59374293645835,67.90914235735967,2.3190314797691918,2.415170669555664,1216x352,1344x392
904,2011_10_03_drive_0047_sync_image_0000000503_image_02.png,0-10m,37095,1.3553935240310935,135.53935240310935,17.7865284906971,76.77045423911578,2.273545232196235,2.415170669555664,1216x352,1344x392
904,2011_10_03_drive_0047_sync_image_0000000503_image_02.png,0-20m,70420,1.6259789094096115,162.59789094096115,15.988733409781823,76.66856006816245,2.273545232196235,2.415170669555664,1216x352,1344x392
904,2011_10_03_drive_0047_sync_image_0000000503_image_02.png,0-40m,81030,1.8810856887709575,188.10856887709576,15.726972757670834,76.94434160187585,2.273545232196235,2.415170669555664,1216x352,1344x392
904,2011_10_03_drive_0047_sync_image_0000000503_image_02.png,0-80m,83838,1.9832102731995325,198.32102731995326,15.512955081487942,77.47202939001407,2.273545232196235,2.415170669555664,1216x352,1344x392
905,2011_10_03_drive_0047_sync_image_0000000506_image_03.png,0-10m,33313,1.5314857321421345,153.14857321421346,18.987622590818695,67.14796025575602,2.1983824741237648,2.415170669555664,1216x352,1344x392
905,2011_10_03_drive_0047_sync_image_0000000506_image_03.png,0-20m,71479,1.6369723799506215,163.69723799506215,15.804841877731654,75.89921515410121,2.1983824741237648,2.415170669555664,1216x352,1344x392
905,2011_10_03_drive_0047_sync_image_0000000506_image_03.png,0-40m,83455,1.843687329204592,184.36873292045922,15.38162151488654,75.90437960577556,2.1983824741237648,2.415170669555664,1216x352,1344x392
905,2011_10_03_drive_0047_sync_image_0000000506_image_03.png,0-80m,86656,2.077324992653802,207.73249926538023,15.338932235972061,75.9381923929099,2.1983824741237648,2.415170669555664,1216x352,1344x392
906,2011_10_03_drive_0047_sync_image_0000000509_image_02.png,0-10m,37361,1.319027582885194,131.9027582885194,16.374252170791806,78.53911833195043,2.233079953202019,2.415170669555664,1216x352,1344x392
906,2011_10_03_drive_0047_sync_image_0000000509_image_02.png,0-20m,76158,1.4530254780468237,145.30254780468238,14.06631695395976,80.28440872922083,2.233079953202019,2.415170669555664,1216x352,1344x392
906,2011_10_03_drive_0047_sync_image_0000000509_image_02.png,0-40m,86347,1.495349128251802,149.53491282518021,13.16045684933242,82.36533984967632,2.233079953202019,2.415170669555664,1216x352,1344x392
906,2011_10_03_drive_0047_sync_image_0000000509_image_02.png,0-80m,89715,1.8175753111266069,181.75753111266067,13.334456313699219,81.91495290642591,2.233079953202019,2.415170669555664,1216x352,1344x392
907,2011_10_03_drive_0047_sync_image_0000000512_image_03.png,0-10m,33682,1.2727117673934947,127.27117673934947,15.974079798087384,80.38418146190843,2.204268698543768,2.415170669555664,1216x352,1344x392
907,2011_10_03_drive_0047_sync_image_0000000512_image_03.png,0-20m,64512,1.4011543490036966,140.11543490036965,14.217890970005891,81.58327132936508,2.204268698543768,2.415170669555664,1216x352,1344x392
907,2011_10_03_drive_0047_sync_image_0000000512_image_03.png,0-40m,75236,1.4394168361622952,143.9416836162295,13.054310493464664,83.72986336328353,2.204268698543768,2.415170669555664,1216x352,1344x392
907,2011_10_03_drive_0047_sync_image_0000000512_image_03.png,0-80m,78121,1.6219998823742021,162.1999882374202,13.008264970750059,83.8263719102418,2.204268698543768,2.415170669555664,1216x352,1344x392
908,2011_10_03_drive_0047_sync_image_0000000515_image_02.png,0-10m,39875,0.9950395175491381,99.50395175491381,12.621123985651359,84.94043887147336,2.2467229859481965,2.415170669555664,1216x352,1344x392
908,2011_10_03_drive_0047_sync_image_0000000515_image_02.png,0-20m,62663,1.037093914466579,103.70939144665789,10.939031767331956,90.19357515599317,2.2467229859481965,2.415170669555664,1216x352,1344x392
908,2011_10_03_drive_0047_sync_image_0000000515_image_02.png,0-40m,73834,1.1248605585138307,112.48605585138307,10.158435783909201,91.55267221063467,2.2467229859481965,2.415170669555664,1216x352,1344x392
908,2011_10_03_drive_0047_sync_image_0000000515_image_02.png,0-80m,76409,1.282025512604749,128.2025512604749,10.164882667727369,91.693386904684,2.2467229859481965,2.415170669555664,1216x352,1344x392
909,2011_10_03_drive_0047_sync_image_0000000518_image_03.png,0-10m,29008,1.031369054146518,103.13690541465179,13.784679249776142,86.32446221731936,2.3447917836529455,2.415170669555664,1216x352,1344x392
909,2011_10_03_drive_0047_sync_image_0000000518_image_03.png,0-20m,59741,1.2471733295758476,124.71733295758476,12.459487597325944,88.12373411894679,2.3447917836529455,2.415170669555664,1216x352,1344x392
909,2011_10_03_drive_0047_sync_image_0000000518_image_03.png,0-40m,74139,1.3905625340235555,139.05625340235554,11.510593248374557,89.84070462239848,2.3447917836529455,2.415170669555664,1216x352,1344x392
909,2011_10_03_drive_0047_sync_image_0000000518_image_03.png,0-80m,76893,1.643862466286387,164.3862466286387,11.61314569976925,89.53220709297335,2.3447917836529455,2.415170669555664,1216x352,1344x392
910,2011_10_03_drive_0047_sync_image_0000000521_image_02.png,0-10m,40244,1.1085728382379418,110.85728382379418,13.773776283565702,84.20634131796044,2.2433138590581776,2.415170669555664,1216x352,1344x392
910,2011_10_03_drive_0047_sync_image_0000000521_image_02.png,0-20m,71320,1.2211157059509032,122.11157059509033,12.147366056953599,88.58665171060012,2.2433138590581776,2.415170669555664,1216x352,1344x392
910,2011_10_03_drive_0047_sync_image_0000000521_image_02.png,0-40m,86320,1.4590071170003023,145.90071170003023,11.746685908978002,89.40454124189064,2.2433138590581776,2.415170669555664,1216x352,1344x392
910,2011_10_03_drive_0047_sync_image_0000000521_image_02.png,0-80m,90027,1.7949294449295843,179.49294449295843,11.960149848320704,88.84556855165673,2.2433138590581776,2.415170669555664,1216x352,1344x392
911,2011_10_03_drive_0047_sync_image_0000000524_image_03.png,0-10m,28998,0.7802593657391442,78.02593657391442,9.964894844183632,98.55162424994828,2.3603237137070714,2.415170669555664,1216x352,1344x392
911,2011_10_03_drive_0047_sync_image_0000000524_image_03.png,0-20m,68774,1.071306689424049,107.13066894240491,9.45527323196841,98.41946084276034,2.3603237137070714,2.415170669555664,1216x352,1344x392
911,2011_10_03_drive_0047_sync_image_0000000524_image_03.png,0-40m,78175,1.2864268468216962,128.64268468216963,9.588925364461657,98.22577550367765,2.3603237137070714,2.415170669555664,1216x352,1344x392
911,2011_10_03_drive_0047_sync_image_0000000524_image_03.png,0-80m,82179,1.5572991052021627,155.72991052021627,9.719443751100778,97.8814538994147,2.3603237137070714,2.415170669555664,1216x352,1344x392
912,2011_10_03_drive_0047_sync_image_0000000527_image_02.png,0-10m,37832,1.1782747860513447,117.82747860513447,14.672268523579726,81.92799746246564,2.402000193507895,2.415170669555664,1216x352,1344x392
912,2011_10_03_drive_0047_sync_image_0000000527_image_02.png,0-20m,83328,1.4199252733746157,141.99252733746158,13.325425016958912,86.95876536098311,2.402000193507895,2.415170669555664,1216x352,1344x392
912,2011_10_03_drive_0047_sync_image_0000000527_image_02.png,0-40m,93230,1.660475187394722,166.04751873947222,13.36929886966277,86.81218491901748,2.402000193507895,2.415170669555664,1216x352,1344x392
912,2011_10_03_drive_0047_sync_image_0000000527_image_02.png,0-80m,97830,1.8856649893821413,188.56649893821412,13.290272219927612,86.6032914238986,2.402000193507895,2.415170669555664,1216x352,1344x392
913,2011_10_03_drive_0047_sync_image_0000000530_image_03.png,0-10m,40508,1.2250266587780132,122.50266587780132,15.168939394914657,77.33287251900859,2.3980355291877817,2.415170669555664,1216x352,1344x392
913,2011_10_03_drive_0047_sync_image_0000000530_image_03.png,0-20m,79558,1.3578120337858612,135.78120337858613,13.220697797497886,86.1384147414465,2.3980355291877817,2.415170669555664,1216x352,1344x392
913,2011_10_03_drive_0047_sync_image_0000000530_image_03.png,0-40m,90136,1.5506292457132804,155.06292457132804,12.993403656863208,87.53217360433123,2.3980355291877817,2.415170669555664,1216x352,1344x392
913,2011_10_03_drive_0047_sync_image_0000000530_image_03.png,0-80m,94332,1.7464925000944882,174.64925000944882,12.90205823200381,87.76979179917738,2.3980355291877817,2.415170669555664,1216x352,1344x392
914,2011_10_03_drive_0047_sync_image_0000000533_image_02.png,0-10m,46561,0.9965614723085459,99.65614723085459,12.436761149356457,90.59083782564808,2.4217660582724987,2.415170669555664,1216x352,1344x392
914,2011_10_03_drive_0047_sync_image_0000000533_image_02.png,0-20m,80056,1.3073930462018777,130.73930462018777,12.514062347065774,89.95703007894474,2.4217660582724987,2.415170669555664,1216x352,1344x392
914,2011_10_03_drive_0047_sync_image_0000000533_image_02.png,0-40m,91366,1.593656689049293,159.3656689049293,12.671938225267459,89.13600245167787,2.4217660582724987,2.415170669555664,1216x352,1344x392
914,2011_10_03_drive_0047_sync_image_0000000533_image_02.png,0-80m,94243,1.811573064260326,181.15730642603262,12.791745741808173,88.03836889742475,2.4217660582724987,2.415170669555664,1216x352,1344x392
915,2011_10_03_drive_0047_sync_image_0000000536_image_03.png,0-10m,44106,0.9130612852913622,91.30612852913622,11.589997911590244,91.42293565501292,2.404002182859559,2.415170669555664,1216x352,1344x392
915,2011_10_03_drive_0047_sync_image_0000000536_image_03.png,0-20m,77416,1.231461604173437,123.1461604173437,11.804743027057265,89.89097860907306,2.404002182859559,2.415170669555664,1216x352,1344x392
915,2011_10_03_drive_0047_sync_image_0000000536_image_03.png,0-40m,86750,1.4844069838510123,148.44069838510123,11.989352338626313,89.91008645533142,2.404002182859559,2.415170669555664,1216x352,1344x392
915,2011_10_03_drive_0047_sync_image_0000000536_image_03.png,0-80m,88812,1.6893917789106159,168.93917789106158,12.177855009798455,88.82808629464488,2.404002182859559,2.415170669555664,1216x352,1344x392
916,2011_10_03_drive_0047_sync_image_0000000539_image_02.png,0-10m,42851,1.051847461813854,105.1847461813854,13.52271186123543,83.6759935590768,2.3992587250219555,2.415170669555664,1216x352,1344x392
916,2011_10_03_drive_0047_sync_image_0000000539_image_02.png,0-20m,81100,1.4015762699929177,140.15762699929178,13.314574878455595,83.56226880394576,2.3992587250219555,2.415170669555664,1216x352,1344x392
916,2011_10_03_drive_0047_sync_image_0000000539_image_02.png,0-40m,90858,1.693439110771434,169.3439110771434,13.557232379760146,82.04450901406591,2.3992587250219555,2.415170669555664,1216x352,1344x392
916,2011_10_03_drive_0047_sync_image_0000000539_image_02.png,0-80m,93062,1.8992636666399672,189.9263666639967,13.7210519921927,80.9696761298919,2.3992587250219555,2.415170669555664,1216x352,1344x392
917,2011_10_03_drive_0047_sync_image_0000000542_image_03.png,0-10m,40205,1.1876577188624418,118.76577188624418,14.893288207388133,80.16913319238901,2.347680714363106,2.415170669555664,1216x352,1344x392
917,2011_10_03_drive_0047_sync_image_0000000542_image_03.png,0-20m,77101,1.5295660776878055,152.95660776878054,14.383947805735895,81.1312434339373,2.347680714363106,2.415170669555664,1216x352,1344x392
917,2011_10_03_drive_0047_sync_image_0000000542_image_03.png,0-40m,85452,1.83664779525144,183.66477952514398,14.661542747510001,78.50723213031877,2.347680714363106,2.415170669555664,1216x352,1344x392
917,2011_10_03_drive_0047_sync_image_0000000542_image_03.png,0-80m,88467,2.009652891914412,200.9652891914412,14.640878286840497,77.97257734522476,2.347680714363106,2.415170669555664,1216x352,1344x392
918,2011_10_03_drive_0047_sync_image_0000000545_image_02.png,0-10m,42007,1.378799802867012,137.8799802867012,17.071199846190694,73.54964648749018,2.3485276024320885,2.415170669555664,1216x352,1344x392
918,2011_10_03_drive_0047_sync_image_0000000545_image_02.png,0-20m,78844,1.749422987854515,174.9422987854515,16.711868978609836,73.37527269037594,2.3485276024320885,2.415170669555664,1216x352,1344x392
918,2011_10_03_drive_0047_sync_image_0000000545_image_02.png,0-40m,89000,2.069088883919662,206.90888839196623,16.73695683852994,71.01797752808989,2.3485276024320885,2.415170669555664,1216x352,1344x392
918,2011_10_03_drive_0047_sync_image_0000000545_image_02.png,0-80m,92232,2.238317312081903,223.8317312081903,16.61959532866049,70.97645068956544,2.3485276024320885,2.415170669555664,1216x352,1344x392
919,2011_10_03_drive_0047_sync_image_0000000548_image_03.png,0-10m,39596,1.3746102507734121,137.46102507734122,17.206073287947678,70.41115264168097,2.353367551385483,2.415170669555664,1216x352,1344x392
919,2011_10_03_drive_0047_sync_image_0000000548_image_03.png,0-20m,70425,1.758612484937024,175.8612484937024,16.832656328222903,69.40575079872204,2.353367551385483,2.415170669555664,1216x352,1344x392
919,2011_10_03_drive_0047_sync_image_0000000548_image_03.png,0-40m,78624,2.0967852657325006,209.67852657325005,16.9439259937771,66.87525437525437,2.353367551385483,2.415170669555664,1216x352,1344x392
919,2011_10_03_drive_0047_sync_image_0000000548_image_03.png,0-80m,81804,2.2558826612065714,225.58826612065715,16.76218496200427,67.02850716346389,2.353367551385483,2.415170669555664,1216x352,1344x392
920,2011_10_03_drive_0047_sync_image_0000000551_image_02.png,0-10m,38499,1.2370502676151676,123.70502676151676,15.598476656882779,77.00200005194941,2.3632521848560226,2.415170669555664,1216x352,1344x392
920,2011_10_03_drive_0047_sync_image_0000000551_image_02.png,0-20m,70931,1.5054495803926424,150.54495803926423,14.562931218090988,80.32172110924701,2.3632521848560226,2.415170669555664,1216x352,1344x392
920,2011_10_03_drive_0047_sync_image_0000000551_image_02.png,0-40m,80926,1.770649470707992,177.0649470707992,14.413614273799608,81.0827175444233,2.3632521848560226,2.415170669555664,1216x352,1344x392
920,2011_10_03_drive_0047_sync_image_0000000551_image_02.png,0-80m,83833,1.9528211975977012,195.28211975977013,14.387877514199712,81.07070008230649,2.3632521848560226,2.415170669555664,1216x352,1344x392
921,2011_10_03_drive_0047_sync_image_0000000554_image_03.png,0-10m,35783,1.070650556057311,107.06505560573109,13.46001702549888,85.45119190677137,2.3926553138413245,2.415170669555664,1216x352,1344x392
921,2011_10_03_drive_0047_sync_image_0000000554_image_03.png,0-20m,70505,1.2298950822021462,122.98950822021462,12.012181312991393,89.2603361463726,2.3926553138413245,2.415170669555664,1216x352,1344x392
921,2011_10_03_drive_0047_sync_image_0000000554_image_03.png,0-40m,81076,1.4543454717434683,145.43454717434682,11.876957293024441,89.67141940894963,2.3926553138413245,2.415170669555664,1216x352,1344x392
921,2011_10_03_drive_0047_sync_image_0000000554_image_03.png,0-80m,84328,1.6507305879004144,165.07305879004144,11.891752591587474,89.61080542643013,2.3926553138413245,2.415170669555664,1216x352,1344x392
922,2011_10_03_drive_0047_sync_image_0000000557_image_02.png,0-10m,43569,1.0290911107425662,102.90911107425661,12.862641760527804,89.99518005921642,2.392602646777894,2.415170669555664,1216x352,1344x392
922,2011_10_03_drive_0047_sync_image_0000000557_image_02.png,0-20m,77806,1.2273261965422742,122.73261965422742,12.010225854988416,92.3257846438578,2.392602646777894,2.415170669555664,1216x352,1344x392
922,2011_10_03_drive_0047_sync_image_0000000557_image_02.png,0-40m,89512,1.4604390388956785,146.04390388956784,11.92714672676994,92.39319867727232,2.392602646777894,2.415170669555664,1216x352,1344x392
922,2011_10_03_drive_0047_sync_image_0000000557_image_02.png,0-80m,92202,1.635575678578111,163.5575678578111,11.982727530105192,92.07826294440467,2.392602646777894,2.415170669555664,1216x352,1344x392
923,2011_10_03_drive_0047_sync_image_0000000560_image_03.png,0-10m,38111,0.9859434660284744,98.59434660284744,12.530190211213926,91.14428905040539,2.4222230242172547,2.415170669555664,1216x352,1344x392
923,2011_10_03_drive_0047_sync_image_0000000560_image_03.png,0-20m,69133,1.239710361132312,123.9710361132312,11.924104271330071,89.7661030188188,2.4222230242172547,2.415170669555664,1216x352,1344x392
923,2011_10_03_drive_0047_sync_image_0000000560_image_03.png,0-40m,80027,1.4457992949435667,144.57992949435666,11.775393084005236,90.01586964399515,2.4222230242172547,2.415170669555664,1216x352,1344x392
923,2011_10_03_drive_0047_sync_image_0000000560_image_03.png,0-80m,82543,1.6764895990072997,167.64895990072998,11.919222569404043,89.67083822977115,2.4222230242172547,2.415170669555664,1216x352,1344x392
924,2011_10_03_drive_0047_sync_image_0000000563_image_02.png,0-10m,39543,0.9440415881699828,94.40415881699829,12.126768084563476,89.88695850087247,2.329557353700345,2.415170669555664,1216x352,1344x392
924,2011_10_03_drive_0047_sync_image_0000000563_image_02.png,0-20m,78007,1.2377029302686953,123.77029302686952,11.559467827610755,89.24327303959902,2.329557353700345,2.415170669555664,1216x352,1344x392
924,2011_10_03_drive_0047_sync_image_0000000563_image_02.png,0-40m,87828,1.3645387276163539,136.45387276163538,11.27695641356286,89.83923122466639,2.329557353700345,2.415170669555664,1216x352,1344x392
924,2011_10_03_drive_0047_sync_image_0000000563_image_02.png,0-80m,90712,1.6128911853483172,161.28911853483172,11.455092425190134,89.5680836052562,2.329557353700345,2.415170669555664,1216x352,1344x392
925,2011_10_03_drive_0047_sync_image_0000000566_image_03.png,0-10m,38013,1.082660442350338,108.2660442350338,13.509924163455473,84.76310735800911,2.429951189458336,2.415170669555664,1216x352,1344x392
925,2011_10_03_drive_0047_sync_image_0000000566_image_03.png,0-20m,77373,1.4026910370817638,140.26910370817637,12.981459822538488,85.73533403125121,2.429951189458336,2.415170669555664,1216x352,1344x392
925,2011_10_03_drive_0047_sync_image_0000000566_image_03.png,0-40m,86514,1.599820668016059,159.9820668016059,12.890956025717562,85.22898028064822,2.429951189458336,2.415170669555664,1216x352,1344x392
925,2011_10_03_drive_0047_sync_image_0000000566_image_03.png,0-80m,89506,1.8303660278152178,183.0366027815218,12.994925406566207,84.78314302951757,2.429951189458336,2.415170669555664,1216x352,1344x392
926,2011_10_03_drive_0047_sync_image_0000000569_image_02.png,0-10m,38800,1.0292509470280913,102.92509470280913,12.728118098902105,89.65206185567011,2.4245968561467515,2.415170669555664,1216x352,1344x392
926,2011_10_03_drive_0047_sync_image_0000000569_image_02.png,0-20m,82081,1.3480656174975187,134.80656174975186,12.522666802430841,89.79300934442807,2.4245968561467515,2.415170669555664,1216x352,1344x392
926,2011_10_03_drive_0047_sync_image_0000000569_image_02.png,0-40m,91493,1.5700649993285418,157.00649993285418,12.527761132349571,88.49310876241898,2.4245968561467515,2.415170669555664,1216x352,1344x392
926,2011_10_03_drive_0047_sync_image_0000000569_image_02.png,0-80m,94884,1.8673379322634314,186.73379322634312,12.715445218705518,87.96108933012941,2.4245968561467515,2.415170669555664,1216x352,1344x392
927,2011_10_03_drive_0047_sync_image_0000000572_image_03.png,0-10m,39584,1.0260414558258766,102.60414558258766,12.505409589507789,88.88439773645918,2.424451073986258,2.415170669555664,1216x352,1344x392
927,2011_10_03_drive_0047_sync_image_0000000572_image_03.png,0-20m,75752,1.3491829606078976,134.91829606078974,12.730737647751807,88.92174464040554,2.424451073986258,2.415170669555664,1216x352,1344x392
927,2011_10_03_drive_0047_sync_image_0000000572_image_03.png,0-40m,85281,1.6896848198122913,168.96848198122913,13.12455312755851,84.9239572706699,2.424451073986258,2.415170669555664,1216x352,1344x392
927,2011_10_03_drive_0047_sync_image_0000000572_image_03.png,0-80m,88143,1.9047450576169316,190.47450576169317,13.194575146047265,84.42417435303994,2.424451073986258,2.415170669555664,1216x352,1344x392
928,2011_10_03_drive_0047_sync_image_0000000575_image_02.png,0-10m,41917,0.9335700998575425,93.35700998575425,11.645503714906043,94.35551208340291,2.4202907496284713,2.415170669555664,1216x352,1344x392
928,2011_10_03_drive_0047_sync_image_0000000575_image_02.png,0-20m,72661,1.305309095970821,130.5309095970821,12.14387115412915,89.56524132615846,2.4202907496284713,2.415170669555664,1216x352,1344x392
928,2011_10_03_drive_0047_sync_image_0000000575_image_02.png,0-40m,83746,1.617644747364949,161.7644747364949,12.297332216874555,86.06620017672486,2.4202907496284713,2.415170669555664,1216x352,1344x392
928,2011_10_03_drive_0047_sync_image_0000000575_image_02.png,0-80m,86550,1.8501935263688272,185.01935263688273,12.418013534374893,85.65684575389947,2.4202907496284713,2.415170669555664,1216x352,1344x392
929,2011_10_03_drive_0047_sync_image_0000000578_image_03.png,0-10m,34709,0.997378680997891,99.7378680997891,12.814778497592695,92.34780604454176,2.434924808351983,2.415170669555664,1216x352,1344x392
929,2011_10_03_drive_0047_sync_image_0000000578_image_03.png,0-20m,66373,1.539654499104417,153.9654499104417,14.08016898813833,84.58258629261898,2.434924808351983,2.415170669555664,1216x352,1344x392
929,2011_10_03_drive_0047_sync_image_0000000578_image_03.png,0-40m,79040,1.9164945984357282,191.64945984357283,14.174408362065794,80.48836032388664,2.434924808351983,2.415170669555664,1216x352,1344x392
929,2011_10_03_drive_0047_sync_image_0000000578_image_03.png,0-80m,81401,2.1307788596976467,213.07788596976468,14.25233732930337,80.26682718885517,2.434924808351983,2.415170669555664,1216x352,1344x392
930,2011_10_03_drive_0047_sync_image_0000000581_image_02.png,0-10m,34982,1.0922404432179527,109.22404432179526,13.449526508956533,86.20719227031044,2.4302848486769744,2.415170669555664,1216x352,1344x392
930,2011_10_03_drive_0047_sync_image_0000000581_image_02.png,0-20m,74460,1.6157608611142478,161.5760861114248,14.388011852466487,76.47193123824873,2.4302848486769744,2.415170669555664,1216x352,1344x392
930,2011_10_03_drive_0047_sync_image_0000000581_image_02.png,0-40m,85489,1.9865226321137903,198.65226321137902,14.740971604664011,73.2328135783551,2.4302848486769744,2.415170669555664,1216x352,1344x392
930,2011_10_03_drive_0047_sync_image_0000000581_image_02.png,0-80m,87974,2.1782637538416023,217.82637538416023,14.786578578004647,73.08522972696478,2.4302848486769744,2.415170669555664,1216x352,1344x392
931,2011_10_03_drive_0047_sync_image_0000000584_image_03.png,0-10m,40442,1.262025146537197,126.2025146537197,15.176774723104835,81.70466346867119,2.4320154405062593,2.415170669555664,1216x352,1344x392
931,2011_10_03_drive_0047_sync_image_0000000584_image_03.png,0-20m,78337,1.6798834412004526,167.98834412004527,15.197303271274784,78.92694384518173,2.4320154405062593,2.415170669555664,1216x352,1344x392
931,2011_10_03_drive_0047_sync_image_0000000584_image_03.png,0-40m,87049,2.0006275647271226,200.06275647271227,15.517750611245138,76.17204103435996,2.4320154405062593,2.415170669555664,1216x352,1344x392
931,2011_10_03_drive_0047_sync_image_0000000584_image_03.png,0-80m,89963,2.1272720272599375,212.72720272599375,15.373385956844759,76.3725086980203,2.4320154405062593,2.415170669555664,1216x352,1344x392
932,2011_10_03_drive_0047_sync_image_0000000587_image_02.png,0-10m,36871,1.190742948342306,119.0742948342306,14.703840008382151,84.57595400179002,2.4325135601785894,2.415170669555664,1216x352,1344x392
932,2011_10_03_drive_0047_sync_image_0000000587_image_02.png,0-20m,75839,1.6860272445973468,168.60272445973467,15.18534349649738,76.728332388349,2.4325135601785894,2.415170669555664,1216x352,1344x392
932,2011_10_03_drive_0047_sync_image_0000000587_image_02.png,0-40m,85438,2.0487071745108625,204.87071745108625,15.590348776952348,73.10096210117278,2.4325135601785894,2.415170669555664,1216x352,1344x392
932,2011_10_03_drive_0047_sync_image_0000000587_image_02.png,0-80m,88919,2.1931259108962013,219.31259108962013,15.40303925969414,73.59731890821985,2.4325135601785894,2.415170669555664,1216x352,1344x392
933,2011_10_03_drive_0047_sync_image_0000000590_image_03.png,0-10m,33276,1.202704503840302,120.2704503840302,14.814765891483281,84.98918139199422,2.4329473624440525,2.415170669555664,1216x352,1344x392
933,2011_10_03_drive_0047_sync_image_0000000590_image_03.png,0-20m,74588,1.6046521893811876,160.46521893811877,14.509024579372094,84.1127259076527,2.4329473624440525,2.415170669555664,1216x352,1344x392
933,2011_10_03_drive_0047_sync_image_0000000590_image_03.png,0-40m,83606,1.9439549639336622,194.39549639336622,14.941768389088322,80.99897136569145,2.4329473624440525,2.415170669555664,1216x352,1344x392
933,2011_10_03_drive_0047_sync_image_0000000590_image_03.png,0-80m,87758,2.1825123661759096,218.25123661759096,14.861926632870754,80.88037557829486,2.4329473624440525,2.415170669555664,1216x352,1344x392
934,2011_10_03_drive_0047_sync_image_0000000593_image_02.png,0-10m,45370,1.254037266684598,125.4037266684598,15.087793732451122,83.8064800528984,2.427513240907857,2.415170669555664,1216x352,1344x392
934,2011_10_03_drive_0047_sync_image_0000000593_image_02.png,0-20m,83945,1.6917026786553129,169.1702678655313,15.633082447101119,77.78545476204658,2.427513240907857,2.415170669555664,1216x352,1344x392
934,2011_10_03_drive_0047_sync_image_0000000593_image_02.png,0-40m,93201,1.9729659642527653,197.29659642527653,15.852735089190567,74.66228903123357,2.427513240907857,2.415170669555664,1216x352,1344x392
934,2011_10_03_drive_0047_sync_image_0000000593_image_02.png,0-80m,97037,2.162085440624271,216.2085440624271,15.726682124496838,75.16411265805827,2.427513240907857,2.415170669555664,1216x352,1344x392
935,2011_10_03_drive_0047_sync_image_0000000596_image_03.png,0-10m,40738,1.1955681837876817,119.55681837876817,15.016176331358752,88.58314104767048,2.437927322880923,2.415170669555664,1216x352,1344x392
935,2011_10_03_drive_0047_sync_image_0000000596_image_03.png,0-20m,77426,1.609799055781813,160.9799055781813,15.003353336631514,86.4347893472477,2.437927322880923,2.415170669555664,1216x352,1344x392
935,2011_10_03_drive_0047_sync_image_0000000596_image_03.png,0-40m,85798,1.8586462857814994,185.86462857814993,15.125864994654236,84.51479055455839,2.437927322880923,2.415170669555664,1216x352,1344x392
935,2011_10_03_drive_0047_sync_image_0000000596_image_03.png,0-80m,89287,2.00878885712576,200.87888571257602,14.964195005598805,84.75925946666368,2.437927322880923,2.415170669555664,1216x352,1344x392
936,2011_10_03_drive_0047_sync_image_0000000599_image_02.png,0-10m,44788,1.2107795502252214,121.07795502252215,15.407457137655408,86.840225060284,2.4349597890428205,2.415170669555664,1216x352,1344x392
936,2011_10_03_drive_0047_sync_image_0000000599_image_02.png,0-20m,82036,1.6257519849105013,162.57519849105014,15.505775639869904,83.40118972158564,2.4349597890428205,2.415170669555664,1216x352,1344x392
936,2011_10_03_drive_0047_sync_image_0000000599_image_02.png,0-40m,92520,1.8476360245643628,184.76360245643627,15.30108434950866,82.55512321660181,2.4349597890428205,2.415170669555664,1216x352,1344x392
936,2011_10_03_drive_0047_sync_image_0000000599_image_02.png,0-80m,96389,2.003723684037106,200.3723684037106,15.110609671669433,82.81961634626359,2.4349597890428205,2.415170669555664,1216x352,1344x392
937,2011_10_03_drive_0047_sync_image_0000000602_image_03.png,0-10m,44582,1.1204321295762307,112.04321295762307,14.249816409668725,91.34404019559463,2.426138635410082,2.415170669555664,1216x352,1344x392
937,2011_10_03_drive_0047_sync_image_0000000602_image_03.png,0-20m,81519,1.4548302771370436,145.48302771370436,14.075207556757535,90.818091487874,2.426138635410082,2.415170669555664,1216x352,1344x392
937,2011_10_03_drive_0047_sync_image_0000000602_image_03.png,0-40m,91084,1.665060016798055,166.50600167980548,13.892383532710015,89.83575600544552,2.426138635410082,2.415170669555664,1216x352,1344x392
937,2011_10_03_drive_0047_sync_image_0000000602_image_03.png,0-80m,95537,1.9252343325432903,192.52343325432903,13.84330296479756,89.7348671195453,2.426138635410082,2.415170669555664,1216x352,1344x392
938,2011_10_03_drive_0047_sync_image_0000000605_image_02.png,0-10m,43544,1.0653603319273743,106.53603319273743,13.581406422831648,95.18418151754547,2.438700816220875,2.415170669555664,1216x352,1344x392
938,2011_10_03_drive_0047_sync_image_0000000605_image_02.png,0-20m,77422,1.2525291020614429,125.25291020614429,12.371855700022794,94.74567952261631,2.438700816220875,2.415170669555664,1216x352,1344x392
938,2011_10_03_drive_0047_sync_image_0000000605_image_02.png,0-40m,89652,1.4946834541508531,149.4683454150853,12.22664019640788,93.26283853120957,2.438700816220875,2.415170669555664,1216x352,1344x392
938,2011_10_03_drive_0047_sync_image_0000000605_image_02.png,0-80m,95154,1.9523716906690205,195.23716906690206,12.473476010814156,92.81480547323287,2.438700816220875,2.415170669555664,1216x352,1344x392
939,2011_10_03_drive_0047_sync_image_0000000608_image_03.png,0-10m,31489,0.9598889063704581,95.98889063704581,12.242289975430994,87.52580266124679,2.433788184023318,2.415170669555664,1216x352,1344x392
939,2011_10_03_drive_0047_sync_image_0000000608_image_03.png,0-20m,71416,1.1271607573193694,112.71607573193694,10.699751707383918,91.24705948246891,2.433788184023318,2.415170669555664,1216x352,1344x392
939,2011_10_03_drive_0047_sync_image_0000000608_image_03.png,0-40m,84606,1.3953243346709472,139.5324334670947,10.663898739883393,91.13301657092877,2.433788184023318,2.415170669555664,1216x352,1344x392
939,2011_10_03_drive_0047_sync_image_0000000608_image_03.png,0-80m,90537,2.0519128620057705,205.19128620057705,11.249734266500608,89.23754928924086,2.433788184023318,2.415170669555664,1216x352,1344x392
940,2011_10_03_drive_0047_sync_image_0000000611_image_02.png,0-10m,39770,1.0067750977186933,100.67750977186934,12.191020055813723,93.43223535328137,2.4329059285486596,2.415170669555664,1216x352,1344x392
940,2011_10_03_drive_0047_sync_image_0000000611_image_02.png,0-20m,76496,1.263378834411505,126.3378834411505,11.736771141295778,92.15122359339051,2.4329059285486596,2.415170669555664,1216x352,1344x392
940,2011_10_03_drive_0047_sync_image_0000000611_image_02.png,0-40m,91205,1.5905299195176212,159.05299195176212,11.771713677274118,91.11781152349103,2.4329059285486596,2.415170669555664,1216x352,1344x392
940,2011_10_03_drive_0047_sync_image_0000000611_image_02.png,0-80m,97983,2.4073151586473864,240.73151586473864,12.576323387934066,88.83479787310044,2.4329059285486596,2.415170669555664,1216x352,1344x392
941,2011_10_03_drive_0047_sync_image_0000000614_image_03.png,0-10m,30694,1.090373095933518,109.03730959335181,13.24604113440133,87.28090180491301,2.437298663884837,2.415170669555664,1216x352,1344x392
941,2011_10_03_drive_0047_sync_image_0000000614_image_03.png,0-20m,68808,1.4369461061150346,143.69461061150346,12.707835883498417,86.16294616905012,2.437298663884837,2.415170669555664,1216x352,1344x392
941,2011_10_03_drive_0047_sync_image_0000000614_image_03.png,0-40m,83371,1.7299366268645668,172.99366268645667,12.51850264104386,86.52049273728275,2.437298663884837,2.415170669555664,1216x352,1344x392
941,2011_10_03_drive_0047_sync_image_0000000614_image_03.png,0-80m,90496,2.7116192173333955,271.16192173333957,13.558127427989294,82.33623585572843,2.437298663884837,2.415170669555664,1216x352,1344x392
942,2011_10_03_drive_0047_sync_image_0000000617_image_02.png,0-10m,34508,1.07962998665953,107.96299866595301,13.08402901350198,87.74197287585488,2.438187675607059,2.415170669555664,1216x352,1344x392
942,2011_10_03_drive_0047_sync_image_0000000617_image_02.png,0-20m,75983,1.383948078846835,138.3948078846835,12.48044462738946,86.90364950054618,2.438187675607059,2.415170669555664,1216x352,1344x392
942,2011_10_03_drive_0047_sync_image_0000000617_image_02.png,0-40m,91968,1.7205194478171437,172.05194478171438,12.451906909511957,86.80845511482255,2.438187675607059,2.415170669555664,1216x352,1344x392
942,2011_10_03_drive_0047_sync_image_0000000617_image_02.png,0-80m,100387,2.67246780298893,267.24678029889304,13.5278593842809,82.5834022333569,2.438187675607059,2.415170669555664,1216x352,1344x392
943,2011_10_03_drive_0047_sync_image_0000000620_image_03.png,0-10m,31265,1.2026115239038289,120.26115239038289,14.416907008415524,79.53302414840876,2.431916668979252,2.415170669555664,1216x352,1344x392
943,2011_10_03_drive_0047_sync_image_0000000620_image_03.png,0-20m,74692,1.5357872388017253,153.57872388017253,13.479279272781246,81.62989342901515,2.431916668979252,2.415170669555664,1216x352,1344x392
943,2011_10_03_drive_0047_sync_image_0000000620_image_03.png,0-40m,89867,1.8922163010736597,189.22163010736597,13.349564957567583,82.57091034528804,2.431916668979252,2.415170669555664,1216x352,1344x392
943,2011_10_03_drive_0047_sync_image_0000000620_image_03.png,0-80m,97860,2.6145277838850225,261.4527783885022,13.991790975582873,81.71469446147557,2.431916668979252,2.415170669555664,1216x352,1344x392
944,2011_10_03_drive_0047_sync_image_0000000623_image_02.png,0-10m,33346,1.1552415085433734,115.52415085433734,13.92638465216283,84.80477418580939,2.4309412142841724,2.415170669555664,1216x352,1344x392
944,2011_10_03_drive_0047_sync_image_0000000623_image_02.png,0-20m,78636,1.4882570048291515,148.82570048291515,13.111540744898441,88.08306628007529,2.4309412142841724,2.415170669555664,1216x352,1344x392
944,2011_10_03_drive_0047_sync_image_0000000623_image_02.png,0-40m,94847,1.9906011540226094,199.06011540226095,13.35024941792832,86.96637742891183,2.4309412142841724,2.415170669555664,1216x352,1344x392
944,2011_10_03_drive_0047_sync_image_0000000623_image_02.png,0-80m,101409,2.496129523818036,249.61295238180358,13.71894996427038,86.86507114753128,2.4309412142841724,2.415170669555664,1216x352,1344x392
945,2011_10_03_drive_0047_sync_image_0000000626_image_03.png,0-10m,30297,0.9320906828184563,93.20906828184563,11.381222746726023,95.02921081295177,2.431745759974569,2.415170669555664,1216x352,1344x392
945,2011_10_03_drive_0047_sync_image_0000000626_image_03.png,0-20m,68541,1.255055191522407,125.50551915224071,10.997591116790332,94.92712391123561,2.431745759974569,2.415170669555664,1216x352,1344x392
945,2011_10_03_drive_0047_sync_image_0000000626_image_03.png,0-40m,85864,1.9256147602214668,192.56147602214668,11.96167349472585,93.20204043603839,2.431745759974569,2.415170669555664,1216x352,1344x392
945,2011_10_03_drive_0047_sync_image_0000000626_image_03.png,0-80m,92642,2.48086579129943,248.086579129943,12.441688105395913,92.66099609248505,2.431745759974569,2.415170669555664,1216x352,1344x392
946,2011_10_03_drive_0047_sync_image_0000000629_image_02.png,0-10m,29669,1.0674587963541018,106.74587963541018,12.81004161965002,84.14506724190232,2.428543743163889,2.415170669555664,1216x352,1344x392
946,2011_10_03_drive_0047_sync_image_0000000629_image_02.png,0-20m,72660,1.6178142584029749,161.7814258402975,13.783732027944119,81.23451692815856,2.428543743163889,2.415170669555664,1216x352,1344x392
946,2011_10_03_drive_0047_sync_image_0000000629_image_02.png,0-40m,92318,2.0837000445251013,208.37000445251013,13.706328935276895,83.08672198271194,2.428543743163889,2.415170669555664,1216x352,1344x392
946,2011_10_03_drive_0047_sync_image_0000000629_image_02.png,0-80m,98424,2.3525769898952107,235.25769898952106,13.64668197986518,83.75396244818337,2.428543743163889,2.415170669555664,1216x352,1344x392
947,2011_10_03_drive_0047_sync_image_0000000632_image_03.png,0-10m,33345,1.1608650498812767,116.08650498812767,13.14048991490836,86.08487029539661,2.43477956007752,2.415170669555664,1216x352,1344x392
947,2011_10_03_drive_0047_sync_image_0000000632_image_03.png,0-20m,69180,1.3103621702588477,131.03621702588478,11.824007405107478,82.49204972535415,2.43477956007752,2.415170669555664,1216x352,1344x392
947,2011_10_03_drive_0047_sync_image_0000000632_image_03.png,0-40m,93114,1.5147191719503201,151.471917195032,10.836869783357377,85.74006057091307,2.43477956007752,2.415170669555664,1216x352,1344x392
947,2011_10_03_drive_0047_sync_image_0000000632_image_03.png,0-80m,99013,1.6745744894099235,167.45744894099235,10.694019086794448,86.32098815307081,2.43477956007752,2.415170669555664,1216x352,1344x392
948,2011_10_03_drive_0047_sync_image_0000000635_image_02.png,0-10m,33277,1.1863906422991712,118.63906422991712,14.25025726059632,80.43393334735704,2.4372570816499812,2.415170669555664,1216x352,1344x392
948,2011_10_03_drive_0047_sync_image_0000000635_image_02.png,0-20m,86611,1.4615306768637468,146.15306768637467,12.728869630377407,81.15366408423871,2.4372570816499812,2.415170669555664,1216x352,1344x392
948,2011_10_03_drive_0047_sync_image_0000000635_image_02.png,0-40m,106687,1.5976028927814812,159.76028927814812,11.900973633594885,82.99417923458341,2.4372570816499812,2.415170669555664,1216x352,1344x392
948,2011_10_03_drive_0047_sync_image_0000000635_image_02.png,0-80m,111734,1.687102013311803,168.71020133118031,11.681472107578232,83.50546834446095,2.4372570816499812,2.415170669555664,1216x352,1344x392
949,2011_10_03_drive_0047_sync_image_0000000638_image_03.png,0-10m,31465,1.0392152961895837,103.92152961895837,12.680716705161876,88.12648975051644,2.4292387058724887,2.415170669555664,1216x352,1344x392
949,2011_10_03_drive_0047_sync_image_0000000638_image_03.png,0-20m,88875,1.1056617135961349,110.56617135961349,10.038920741943972,93.19493670886077,2.4292387058724887,2.415170669555664,1216x352,1344x392
949,2011_10_03_drive_0047_sync_image_0000000638_image_03.png,0-40m,107485,1.21491913988229,121.491913988229,9.382115108437542,93.04181978880774,2.4292387058724887,2.415170669555664,1216x352,1344x392
949,2011_10_03_drive_0047_sync_image_0000000638_image_03.png,0-80m,111706,1.3502076067770912,135.02076067770912,9.38657414324942,92.69511037903067,2.4292387058724887,2.415170669555664,1216x352,1344x392
950,2011_10_03_drive_0047_sync_image_0000000641_image_02.png,0-10m,32762,1.1908143446359738,119.08143446359738,14.738643463230778,88.54160307673524,2.4278155801528403,2.415170669555664,1216x352,1344x392
950,2011_10_03_drive_0047_sync_image_0000000641_image_02.png,0-20m,84669,1.4143879841422884,141.43879841422884,12.834915865685476,88.3499273642065,2.4278155801528403,2.415170669555664,1216x352,1344x392
950,2011_10_03_drive_0047_sync_image_0000000641_image_02.png,0-40m,103699,1.5624020603036723,156.24020603036723,12.028861040189,87.84848455626381,2.4278155801528403,2.415170669555664,1216x352,1344x392
950,2011_10_03_drive_0047_sync_image_0000000641_image_02.png,0-80m,107639,1.6914791640182436,169.14791640182438,11.951189317290616,87.98298014660114,2.4278155801528403,2.415170669555664,1216x352,1344x392
951,2011_10_03_drive_0047_sync_image_0000000644_image_03.png,0-10m,32148,1.2620503300826644,126.20503300826644,15.377307595198463,82.15130023640663,2.4323070701204617,2.415170669555664,1216x352,1344x392
951,2011_10_03_drive_0047_sync_image_0000000644_image_03.png,0-20m,83115,1.4442403769009755,144.42403769009755,12.98700767298392,85.70895746856765,2.4323070701204617,2.415170669555664,1216x352,1344x392
951,2011_10_03_drive_0047_sync_image_0000000644_image_03.png,0-40m,99094,1.6015195130729256,160.15195130729256,12.375673827189338,85.54907461602114,2.4323070701204617,2.415170669555664,1216x352,1344x392
951,2011_10_03_drive_0047_sync_image_0000000644_image_03.png,0-80m,103206,1.7464985102597006,174.64985102597007,12.290069153004744,85.78861694087553,2.4323070701204617,2.415170669555664,1216x352,1344x392
952,2011_10_03_drive_0047_sync_image_0000000647_image_02.png,0-10m,33595,1.296268108405959,129.6268108405959,15.797816915926413,82.36344694150915,2.42926113046937,2.415170669555664,1216x352,1344x392
952,2011_10_03_drive_0047_sync_image_0000000647_image_02.png,0-20m,86167,1.5343589835065274,153.43589835065274,13.792031949792655,84.59967272853876,2.42926113046937,2.415170669555664,1216x352,1344x392
952,2011_10_03_drive_0047_sync_image_0000000647_image_02.png,0-40m,103507,1.779348687662073,177.9348687662073,13.344242799125656,84.54210826320924,2.42926113046937,2.415170669555664,1216x352,1344x392
952,2011_10_03_drive_0047_sync_image_0000000647_image_02.png,0-80m,107674,1.975685838706462,197.5685838706462,13.332576779880585,84.70754313947657,2.42926113046937,2.415170669555664,1216x352,1344x392
953,2011_10_03_drive_0047_sync_image_0000000650_image_03.png,0-10m,32567,1.155863659790444,115.58636597904439,13.719943251281139,87.03288605029631,2.4232067604743794,2.415170669555664,1216x352,1344x392
953,2011_10_03_drive_0047_sync_image_0000000650_image_03.png,0-20m,83931,1.3964488367267331,139.6448836726733,12.286344557917257,88.80032407572888,2.4232067604743794,2.415170669555664,1216x352,1344x392
953,2011_10_03_drive_0047_sync_image_0000000650_image_03.png,0-40m,99135,1.6962756739698308,169.62756739698307,12.206203823954866,88.72345791092954,2.4232067604743794,2.415170669555664,1216x352,1344x392
953,2011_10_03_drive_0047_sync_image_0000000650_image_03.png,0-80m,103089,1.9214787074507018,192.14787074507018,12.293533562775252,88.46627671235534,2.4232067604743794,2.415170669555664,1216x352,1344x392
954,2011_10_03_drive_0047_sync_image_0000000653_image_02.png,0-10m,34212,1.5297065632504692,152.97065632504692,18.434467190110492,65.97392727697884,2.430866166210746,2.415170669555664,1216x352,1344x392
954,2011_10_03_drive_0047_sync_image_0000000653_image_02.png,0-20m,85576,1.7931319688696432,179.31319688696433,16.27344028276482,78.06394316163411,2.430866166210746,2.415170669555664,1216x352,1344x392
954,2011_10_03_drive_0047_sync_image_0000000653_image_02.png,0-40m,102832,2.221470610172099,222.14706101720992,16.17691044330039,77.30667496499144,2.430866166210746,2.415170669555664,1216x352,1344x392
954,2011_10_03_drive_0047_sync_image_0000000653_image_02.png,0-80m,106256,2.42396778461535,242.39677846153498,16.185325425215133,77.05541334136426,2.430866166210746,2.415170669555664,1216x352,1344x392
955,2011_10_03_drive_0047_sync_image_0000000656_image_03.png,0-10m,30223,1.3682272775024171,136.8227277502417,16.499783778865638,84.8889918274162,2.4369399150748667,2.415170669555664,1216x352,1344x392
955,2011_10_03_drive_0047_sync_image_0000000656_image_03.png,0-20m,78094,1.7187444075434866,171.87444075434865,15.25245505196849,86.26655056726509,2.4369399150748667,2.415170669555664,1216x352,1344x392
955,2011_10_03_drive_0047_sync_image_0000000656_image_03.png,0-40m,94779,2.1827235380868886,218.27235380868885,15.408472040654559,84.50184112514376,2.4369399150748667,2.415170669555664,1216x352,1344x392
955,2011_10_03_drive_0047_sync_image_0000000656_image_03.png,0-80m,98253,2.417036984138702,241.7036984138702,15.463563903556278,83.69820768831487,2.4369399150748667,2.415170669555664,1216x352,1344x392
956,2011_10_03_drive_0047_sync_image_0000000659_image_02.png,0-10m,37863,1.509777675883862,150.9777675883862,18.410455174686657,69.3051263766738,2.427713023942258,2.415170669555664,1216x352,1344x392
956,2011_10_03_drive_0047_sync_image_0000000659_image_02.png,0-20m,83580,1.9646232710982316,196.46232710982318,17.46077048672848,70.20459440057431,2.427713023942258,2.415170669555664,1216x352,1344x392
956,2011_10_03_drive_0047_sync_image_0000000659_image_02.png,0-40m,100833,2.504237543942749,250.42375439427488,17.736415724979988,65.02831414318725,2.427713023942258,2.415170669555664,1216x352,1344x392
956,2011_10_03_drive_0047_sync_image_0000000659_image_02.png,0-80m,104824,2.8046618348849983,280.46618348849984,17.833609433673352,64.14084560787606,2.427713023942258,2.415170669555664,1216x352,1344x392
957,2011_10_03_drive_0047_sync_image_0000000662_image_03.png,0-10m,31634,1.2114003090805099,121.14003090805099,14.675882022031622,87.76316621356767,2.430222834488128,2.415170669555664,1216x352,1344x392
957,2011_10_03_drive_0047_sync_image_0000000662_image_03.png,0-20m,77638,1.690700418463495,169.0700418463495,14.559963481765834,85.76856693887014,2.430222834488128,2.415170669555664,1216x352,1344x392
957,2011_10_03_drive_0047_sync_image_0000000662_image_03.png,0-40m,93821,2.04638334220764,204.638334220764,14.455950693606672,85.68977094680295,2.430222834488128,2.415170669555664,1216x352,1344x392
957,2011_10_03_drive_0047_sync_image_0000000662_image_03.png,0-80m,97056,2.2300988218098867,223.00988218098868,14.445577086756717,85.53206396307287,2.430222834488128,2.415170669555664,1216x352,1344x392
958,2011_10_03_drive_0047_sync_image_0000000665_image_02.png,0-10m,33748,1.4737892463985207,147.37892463985207,17.333020196953967,69.27225317055826,2.428376256419859,2.415170669555664,1216x352,1344x392
958,2011_10_03_drive_0047_sync_image_0000000665_image_02.png,0-20m,83116,1.863299726499011,186.3299726499011,16.256791588843953,71.48924394821695,2.428376256419859,2.415170669555664,1216x352,1344x392
958,2011_10_03_drive_0047_sync_image_0000000665_image_02.png,0-40m,98205,2.201834915653095,220.1834915653095,16.0576306293056,72.33745735960491,2.428376256419859,2.415170669555664,1216x352,1344x392
958,2011_10_03_drive_0047_sync_image_0000000665_image_02.png,0-80m,100698,2.3350344106773107,233.50344106773107,16.026198728877972,72.37581679874476,2.428376256419859,2.415170669555664,1216x352,1344x392
959,2011_10_03_drive_0047_sync_image_0000000668_image_03.png,0-10m,30006,1.3926469898776896,139.26469898776895,16.48452565712195,71.39238818902886,2.433239807683057,2.415170669555664,1216x352,1344x392
959,2011_10_03_drive_0047_sync_image_0000000668_image_03.png,0-20m,76781,1.7118161565552819,171.1816156555282,15.182272344324616,73.93626027272371,2.433239807683057,2.415170669555664,1216x352,1344x392
959,2011_10_03_drive_0047_sync_image_0000000668_image_03.png,0-40m,91174,1.9691665896509158,196.91665896509159,14.76012184536045,75.85934586614606,2.433239807683057,2.415170669555664,1216x352,1344x392
959,2011_10_03_drive_0047_sync_image_0000000668_image_03.png,0-80m,94574,2.1025166476897463,210.25166476897462,14.63099852519156,76.22179457356144,2.433239807683057,2.415170669555664,1216x352,1344x392
960,2011_10_03_drive_0047_sync_image_0000000671_image_02.png,0-10m,34008,1.4368446052733435,143.68446052733435,17.460043416442,69.08668548576806,2.427833263110206,2.415170669555664,1216x352,1344x392
960,2011_10_03_drive_0047_sync_image_0000000671_image_02.png,0-20m,77446,1.6971547147925565,169.71547147925565,15.608842770750575,74.14714769000335,2.427833263110206,2.415170669555664,1216x352,1344x392
960,2011_10_03_drive_0047_sync_image_0000000671_image_02.png,0-40m,92139,1.9499582162139009,194.9958216213901,15.06152222813001,76.4269201966594,2.427833263110206,2.415170669555664,1216x352,1344x392
960,2011_10_03_drive_0047_sync_image_0000000671_image_02.png,0-80m,95506,2.102904483335514,210.29044833355138,14.969430900966902,76.63392875840262,2.427833263110206,2.415170669555664,1216x352,1344x392
961,2011_10_03_drive_0047_sync_image_0000000674_image_03.png,0-10m,32674,1.1745463302131527,117.45463302131527,14.206710279776507,84.15865826039052,2.4361414248198794,2.415170669555664,1216x352,1344x392
961,2011_10_03_drive_0047_sync_image_0000000674_image_03.png,0-20m,71696,1.4428836100736224,144.28836100736225,13.048559453662076,88.4066056683776,2.4361414248198794,2.415170669555664,1216x352,1344x392
961,2011_10_03_drive_0047_sync_image_0000000674_image_03.png,0-40m,85909,1.7205688178967358,172.05688178967358,12.793547735770556,89.23046479414263,2.4361414248198794,2.415170669555664,1216x352,1344x392
961,2011_10_03_drive_0047_sync_image_0000000674_image_03.png,0-80m,89135,1.840713913752185,184.0713913752185,12.67254268154901,89.13558086049251,2.4361414248198794,2.415170669555664,1216x352,1344x392
962,2011_10_03_drive_0047_sync_image_0000000677_image_02.png,0-10m,31938,1.5304427224249477,153.04427224249477,18.392205155349185,63.55438662408416,2.412141368915768,2.415170669555664,1216x352,1344x392
962,2011_10_03_drive_0047_sync_image_0000000677_image_02.png,0-20m,78458,1.9005464476805374,190.05464476805375,17.08549124714092,63.152259807795254,2.412141368915768,2.415170669555664,1216x352,1344x392
962,2011_10_03_drive_0047_sync_image_0000000677_image_02.png,0-40m,93229,2.1585775325763974,215.85775325763973,16.41997684968772,67.0606785442298,2.412141368915768,2.415170669555664,1216x352,1344x392
962,2011_10_03_drive_0047_sync_image_0000000677_image_02.png,0-80m,97714,2.293395896079652,229.33958960796522,16.079020630891623,68.1601408191252,2.412141368915768,2.415170669555664,1216x352,1344x392
963,2011_10_03_drive_0047_sync_image_0000000680_image_03.png,0-10m,31404,1.1946874857556211,119.46874857556212,14.250348733303456,80.3974016048911,2.4161154902840116,2.415170669555664,1216x352,1344x392
963,2011_10_03_drive_0047_sync_image_0000000680_image_03.png,0-20m,74268,1.3828261623720544,138.28261623720545,12.602526795707519,89.0208434318953,2.4161154902840116,2.415170669555664,1216x352,1344x392
963,2011_10_03_drive_0047_sync_image_0000000680_image_03.png,0-40m,88887,1.6567860319580963,165.67860319580961,12.426473313658036,89.79828321351829,2.4161154902840116,2.415170669555664,1216x352,1344x392
963,2011_10_03_drive_0047_sync_image_0000000680_image_03.png,0-80m,93352,1.7714412383385925,177.14412383385925,12.180905814851826,89.98307481360871,2.4161154902840116,2.415170669555664,1216x352,1344x392
964,2011_10_03_drive_0047_sync_image_0000000683_image_02.png,0-10m,31443,1.4111824296333102,141.11824296333103,17.18330097980104,68.80704767356805,2.383674878198982,2.415170669555664,1216x352,1344x392
964,2011_10_03_drive_0047_sync_image_0000000683_image_02.png,0-20m,77853,1.680711031477632,168.07110314776318,15.00351806311729,78.2102166904294,2.383674878198982,2.415170669555664,1216x352,1344x392
964,2011_10_03_drive_0047_sync_image_0000000683_image_02.png,0-40m,94645,1.975835167644355,197.5835167644355,14.639846906223312,79.74642083575466,2.383674878198982,2.415170669555664,1216x352,1344x392
964,2011_10_03_drive_0047_sync_image_0000000683_image_02.png,0-80m,99468,2.093596222331921,209.3596222331921,14.344120479780592,80.25998311014597,2.383674878198982,2.415170669555664,1216x352,1344x392
965,2011_10_03_drive_0047_sync_image_0000000686_image_03.png,0-10m,31765,1.1292065957278206,112.92065957278206,13.80590739965345,82.92460254997638,2.423541506591889,2.415170669555664,1216x352,1344x392
965,2011_10_03_drive_0047_sync_image_0000000686_image_03.png,0-20m,80415,1.3530213284090755,135.30213284090755,12.056823218358275,87.78586084685693,2.423541506591889,2.415170669555664,1216x352,1344x392
965,2011_10_03_drive_0047_sync_image_0000000686_image_03.png,0-40m,97485,1.5684684949758365,156.84684949758366,11.730039514006236,88.88649535826025,2.423541506591889,2.415170669555664,1216x352,1344x392
965,2011_10_03_drive_0047_sync_image_0000000686_image_03.png,0-80m,101710,1.740719597356742,174.0719597356742,11.707434530957725,88.92144331924098,2.423541506591889,2.415170669555664,1216x352,1344x392
966,2011_10_03_drive_0047_sync_image_0000000689_image_02.png,0-10m,30944,1.2406248035450633,124.06248035450633,15.277689301013432,78.028050672182,2.423240817899504,2.415170669555664,1216x352,1344x392
966,2011_10_03_drive_0047_sync_image_0000000689_image_02.png,0-20m,80374,1.5728099253195025,157.28099253195026,13.836950813140792,85.79018090427253,2.423240817899504,2.415170669555664,1216x352,1344x392
966,2011_10_03_drive_0047_sync_image_0000000689_image_02.png,0-40m,91254,1.7051136910302698,170.51136910302696,13.443918556912083,86.07622679553772,2.423240817899504,2.415170669555664,1216x352,1344x392
966,2011_10_03_drive_0047_sync_image_0000000689_image_02.png,0-80m,95118,1.8823737051206284,188.23737051206285,13.390177801900666,86.26337811980908,2.423240817899504,2.415170669555664,1216x352,1344x392
967,2011_10_03_drive_0047_sync_image_0000000692_image_03.png,0-10m,29852,1.1474872622431787,114.74872622431786,14.030602084667422,83.49189334047969,2.4327041063398784,2.415170669555664,1216x352,1344x392
967,2011_10_03_drive_0047_sync_image_0000000692_image_03.png,0-20m,77284,1.2016961614412216,120.16961614412216,11.276357614176474,90.34470265514207,2.4327041063398784,2.415170669555664,1216x352,1344x392
967,2011_10_03_drive_0047_sync_image_0000000692_image_03.png,0-40m,91110,1.26742340066328,126.74234006632801,10.449731881305322,91.60026341784656,2.4327041063398784,2.415170669555664,1216x352,1344x392
967,2011_10_03_drive_0047_sync_image_0000000692_image_03.png,0-80m,95363,1.461124696848873,146.1124696848873,10.498739547127865,91.68650315111731,2.4327041063398784,2.415170669555664,1216x352,1344x392
968,2011_10_03_drive_0047_sync_image_0000000695_image_02.png,0-10m,33448,1.233629370442819,123.36293704428189,15.442343653060503,80.02870126763932,2.4301507835984504,2.415170669555664,1216x352,1344x392
968,2011_10_03_drive_0047_sync_image_0000000695_image_02.png,0-20m,76757,1.1694424206452299,116.94424206452298,11.629950674441135,89.22834399468452,2.4301507835984504,2.415170669555664,1216x352,1344x392
968,2011_10_03_drive_0047_sync_image_0000000695_image_02.png,0-40m,94986,1.2468550488162327,124.68550488162326,10.456719061234843,90.83654433284906,2.4301507835984504,2.415170669555664,1216x352,1344x392
968,2011_10_03_drive_0047_sync_image_0000000695_image_02.png,0-80m,99045,1.3865664098413115,138.65664098413114,10.425225710453546,90.87384522186885,2.4301507835984504,2.415170669555664,1216x352,1344x392
969,2011_10_03_drive_0047_sync_image_0000000698_image_03.png,0-10m,31462,1.0646274662784714,106.46274662784714,13.599403300900512,84.87063759455852,2.3960124602636848,2.415170669555664,1216x352,1344x392
969,2011_10_03_drive_0047_sync_image_0000000698_image_03.png,0-20m,72277,0.9925085291999779,99.25085291999778,9.905949158109712,92.18700278096766,2.3960124602636848,2.415170669555664,1216x352,1344x392
969,2011_10_03_drive_0047_sync_image_0000000698_image_03.png,0-40m,91892,1.1202646068223585,112.02646068223585,8.99730769635428,93.21377268967919,2.3960124602636848,2.415170669555664,1216x352,1344x392
969,2011_10_03_drive_0047_sync_image_0000000698_image_03.png,0-80m,95367,1.27999392630241,127.999392630241,9.101997239036145,93.09299862635922,2.3960124602636848,2.415170669555664,1216x352,1344x392
970,2011_10_03_drive_0047_sync_image_0000000701_image_02.png,0-10m,31704,0.9844765357829212,98.44765357829212,12.542968442838582,93.29737572546051,2.377034236093023,2.415170669555664,1216x352,1344x392
970,2011_10_03_drive_0047_sync_image_0000000701_image_02.png,0-20m,77322,0.9427016323904913,94.27016323904913,9.093946309088574,96.53785468560048,2.377034236093023,2.415170669555664,1216x352,1344x392
970,2011_10_03_drive_0047_sync_image_0000000701_image_02.png,0-40m,98278,1.1191091076543027,111.91091076543027,8.48749179210419,96.52007570361627,2.377034236093023,2.415170669555664,1216x352,1344x392
970,2011_10_03_drive_0047_sync_image_0000000701_image_02.png,0-80m,101723,1.2495947891333903,124.95947891333903,8.560733513077249,96.46589266930783,2.377034236093023,2.415170669555664,1216x352,1344x392
971,2011_10_03_drive_0047_sync_image_0000000704_image_03.png,0-10m,28133,0.96361276196886,96.36127619688601,12.435370460836682,94.09945615469377,2.4048583910991965,2.415170669555664,1216x352,1344x392
971,2011_10_03_drive_0047_sync_image_0000000704_image_03.png,0-20m,75733,0.9143706447163651,91.4370644716365,8.715188495996774,96.98942336894089,2.4048583910991965,2.415170669555664,1216x352,1344x392
971,2011_10_03_drive_0047_sync_image_0000000704_image_03.png,0-40m,96154,1.0788074717767737,107.88074717767738,8.141773937264677,96.96112486220022,2.4048583910991965,2.415170669555664,1216x352,1344x392
971,2011_10_03_drive_0047_sync_image_0000000704_image_03.png,0-80m,98746,1.1295827339257276,112.95827339257276,8.090339873508915,96.88392441212808,2.4048583910991965,2.415170669555664,1216x352,1344x392
972,2011_10_03_drive_0047_sync_image_0000000707_image_02.png,0-10m,34411,0.9391294200952978,93.91294200952977,12.068572910244026,95.12074627299411,2.419846809307273,2.415170669555664,1216x352,1344x392
972,2011_10_03_drive_0047_sync_image_0000000707_image_02.png,0-20m,83772,0.8716888483687548,87.16888483687548,8.515190897809694,97.48125865444301,2.419846809307273,2.415170669555664,1216x352,1344x392
972,2011_10_03_drive_0047_sync_image_0000000707_image_02.png,0-40m,103776,1.0186506668257926,101.86506668257927,8.018931868416761,97.51773049645391,2.419846809307273,2.415170669555664,1216x352,1344x392
972,2011_10_03_drive_0047_sync_image_0000000707_image_02.png,0-80m,106779,1.051341211812888,105.1341211812888,7.915321261388625,97.45736521226084,2.419846809307273,2.415170669555664,1216x352,1344x392
973,2011_10_03_drive_0047_sync_image_0000000710_image_03.png,0-10m,24714,0.8663733662684546,86.63733662684547,11.642828333422841,95.24965606538804,2.426096255728503,2.415170669555664,1216x352,1344x392
973,2011_10_03_drive_0047_sync_image_0000000710_image_03.png,0-20m,58861,0.9523679162199447,95.23679162199447,9.134963687706188,97.4380319736328,2.426096255728503,2.415170669555664,1216x352,1344x392
973,2011_10_03_drive_0047_sync_image_0000000710_image_03.png,0-40m,76519,1.090508701133925,109.05087011339249,8.35258704257461,97.6332675544636,2.426096255728503,2.415170669555664,1216x352,1344x392
973,2011_10_03_drive_0047_sync_image_0000000710_image_03.png,0-80m,79534,1.1542949949243855,115.42949949243855,8.244930598978357,97.48283752860412,2.426096255728503,2.415170669555664,1216x352,1344x392
974,2011_10_03_drive_0047_sync_image_0000000713_image_02.png,0-10m,27550,0.8998133647939471,89.98133647939471,11.93536171143058,94.55535390199637,2.433287765962111,2.415170669555664,1216x352,1344x392
974,2011_10_03_drive_0047_sync_image_0000000713_image_02.png,0-20m,64871,0.9942248799375974,99.42248799375974,9.522633619307664,97.25300981948791,2.433287765962111,2.415170669555664,1216x352,1344x392
974,2011_10_03_drive_0047_sync_image_0000000713_image_02.png,0-40m,83344,1.1381052085959218,113.81052085959217,8.764608831887855,97.61350547129967,2.433287765962111,2.415170669555664,1216x352,1344x392
974,2011_10_03_drive_0047_sync_image_0000000713_image_02.png,0-80m,87057,1.2495188889278417,124.95188889278417,8.681362117604815,97.23514479019492,2.433287765962111,2.415170669555664,1216x352,1344x392
975,2011_10_03_drive_0047_sync_image_0000000716_image_03.png,0-10m,28173,0.7449714271666731,74.49714271666731,9.91067661471184,95.8399886416072,2.4218393724235394,2.415170669555664,1216x352,1344x392
975,2011_10_03_drive_0047_sync_image_0000000716_image_03.png,0-20m,65713,0.9152328401652947,91.52328401652947,8.695326433077266,97.55908267770457,2.4218393724235394,2.415170669555664,1216x352,1344x392
975,2011_10_03_drive_0047_sync_image_0000000716_image_03.png,0-40m,82570,1.0172390060417875,101.72390060417875,7.991958347259355,97.82729805013928,2.4218393724235394,2.415170669555664,1216x352,1344x392
975,2011_10_03_drive_0047_sync_image_0000000716_image_03.png,0-80m,86691,1.1791547741946993,117.91547741946992,7.974928698323559,97.81407527886401,2.4218393724235394,2.415170669555664,1216x352,1344x392
976,2011_10_03_drive_0047_sync_image_0000000719_image_02.png,0-10m,33703,0.8168895244103201,81.68895244103201,10.612647554852241,97.3503842387918,2.421654042893272,2.415170669555664,1216x352,1344x392
976,2011_10_03_drive_0047_sync_image_0000000719_image_02.png,0-20m,75849,0.8732660565640762,87.32660565640762,8.540376492575236,98.47723766958035,2.421654042893272,2.415170669555664,1216x352,1344x392
976,2011_10_03_drive_0047_sync_image_0000000719_image_02.png,0-40m,93778,1.0081226663358223,100.81226663358223,8.030161687375458,98.60628292350017,2.421654042893272,2.415170669555664,1216x352,1344x392
976,2011_10_03_drive_0047_sync_image_0000000719_image_02.png,0-80m,98649,1.1127860382854704,111.27860382854703,7.910968932715018,98.57575849729851,2.421654042893272,2.415170669555664,1216x352,1344x392
977,2011_10_03_drive_0047_sync_image_0000000722_image_03.png,0-10m,28843,0.786123849935366,78.6123849935366,10.184776825030031,96.18971674236383,2.4352794056807823,2.415170669555664,1216x352,1344x392
977,2011_10_03_drive_0047_sync_image_0000000722_image_03.png,0-20m,69661,0.9398304968265903,93.98304968265903,8.61868576181899,97.86968317997157,2.4352794056807823,2.415170669555664,1216x352,1344x392
977,2011_10_03_drive_0047_sync_image_0000000722_image_03.png,0-40m,86835,1.1185091369516005,111.85091369516005,8.301868342245058,98.1366960327057,2.4352794056807823,2.415170669555664,1216x352,1344x392
977,2011_10_03_drive_0047_sync_image_0000000722_image_03.png,0-80m,91738,1.2710509401745262,127.10509401745263,8.261657360336311,98.14471647517932,2.4352794056807823,2.415170669555664,1216x352,1344x392
978,2011_10_03_drive_0047_sync_image_0000000725_image_02.png,0-10m,35878,0.8857464219981714,88.57464219981715,11.611244496645377,93.30230224650204,2.4263782252590738,2.415170669555664,1216x352,1344x392
978,2011_10_03_drive_0047_sync_image_0000000725_image_02.png,0-20m,78611,1.0743531971789628,107.43531971789628,10.11482117305118,96.58317538258004,2.4263782252590738,2.415170669555664,1216x352,1344x392
978,2011_10_03_drive_0047_sync_image_0000000725_image_02.png,0-40m,94874,1.2125341383786679,121.25341383786679,9.572663668075812,97.07085186668635,2.4263782252590738,2.415170669555664,1216x352,1344x392
978,2011_10_03_drive_0047_sync_image_0000000725_image_02.png,0-80m,99901,1.2870757457087145,128.70757457087146,9.355776619037849,97.13416282119299,2.4263782252590738,2.415170669555664,1216x352,1344x392
979,2011_10_03_drive_0047_sync_image_0000000728_image_03.png,0-10m,38103,0.8442472163621539,84.4247216362154,11.287063731845672,98.36233367451382,2.438363058740693,2.415170669555664,1216x352,1344x392
979,2011_10_03_drive_0047_sync_image_0000000728_image_03.png,0-20m,78792,1.1081874473395839,110.81874473395838,10.499204589156323,98.76637222053,2.438363058740693,2.415170669555664,1216x352,1344x392
979,2011_10_03_drive_0047_sync_image_0000000728_image_03.png,0-40m,96180,1.2692156713106548,126.92156713106549,9.8877752016362,98.93221043876066,2.438363058740693,2.415170669555664,1216x352,1344x392
979,2011_10_03_drive_0047_sync_image_0000000728_image_03.png,0-80m,101294,1.4158301045069077,141.58301045069078,9.801560052712786,98.90319268663494,2.438363058740693,2.415170669555664,1216x352,1344x392
980,2011_10_03_drive_0047_sync_image_0000000731_image_02.png,0-10m,36635,0.750998458566844,75.0998458566844,10.209260998176257,99.35307765797734,2.4385628475439876,2.415170669555664,1216x352,1344x392
980,2011_10_03_drive_0047_sync_image_0000000731_image_02.png,0-20m,71463,0.971045142762242,97.1045142762242,9.448035073580085,98.99108629640513,2.4385628475439876,2.415170669555664,1216x352,1344x392
980,2011_10_03_drive_0047_sync_image_0000000731_image_02.png,0-40m,89067,1.1718293215116604,117.18293215116604,8.990678808009358,99.07373101148573,2.4385628475439876,2.415170669555664,1216x352,1344x392
980,2011_10_03_drive_0047_sync_image_0000000731_image_02.png,0-80m,94208,1.3035769969270483,130.35769969270484,8.885183006362494,98.99796195652173,2.4385628475439876,2.415170669555664,1216x352,1344x392
981,2011_10_03_drive_0047_sync_image_0000000734_image_03.png,0-10m,35869,0.7345795637922679,73.45795637922679,10.030135738713831,97.80032897488081,2.433187706974101,2.415170669555664,1216x352,1344x392
981,2011_10_03_drive_0047_sync_image_0000000734_image_03.png,0-20m,68237,0.9574005917304932,95.74005917304932,9.255644809514651,98.66201620821549,2.433187706974101,2.415170669555664,1216x352,1344x392
981,2011_10_03_drive_0047_sync_image_0000000734_image_03.png,0-40m,86452,1.2109949760697791,121.0994976069779,8.928088877790653,98.75884884097535,2.433187706974101,2.415170669555664,1216x352,1344x392
981,2011_10_03_drive_0047_sync_image_0000000734_image_03.png,0-80m,91563,1.3790381585374845,137.90381585374845,8.881904053667336,98.6719526446272,2.433187706974101,2.415170669555664,1216x352,1344x392
982,2011_10_03_drive_0047_sync_image_0000000737_image_02.png,0-10m,34003,0.7062508796827305,70.62508796827305,10.089575985543398,99.49710319677676,2.4272881560367447,2.415170669555664,1216x352,1344x392
982,2011_10_03_drive_0047_sync_image_0000000737_image_02.png,0-20m,67653,1.024260190501209,102.4260190501209,9.632473265635163,99.53734498100602,2.4272881560367447,2.415170669555664,1216x352,1344x392
982,2011_10_03_drive_0047_sync_image_0000000737_image_02.png,0-40m,85526,1.35717635485844,135.717635485844,9.57517876218029,99.45162874447536,2.4272881560367447,2.415170669555664,1216x352,1344x392
982,2011_10_03_drive_0047_sync_image_0000000737_image_02.png,0-80m,91752,1.547955740050582,154.7955740050582,9.483861303395704,99.3329845670939,2.4272881560367447,2.415170669555664,1216x352,1344x392
983,2011_10_03_drive_0047_sync_image_0000000740_image_03.png,0-10m,35907,0.7607711075601029,76.07711075601028,10.46901554418213,99.42908068064723,2.4325579393983876,2.415170669555664,1216x352,1344x392
983,2011_10_03_drive_0047_sync_image_0000000740_image_03.png,0-20m,64717,1.025021853198584,102.5021853198584,9.886514937809896,97.19857224531422,2.4325579393983876,2.415170669555664,1216x352,1344x392
983,2011_10_03_drive_0047_sync_image_0000000740_image_03.png,0-40m,82955,1.2819612459480838,128.19612459480837,9.462289714331932,97.60593092640588,2.4325579393983876,2.415170669555664,1216x352,1344x392
983,2011_10_03_drive_0047_sync_image_0000000740_image_03.png,0-80m,89211,1.4115039045361635,141.15039045361635,9.24813870252418,97.66732802008721,2.4325579393983876,2.415170669555664,1216x352,1344x392
984,2011_10_03_drive_0047_sync_image_0000000743_image_02.png,0-10m,30652,0.5885873189346451,58.85873189346451,8.214948760300308,99.6965940232285,2.4047375252081977,2.415170669555664,1216x352,1344x392
984,2011_10_03_drive_0047_sync_image_0000000743_image_02.png,0-20m,61374,0.8533180390929579,85.33180390929579,7.963987385649683,99.03379281128817,2.4047375252081977,2.415170669555664,1216x352,1344x392
984,2011_10_03_drive_0047_sync_image_0000000743_image_02.png,0-40m,79174,1.1008976139471687,110.08976139471687,7.8344800706249496,98.9680955869351,2.4047375252081977,2.415170669555664,1216x352,1344x392
984,2011_10_03_drive_0047_sync_image_0000000743_image_02.png,0-80m,86364,1.3155953520384864,131.55953520384864,7.830932199204538,98.87105738502153,2.4047375252081977,2.415170669555664,1216x352,1344x392
985,2011_10_03_drive_0047_sync_image_0000000746_image_03.png,0-10m,31195,0.6879809972509625,68.79809972509625,9.575989397072938,99.68905273280974,2.412987664878235,2.415170669555664,1216x352,1344x392
985,2011_10_03_drive_0047_sync_image_0000000746_image_03.png,0-20m,61002,0.9087539367810855,90.87539367810855,8.697383169348358,99.37706960427526,2.412987664878235,2.415170669555664,1216x352,1344x392
985,2011_10_03_drive_0047_sync_image_0000000746_image_03.png,0-40m,81266,1.1172785734328208,111.72785734328208,8.097597381184253,99.10909851598454,2.412987664878235,2.415170669555664,1216x352,1344x392
985,2011_10_03_drive_0047_sync_image_0000000746_image_03.png,0-80m,85857,1.268484726579956,126.84847265799559,8.083637172359287,98.98319298368217,2.412987664878235,2.415170669555664,1216x352,1344x392
986,2011_10_03_drive_0047_sync_image_0000000749_image_02.png,0-10m,33345,0.5997751011879195,59.977510118791955,8.265662618209658,99.56815114709852,2.3995062774603144,2.415170669555664,1216x352,1344x392
986,2011_10_03_drive_0047_sync_image_0000000749_image_02.png,0-20m,65544,0.8273105652402437,82.73105652402437,7.74438830436091,99.44312217746857,2.3995062774603144,2.415170669555664,1216x352,1344x392
986,2011_10_03_drive_0047_sync_image_0000000749_image_02.png,0-40m,87972,1.0877768215506312,108.77768215506312,7.462751439253008,99.18496794434593,2.3995062774603144,2.415170669555664,1216x352,1344x392
986,2011_10_03_drive_0047_sync_image_0000000749_image_02.png,0-80m,92014,1.2645866496930844,126.45866496930844,7.574519702532265,99.00015215075967,2.3995062774603144,2.415170669555664,1216x352,1344x392
987,2011_10_03_drive_0047_sync_image_0000000752_image_03.png,0-10m,30700,0.6377605133802184,63.776051338021844,8.885780940447239,99.4885993485342,2.3879673192944613,2.415170669555664,1216x352,1344x392
987,2011_10_03_drive_0047_sync_image_0000000752_image_03.png,0-20m,62728,0.8449520002653854,84.49520002653854,7.957761380498537,99.1662415508226,2.3879673192944613,2.415170669555664,1216x352,1344x392
987,2011_10_03_drive_0047_sync_image_0000000752_image_03.png,0-40m,85271,1.1081070399309807,110.81070399309807,7.530060289704467,99.01490541919293,2.3879673192944613,2.415170669555664,1216x352,1344x392
987,2011_10_03_drive_0047_sync_image_0000000752_image_03.png,0-80m,88555,1.2772300838353936,127.72300838353937,7.658226710181204,98.83349330924285,2.3879673192944613,2.415170669555664,1216x352,1344x392
988,2011_10_03_drive_0047_sync_image_0000000755_image_02.png,0-10m,34629,0.539115256050608,53.911525605060795,7.46971534047166,99.52640850154495,2.377481823582327,2.415170669555664,1216x352,1344x392
988,2011_10_03_drive_0047_sync_image_0000000755_image_02.png,0-20m,70245,0.7470528039009735,74.70528039009736,6.936833258399547,99.10313901345292,2.377481823582327,2.415170669555664,1216x352,1344x392
988,2011_10_03_drive_0047_sync_image_0000000755_image_02.png,0-40m,92898,1.0824322533090598,108.24322533090597,7.0234455602068495,98.71579581907038,2.377481823582327,2.415170669555664,1216x352,1344x392
988,2011_10_03_drive_0047_sync_image_0000000755_image_02.png,0-80m,95583,1.239069448260665,123.9069448260665,7.184911800791233,98.48822489354802,2.377481823582327,2.415170669555664,1216x352,1344x392
989,2011_10_03_drive_0047_sync_image_0000000758_image_03.png,0-10m,33043,0.5975497456507219,59.754974565072196,8.221941322797868,99.60657325303393,2.427281675104129,2.415170669555664,1216x352,1344x392
989,2011_10_03_drive_0047_sync_image_0000000758_image_03.png,0-20m,65851,0.754629478391447,75.4629478391447,7.29329527978196,99.37890085192328,2.427281675104129,2.415170669555664,1216x352,1344x392
989,2011_10_03_drive_0047_sync_image_0000000758_image_03.png,0-40m,86068,1.1451977636920823,114.51977636920823,7.552277336975386,98.6859227587489,2.427281675104129,2.415170669555664,1216x352,1344x392
989,2011_10_03_drive_0047_sync_image_0000000758_image_03.png,0-80m,88449,1.2944378884166514,129.44378884166514,7.705531337839787,98.47708849167317,2.427281675104129,2.415170669555664,1216x352,1344x392
990,2011_10_03_drive_0047_sync_image_0000000761_image_02.png,0-10m,34724,0.6350301797729719,63.50301797729719,8.792913700603847,99.42978919479323,2.4215226872964637,2.415170669555664,1216x352,1344x392
990,2011_10_03_drive_0047_sync_image_0000000761_image_02.png,0-20m,69870,0.761531769565644,76.1531769565644,7.526156227825723,98.97380850150279,2.4215226872964637,2.415170669555664,1216x352,1344x392
990,2011_10_03_drive_0047_sync_image_0000000761_image_02.png,0-40m,91043,1.1078351314908745,110.78351314908745,7.673453893171407,98.27334336522303,2.4215226872964637,2.415170669555664,1216x352,1344x392
990,2011_10_03_drive_0047_sync_image_0000000761_image_02.png,0-80m,93651,1.2455729308244803,124.55729308244803,7.793602947461956,98.10573298736799,2.4215226872964637,2.415170669555664,1216x352,1344x392
991,2011_10_03_drive_0047_sync_image_0000000764_image_03.png,0-10m,33694,0.6502428544397671,65.02428544397671,8.768306795210831,98.75645515522051,2.436055966953335,2.415170669555664,1216x352,1344x392
991,2011_10_03_drive_0047_sync_image_0000000764_image_03.png,0-20m,67103,0.7385062883414112,73.85062883414112,7.286473867307507,99.08498874864014,2.436055966953335,2.415170669555664,1216x352,1344x392
991,2011_10_03_drive_0047_sync_image_0000000764_image_03.png,0-40m,85687,1.1111305906175863,111.11305906175863,7.687840659670295,98.21326455588363,2.436055966953335,2.415170669555664,1216x352,1344x392
991,2011_10_03_drive_0047_sync_image_0000000764_image_03.png,0-80m,88146,1.2499018593085263,124.99018593085263,7.810394528849727,98.01465750005673,2.436055966953335,2.415170669555664,1216x352,1344x392
992,2011_10_03_drive_0047_sync_image_0000000767_image_02.png,0-10m,35944,0.6697259502344027,66.97259502344028,9.165200528974832,98.65067883374138,2.4264783137562524,2.415170669555664,1216x352,1344x392
992,2011_10_03_drive_0047_sync_image_0000000767_image_02.png,0-20m,70671,0.7738929693463842,77.38929693463842,7.670021296032081,98.93591430714154,2.4264783137562524,2.415170669555664,1216x352,1344x392
992,2011_10_03_drive_0047_sync_image_0000000767_image_02.png,0-40m,89995,1.1651340822821439,116.51340822821439,8.152042977632004,98.00544474693038,2.4264783137562524,2.415170669555664,1216x352,1344x392
992,2011_10_03_drive_0047_sync_image_0000000767_image_02.png,0-80m,92545,1.2895956710334393,128.95956710334394,8.241884661729593,97.8669836295856,2.4264783137562524,2.415170669555664,1216x352,1344x392
993,2011_10_03_drive_0047_sync_image_0000000770_image_03.png,0-10m,32732,0.6411099027745315,64.11099027745315,8.848469222009971,98.5763167542466,2.4298077147349533,2.415170669555664,1216x352,1344x392
993,2011_10_03_drive_0047_sync_image_0000000770_image_03.png,0-20m,65115,0.7752642858177617,77.52642858177617,7.654464290447287,98.97565845043384,2.4298077147349533,2.415170669555664,1216x352,1344x392
993,2011_10_03_drive_0047_sync_image_0000000770_image_03.png,0-40m,82162,1.1312780308748405,113.12780308748404,8.062880695778745,97.91874589226163,2.4298077147349533,2.415170669555664,1216x352,1344x392
993,2011_10_03_drive_0047_sync_image_0000000770_image_03.png,0-80m,84273,1.2426768594396238,124.26768594396238,8.13513602812959,97.8106866968068,2.4298077147349533,2.415170669555664,1216x352,1344x392
994,2011_10_03_drive_0047_sync_image_0000000773_image_02.png,0-10m,34440,0.6201347400433234,62.01347400433234,8.702174189923134,98.42334494773519,2.418903245008819,2.415170669555664,1216x352,1344x392
994,2011_10_03_drive_0047_sync_image_0000000773_image_02.png,0-20m,66268,0.719868179484226,71.9868179484226,7.290685084489812,98.52870163578199,2.418903245008819,2.415170669555664,1216x352,1344x392
994,2011_10_03_drive_0047_sync_image_0000000773_image_02.png,0-40m,81428,1.064067130775239,106.40671307752389,7.722944087364879,97.87296752959669,2.418903245008819,2.415170669555664,1216x352,1344x392
994,2011_10_03_drive_0047_sync_image_0000000773_image_02.png,0-80m,83484,1.1755368122142458,117.55368122142458,7.798403088887864,97.74807148675195,2.418903245008819,2.415170669555664,1216x352,1344x392
995,2011_10_03_drive_0047_sync_image_0000000776_image_03.png,0-10m,33913,0.5955348719759769,59.55348719759769,8.112180658733829,99.58128151446348,2.40921940806465,2.415170669555664,1216x352,1344x392
995,2011_10_03_drive_0047_sync_image_0000000776_image_03.png,0-20m,60760,0.7313978581973171,73.13978581973171,7.233826123706258,99.27090190915075,2.40921940806465,2.415170669555664,1216x352,1344x392
995,2011_10_03_drive_0047_sync_image_0000000776_image_03.png,0-40m,74123,1.1014089098172635,110.14089098172634,7.829899800402796,98.16386276864131,2.40921940806465,2.415170669555664,1216x352,1344x392
995,2011_10_03_drive_0047_sync_image_0000000776_image_03.png,0-80m,75787,1.198520272853408,119.8520272853408,7.887155740728975,98.04451950862286,2.40921940806465,2.415170669555664,1216x352,1344x392
996,2011_10_03_drive_0047_sync_image_0000000779_image_02.png,0-10m,34473,0.6330513060395505,63.30513060395505,8.598857650601326,99.75052939982015,2.408258013137734,2.415170669555664,1216x352,1344x392
996,2011_10_03_drive_0047_sync_image_0000000779_image_02.png,0-20m,62976,0.7316720882559392,73.16720882559392,7.332322010379199,99.49822154471545,2.408258013137734,2.415170669555664,1216x352,1344x392
996,2011_10_03_drive_0047_sync_image_0000000779_image_02.png,0-40m,76392,1.0374244988676216,103.74244988676216,7.69984389290236,98.21578175725206,2.408258013137734,2.415170669555664,1216x352,1344x392
996,2011_10_03_drive_0047_sync_image_0000000779_image_02.png,0-80m,78292,1.1433212663164687,114.33212663164687,7.764255776058057,97.99468655801358,2.408258013137734,2.415170669555664,1216x352,1344x392
997,2011_10_03_drive_0047_sync_image_0000000782_image_03.png,0-10m,31731,0.5431776869282375,54.317768692823755,7.502614931510414,99.72582017585326,2.440742434863883,2.415170669555664,1216x352,1344x392
997,2011_10_03_drive_0047_sync_image_0000000782_image_03.png,0-20m,59736,0.6554723163557544,65.54723163557544,6.434955263908759,99.18139815186822,2.440742434863883,2.415170669555664,1216x352,1344x392
997,2011_10_03_drive_0047_sync_image_0000000782_image_03.png,0-40m,71748,0.9856213251703152,98.56213251703151,7.052254103456863,97.61944583821152,2.440742434863883,2.415170669555664,1216x352,1344x392
997,2011_10_03_drive_0047_sync_image_0000000782_image_03.png,0-80m,73791,1.0905145037694577,109.05145037694577,7.113068599442081,97.51866758818825,2.440742434863883,2.415170669555664,1216x352,1344x392
998,2011_10_03_drive_0047_sync_image_0000000785_image_02.png,0-10m,32407,0.59078826192727,59.07882619272699,8.19331393984997,99.67908167988398,2.3989611539389,2.415170669555664,1216x352,1344x392
998,2011_10_03_drive_0047_sync_image_0000000785_image_02.png,0-20m,62244,0.6919432932655928,69.19432932655928,6.864236148057806,99.27221900906112,2.3989611539389,2.415170669555664,1216x352,1344x392
998,2011_10_03_drive_0047_sync_image_0000000785_image_02.png,0-40m,74364,0.9758510489184491,97.5851048918449,7.261786231175176,97.98289494916895,2.3989611539389,2.415170669555664,1216x352,1344x392
998,2011_10_03_drive_0047_sync_image_0000000785_image_02.png,0-80m,76969,1.1021463622048706,110.21463622048707,7.323973091744911,97.72765658901635,2.3989611539389,2.415170669555664,1216x352,1344x392
999,2011_10_03_drive_0047_sync_image_0000000791_image_03.png,0-10m,30206,0.5858567735181616,58.58567735181616,8.216678861465752,99.61928093756207,2.3979113232726874,2.415170669555664,1216x352,1344x392
999,2011_10_03_drive_0047_sync_image_0000000791_image_03.png,0-20m,58113,0.6785556330415076,67.85556330415076,6.832557121526762,99.21876344363567,2.3979113232726874,2.415170669555664,1216x352,1344x392
999,2011_10_03_drive_0047_sync_image_0000000791_image_03.png,0-40m,70942,0.9979977237976944,99.79977237976944,7.287858409128667,97.99131685038482,2.3979113232726874,2.415170669555664,1216x352,1344x392
999,2011_10_03_drive_0047_sync_image_0000000791_image_03.png,0-80m,74040,1.159339158081609,115.9339158081609,7.366255259988275,97.88762830902215,2.3979113232726874,2.415170669555664,1216x352,1344x392
