dataset_index,depth_range,valid_pixels,mae_m,mae_cm,absrel_pct,delta1_pct,fps,peak_vram_gb,input_resolution,processed_resolution
0,0-3m,167461,0.4084592381725648,40.84592381725648,15.775880094196989,97.62452153038618,0.29416963721470324,3.3480396270751953,640x480,1344x1008
0,0-6m,307200,0.5260567185220619,52.60567185220619,17.9380999617994,97.21256510416667,0.29416963721470324,3.3480396270751953,640x480,1344x1008
0,0-10m,307200,0.5260567185220619,52.60567185220619,17.9380999617994,97.21256510416667,0.29416963721470324,3.3480396270751953,640x480,1344x1008
1,0-3m,307200,0.19702161363675258,19.70216136367526,10.432548569152162,99.8115234375,0.29180802942028644,3.3480396270751953,640x480,1344x1008
1,0-6m,307200,0.19702161363675258,19.70216136367526,10.432548569152162,99.8115234375,0.29180802942028644,3.3480396270751953,640x480,1344x1008
1,0-10m,307200,0.19702161363675258,19.70216136367526,10.432548569152162,99.8115234375,0.29180802942028644,3.3480396270751953,640x480,1344x1008
2,0-3m,299908,0.17442534651631572,17.442534651631572,10.27058681752006,96.99341131280259,0.29125469903098666,3.3480396270751953,640x480,1344x1008
2,0-6m,307200,0.17221152934323375,17.221152934323374,10.08744380221463,97.06315104166666,0.29125469903098666,3.3480396270751953,640x480,1344x1008
2,0-10m,307200,0.17221152934323375,17.221152934323374,10.08744380221463,97.06315104166666,0.29125469903098666,3.3480396270751953,640x480,1344x1008
3,0-3m,307200,0.15184849495436842,15.184849495436842,9.50744289560183,95.64973958333334,0.29089402788848645,3.3480396270751953,640x480,1344x1008
3,0-6m,307200,0.15184849495436842,15.184849495436842,9.50744289560183,95.64973958333334,0.29089402788848645,3.3480396270751953,640x480,1344x1008
3,0-10m,307200,0.15184849495436842,15.184849495436842,9.50744289560183,95.64973958333334,0.29089402788848645,3.3480396270751953,640x480,1344x1008
4,0-3m,104849,0.3871622843663193,38.71622843663193,16.42228734196355,95.5726807122624,0.29206854568451557,3.3480396270751953,640x480,1344x1008
4,0-6m,307200,0.5678136890990815,56.781368909908146,16.89770310271762,87.76171875,0.29206854568451557,3.3480396270751953,640x480,1344x1008
4,0-10m,307200,0.5678136890990815,56.781368909908146,16.89770310271762,87.76171875,0.29206854568451557,3.3480396270751953,640x480,1344x1008
5,0-3m,44152,0.599417202440611,59.9417202440611,25.3396049763419,50.960318898351154,0.28995337926510495,3.3480396270751953,640x480,1344x1008
5,0-6m,307200,0.5759050622081849,57.5905062208185,15.513566878791263,88.26985677083333,0.28995337926510495,3.3480396270751953,640x480,1344x1008
5,0-10m,307200,0.5759050622081849,57.5905062208185,15.513566878791263,88.26985677083333,0.28995337926510495,3.3480396270751953,640x480,1344x1008
6,0-3m,32472,0.5969294142652598,59.692941426525984,26.435035481365876,51.73072185267307,0.2803273865061267,3.3480396270751953,640x480,1344x1008
6,0-6m,292732,0.790405645155531,79.0405645155531,19.300598615916908,83.56653867701516,0.2803273865061267,3.3480396270751953,640x480,1344x1008
6,0-10m,307200,0.8013724057360863,80.13724057360862,19.16054400891165,84.33268229166667,0.2803273865061267,3.3480396270751953,640x480,1344x1008
7,0-3m,215843,0.09812645634685704,9.812645634685705,4.729551439930267,99.50751240484982,0.2819705864055413,3.3480396270751953,640x480,1344x1008
7,0-6m,305648,0.2963927046941917,29.63927046941917,9.656390957476756,96.48091922734649,0.2819705864055413,3.3480396270751953,640x480,1344x1008
7,0-10m,307200,0.3044517826137599,30.44517826137599,9.717238234617916,96.15364583333333,0.2819705864055413,3.3480396270751953,640x480,1344x1008
8,0-3m,226032,0.11726211067076836,11.726211067076836,6.097779243281762,98.89617399306293,0.2727847782381693,3.3480396270751953,640x480,1344x1008
8,0-6m,282173,0.25250047627085564,25.250047627085564,8.84339986351168,95.28906025735985,0.2727847782381693,3.3480396270751953,640x480,1344x1008
8,0-10m,307200,0.3320090704242466,33.20090704242466,9.649141955359056,94.83528645833333,0.2727847782381693,3.3480396270751953,640x480,1344x1008
9,0-3m,112709,0.536237599569756,53.623759956975604,31.708077810831366,32.77466750658776,0.2825515489871274,3.3480396270751953,640x480,1344x1008
9,0-6m,307200,0.5797437424230156,57.974374242301565,22.200474763706563,73.56998697916667,0.2825515489871274,3.3480396270751953,640x480,1344x1008
9,0-10m,307200,0.5797437424230156,57.974374242301565,22.200474763706563,73.56998697916667,0.2825515489871274,3.3480396270751953,640x480,1344x1008
10,0-3m,307200,0.18458422854736758,18.45842285473676,9.359467076804687,97.33951822916667,0.288603203784837,3.3480396270751953,640x480,1344x1008
10,0-6m,307200,0.18458422854736758,18.45842285473676,9.359467076804687,97.33951822916667,0.288603203784837,3.3480396270751953,640x480,1344x1008
10,0-10m,307200,0.18458422854736758,18.45842285473676,9.359467076804687,97.33951822916667,0.288603203784837,3.3480396270751953,640x480,1344x1008
11,0-3m,183744,0.16110181106881827,16.110181106881825,9.400348502709964,98.00156739811912,0.28909019009829084,3.3480396270751953,640x480,1344x1008
11,0-6m,291228,0.3314393557308189,33.14393557308189,11.252769218851556,96.4673726427404,0.28909019009829084,3.3480396270751953,640x480,1344x1008
11,0-10m,307200,0.40820745684284093,40.82074568428409,11.877911821636584,94.9580078125,0.28909019009829084,3.3480396270751953,640x480,1344x1008
12,0-3m,105695,0.3237583344715468,32.375833447154676,15.916904863853922,84.59624390936185,0.28990848284950693,3.3480396270751953,640x480,1344x1008
12,0-6m,307200,0.375708347443336,37.570834744333595,12.16882288994438,88.79329427083333,0.28990848284950693,3.3480396270751953,640x480,1344x1008
12,0-10m,307200,0.375708347443336,37.570834744333595,12.16882288994438,88.79329427083333,0.28990848284950693,3.3480396270751953,640x480,1344x1008
13,0-3m,267989,0.3117103217923329,31.171032179233286,12.545848065548032,95.80020075450858,0.2883168477601511,3.3480396270751953,640x480,1344x1008
13,0-6m,307200,0.3316426096173624,33.16426096173624,12.879961470055697,96.33626302083333,0.2883168477601511,3.3480396270751953,640x480,1344x1008
13,0-10m,307200,0.3316426096173624,33.16426096173624,12.879961470055697,96.33626302083333,0.2883168477601511,3.3480396270751953,640x480,1344x1008
14,0-3m,176274,0.2633939707935325,26.33939707935325,12.211912002486503,93.0908698957305,0.2914300958573579,3.3480396270751953,640x480,1344x1008
14,0-6m,280597,0.4496047665398307,44.96047665398307,14.633479208009426,89.82882924621433,0.2914300958573579,3.3480396270751953,640x480,1344x1008
14,0-10m,307200,0.7331244518887252,73.31244518887252,16.900839961193974,86.705078125,0.2914300958573579,3.3480396270751953,640x480,1344x1008
15,0-3m,204541,0.2336502931843976,23.36502931843976,11.888679774317907,93.77337550906664,0.29283384625225006,3.3480396270751953,640x480,1344x1008
15,0-6m,287148,0.47669272526486517,47.669272526486516,15.371604589407726,82.08763425132685,0.29283384625225006,3.3480396270751953,640x480,1344x1008
15,0-10m,307200,0.6540118990283614,65.40118990283614,17.20914858503059,77.51106770833334,0.29283384625225006,3.3480396270751953,640x480,1344x1008
16,0-3m,158166,0.353501486095108,35.3501486095108,18.033258518878604,85.87749579555657,0.29049944232764346,3.3480396270751953,640x480,1344x1008
16,0-6m,291356,0.5498792079176544,54.98792079176545,18.785120906461685,89.89140433009788,0.29049944232764346,3.3480396270751953,640x480,1344x1008
16,0-10m,307200,0.5963514511287212,59.635145112872124,18.7147448920509,89.52701822916667,0.29049944232764346,3.3480396270751953,640x480,1344x1008
17,0-3m,157836,0.4174810811367819,41.74810811367819,21.43372375831655,57.74284700575281,0.29321630015147265,3.3480396270751953,640x480,1344x1008
17,0-6m,288095,0.4896840414163167,48.96840414163167,19.30316059219585,76.04123639771603,0.29321630015147265,3.3480396270751953,640x480,1344x1008
17,0-10m,307200,0.4919666433004507,49.19666433004507,18.488570474373837,77.3916015625,0.29321630015147265,3.3480396270751953,640x480,1344x1008
18,0-3m,114379,0.3108003644039665,31.080036440396654,13.27133082086169,91.6400737897691,0.2922186299120828,3.3480396270751953,640x480,1344x1008
18,0-6m,307200,0.5159869948188619,51.59869948188619,15.626189536846244,96.02115885416667,0.2922186299120828,3.3480396270751953,640x480,1344x1008
18,0-10m,307200,0.5159869948188619,51.59869948188619,15.626189536846244,96.02115885416667,0.2922186299120828,3.3480396270751953,640x480,1344x1008
19,0-3m,121718,0.2464036255564154,24.64036255564154,10.875581475910556,97.4260175158974,0.29264932212179184,3.3480396270751953,640x480,1344x1008
19,0-6m,307200,0.38919363907693577,38.91936390769358,11.96211370410739,98.57096354166667,0.29264932212179184,3.3480396270751953,640x480,1344x1008
19,0-10m,307200,0.38919363907693577,38.91936390769358,11.96211370410739,98.57096354166667,0.29264932212179184,3.3480396270751953,640x480,1344x1008
20,0-3m,262696,0.3162805825548115,31.62805825548115,13.155357674029103,96.6215701799799,0.29061690995127715,3.3480396270751953,640x480,1344x1008
20,0-6m,307200,0.3898982845871554,38.98982845871554,14.303200950923166,95.25651041666666,0.29061690995127715,3.3480396270751953,640x480,1344x1008
20,0-10m,307200,0.3898982845871554,38.98982845871554,14.303200950923166,95.25651041666666,0.29061690995127715,3.3480396270751953,640x480,1344x1008
21,0-3m,58195,0.4222846910135987,42.22846910135987,15.854952949093834,97.88297963742589,0.2829114496497196,3.3480396270751953,640x480,1344x1008
21,0-6m,264773,0.6037544740081414,60.37544740081414,16.465715777373415,91.60563954783909,0.2829114496497196,3.3480396270751953,640x480,1344x1008
21,0-10m,307200,0.651166935171932,65.1166935171932,16.18375503952718,88.40071614583334,0.2829114496497196,3.3480396270751953,640x480,1344x1008
22,0-3m,124031,0.27852493098628867,27.852493098628866,13.346838595140259,82.20686763792922,0.2888466960903296,3.3480396270751953,640x480,1344x1008
22,0-6m,307200,0.44585179699701255,44.58517969970126,15.066974737466685,84.923828125,0.2888466960903296,3.3480396270751953,640x480,1344x1008
22,0-10m,307200,0.44585179699701255,44.58517969970126,15.066974737466685,84.923828125,0.2888466960903296,3.3480396270751953,640x480,1344x1008
23,0-3m,115791,0.3015117482146333,30.15117482146333,11.67633007752572,99.6813223825686,0.2925914127991902,3.3480396270751953,640x480,1344x1008
23,0-6m,307200,0.45555033365963027,45.55503336596303,13.914101306415056,99.68587239583333,0.2925914127991902,3.3480396270751953,640x480,1344x1008
23,0-10m,307200,0.45555033365963027,45.55503336596303,13.914101306415056,99.68587239583333,0.2925914127991902,3.3480396270751953,640x480,1344x1008
24,0-3m,307200,0.1900678602051145,19.006786020511452,9.581481489855586,99.94498697916666,0.29116359541999226,3.3480396270751953,640x480,1344x1008
24,0-6m,307200,0.1900678602051145,19.006786020511452,9.581481489855586,99.94498697916666,0.29116359541999226,3.3480396270751953,640x480,1344x1008
24,0-10m,307200,0.1900678602051145,19.006786020511452,9.581481489855586,99.94498697916666,0.29116359541999226,3.3480396270751953,640x480,1344x1008
25,0-3m,73406,0.20124943175894122,20.12494317589412,11.958483549270754,92.28128490859058,0.29192519440346837,3.3480396270751953,640x480,1344x1008
25,0-6m,307200,0.2739734713391711,27.397347133917112,9.15570735580183,97.85872395833334,0.29192519440346837,3.3480396270751953,640x480,1344x1008
25,0-10m,307200,0.2739734713391711,27.397347133917112,9.15570735580183,97.85872395833334,0.29192519440346837,3.3480396270751953,640x480,1344x1008
26,0-3m,58550,0.13328610516938258,13.328610516938259,6.7879924040589925,95.45175064047822,0.2930405334826395,3.3480396270751953,640x480,1344x1008
26,0-6m,307200,0.16395870500903886,16.395870500903886,5.174376225564279,98.34993489583333,0.2930405334826395,3.3480396270751953,640x480,1344x1008
26,0-10m,307200,0.16395870500903886,16.395870500903886,5.174376225564279,98.34993489583333,0.2930405334826395,3.3480396270751953,640x480,1344x1008
27,0-3m,58242,0.15831780872077741,15.831780872077742,6.307806184538042,94.17087325297895,0.29309408492966804,3.3480396270751953,640x480,1344x1008
27,0-6m,307200,0.36412230134825224,36.41223013482522,8.970658071209932,97.0068359375,0.29309408492966804,3.3480396270751953,640x480,1344x1008
27,0-10m,307200,0.36412230134825224,36.41223013482522,8.970658071209932,97.0068359375,0.29309408492966804,3.3480396270751953,640x480,1344x1008
28,0-3m,130244,0.17370510502850217,17.370510502850216,8.5469274877954,92.46184085255366,0.2926211566441537,3.3480396270751953,640x480,1344x1008
28,0-6m,288863,0.41093392211687857,41.093392211687856,12.846978908745252,87.7228997829421,0.2926211566441537,3.3480396270751953,640x480,1344x1008
28,0-10m,307200,0.643707044487043,64.3707044487043,15.380741938007958,82.48665364583333,0.2926211566441537,3.3480396270751953,640x480,1344x1008
29,0-3m,91366,0.39400394775246245,39.40039477524625,16.677790183030247,90.67049011667359,0.2905604015236906,3.3480396270751953,640x480,1344x1008
29,0-6m,303584,0.49982399085704077,49.982399085704074,14.172759293512243,94.58008327184568,0.2905604015236906,3.3480396270751953,640x480,1344x1008
29,0-10m,307200,0.5126622077504484,51.266220775044836,14.268196958901171,94.0419921875,0.2905604015236906,3.3480396270751953,640x480,1344x1008
30,0-3m,96778,0.6662645968315721,66.62645968315721,66.61409660235084,28.365950939263058,0.28849041247034674,3.3480396270751953,640x480,1344x1008
30,0-6m,307200,0.3410563103224073,34.10563103224073,24.638809877785324,76.49641927083334,0.28849041247034674,3.3480396270751953,640x480,1344x1008
30,0-10m,307200,0.3410563103224073,34.10563103224073,24.638809877785324,76.49641927083334,0.28849041247034674,3.3480396270751953,640x480,1344x1008
31,0-3m,233550,0.2378651889374516,23.78651889374516,11.149417425508199,83.01177478056091,0.2929775593536079,3.3480396270751953,640x480,1344x1008
31,0-6m,307200,0.36763285178691146,36.76328517869115,13.363829290809084,76.53287760416667,0.2929775593536079,3.3480396270751953,640x480,1344x1008
31,0-10m,307200,0.36763285178691146,36.76328517869115,13.363829290809084,76.53287760416667,0.2929775593536079,3.3480396270751953,640x480,1344x1008
32,0-3m,307200,0.1158111181948334,11.58111181948334,7.434638057717644,90.93815104166667,0.29052238132101366,3.3480396270751953,640x480,1344x1008
32,0-6m,307200,0.1158111181948334,11.58111181948334,7.434638057717644,90.93815104166667,0.29052238132101366,3.3480396270751953,640x480,1344x1008
32,0-10m,307200,0.1158111181948334,11.58111181948334,7.434638057717644,90.93815104166667,0.29052238132101366,3.3480396270751953,640x480,1344x1008
33,0-3m,189622,0.26445234934737044,26.445234934737044,11.2703943603656,87.68813745240531,0.29151204381812057,3.3480396270751953,640x480,1344x1008
33,0-6m,307200,0.26191731966954346,26.191731966954347,9.937866175683446,91.59830729166667,0.29151204381812057,3.3480396270751953,640x480,1344x1008
33,0-10m,307200,0.26191731966954346,26.191731966954347,9.937866175683446,91.59830729166667,0.29151204381812057,3.3480396270751953,640x480,1344x1008
34,0-3m,65530,0.36845546267186524,36.84554626718652,15.790667680748966,75.97741492446208,0.28973276324878827,3.3480396270751953,640x480,1344x1008
34,0-6m,237362,0.4057680782377948,40.57680782377948,10.990074534854234,87.03372907205028,0.28973276324878827,3.3480396270751953,640x480,1344x1008
34,0-10m,307200,0.5911201125973214,59.11201125973214,12.77926507870662,80.76204427083333,0.28973276324878827,3.3480396270751953,640x480,1344x1008
35,0-3m,30260,0.5644438883049632,56.444388830496315,23.771744338717653,85.36351619299406,0.2879872207404607,3.3480396270751953,640x480,1344x1008
35,0-6m,279859,0.6412129191258357,64.12129191258357,14.870722396551308,85.59274491797655,0.2879872207404607,3.3480396270751953,640x480,1344x1008
35,0-10m,307200,0.6890140341237808,68.90140341237809,15.24266000214902,84.72916666666667,0.2879872207404607,3.3480396270751953,640x480,1344x1008
36,0-3m,174696,0.26120035825191895,26.120035825191895,11.139706721207983,99.90154325227824,0.2871882506916586,3.3480396270751953,640x480,1344x1008
36,0-6m,307200,0.3877283015148714,38.77283015148714,12.618503503631509,98.390625,0.2871882506916586,3.3480396270751953,640x480,1344x1008
36,0-10m,307200,0.3877283015148714,38.77283015148714,12.618503503631509,98.390625,0.2871882506916586,3.3480396270751953,640x480,1344x1008
37,0-3m,264809,0.16350633769005105,16.350633769005103,8.180078083709152,94.07006559444731,0.2868282282122983,3.3480396270751953,640x480,1344x1008
37,0-6m,307200,0.24301502894998217,24.301502894998215,9.616289499895082,90.1259765625,0.2868282282122983,3.3480396270751953,640x480,1344x1008
37,0-10m,307200,0.24301502894998217,24.301502894998215,9.616289499895082,90.1259765625,0.2868282282122983,3.3480396270751953,640x480,1344x1008
38,0-3m,87538,0.2632708944843806,26.327089448438063,15.011817894965827,81.4971783682515,0.2903819853067763,3.3480396270751953,640x480,1344x1008
38,0-6m,307200,0.25492224065276486,25.492224065276485,9.335161947397054,93.32356770833333,0.2903819853067763,3.3480396270751953,640x480,1344x1008
38,0-10m,307200,0.25492224065276486,25.492224065276485,9.335161947397054,93.32356770833333,0.2903819853067763,3.3480396270751953,640x480,1344x1008
39,0-3m,271998,0.1680107407348505,16.80107407348505,6.746812637607055,96.46982698402195,0.28950319601517394,3.3480396270751953,640x480,1344x1008
39,0-6m,307200,0.1744303472569057,17.44303472569057,6.8186309899014015,96.83854166666667,0.28950319601517394,3.3480396270751953,640x480,1344x1008
39,0-10m,307200,0.1744303472569057,17.44303472569057,6.8186309899014015,96.83854166666667,0.28950319601517394,3.3480396270751953,640x480,1344x1008
40,0-3m,170519,0.34622329710733984,34.622329710733986,18.355147434581255,75.06025721473854,0.2860314946430927,3.3480396270751953,640x480,1344x1008
40,0-6m,307200,0.3081354172989571,30.81354172989571,13.879088541431377,86.09342447916667,0.2860314946430927,3.3480396270751953,640x480,1344x1008
40,0-10m,307200,0.3081354172989571,30.81354172989571,13.879088541431377,86.09342447916667,0.2860314946430927,3.3480396270751953,640x480,1344x1008
41,0-3m,307200,0.07909045460168272,7.909045460168272,3.8973673997043163,99.99446614583334,0.2847670123156742,3.3480396270751953,640x480,1344x1008
41,0-6m,307200,0.07909045460168272,7.909045460168272,3.8973673997043163,99.99446614583334,0.2847670123156742,3.3480396270751953,640x480,1344x1008
41,0-10m,307200,0.07909045460168272,7.909045460168272,3.8973673997043163,99.99446614583334,0.2847670123156742,3.3480396270751953,640x480,1344x1008
42,0-3m,249862,0.3373721190137873,33.73721190137873,14.61054350539549,97.86922381154397,0.28718891875793867,3.3480396270751953,640x480,1344x1008
42,0-6m,307200,0.4238693913355625,42.386939133556254,16.45987242481125,91.1298828125,0.28718891875793867,3.3480396270751953,640x480,1344x1008
42,0-10m,307200,0.4238693913355625,42.386939133556254,16.45987242481125,91.1298828125,0.28718891875793867,3.3480396270751953,640x480,1344x1008
43,0-3m,291737,0.2624259119666568,26.242591196665682,14.867069450954624,85.48829939294639,0.2621302613360652,3.3480396270751953,640x480,1344x1008
43,0-6m,306639,0.3835731170214384,38.35731170214384,17.161682969695477,81.33375076229703,0.2621302613360652,3.3480396270751953,640x480,1344x1008
43,0-10m,307200,0.3925959846713037,39.25959846713037,17.269685970388828,81.18522135416667,0.2621302613360652,3.3480396270751953,640x480,1344x1008
44,0-3m,307200,0.22376363472101124,22.376363472101126,15.514244727355983,93.79720052083333,0.2688210125982238,3.3480396270751953,640x480,1344x1008
44,0-6m,307200,0.22376363472101124,22.376363472101126,15.514244727355983,93.79720052083333,0.2688210125982238,3.3480396270751953,640x480,1344x1008
44,0-10m,307200,0.22376363472101124,22.376363472101126,15.514244727355983,93.79720052083333,0.2688210125982238,3.3480396270751953,640x480,1344x1008
45,0-3m,307200,0.15820221310733662,15.820221310733661,11.408938073697659,83.70963541666666,0.28017571612287684,3.3480396270751953,640x480,1344x1008
45,0-6m,307200,0.15820221310733662,15.820221310733661,11.408938073697659,83.70963541666666,0.28017571612287684,3.3480396270751953,640x480,1344x1008
45,0-10m,307200,0.15820221310733662,15.820221310733661,11.408938073697659,83.70963541666666,0.28017571612287684,3.3480396270751953,640x480,1344x1008
46,0-3m,290201,0.2879609020163706,28.79609020163706,14.591615990657317,81.0241866844015,0.28504856700098535,3.3480396270751953,640x480,1344x1008
46,0-6m,307200,0.36046328597023,36.046328597023,16.573655207590406,76.54069010416666,0.28504856700098535,3.3480396270751953,640x480,1344x1008
46,0-10m,307200,0.36046328597023,36.046328597023,16.573655207590406,76.54069010416666,0.28504856700098535,3.3480396270751953,640x480,1344x1008
47,0-3m,307200,0.17029754303221126,17.029754303221125,10.325254862951724,96.21614583333333,0.2536030655548795,3.3480396270751953,640x480,1344x1008
47,0-6m,307200,0.17029754303221126,17.029754303221125,10.325254862951724,96.21614583333333,0.2536030655548795,3.3480396270751953,640x480,1344x1008
47,0-10m,307200,0.17029754303221126,17.029754303221125,10.325254862951724,96.21614583333333,0.2536030655548795,3.3480396270751953,640x480,1344x1008
48,0-3m,307200,0.29540250231841736,29.540250231841735,18.573822663060977,81.4736328125,0.2686744745974992,3.3480396270751953,640x480,1344x1008
48,0-6m,307200,0.29540250231841736,29.540250231841735,18.573822663060977,81.4736328125,0.2686744745974992,3.3480396270751953,640x480,1344x1008
48,0-10m,307200,0.29540250231841736,29.540250231841735,18.573822663060977,81.4736328125,0.2686744745974992,3.3480396270751953,640x480,1344x1008
49,0-3m,250364,0.5470479588757268,54.70479588757268,21.438318583358818,69.3602115320094,0.23729376146656186,3.3480396270751953,640x480,1344x1008
49,0-6m,307200,0.5871768263735188,58.71768263735188,22.002653043009587,64.5791015625,0.23729376146656186,3.3480396270751953,640x480,1344x1008
49,0-10m,307200,0.5871768263735188,58.71768263735188,22.002653043009587,64.5791015625,0.23729376146656186,3.3480396270751953,640x480,1344x1008
50,0-3m,306346,0.4287594319211741,42.87594319211741,19.174368335619953,74.3515502079348,0.24324340956830404,3.3480396270751953,640x480,1344x1008
50,0-6m,307200,0.4298393489063407,42.98393489063407,19.196502639245832,74.14518229166667,0.24324340956830404,3.3480396270751953,640x480,1344x1008
50,0-10m,307200,0.4298393489063407,42.98393489063407,19.196502639245832,74.14518229166667,0.24324340956830404,3.3480396270751953,640x480,1344x1008
51,0-3m,229299,0.42167155200165246,42.16715520016525,19.858705782672114,65.65052616888866,0.26307778063082893,3.3480396270751953,640x480,1344x1008
51,0-6m,307200,0.554558695392916,55.455869539291605,20.93333855504432,64.03841145833333,0.26307778063082893,3.3480396270751953,640x480,1344x1008
51,0-10m,307200,0.554558695392916,55.455869539291605,20.93333855504432,64.03841145833333,0.26307778063082893,3.3480396270751953,640x480,1344x1008
52,0-3m,218827,0.530307239911625,53.030723991162496,24.905720803479902,59.09142838863577,0.2770098219087374,3.3480396270751953,640x480,1344x1008
52,0-6m,307200,0.5909333458548645,59.093334585486446,23.044003969014707,67.015625,0.2770098219087374,3.3480396270751953,640x480,1344x1008
52,0-10m,307200,0.5909333458548645,59.093334585486446,23.044003969014707,67.015625,0.2770098219087374,3.3480396270751953,640x480,1344x1008
53,0-3m,260631,0.484463815619683,48.4463815619683,22.948751725753358,76.873050404595,0.28542043314661536,3.3480396270751953,640x480,1344x1008
53,0-6m,307200,0.5211356941728931,52.113569417289305,22.21763323575523,77.41438802083334,0.28542043314661536,3.3480396270751953,640x480,1344x1008
53,0-10m,307200,0.5211356941728931,52.113569417289305,22.21763323575523,77.41438802083334,0.28542043314661536,3.3480396270751953,640x480,1344x1008
54,0-3m,307003,0.4089339898017738,40.89339898017738,18.16607475534686,84.24999104243281,0.2884250110983612,3.3480396270751953,640x480,1344x1008
54,0-6m,307200,0.4090919608514135,40.90919608514135,18.168392651443543,84.26009114583334,0.2884250110983612,3.3480396270751953,640x480,1344x1008
54,0-10m,307200,0.4090919608514135,40.90919608514135,18.168392651443543,84.26009114583334,0.2884250110983612,3.3480396270751953,640x480,1344x1008
55,0-3m,276294,0.17992046507381507,17.992046507381506,8.915595611314277,98.98658675179338,0.28782750704529014,3.3480396270751953,640x480,1344x1008
55,0-6m,307200,0.19557388428928485,19.557388428928483,9.091761390461224,99.08854166666666,0.28782750704529014,3.3480396270751953,640x480,1344x1008
55,0-10m,307200,0.19557388428928485,19.557388428928483,9.091761390461224,99.08854166666666,0.28782750704529014,3.3480396270751953,640x480,1344x1008
56,0-3m,307200,0.22112476575324155,22.112476575324155,15.03147721388948,83.69173177083333,0.28634808857314525,3.3480396270751953,640x480,1344x1008
56,0-6m,307200,0.22112476575324155,22.112476575324155,15.03147721388948,83.69173177083333,0.28634808857314525,3.3480396270751953,640x480,1344x1008
56,0-10m,307200,0.22112476575324155,22.112476575324155,15.03147721388948,83.69173177083333,0.28634808857314525,3.3480396270751953,640x480,1344x1008
57,0-3m,307200,0.1599188139194545,15.991881391945451,8.63989822804672,99.65266927083334,0.2777295454139021,3.3480396270751953,640x480,1344x1008
57,0-6m,307200,0.1599188139194545,15.991881391945451,8.63989822804672,99.65266927083334,0.2777295454139021,3.3480396270751953,640x480,1344x1008
57,0-10m,307200,0.1599188139194545,15.991881391945451,8.63989822804672,99.65266927083334,0.2777295454139021,3.3480396270751953,640x480,1344x1008
58,0-3m,294328,0.21682832003091776,21.682832003091775,10.464868935467747,96.67955478241961,0.27446509840001204,3.3480396270751953,640x480,1344x1008
58,0-6m,307200,0.22038886575144714,22.038886575144716,10.436047872890114,96.80533854166666,0.27446509840001204,3.3480396270751953,640x480,1344x1008
58,0-10m,307200,0.22038886575144714,22.038886575144716,10.436047872890114,96.80533854166666,0.27446509840001204,3.3480396270751953,640x480,1344x1008
59,0-3m,281132,0.2103622917827361,21.03622917827361,10.996476954707706,97.18139521648193,0.2863302721190906,3.3480396270751953,640x480,1344x1008
59,0-6m,307200,0.21690010684115502,21.690010684115503,10.846281428835812,97.30696614583333,0.2863302721190906,3.3480396270751953,640x480,1344x1008
59,0-10m,307200,0.21690010684115502,21.690010684115503,10.846281428835812,97.30696614583333,0.2863302721190906,3.3480396270751953,640x480,1344x1008
60,0-3m,307200,0.20229918602582378,20.229918602582377,11.307008030606326,91.54427083333333,0.28836341449263947,3.3480396270751953,640x480,1344x1008
60,0-6m,307200,0.20229918602582378,20.229918602582377,11.307008030606326,91.54427083333333,0.28836341449263947,3.3480396270751953,640x480,1344x1008
60,0-10m,307200,0.20229918602582378,20.229918602582377,11.307008030606326,91.54427083333333,0.28836341449263947,3.3480396270751953,640x480,1344x1008
61,0-3m,307200,0.17149979465602277,17.14997946560228,10.11553456460616,98.25162760416667,0.2799315007625671,3.3480396270751953,640x480,1344x1008
61,0-6m,307200,0.17149979465602277,17.14997946560228,10.11553456460616,98.25162760416667,0.2799315007625671,3.3480396270751953,640x480,1344x1008
61,0-10m,307200,0.17149979465602277,17.14997946560228,10.11553456460616,98.25162760416667,0.2799315007625671,3.3480396270751953,640x480,1344x1008
62,0-3m,307200,0.31397768331187154,31.397768331187155,15.693732026182245,92.72721354166666,0.27518424272986675,3.3480396270751953,640x480,1344x1008
62,0-6m,307200,0.31397768331187154,31.397768331187155,15.693732026182245,92.72721354166666,0.27518424272986675,3.3480396270751953,640x480,1344x1008
62,0-10m,307200,0.31397768331187154,31.397768331187155,15.693732026182245,92.72721354166666,0.27518424272986675,3.3480396270751953,640x480,1344x1008
63,0-3m,273872,0.2623547339750874,26.23547339750874,13.854563775022264,93.59846935794825,0.2870036619655254,3.3480396270751953,640x480,1344x1008
63,0-6m,296474,0.3069220040483145,30.69220040483145,14.269064793733568,91.61174335692168,0.2870036619655254,3.3480396270751953,640x480,1344x1008
63,0-10m,307200,0.3980432968780709,39.80432968780709,15.226261264630454,88.4130859375,0.2870036619655254,3.3480396270751953,640x480,1344x1008
64,0-3m,307200,0.1065362402156461,10.65362402156461,7.445256376507727,99.0625,0.2860541425544345,3.3480396270751953,640x480,1344x1008
64,0-6m,307200,0.1065362402156461,10.65362402156461,7.445256376507727,99.0625,0.2860541425544345,3.3480396270751953,640x480,1344x1008
64,0-10m,307200,0.1065362402156461,10.65362402156461,7.445256376507727,99.0625,0.2860541425544345,3.3480396270751953,640x480,1344x1008
65,0-3m,307200,0.20508120811136904,20.508120811136905,14.900198471863401,99.78092447916667,0.28799054653687667,3.3480396270751953,640x480,1344x1008
65,0-6m,307200,0.20508120811136904,20.508120811136905,14.900198471863401,99.78092447916667,0.28799054653687667,3.3480396270751953,640x480,1344x1008
65,0-10m,307200,0.20508120811136904,20.508120811136905,14.900198471863401,99.78092447916667,0.28799054653687667,3.3480396270751953,640x480,1344x1008
66,0-3m,307200,0.07875646601508682,7.875646601508682,7.345128194279027,97.650390625,0.28824055772865725,3.3480396270751953,640x480,1344x1008
66,0-6m,307200,0.07875646601508682,7.875646601508682,7.345128194279027,97.650390625,0.28824055772865725,3.3480396270751953,640x480,1344x1008
66,0-10m,307200,0.07875646601508682,7.875646601508682,7.345128194279027,97.650390625,0.28824055772865725,3.3480396270751953,640x480,1344x1008
67,0-3m,307200,0.15701523955174101,15.701523955174101,9.019162415277192,99.44563802083334,0.28656718334155423,3.3480396270751953,640x480,1344x1008
67,0-6m,307200,0.15701523955174101,15.701523955174101,9.019162415277192,99.44563802083334,0.28656718334155423,3.3480396270751953,640x480,1344x1008
67,0-10m,307200,0.15701523955174101,15.701523955174101,9.019162415277192,99.44563802083334,0.28656718334155423,3.3480396270751953,640x480,1344x1008
68,0-3m,307200,0.15433479989646004,15.433479989646004,10.393026706378508,94.876953125,0.2880754093855508,3.3480396270751953,640x480,1344x1008
68,0-6m,307200,0.15433479989646004,15.433479989646004,10.393026706378508,94.876953125,0.2880754093855508,3.3480396270751953,640x480,1344x1008
68,0-10m,307200,0.15433479989646004,15.433479989646004,10.393026706378508,94.876953125,0.2880754093855508,3.3480396270751953,640x480,1344x1008
69,0-3m,268895,0.21949225763954602,21.9492257639546,14.833794823317783,69.06041391621265,0.2857202368588211,3.3480396270751953,640x480,1344x1008
69,0-6m,307200,0.20845190781440276,20.845190781440277,13.51818431170691,72.91829427083333,0.2857202368588211,3.3480396270751953,640x480,1344x1008
69,0-10m,307200,0.20845190781440276,20.845190781440277,13.51818431170691,72.91829427083333,0.2857202368588211,3.3480396270751953,640x480,1344x1008
70,0-3m,278922,0.25556843693854675,25.556843693854674,15.305804707609413,76.27006833451647,0.28926763278476164,3.3480396270751953,640x480,1344x1008
70,0-6m,307200,0.24297023917140906,24.297023917140905,14.2559104813431,78.349609375,0.28926763278476164,3.3480396270751953,640x480,1344x1008
70,0-10m,307200,0.24297023917140906,24.297023917140905,14.2559104813431,78.349609375,0.28926763278476164,3.3480396270751953,640x480,1344x1008
71,0-3m,307200,0.17245198121760041,17.24519812176004,12.420415958714786,96.9931640625,0.28713511228898364,3.3480396270751953,640x480,1344x1008
71,0-6m,307200,0.17245198121760041,17.24519812176004,12.420415958714786,96.9931640625,0.28713511228898364,3.3480396270751953,640x480,1344x1008
71,0-10m,307200,0.17245198121760041,17.24519812176004,12.420415958714786,96.9931640625,0.28713511228898364,3.3480396270751953,640x480,1344x1008
72,0-3m,307200,0.10641199198629087,10.641199198629087,6.018032507048362,96.71256510416667,0.2857253718575962,3.3480396270751953,640x480,1344x1008
72,0-6m,307200,0.10641199198629087,10.641199198629087,6.018032507048362,96.71256510416667,0.2857253718575962,3.3480396270751953,640x480,1344x1008
72,0-10m,307200,0.10641199198629087,10.641199198629087,6.018032507048362,96.71256510416667,0.2857253718575962,3.3480396270751953,640x480,1344x1008
73,0-3m,307200,0.1302761702534432,13.027617025344322,6.685916358457189,99.79654947916666,0.25401034066065736,3.3480396270751953,640x480,1344x1008
73,0-6m,307200,0.1302761702534432,13.027617025344322,6.685916358457189,99.79654947916666,0.25401034066065736,3.3480396270751953,640x480,1344x1008
73,0-10m,307200,0.1302761702534432,13.027617025344322,6.685916358457189,99.79654947916666,0.25401034066065736,3.3480396270751953,640x480,1344x1008
74,0-3m,307200,0.2656554581418944,26.56554581418944,18.122688856303743,70.13020833333333,0.2656103167297201,3.3480396270751953,640x480,1344x1008
74,0-6m,307200,0.2656554581418944,26.56554581418944,18.122688856303743,70.13020833333333,0.2656103167297201,3.3480396270751953,640x480,1344x1008
74,0-10m,307200,0.2656554581418944,26.56554581418944,18.122688856303743,70.13020833333333,0.2656103167297201,3.3480396270751953,640x480,1344x1008
75,0-3m,166217,0.08428636629309479,8.428636629309478,4.199081686449909,99.18239409927986,0.2799705694955048,3.3480396270751953,640x480,1344x1008
75,0-6m,307200,0.13432556681102142,13.432556681102142,4.866489504038215,98.39322916666666,0.2799705694955048,3.3480396270751953,640x480,1344x1008
75,0-10m,307200,0.13432556681102142,13.432556681102142,4.866489504038215,98.39322916666666,0.2799705694955048,3.3480396270751953,640x480,1344x1008
76,0-3m,149507,0.3496179301297311,34.96179301297311,15.64976959129635,87.20193703304861,0.27697434444735075,3.3480396270751953,640x480,1344x1008
76,0-6m,307200,0.4094364519836381,40.94364519836381,14.97268016600656,93.640625,0.27697434444735075,3.3480396270751953,640x480,1344x1008
76,0-10m,307200,0.4094364519836381,40.94364519836381,14.97268016600656,93.640625,0.27697434444735075,3.3480396270751953,640x480,1344x1008
77,0-3m,307200,0.17495558437076397,17.495558437076397,8.706427881501545,98.25911458333333,0.2703712941396102,3.3480396270751953,640x480,1344x1008
77,0-6m,307200,0.17495558437076397,17.495558437076397,8.706427881501545,98.25911458333333,0.2703712941396102,3.3480396270751953,640x480,1344x1008
77,0-10m,307200,0.17495558437076397,17.495558437076397,8.706427881501545,98.25911458333333,0.2703712941396102,3.3480396270751953,640x480,1344x1008
78,0-3m,269852,0.11554562324861825,11.554562324861825,6.327725677326704,99.86103493766953,0.26274933335333345,3.3480396270751953,640x480,1344x1008
78,0-6m,307200,0.11816841545165517,11.816841545165516,6.07119746662749,99.650390625,0.26274933335333345,3.3480396270751953,640x480,1344x1008
78,0-10m,307200,0.11816841545165517,11.816841545165516,6.07119746662749,99.650390625,0.26274933335333345,3.3480396270751953,640x480,1344x1008
79,0-3m,307200,0.0778575185368148,7.7857518536814805,4.473320875800738,99.9462890625,0.26963443583313906,3.3480396270751953,640x480,1344x1008
79,0-6m,307200,0.0778575185368148,7.7857518536814805,4.473320875800738,99.9462890625,0.26963443583313906,3.3480396270751953,640x480,1344x1008
79,0-10m,307200,0.0778575185368148,7.7857518536814805,4.473320875800738,99.9462890625,0.26963443583313906,3.3480396270751953,640x480,1344x1008
80,0-3m,307200,0.1170450520934537,11.70450520934537,6.467837026988565,98.26822916666667,0.2720095729971831,3.3480396270751953,640x480,1344x1008
80,0-6m,307200,0.1170450520934537,11.70450520934537,6.467837026988565,98.26822916666667,0.2720095729971831,3.3480396270751953,640x480,1344x1008
80,0-10m,307200,0.1170450520934537,11.70450520934537,6.467837026988565,98.26822916666667,0.2720095729971831,3.3480396270751953,640x480,1344x1008
81,0-3m,307200,0.18609387491131202,18.6093874911312,10.566750366145456,97.759765625,0.2821380170647133,3.3480396270751953,640x480,1344x1008
81,0-6m,307200,0.18609387491131202,18.6093874911312,10.566750366145456,97.759765625,0.2821380170647133,3.3480396270751953,640x480,1344x1008
81,0-10m,307200,0.18609387491131202,18.6093874911312,10.566750366145456,97.759765625,0.2821380170647133,3.3480396270751953,640x480,1344x1008
82,0-3m,307200,0.1788784381163229,17.88784381163229,13.497785158803561,88.6728515625,0.2694370180863711,3.3480396270751953,640x480,1344x1008
82,0-6m,307200,0.1788784381163229,17.88784381163229,13.497785158803561,88.6728515625,0.2694370180863711,3.3480396270751953,640x480,1344x1008
82,0-10m,307200,0.1788784381163229,17.88784381163229,13.497785158803561,88.6728515625,0.2694370180863711,3.3480396270751953,640x480,1344x1008
83,0-3m,90479,0.21303025414624616,21.303025414624617,12.58895312265742,81.69409476232053,0.28544762869655216,3.3480396270751953,640x480,1344x1008
83,0-6m,180282,0.5189397409821965,51.89397409821965,15.230013545479155,75.74078388302769,0.28544762869655216,3.3480396270751953,640x480,1344x1008
83,0-10m,307200,0.6111152455643363,61.11152455643363,13.453780021753866,82.5205078125,0.28544762869655216,3.3480396270751953,640x480,1344x1008
84,0-3m,83259,0.227241808095073,22.7241808095073,13.517130069424631,77.53636243529229,0.29120794014548523,3.3480396270751953,640x480,1344x1008
84,0-6m,307200,0.16048456593300217,16.048456593300216,6.499392338129496,92.951171875,0.29120794014548523,3.3480396270751953,640x480,1344x1008
84,0-10m,307200,0.16048456593300217,16.048456593300216,6.499392338129496,92.951171875,0.29120794014548523,3.3480396270751953,640x480,1344x1008
85,0-3m,222849,0.5238794989463676,52.38794989463676,22.21499969498189,58.78823777535461,0.28972440255808946,3.3480396270751953,640x480,1344x1008
85,0-6m,272314,0.7218797441380128,72.18797441380129,25.280745632672495,56.9746689483464,0.28972440255808946,3.3480396270751953,640x480,1344x1008
85,0-10m,307200,1.1698385447038648,116.98385447038649,29.107713416721943,55.599934895833336,0.28972440255808946,3.3480396270751953,640x480,1344x1008
86,0-3m,201184,0.6147529183402101,61.47529183402101,33.149766734865075,42.54861221568316,0.28784176532241457,3.3480396270751953,640x480,1344x1008
86,0-6m,262438,0.7011005673618984,70.11005673618985,31.281860137768234,47.8608280812992,0.28784176532241457,3.3480396270751953,640x480,1344x1008
86,0-10m,307200,1.1102300042135176,111.02300042135175,32.541983830653834,49.02734375,0.28784176532241457,3.3480396270751953,640x480,1344x1008
87,0-3m,175433,0.3959136708117488,39.59136708117488,22.14888695731448,80.23689955709588,0.2803963211345982,3.3480396270751953,640x480,1344x1008
87,0-6m,200149,0.6712496591503315,67.12496591503316,26.847127881862914,72.91817595891061,0.2803963211345982,3.3480396270751953,640x480,1344x1008
87,0-10m,307200,1.1824932028485151,118.2493202848515,26.42861050858466,62.89908854166667,0.2803963211345982,3.3480396270751953,640x480,1344x1008
88,0-3m,106585,0.8073436149810657,80.73436149810657,41.4804634463797,27.694328470235025,0.2884907370525395,3.3480396270751953,640x480,1344x1008
88,0-6m,269697,1.5876711732470976,158.76711732470977,45.867607664612336,33.12754683960148,0.2884907370525395,3.3480396270751953,640x480,1344x1008
88,0-10m,307200,1.8136215993133373,181.36215993133374,46.0811693858309,33.943033854166664,0.2884907370525395,3.3480396270751953,640x480,1344x1008
89,0-3m,157778,0.8309989611094211,83.09989611094211,38.05701592428727,51.453941614166745,0.28646159034159485,3.3480396270751953,640x480,1344x1008
89,0-6m,237736,1.2169179445894858,121.69179445894858,41.38605405900022,47.061866944846386,0.28646159034159485,3.3480396270751953,640x480,1344x1008
89,0-10m,307200,1.8507383020726653,185.07383020726652,44.400563307486415,48.033528645833336,0.28646159034159485,3.3480396270751953,640x480,1344x1008
90,0-3m,110065,0.4768226048560046,47.68226048560046,28.839182877594695,76.10684595466314,0.28524884924159605,3.3480396270751953,640x480,1344x1008
90,0-6m,241354,0.6004667737265528,60.046677372655274,22.841829658921622,77.48162450176919,0.28524884924159605,3.3480396270751953,640x480,1344x1008
90,0-10m,307200,0.9824143211578484,98.24143211578485,24.110030178469298,71.40950520833333,0.28524884924159605,3.3480396270751953,640x480,1344x1008
91,0-3m,146262,0.9075062703663951,90.75062703663951,51.08218470487911,32.51288783142579,0.2880421020779291,3.3480396270751953,640x480,1344x1008
91,0-6m,194718,1.2462413093463205,124.62413093463205,51.68016347085873,29.106708162573568,0.2880421020779291,3.3480396270751953,640x480,1344x1008
91,0-10m,307200,1.9029432545775005,190.29432545775003,46.794986887486125,38.30110677083333,0.2880421020779291,3.3480396270751953,640x480,1344x1008
92,0-3m,96847,0.48422050557436924,48.422050557436926,23.87321328669381,59.92441686371287,0.2834711622091805,3.3480396270751953,640x480,1344x1008
92,0-6m,229011,0.6026454131949535,60.26454131949534,18.48837884677822,78.79446838798137,0.2834711622091805,3.3480396270751953,640x480,1344x1008
92,0-10m,307200,1.0348926981608384,103.48926981608383,20.75960120097027,66.984375,0.2834711622091805,3.3480396270751953,640x480,1344x1008
93,0-3m,138959,0.7226571309467756,72.26571309467757,52.652770436691675,40.56952050604855,0.2786293464585695,3.3480396270751953,640x480,1344x1008
93,0-6m,180845,0.8467499951222178,84.67499951222179,47.56238110307275,46.24125632447676,0.2786293464585695,3.3480396270751953,640x480,1344x1008
93,0-10m,307200,1.4548113722177611,145.48113722177612,38.854939983456575,37.34440104166667,0.2786293464585695,3.3480396270751953,640x480,1344x1008
94,0-3m,168020,0.35139891212503904,35.139891212503905,22.012610141690075,76.13379359600047,0.28125093779607424,3.3480396270751953,640x480,1344x1008
94,0-6m,236655,0.8307258120037693,83.07258120037693,28.564438420878403,72.34581986435951,0.28125093779607424,3.3480396270751953,640x480,1344x1008
94,0-10m,307200,1.3115569567827818,131.1556956782782,29.851137230392826,63.4033203125,0.28125093779607424,3.3480396270751953,640x480,1344x1008
95,0-3m,107542,0.542347533062564,54.2347533062564,34.04237197914297,54.81672276877872,0.284571017586103,3.3480396270751953,640x480,1344x1008
95,0-6m,201069,1.0698643557868923,106.98643557868922,37.469119244312786,53.214070791618795,0.284571017586103,3.3480396270751953,640x480,1344x1008
95,0-10m,307200,1.9802644462128713,198.02644462128714,41.07245087948631,49.736979166666664,0.284571017586103,3.3480396270751953,640x480,1344x1008
96,0-3m,275962,0.3190854099444966,31.90854099444966,21.43585464451806,83.35930309245477,0.28344605321532657,3.3480396270751953,640x480,1344x1008
96,0-6m,307200,0.3763710917555727,37.63710917555727,21.278923531236803,83.25911458333334,0.28344605321532657,3.3480396270751953,640x480,1344x1008
96,0-10m,307200,0.3763710917555727,37.63710917555727,21.278923531236803,83.25911458333334,0.28344605321532657,3.3480396270751953,640x480,1344x1008
97,0-3m,201462,0.30263272472453534,30.263272472453533,19.33599383585131,82.57239578679851,0.27836336925169913,3.3480396270751953,640x480,1344x1008
97,0-6m,282194,0.492732463426833,49.2732463426833,20.34972335739472,78.36807302777522,0.27836336925169913,3.3480396270751953,640x480,1344x1008
97,0-10m,307200,0.5392926201389249,53.92926201389249,19.914221646414813,79.65592447916666,0.27836336925169913,3.3480396270751953,640x480,1344x1008
98,0-3m,116103,0.7699672782215659,76.99672782215659,37.7362005106755,57.53425837402995,0.2830384963773323,3.3480396270751953,640x480,1344x1008
98,0-6m,241738,0.9001100573619306,90.01100573619306,30.890957806301326,69.36021643266677,0.2830384963773323,3.3480396270751953,640x480,1344x1008
98,0-10m,307200,1.3381079775552887,133.81079775552885,32.34311398089646,63.8427734375,0.2830384963773323,3.3480396270751953,640x480,1344x1008
99,0-3m,210708,0.2818681724851974,28.18681724851974,16.44130889450432,91.37574273402053,0.28196755720808986,3.3480396270751953,640x480,1344x1008
99,0-6m,269001,0.4257266498055244,42.57266498055244,18.09367354958065,88.54093479206398,0.28196755720808986,3.3480396270751953,640x480,1344x1008
99,0-10m,307200,0.6802553964196705,68.02553964196704,19.748540403023362,82.69954427083334,0.28196755720808986,3.3480396270751953,640x480,1344x1008
100,0-3m,253927,0.5250493405049078,52.50493405049078,34.010772075201615,74.75455544309979,0.28215178089839354,3.3480396270751953,640x480,1344x1008
100,0-6m,302314,0.5368306530816346,53.68306530816346,31.12161744005817,76.56840238956846,0.28215178089839354,3.3480396270751953,640x480,1344x1008
100,0-10m,307200,0.5594094218988903,55.94094218988903,31.05371710396906,76.01529947916667,0.28215178089839354,3.3480396270751953,640x480,1344x1008
101,0-3m,307102,0.5306659871225713,53.06659871225713,21.091014761233005,84.1323078325768,0.28597960124554844,3.3480396270751953,640x480,1344x1008
101,0-6m,307200,0.5306165192221912,53.06165192221912,21.08822605427919,84.13736979166667,0.28597960124554844,3.3480396270751953,640x480,1344x1008
101,0-10m,307200,0.5306165192221912,53.06165192221912,21.08822605427919,84.13736979166667,0.28597960124554844,3.3480396270751953,640x480,1344x1008
102,0-3m,307200,0.22282004216026205,22.282004216026206,10.931337683387095,98.65364583333334,0.2861122269479018,3.3480396270751953,640x480,1344x1008
102,0-6m,307200,0.22282004216026205,22.282004216026206,10.931337683387095,98.65364583333334,0.2861122269479018,3.3480396270751953,640x480,1344x1008
102,0-10m,307200,0.22282004216026205,22.282004216026206,10.931337683387095,98.65364583333334,0.2861122269479018,3.3480396270751953,640x480,1344x1008
103,0-3m,173252,0.2187125504056784,21.871255040567842,10.705493102233149,89.8448502758987,0.2876845136533052,3.3480396270751953,640x480,1344x1008
103,0-6m,248440,0.4068574464353765,40.68574464353765,13.190985664139617,89.58903558203188,0.2876845136533052,3.3480396270751953,640x480,1344x1008
103,0-10m,307200,1.0079542103083805,100.79542103083806,19.2309006904533,81.552734375,0.2876845136533052,3.3480396270751953,640x480,1344x1008
104,0-3m,175051,0.24716468384480128,24.716468384480127,11.8596471497758,87.11518357507241,0.2857391123624987,3.3480396270751953,640x480,1344x1008
104,0-6m,255609,0.4479739429869481,44.79739429869481,14.471847719003744,87.58963886248137,0.2857391123624987,3.3480396270751953,640x480,1344x1008
104,0-10m,307200,0.9071472510028009,90.71472510028009,19.18853024110764,83.30143229166667,0.2857391123624987,3.3480396270751953,640x480,1344x1008
105,0-3m,94695,0.25045912564257156,25.045912564257154,14.420435023669572,86.46707851523313,0.28920976583769514,3.3480396270751953,640x480,1344x1008
105,0-6m,257627,0.42274328165718383,42.27432816571838,13.79078111019635,89.93001509934906,0.28920976583769514,3.3480396270751953,640x480,1344x1008
105,0-10m,307200,0.6311776741454378,63.11776741454378,15.195941178278657,86.9921875,0.28920976583769514,3.3480396270751953,640x480,1344x1008
106,0-3m,98613,0.25231567194757437,25.23156719475744,10.516097577617463,93.66107916806101,0.2850892316449824,3.3480396270751953,640x480,1344x1008
106,0-6m,233466,0.4412364998129734,44.12364998129734,12.877347398909405,93.06023146839368,0.2850892316449824,3.3480396270751953,640x480,1344x1008
106,0-10m,307200,0.9816663365419178,98.16663365419178,17.465648641725643,85.98307291666667,0.2850892316449824,3.3480396270751953,640x480,1344x1008
107,0-3m,80071,0.4152229029852609,41.52229029852609,22.56542742392738,71.6089470594847,0.2885146584489856,3.3480396270751953,640x480,1344x1008
107,0-6m,189023,0.6620190568700656,66.20190568700656,22.831993781703016,68.52446527671235,0.2885146584489856,3.3480396270751953,640x480,1344x1008
107,0-10m,307200,0.6008248611353337,60.08248611353337,16.580906970151773,79.7060546875,0.2885146584489856,3.3480396270751953,640x480,1344x1008
108,0-3m,60777,0.4990730158760201,49.90730158760201,30.694794791308098,28.978067361008275,0.2873193831358862,3.3480396270751953,640x480,1344x1008
108,0-6m,182329,0.8916624557994903,89.16624557994903,26.76849753104881,57.96719117638993,0.2873193831358862,3.3480396270751953,640x480,1344x1008
108,0-10m,307200,1.6900904174734994,169.00904174734995,31.179444656997045,55.10774739583333,0.2873193831358862,3.3480396270751953,640x480,1344x1008
109,0-3m,81834,0.9046070234098518,90.46070234098518,40.00839099851951,18.779480411564876,0.28981174350717354,3.3480396270751953,640x480,1344x1008
109,0-6m,159122,1.240076856992928,124.0076856992928,39.59479959878564,26.423121881323762,0.28981174350717354,3.3480396270751953,640x480,1344x1008
109,0-10m,307200,1.6523756655984714,165.23756655984712,33.323778234573695,43.9306640625,0.28981174350717354,3.3480396270751953,640x480,1344x1008
110,0-3m,49433,0.2679189508000292,26.79189508000292,13.766949056010395,87.67220277951976,0.28947290110995316,3.3480396270751953,640x480,1344x1008
110,0-6m,197338,0.9626802726744166,96.26802726744165,24.362132501014745,70.3944501312469,0.28947290110995316,3.3480396270751953,640x480,1344x1008
110,0-10m,307200,1.5651734883834918,156.5173488383492,28.93248524528003,62.03125000000001,0.28947290110995316,3.3480396270751953,640x480,1344x1008
111,0-3m,84042,0.31312510644046854,31.312510644046853,15.834270025582336,90.00261773874966,0.27892312911908484,3.3480396270751953,640x480,1344x1008
111,0-6m,224222,1.0943529423565466,109.43529423565465,26.377399123947736,68.37910642131459,0.27892312911908484,3.3480396270751953,640x480,1344x1008
111,0-10m,307200,1.4495571715683522,144.95571715683522,27.879563105858807,61.191731770833336,0.27892312911908484,3.3480396270751953,640x480,1344x1008
112,0-3m,69472,0.2807221470966091,28.07221470966091,13.56423264521203,85.82450483648088,0.27722780401985625,3.3480396270751953,640x480,1344x1008
112,0-6m,307200,0.2670998241154787,26.709982411547873,7.9767226521629295,95.94303385416667,0.27722780401985625,3.3480396270751953,640x480,1344x1008
112,0-10m,307200,0.2670998241154787,26.709982411547873,7.9767226521629295,95.94303385416667,0.27722780401985625,3.3480396270751953,640x480,1344x1008
113,0-3m,43214,0.5328526093858623,53.285260938586234,21.555079815102108,79.33540056463183,0.2807359233942001,3.3480396270751953,640x480,1344x1008
113,0-6m,167381,0.8117149616254811,81.17149616254811,20.759987717534955,83.5363631475496,0.2807359233942001,3.3480396270751953,640x480,1344x1008
113,0-10m,307200,2.1322092962133077,213.22092962133075,31.626099755865884,68.25455729166666,0.2807359233942001,3.3480396270751953,640x480,1344x1008
114,0-3m,242575,0.10689406549931801,10.689406549931801,6.750722251156109,95.88374729465113,0.28141330941933074,3.3480396270751953,640x480,1344x1008
114,0-6m,304107,0.16879438749932987,16.879438749932987,7.2925201937579915,94.72126587023646,0.28141330941933074,3.3480396270751953,640x480,1344x1008
114,0-10m,307200,0.1733056166541064,17.33056166541064,7.316314832630766,94.74934895833333,0.28141330941933074,3.3480396270751953,640x480,1344x1008
115,0-3m,155724,0.15691888025088624,15.691888025088623,7.123864670272882,99.66093858364799,0.28347378183696015,3.3480396270751953,640x480,1344x1008
115,0-6m,281195,0.5080304724446176,50.803047244461766,13.292375225693357,93.31140311883213,0.28347378183696015,3.3480396270751953,640x480,1344x1008
115,0-10m,307200,0.6963819944788702,69.63819944788702,15.297545772336536,89.04817708333333,0.28347378183696015,3.3480396270751953,640x480,1344x1008
116,0-3m,111635,0.49586669124021165,49.586669124021164,21.396974694222276,86.74519639897882,0.27653468523361363,3.3480396270751953,640x480,1344x1008
116,0-6m,216408,0.7768742364306339,77.6874236430634,22.527620685031643,79.70269121289417,0.27653468523361363,3.3480396270751953,640x480,1344x1008
116,0-10m,307200,1.5421826532583993,154.21826532583992,29.612801589425082,70.58821614583334,0.27653468523361363,3.3480396270751953,640x480,1344x1008
117,0-3m,98248,0.4840601583253133,48.40601583253133,22.70324727314022,85.04498819314388,0.281422749595752,3.3480396270751953,640x480,1344x1008
117,0-6m,210082,0.7256772714793535,72.56772714793534,21.562347143692946,78.08950790643654,0.281422749595752,3.3480396270751953,640x480,1344x1008
117,0-10m,307200,1.4331575012102258,143.31575012102257,26.85316365115899,67.35709635416667,0.281422749595752,3.3480396270751953,640x480,1344x1008
118,0-3m,72123,0.7705532182279975,77.05532182279975,41.80132170876841,53.641695436961854,0.28721216279089246,3.3480396270751953,640x480,1344x1008
118,0-6m,188457,1.1713224305357723,117.13224305357724,35.9753316218917,57.87421003199669,0.28721216279089246,3.3480396270751953,640x480,1344x1008
118,0-10m,307200,1.8092112967042098,180.92112967042098,36.68710988745694,59.8017578125,0.28721216279089246,3.3480396270751953,640x480,1344x1008
119,0-3m,149788,0.1921676995335814,19.21676995335814,12.173817846833062,79.72334232381766,0.28807470399348467,3.3480396270751953,640x480,1344x1008
119,0-6m,299461,0.47821877266451707,47.82187726645171,14.809769779256163,82.82146923973406,0.28807470399348467,3.3480396270751953,640x480,1344x1008
119,0-10m,307200,0.5167905517337689,51.67905517337689,15.18880526784279,80.73502604166667,0.28807470399348467,3.3480396270751953,640x480,1344x1008
120,0-3m,134070,0.2396312789521495,23.96312789521495,14.131189915233774,92.54493921086,0.286287006961276,3.3480396270751953,640x480,1344x1008
120,0-6m,305844,0.20986760973741708,20.98676097374171,9.303718106622675,95.96951386981598,0.286287006961276,3.3480396270751953,640x480,1344x1008
120,0-10m,307200,0.2224468719190918,22.24468719190918,9.460228205033802,95.5458984375,0.286287006961276,3.3480396270751953,640x480,1344x1008
121,0-3m,306362,0.3013537752146683,30.13537752146683,13.24328355524846,91.89520893583408,0.28340782377256457,3.3480396270751953,640x480,1344x1008
121,0-6m,307200,0.3017551793119249,30.17551793119249,13.247730138057022,91.91048177083333,0.28340782377256457,3.3480396270751953,640x480,1344x1008
121,0-10m,307200,0.3017551793119249,30.17551793119249,13.247730138057022,91.91048177083333,0.28340782377256457,3.3480396270751953,640x480,1344x1008
122,0-3m,132212,0.6248810788484052,62.48810788484052,37.29603978462371,15.920642604302182,0.28947135091927567,3.3480396270751953,640x480,1344x1008
122,0-6m,299946,0.6972377027532044,69.72377027532045,26.24561206950221,56.491501803658,0.28947135091927567,3.3480396270751953,640x480,1344x1008
122,0-10m,307200,0.7032697758022308,70.32697758022309,25.92211711556104,56.898111979166664,0.28947135091927567,3.3480396270751953,640x480,1344x1008
123,0-3m,150045,0.6032611069308551,60.32611069308551,38.46915025913526,8.250191609183911,0.29003782151282254,3.3480396270751953,640x480,1344x1008
123,0-6m,307200,0.48925496243910555,48.92549624391055,24.038129872144946,52.83528645833333,0.29003782151282254,3.3480396270751953,640x480,1344x1008
123,0-10m,307200,0.48925496243910555,48.92549624391055,24.038129872144946,52.83528645833333,0.29003782151282254,3.3480396270751953,640x480,1344x1008
124,0-3m,267904,0.3168768862727807,31.68768862727807,18.402880256289198,92.11471273291926,0.29097927299332466,3.3480396270751953,640x480,1344x1008
124,0-6m,307200,0.3690315050934441,36.903150509344414,18.87561139719791,91.30794270833333,0.29097927299332466,3.3480396270751953,640x480,1344x1008
124,0-10m,307200,0.3690315050934441,36.903150509344414,18.87561139719791,91.30794270833333,0.29097927299332466,3.3480396270751953,640x480,1344x1008
125,0-3m,287306,0.2659943515927152,26.59943515927152,15.191545320176314,96.86988785476113,0.2916602805201872,3.3480396270751953,640x480,1344x1008
125,0-6m,307200,0.2853472139822164,28.53472139822164,15.394647501267361,97.07259114583333,0.2916602805201872,3.3480396270751953,640x480,1344x1008
125,0-10m,307200,0.2853472139822164,28.53472139822164,15.394647501267361,97.07259114583333,0.2916602805201872,3.3480396270751953,640x480,1344x1008
126,0-3m,307200,0.2137621107728531,21.37621107728531,13.356778282297094,98.65885416666667,0.29256846262921854,3.3480396270751953,640x480,1344x1008
126,0-6m,307200,0.2137621107728531,21.37621107728531,13.356778282297094,98.65885416666667,0.29256846262921854,3.3480396270751953,640x480,1344x1008
126,0-10m,307200,0.2137621107728531,21.37621107728531,13.356778282297094,98.65885416666667,0.29256846262921854,3.3480396270751953,640x480,1344x1008
127,0-3m,307200,0.1653325238043908,16.53325238043908,15.417502552021157,99.37076822916666,0.2923652185385578,3.3480396270751953,640x480,1344x1008
127,0-6m,307200,0.1653325238043908,16.53325238043908,15.417502552021157,99.37076822916666,0.2923652185385578,3.3480396270751953,640x480,1344x1008
127,0-10m,307200,0.1653325238043908,16.53325238043908,15.417502552021157,99.37076822916666,0.2923652185385578,3.3480396270751953,640x480,1344x1008
128,0-3m,307200,0.154274679646284,15.4274679646284,13.042028800392242,99.32877604166667,0.2923047215924744,3.3480396270751953,640x480,1344x1008
128,0-6m,307200,0.154274679646284,15.4274679646284,13.042028800392242,99.32877604166667,0.2923047215924744,3.3480396270751953,640x480,1344x1008
128,0-10m,307200,0.154274679646284,15.4274679646284,13.042028800392242,99.32877604166667,0.2923047215924744,3.3480396270751953,640x480,1344x1008
129,0-3m,307200,0.2980158588490061,29.80158588490061,18.49163147247915,85.63704427083333,0.29104547376082446,3.3480396270751953,640x480,1344x1008
129,0-6m,307200,0.2980158588490061,29.80158588490061,18.49163147247915,85.63704427083333,0.29104547376082446,3.3480396270751953,640x480,1344x1008
129,0-10m,307200,0.2980158588490061,29.80158588490061,18.49163147247915,85.63704427083333,0.29104547376082446,3.3480396270751953,640x480,1344x1008
130,0-3m,307200,0.31411412088316865,31.411412088316865,15.700553675322377,80.90787760416667,0.291996882289482,3.3480396270751953,640x480,1344x1008
130,0-6m,307200,0.31411412088316865,31.411412088316865,15.700553675322377,80.90787760416667,0.291996882289482,3.3480396270751953,640x480,1344x1008
130,0-10m,307200,0.31411412088316865,31.411412088316865,15.700553675322377,80.90787760416667,0.291996882289482,3.3480396270751953,640x480,1344x1008
131,0-3m,307200,0.08534072455426213,8.534072455426212,7.188772394702085,97.0693359375,0.2876179632716653,3.3480396270751953,640x480,1344x1008
131,0-6m,307200,0.08534072455426213,8.534072455426212,7.188772394702085,97.0693359375,0.2876179632716653,3.3480396270751953,640x480,1344x1008
131,0-10m,307200,0.08534072455426213,8.534072455426212,7.188772394702085,97.0693359375,0.2876179632716653,3.3480396270751953,640x480,1344x1008
132,0-3m,307200,0.0377288938203128,3.7728893820312805,3.282583759986694,98.8349609375,0.27718754539858687,3.3480396270751953,640x480,1344x1008
132,0-6m,307200,0.0377288938203128,3.7728893820312805,3.282583759986694,98.8349609375,0.27718754539858687,3.3480396270751953,640x480,1344x1008
132,0-10m,307200,0.0377288938203128,3.7728893820312805,3.282583759986694,98.8349609375,0.27718754539858687,3.3480396270751953,640x480,1344x1008
133,0-3m,287357,0.22634788492928257,22.634788492928255,11.604674867107425,92.8364369060089,0.2735356800758064,3.3480396270751953,640x480,1344x1008
133,0-6m,307200,0.27186093050482063,27.186093050482064,12.67708005944859,88.16145833333333,0.2735356800758064,3.3480396270751953,640x480,1344x1008
133,0-10m,307200,0.27186093050482063,27.186093050482064,12.67708005944859,88.16145833333333,0.2735356800758064,3.3480396270751953,640x480,1344x1008
134,0-3m,307200,0.28387156694720034,28.387156694720034,16.31491734305494,98.81966145833333,0.2747188746796976,3.3480396270751953,640x480,1344x1008
134,0-6m,307200,0.28387156694720034,28.387156694720034,16.31491734305494,98.81966145833333,0.2747188746796976,3.3480396270751953,640x480,1344x1008
134,0-10m,307200,0.28387156694720034,28.387156694720034,16.31491734305494,98.81966145833333,0.2747188746796976,3.3480396270751953,640x480,1344x1008
135,0-3m,307200,0.20695887733677712,20.69588773367771,14.021840201939433,99.46061197916667,0.27445419842445895,3.3480396270751953,640x480,1344x1008
135,0-6m,307200,0.20695887733677712,20.69588773367771,14.021840201939433,99.46061197916667,0.27445419842445895,3.3480396270751953,640x480,1344x1008
135,0-10m,307200,0.20695887733677712,20.69588773367771,14.021840201939433,99.46061197916667,0.27445419842445895,3.3480396270751953,640x480,1344x1008
136,0-3m,307200,0.20319469948396243,20.319469948396243,10.549777010927883,98.025390625,0.2787180019890719,3.3480396270751953,640x480,1344x1008
136,0-6m,307200,0.20319469948396243,20.319469948396243,10.549777010927883,98.025390625,0.2787180019890719,3.3480396270751953,640x480,1344x1008
136,0-10m,307200,0.20319469948396243,20.319469948396243,10.549777010927883,98.025390625,0.2787180019890719,3.3480396270751953,640x480,1344x1008
137,0-3m,307025,0.27934628871760553,27.93462887176055,15.031736857121636,93.52951714029803,0.2908069129921441,3.3480396270751953,640x480,1344x1008
137,0-6m,307200,0.279391276796426,27.9391276796426,15.029945711957712,93.533203125,0.2908069129921441,3.3480396270751953,640x480,1344x1008
137,0-10m,307200,0.279391276796426,27.9391276796426,15.029945711957712,93.533203125,0.2908069129921441,3.3480396270751953,640x480,1344x1008
138,0-3m,307200,0.14840643529314548,14.840643529314548,9.98851941392605,99.67317708333333,0.29217829643122223,3.3480396270751953,640x480,1344x1008
138,0-6m,307200,0.14840643529314548,14.840643529314548,9.98851941392605,99.67317708333333,0.29217829643122223,3.3480396270751953,640x480,1344x1008
138,0-10m,307200,0.14840643529314548,14.840643529314548,9.98851941392605,99.67317708333333,0.29217829643122223,3.3480396270751953,640x480,1344x1008
139,0-3m,307200,0.1402778306469554,14.027783064695539,10.213485926998654,98.70442708333333,0.28895512382294936,3.3480396270751953,640x480,1344x1008
139,0-6m,307200,0.1402778306469554,14.027783064695539,10.213485926998654,98.70442708333333,0.28895512382294936,3.3480396270751953,640x480,1344x1008
139,0-10m,307200,0.1402778306469554,14.027783064695539,10.213485926998654,98.70442708333333,0.28895512382294936,3.3480396270751953,640x480,1344x1008
140,0-3m,307200,0.13223627721211717,13.223627721211717,10.735244337637253,95.9736328125,0.28774481040698563,3.3480396270751953,640x480,1344x1008
140,0-6m,307200,0.13223627721211717,13.223627721211717,10.735244337637253,95.9736328125,0.28774481040698563,3.3480396270751953,640x480,1344x1008
140,0-10m,307200,0.13223627721211717,13.223627721211717,10.735244337637253,95.9736328125,0.28774481040698563,3.3480396270751953,640x480,1344x1008
141,0-3m,293714,0.1173709784859383,11.73709784859383,8.798900611868774,98.39129220942822,0.2892825027334698,3.3480396270751953,640x480,1344x1008
141,0-6m,307200,0.19211293477138194,19.211293477138195,10.561431354859687,94.07194010416666,0.2892825027334698,3.3480396270751953,640x480,1344x1008
141,0-10m,307200,0.19211293477138194,19.211293477138195,10.561431354859687,94.07194010416666,0.2892825027334698,3.3480396270751953,640x480,1344x1008
142,0-3m,305071,0.15354866889849877,15.354866889849877,10.720168865288988,98.9926935041351,0.2922248636414266,3.3480396270751953,640x480,1344x1008
142,0-6m,307200,0.16049375861883164,16.049375861883163,10.885292902248873,98.306640625,0.2922248636414266,3.3480396270751953,640x480,1344x1008
142,0-10m,307200,0.16049375861883164,16.049375861883163,10.885292902248873,98.306640625,0.2922248636414266,3.3480396270751953,640x480,1344x1008
143,0-3m,267421,0.2565145224139901,25.65145224139901,12.445492100021337,97.22310514133146,0.29176399548661885,3.3480396270751953,640x480,1344x1008
143,0-6m,307200,0.29545321955461984,29.545321955461983,13.108910112589573,97.46028645833333,0.29176399548661885,3.3480396270751953,640x480,1344x1008
143,0-10m,307200,0.29545321955461984,29.545321955461983,13.108910112589573,97.46028645833333,0.29176399548661885,3.3480396270751953,640x480,1344x1008
144,0-3m,307200,0.14681650626007467,14.681650626007468,10.565064276591524,98.19954427083334,0.2883759961588844,3.3480396270751953,640x480,1344x1008
144,0-6m,307200,0.14681650626007467,14.681650626007468,10.565064276591524,98.19954427083334,0.2883759961588844,3.3480396270751953,640x480,1344x1008
144,0-10m,307200,0.14681650626007467,14.681650626007468,10.565064276591524,98.19954427083334,0.2883759961588844,3.3480396270751953,640x480,1344x1008
145,0-3m,265336,0.21648996505641124,21.648996505641126,10.328965192148912,93.46413603883377,0.28626892767252105,3.3480396270751953,640x480,1344x1008
145,0-6m,307200,0.23289198726027582,23.289198726027582,10.384104295044638,94.35416666666666,0.28626892767252105,3.3480396270751953,640x480,1344x1008
145,0-10m,307200,0.23289198726027582,23.289198726027582,10.384104295044638,94.35416666666666,0.28626892767252105,3.3480396270751953,640x480,1344x1008
146,0-3m,269043,0.20758741158263633,20.758741158263632,9.24845751087253,98.60171050724233,0.2909620100203762,3.3480396270751953,640x480,1344x1008
146,0-6m,307200,0.22656380600722817,22.656380600722816,9.529260598881697,98.775390625,0.2909620100203762,3.3480396270751953,640x480,1344x1008
146,0-10m,307200,0.22656380600722817,22.656380600722816,9.529260598881697,98.775390625,0.2909620100203762,3.3480396270751953,640x480,1344x1008
147,0-3m,288141,0.47658112853404827,47.65811285340483,21.534281156722674,85.92633467642578,0.29155092702236934,3.3480396270751953,640x480,1344x1008
147,0-6m,307200,0.4955533324573965,49.555333245739654,21.759079786413192,82.38053385416667,0.29155092702236934,3.3480396270751953,640x480,1344x1008
147,0-10m,307200,0.4955533324573965,49.555333245739654,21.759079786413192,82.38053385416667,0.29155092702236934,3.3480396270751953,640x480,1344x1008
148,0-3m,307200,0.18017923049182477,18.017923049182478,11.726430857905925,81.90299479166666,0.28962251817597684,3.3480396270751953,640x480,1344x1008
148,0-6m,307200,0.18017923049182477,18.017923049182478,11.726430857905925,81.90299479166666,0.28962251817597684,3.3480396270751953,640x480,1344x1008
148,0-10m,307200,0.18017923049182477,18.017923049182478,11.726430857905925,81.90299479166666,0.28962251817597684,3.3480396270751953,640x480,1344x1008
149,0-3m,227891,0.2303361784586334,23.03361784586334,10.744958337025,97.63527300332177,0.29018407391446177,3.3480396270751953,640x480,1344x1008
149,0-6m,307200,0.27837977160001176,27.837977160001177,10.641180878643544,97.78645833333334,0.29018407391446177,3.3480396270751953,640x480,1344x1008
149,0-10m,307200,0.27837977160001176,27.837977160001177,10.641180878643544,97.78645833333334,0.29018407391446177,3.3480396270751953,640x480,1344x1008
150,0-3m,212827,0.1803650162294576,18.03650162294576,8.402075657786112,98.48938339590372,0.27662918267480213,3.3480396270751953,640x480,1344x1008
150,0-6m,307200,0.3997936230482689,39.979362304826886,12.217695949502748,91.65462239583333,0.27662918267480213,3.3480396270751953,640x480,1344x1008
150,0-10m,307200,0.3997936230482689,39.979362304826886,12.217695949502748,91.65462239583333,0.27662918267480213,3.3480396270751953,640x480,1344x1008
151,0-3m,307200,0.205275547253356,20.5275547253356,11.10002270761965,98.9345703125,0.26935444332382436,3.3480396270751953,640x480,1344x1008
151,0-6m,307200,0.205275547253356,20.5275547253356,11.10002270761965,98.9345703125,0.26935444332382436,3.3480396270751953,640x480,1344x1008
151,0-10m,307200,0.205275547253356,20.5275547253356,11.10002270761965,98.9345703125,0.26935444332382436,3.3480396270751953,640x480,1344x1008
152,0-3m,267939,0.2092649246728665,20.92649246728665,11.299335268608623,85.53252792613245,0.283802301500023,3.3480396270751953,640x480,1344x1008
152,0-6m,307200,0.18848159717589927,18.848159717589926,10.043804924719808,87.38151041666666,0.283802301500023,3.3480396270751953,640x480,1344x1008
152,0-10m,307200,0.18848159717589927,18.848159717589926,10.043804924719808,87.38151041666666,0.283802301500023,3.3480396270751953,640x480,1344x1008
153,0-3m,306283,0.32369552929083495,32.3695529290835,14.851149032551412,95.17145907543025,0.28358697021056734,3.3480396270751953,640x480,1344x1008
153,0-6m,307200,0.32340727663133295,32.34072766313329,14.82910918731252,95.18587239583334,0.28358697021056734,3.3480396270751953,640x480,1344x1008
153,0-10m,307200,0.32340727663133295,32.34072766313329,14.82910918731252,95.18587239583334,0.28358697021056734,3.3480396270751953,640x480,1344x1008
154,0-3m,267082,0.40000610265450187,40.000610265450184,23.992324474191275,72.68404460053468,0.2681474124308389,3.3480396270751953,640x480,1344x1008
154,0-6m,307200,0.4430815745946408,44.308157459464084,23.79427384629159,75.0615234375,0.2681474124308389,3.3480396270751953,640x480,1344x1008
154,0-10m,307200,0.4430815745946408,44.308157459464084,23.79427384629159,75.0615234375,0.2681474124308389,3.3480396270751953,640x480,1344x1008
155,0-3m,195296,0.44213459922686554,44.21345992268655,18.45893644305336,81.63966491889235,0.28434515566518626,3.3480396270751953,640x480,1344x1008
155,0-6m,307200,0.514554117253283,51.455411725328304,19.041197722163496,84.52897135416667,0.28434515566518626,3.3480396270751953,640x480,1344x1008
155,0-10m,307200,0.514554117253283,51.455411725328304,19.041197722163496,84.52897135416667,0.28434515566518626,3.3480396270751953,640x480,1344x1008
156,0-3m,307025,0.20255895483620964,20.255895483620964,11.952290573095512,96.34524875824444,0.2822660271481901,3.3480396270751953,640x480,1344x1008
156,0-6m,307200,0.20334917137593342,20.33491713759334,11.971693252475362,96.29036458333333,0.2822660271481901,3.3480396270751953,640x480,1344x1008
156,0-10m,307200,0.20334917137593342,20.33491713759334,11.971693252475362,96.29036458333333,0.2822660271481901,3.3480396270751953,640x480,1344x1008
157,0-3m,307200,0.09055684648919851,9.05568464891985,4.979966547468442,99.578125,0.28159760232073483,3.3480396270751953,640x480,1344x1008
157,0-6m,307200,0.09055684648919851,9.05568464891985,4.979966547468442,99.578125,0.28159760232073483,3.3480396270751953,640x480,1344x1008
157,0-10m,307200,0.09055684648919851,9.05568464891985,4.979966547468442,99.578125,0.28159760232073483,3.3480396270751953,640x480,1344x1008
158,0-3m,307200,0.28070236250486535,28.070236250486534,14.353620163694078,92.931640625,0.28195929680709064,3.3480396270751953,640x480,1344x1008
158,0-6m,307200,0.28070236250486535,28.070236250486534,14.353620163694078,92.931640625,0.28195929680709064,3.3480396270751953,640x480,1344x1008
158,0-10m,307200,0.28070236250486535,28.070236250486534,14.353620163694078,92.931640625,0.28195929680709064,3.3480396270751953,640x480,1344x1008
159,0-3m,307200,0.23195969458242569,23.19596945824257,12.531452184979319,93.5283203125,0.28526457019551316,3.3480396270751953,640x480,1344x1008
159,0-6m,307200,0.23195969458242569,23.19596945824257,12.531452184979319,93.5283203125,0.28526457019551316,3.3480396270751953,640x480,1344x1008
159,0-10m,307200,0.23195969458242569,23.19596945824257,12.531452184979319,93.5283203125,0.28526457019551316,3.3480396270751953,640x480,1344x1008
160,0-3m,140113,0.2538633594772402,25.38633594772402,11.72801525965347,96.74976626009007,0.2819566096977394,3.3480396270751953,640x480,1344x1008
160,0-6m,307200,0.34739431530081977,34.73943153008198,11.664481532247237,97.3994140625,0.2819566096977394,3.3480396270751953,640x480,1344x1008
160,0-10m,307200,0.34739431530081977,34.73943153008198,11.664481532247237,97.3994140625,0.2819566096977394,3.3480396270751953,640x480,1344x1008
161,0-3m,307200,0.20012143865188894,20.012143865188893,11.19509410942522,94.4638671875,0.2805575497740355,3.3480396270751953,640x480,1344x1008
161,0-6m,307200,0.20012143865188894,20.012143865188893,11.19509410942522,94.4638671875,0.2805575497740355,3.3480396270751953,640x480,1344x1008
161,0-10m,307200,0.20012143865188894,20.012143865188893,11.19509410942522,94.4638671875,0.2805575497740355,3.3480396270751953,640x480,1344x1008
162,0-3m,253683,0.35876995872421275,35.876995872421276,16.32406268992428,97.89461650958086,0.28507467588257557,3.3480396270751953,640x480,1344x1008
162,0-6m,307200,0.34874889204239784,34.874889204239786,14.963841130756746,98.1962890625,0.28507467588257557,3.3480396270751953,640x480,1344x1008
162,0-10m,307200,0.34874889204239784,34.874889204239786,14.963841130756746,98.1962890625,0.28507467588257557,3.3480396270751953,640x480,1344x1008
163,0-3m,303795,0.10659623977906807,10.659623977906808,6.0498227432740626,97.55953850458368,0.2844753225334738,3.3480396270751953,640x480,1344x1008
163,0-6m,307200,0.12004943648935296,12.004943648935296,6.417312293989676,96.47819010416666,0.2844753225334738,3.3480396270751953,640x480,1344x1008
163,0-10m,307200,0.12004943648935296,12.004943648935296,6.417312293989676,96.47819010416666,0.2844753225334738,3.3480396270751953,640x480,1344x1008
164,0-3m,288645,0.3450971910993128,34.50971910993128,20.06240050215821,64.02293474683435,0.28234653689185446,3.3480396270751953,640x480,1344x1008
164,0-6m,307200,0.3570299010483238,35.70299010483238,19.871011807826953,66.15364583333333,0.28234653689185446,3.3480396270751953,640x480,1344x1008
164,0-10m,307200,0.3570299010483238,35.70299010483238,19.871011807826953,66.15364583333333,0.28234653689185446,3.3480396270751953,640x480,1344x1008
165,0-3m,111417,0.511510614870896,51.1510614870896,28.540926771373577,36.70445264187691,0.2846284039552459,3.3480396270751953,640x480,1344x1008
165,0-6m,304532,0.4488176255907385,44.88176255907385,17.619834383231627,76.64547568071664,0.2846284039552459,3.3480396270751953,640x480,1344x1008
165,0-10m,307200,0.4838239231038218,48.38239231038218,17.88792956529375,75.97981770833333,0.2846284039552459,3.3480396270751953,640x480,1344x1008
166,0-3m,222994,0.1844931109669602,18.449311096696018,14.607728308363338,71.78399418818444,0.29284182137229364,3.3480396270751953,640x480,1344x1008
166,0-6m,307200,0.2234524786301578,22.34524786301578,13.12625414517014,76.21126302083333,0.29284182137229364,3.3480396270751953,640x480,1344x1008
166,0-10m,307200,0.2234524786301578,22.34524786301578,13.12625414517014,76.21126302083333,0.29284182137229364,3.3480396270751953,640x480,1344x1008
167,0-3m,307200,0.2857869217800908,28.578692178009078,19.11856634457009,91.65462239583333,0.29302826278142824,3.3480396270751953,640x480,1344x1008
167,0-6m,307200,0.2857869217800908,28.578692178009078,19.11856634457009,91.65462239583333,0.29302826278142824,3.3480396270751953,640x480,1344x1008
167,0-10m,307200,0.2857869217800908,28.578692178009078,19.11856634457009,91.65462239583333,0.29302826278142824,3.3480396270751953,640x480,1344x1008
168,0-3m,307200,0.2261959381122142,22.61959381122142,11.533975070283596,95.05436197916667,0.29171532842898595,3.3480396270751953,640x480,1344x1008
168,0-6m,307200,0.2261959381122142,22.61959381122142,11.533975070283596,95.05436197916667,0.29171532842898595,3.3480396270751953,640x480,1344x1008
168,0-10m,307200,0.2261959381122142,22.61959381122142,11.533975070283596,95.05436197916667,0.29171532842898595,3.3480396270751953,640x480,1344x1008
169,0-3m,298697,0.25995288730829436,25.995288730829436,15.041030303587686,84.58303899938734,0.28943488013361246,3.3480396270751953,640x480,1344x1008
169,0-6m,304902,0.3134380070501459,31.34380070501459,16.030328104916908,82.86170638434645,0.28943488013361246,3.3480396270751953,640x480,1344x1008
169,0-10m,307200,0.35212685956755496,35.21268595675549,16.491265604030435,82.24186197916666,0.28943488013361246,3.3480396270751953,640x480,1344x1008
170,0-3m,237393,0.2913069106184573,29.13069106184573,12.825271663359638,97.93886087626846,0.28443692013900246,3.3480396270751953,640x480,1344x1008
170,0-6m,286781,0.3590532010205685,35.90532010205685,13.566074922881985,94.66178024346104,0.28443692013900246,3.3480396270751953,640x480,1344x1008
170,0-10m,307200,0.34573255183408036,34.57325518340804,12.828960577242576,95.001953125,0.28443692013900246,3.3480396270751953,640x480,1344x1008
171,0-3m,241121,0.30317574798116276,30.317574798116276,14.27304628088991,98.04040295121537,0.286955367678192,3.3480396270751953,640x480,1344x1008
171,0-6m,274801,0.36056249831247805,36.056249831247804,15.02940487555129,95.53385904709226,0.286955367678192,3.3480396270751953,640x480,1344x1008
171,0-10m,307200,0.3487276790124209,34.87276790124209,13.83074233693527,95.87174479166667,0.286955367678192,3.3480396270751953,640x480,1344x1008
172,0-3m,201936,0.36629149502308705,36.62914950230871,23.060379906359085,73.6154028999287,0.28782909767428494,3.3480396270751953,640x480,1344x1008
172,0-6m,303267,0.3651476525579005,36.51476525579005,18.2757604213206,81.33987542330685,0.28782909767428494,3.3480396270751953,640x480,1344x1008
172,0-10m,307200,0.36403953402128536,36.403953402128536,18.100763259090392,81.576171875,0.28782909767428494,3.3480396270751953,640x480,1344x1008
173,0-3m,150364,0.38445779555863324,38.445779555863325,19.4321902294486,88.3875129685297,0.28583093740246174,3.3480396270751953,640x480,1344x1008
173,0-6m,307200,0.42852386286870264,42.852386286870264,15.054958600292306,93.48502604166666,0.28583093740246174,3.3480396270751953,640x480,1344x1008
173,0-10m,307200,0.42852386286870264,42.852386286870264,15.054958600292306,93.48502604166666,0.28583093740246174,3.3480396270751953,640x480,1344x1008
174,0-3m,285812,0.16162637207567582,16.16263720756758,10.013455538948895,97.54349012637678,0.2861843066426765,3.3480396270751953,640x480,1344x1008
174,0-6m,307200,0.15524942586198448,15.524942586198447,9.475295112098909,97.71451822916667,0.2861843066426765,3.3480396270751953,640x480,1344x1008
174,0-10m,307200,0.15524942586198448,15.524942586198447,9.475295112098909,97.71451822916667,0.2861843066426765,3.3480396270751953,640x480,1344x1008
175,0-3m,307200,0.3659922705284165,36.59922705284165,21.03236501718349,82.25455729166666,0.28663577057879525,3.3480396270751953,640x480,1344x1008
175,0-6m,307200,0.3659922705284165,36.59922705284165,21.03236501718349,82.25455729166666,0.28663577057879525,3.3480396270751953,640x480,1344x1008
175,0-10m,307200,0.3659922705284165,36.59922705284165,21.03236501718349,82.25455729166666,0.28663577057879525,3.3480396270751953,640x480,1344x1008
176,0-3m,307200,0.10047282626231512,10.047282626231512,5.477557520561618,99.8623046875,0.2783110139505607,3.3480396270751953,640x480,1344x1008
176,0-6m,307200,0.10047282626231512,10.047282626231512,5.477557520561618,99.8623046875,0.2783110139505607,3.3480396270751953,640x480,1344x1008
176,0-10m,307200,0.10047282626231512,10.047282626231512,5.477557520561618,99.8623046875,0.2783110139505607,3.3480396270751953,640x480,1344x1008
177,0-3m,240445,0.4550321362221808,45.503213622218084,22.60405934830422,68.11037867287737,0.287391560337,3.3480396270751953,640x480,1344x1008
177,0-6m,307200,0.4943264068465214,49.43264068465214,21.985213296850556,72.30403645833333,0.287391560337,3.3480396270751953,640x480,1344x1008
177,0-10m,307200,0.4943264068465214,49.43264068465214,21.985213296850556,72.30403645833333,0.287391560337,3.3480396270751953,640x480,1344x1008
178,0-3m,307200,0.21638493377773557,21.638493377773557,12.284676755904588,92.1005859375,0.2785091970846705,3.3480396270751953,640x480,1344x1008
178,0-6m,307200,0.21638493377773557,21.638493377773557,12.284676755904588,92.1005859375,0.2785091970846705,3.3480396270751953,640x480,1344x1008
178,0-10m,307200,0.21638493377773557,21.638493377773557,12.284676755904588,92.1005859375,0.2785091970846705,3.3480396270751953,640x480,1344x1008
179,0-3m,258670,0.32327688024811546,32.32768802481154,15.686244230866894,84.81578845633433,0.2872634482437768,3.3480396270751953,640x480,1344x1008
179,0-6m,307200,0.35522412515439405,35.522412515439406,15.732548709085378,87.2119140625,0.2872634482437768,3.3480396270751953,640x480,1344x1008
179,0-10m,307200,0.35522412515439405,35.522412515439406,15.732548709085378,87.2119140625,0.2872634482437768,3.3480396270751953,640x480,1344x1008
180,0-3m,294881,0.21967328713290396,21.967328713290396,10.67231758130903,99.15457421807442,0.27042889509035667,3.3480396270751953,640x480,1344x1008
180,0-6m,307200,0.22168576376027582,22.16857637602758,10.596552039600244,99.1884765625,0.27042889509035667,3.3480396270751953,640x480,1344x1008
180,0-10m,307200,0.22168576376027582,22.16857637602758,10.596552039600244,99.1884765625,0.27042889509035667,3.3480396270751953,640x480,1344x1008
181,0-3m,304859,0.23958812288028142,23.958812288028142,11.488018575049802,97.65071721681171,0.26758925017917135,3.3480396270751953,640x480,1344x1008
181,0-6m,307200,0.2398979596995438,23.98979596995438,11.470724863170616,97.66861979166667,0.26758925017917135,3.3480396270751953,640x480,1344x1008
181,0-10m,307200,0.2398979596995438,23.98979596995438,11.470724863170616,97.66861979166667,0.26758925017917135,3.3480396270751953,640x480,1344x1008
182,0-3m,307200,0.13842224545932064,13.842224545932064,7.623069198742817,99.7978515625,0.27956006638898084,3.3480396270751953,640x480,1344x1008
182,0-6m,307200,0.13842224545932064,13.842224545932064,7.623069198742817,99.7978515625,0.27956006638898084,3.3480396270751953,640x480,1344x1008
182,0-10m,307200,0.13842224545932064,13.842224545932064,7.623069198742817,99.7978515625,0.27956006638898084,3.3480396270751953,640x480,1344x1008
183,0-3m,307200,0.18445081042572078,18.445081042572077,11.273731637783664,96.14876302083334,0.28628880190136785,3.3480396270751953,640x480,1344x1008
183,0-6m,307200,0.18445081042572078,18.445081042572077,11.273731637783664,96.14876302083334,0.28628880190136785,3.3480396270751953,640x480,1344x1008
183,0-10m,307200,0.18445081042572078,18.445081042572077,11.273731637783664,96.14876302083334,0.28628880190136785,3.3480396270751953,640x480,1344x1008
184,0-3m,304882,0.1699717275652135,16.99717275652135,9.532104874286851,97.55249571965547,0.2870836583596274,3.3480396270751953,640x480,1344x1008
184,0-6m,307200,0.17558243797762163,17.558243797762163,9.652095905922046,96.90234375,0.2870836583596274,3.3480396270751953,640x480,1344x1008
184,0-10m,307200,0.17558243797762163,17.558243797762163,9.652095905922046,96.90234375,0.2870836583596274,3.3480396270751953,640x480,1344x1008
185,0-3m,286589,0.34351971041137164,34.35197104113716,16.52558436172707,95.57938371675117,0.2837781726443266,3.3480396270751953,640x480,1344x1008
185,0-6m,307200,0.4498088122361029,44.98088122361029,18.18677753413543,89.84147135416667,0.2837781726443266,3.3480396270751953,640x480,1344x1008
185,0-10m,307200,0.4498088122361029,44.98088122361029,18.18677753413543,89.84147135416667,0.2837781726443266,3.3480396270751953,640x480,1344x1008
186,0-3m,307200,0.1443630736070918,14.436307360709181,8.074014553485268,99.3671875,0.280747785201364,3.3480396270751953,640x480,1344x1008
186,0-6m,307200,0.1443630736070918,14.436307360709181,8.074014553485268,99.3671875,0.280747785201364,3.3480396270751953,640x480,1344x1008
186,0-10m,307200,0.1443630736070918,14.436307360709181,8.074014553485268,99.3671875,0.280747785201364,3.3480396270751953,640x480,1344x1008
187,0-3m,307200,0.11902859367469015,11.902859367469015,6.561031261237776,99.99934895833333,0.2371523542133202,3.3480396270751953,640x480,1344x1008
187,0-6m,307200,0.11902859367469015,11.902859367469015,6.561031261237776,99.99934895833333,0.2371523542133202,3.3480396270751953,640x480,1344x1008
187,0-10m,307200,0.11902859367469015,11.902859367469015,6.561031261237776,99.99934895833333,0.2371523542133202,3.3480396270751953,640x480,1344x1008
188,0-3m,307200,0.18469243262040738,18.469243262040738,9.484926460812455,97.33138020833333,0.28146435093635513,3.3480396270751953,640x480,1344x1008
188,0-6m,307200,0.18469243262040738,18.469243262040738,9.484926460812455,97.33138020833333,0.28146435093635513,3.3480396270751953,640x480,1344x1008
188,0-10m,307200,0.18469243262040738,18.469243262040738,9.484926460812455,97.33138020833333,0.28146435093635513,3.3480396270751953,640x480,1344x1008
189,0-3m,262785,0.33621423726013167,33.62142372601317,16.391207410898563,87.83986909450692,0.2881198892227306,3.3480396270751953,640x480,1344x1008
189,0-6m,307200,0.3508549200510606,35.08549200510606,16.020649475797935,89.59798177083333,0.2881198892227306,3.3480396270751953,640x480,1344x1008
189,0-10m,307200,0.3508549200510606,35.08549200510606,16.020649475797935,89.59798177083333,0.2881198892227306,3.3480396270751953,640x480,1344x1008
190,0-3m,307200,0.15444854889608298,15.444854889608298,10.40999426145721,94.36100260416667,0.29020553981398245,3.3480396270751953,640x480,1344x1008
190,0-6m,307200,0.15444854889608298,15.444854889608298,10.40999426145721,94.36100260416667,0.29020553981398245,3.3480396270751953,640x480,1344x1008
190,0-10m,307200,0.15444854889608298,15.444854889608298,10.40999426145721,94.36100260416667,0.29020553981398245,3.3480396270751953,640x480,1344x1008
191,0-3m,307200,0.14368856928738144,14.368856928738143,7.8751523255043105,99.6748046875,0.2832423568332676,3.3480396270751953,640x480,1344x1008
191,0-6m,307200,0.14368856928738144,14.368856928738143,7.8751523255043105,99.6748046875,0.2832423568332676,3.3480396270751953,640x480,1344x1008
191,0-10m,307200,0.14368856928738144,14.368856928738143,7.8751523255043105,99.6748046875,0.2832423568332676,3.3480396270751953,640x480,1344x1008
192,0-3m,295752,0.0883677165714772,8.83677165714772,4.234437472690196,99.35013119099786,0.2853694045595242,3.3480396270751953,640x480,1344x1008
192,0-6m,307200,0.09129768331069499,9.1297683310695,4.2769347984799335,99.37434895833334,0.2853694045595242,3.3480396270751953,640x480,1344x1008
192,0-10m,307200,0.09129768331069499,9.1297683310695,4.2769347984799335,99.37434895833334,0.2853694045595242,3.3480396270751953,640x480,1344x1008
193,0-3m,307200,0.17519503403260994,17.519503403260995,11.553633787634302,99.8134765625,0.285655856850823,3.3480396270751953,640x480,1344x1008
193,0-6m,307200,0.17519503403260994,17.519503403260995,11.553633787634302,99.8134765625,0.285655856850823,3.3480396270751953,640x480,1344x1008
193,0-10m,307200,0.17519503403260994,17.519503403260995,11.553633787634302,99.8134765625,0.285655856850823,3.3480396270751953,640x480,1344x1008
194,0-3m,307200,0.12918429928618327,12.918429928618327,10.616236466961519,95.30794270833334,0.28703379647762306,3.3480396270751953,640x480,1344x1008
194,0-6m,307200,0.12918429928618327,12.918429928618327,10.616236466961519,95.30794270833334,0.28703379647762306,3.3480396270751953,640x480,1344x1008
194,0-10m,307200,0.12918429928618327,12.918429928618327,10.616236466961519,95.30794270833334,0.28703379647762306,3.3480396270751953,640x480,1344x1008
195,0-3m,306672,0.18801212493294672,18.80121249329467,13.327035667690721,96.31202066051026,0.28648927193675733,3.3480396270751953,640x480,1344x1008
195,0-6m,307161,0.19261067914014873,19.261067914014873,13.423688747341709,96.15869202144803,0.28648927193675733,3.3480396270751953,640x480,1344x1008
195,0-10m,307200,0.19324808122978235,19.324808122978236,13.432617983323697,96.146484375,0.28648927193675733,3.3480396270751953,640x480,1344x1008
196,0-3m,307200,0.05116870126881016,5.1168701268810155,5.5857666469921385,99.99967447916667,0.28832188532006126,3.3480396270751953,640x480,1344x1008
196,0-6m,307200,0.05116870126881016,5.1168701268810155,5.5857666469921385,99.99967447916667,0.28832188532006126,3.3480396270751953,640x480,1344x1008
196,0-10m,307200,0.05116870126881016,5.1168701268810155,5.5857666469921385,99.99967447916667,0.28832188532006126,3.3480396270751953,640x480,1344x1008
197,0-3m,307200,0.06180372798989993,6.180372798989993,4.976234385445321,99.24934895833334,0.2939605424426686,3.3480396270751953,640x480,1344x1008
197,0-6m,307200,0.06180372798989993,6.180372798989993,4.976234385445321,99.24934895833334,0.2939605424426686,3.3480396270751953,640x480,1344x1008
197,0-10m,307200,0.06180372798989993,6.180372798989993,4.976234385445321,99.24934895833334,0.2939605424426686,3.3480396270751953,640x480,1344x1008
198,0-3m,276835,0.0930054762766188,9.30054762766188,5.187475537206516,99.65936388101215,0.2934885974093168,3.3480396270751953,640x480,1344x1008
198,0-6m,307200,0.10296742182069768,10.296742182069767,5.243610913797133,99.4736328125,0.2934885974093168,3.3480396270751953,640x480,1344x1008
198,0-10m,307200,0.10296742182069768,10.296742182069767,5.243610913797133,99.4736328125,0.2934885974093168,3.3480396270751953,640x480,1344x1008
199,0-3m,251611,0.17562669777564965,17.562669777564967,15.790416833005938,70.51798212319811,0.29301772745541166,3.3480396270751953,640x480,1344x1008
199,0-6m,306767,0.24345108550381878,24.345108550381877,15.524499668427918,71.9366815856986,0.29301772745541166,3.3480396270751953,640x480,1344x1008
199,0-10m,307200,0.24803676639237285,24.803676639237285,15.578268224975144,71.83528645833334,0.29301772745541166,3.3480396270751953,640x480,1344x1008
200,0-3m,232295,0.30125474558087195,30.125474558087195,15.49227203390416,88.8904195096752,0.2868229629994894,3.3480396270751953,640x480,1344x1008
200,0-6m,301109,0.38967749054155126,38.96774905415513,15.577927264720543,84.49664407241232,0.2868229629994894,3.3480396270751953,640x480,1344x1008
200,0-10m,307200,0.40447468156790517,40.447468156790514,15.575721518420638,84.34798177083334,0.2868229629994894,3.3480396270751953,640x480,1344x1008
201,0-3m,277828,0.37730280110148545,37.73028011014855,18.411965291135996,93.52980981038628,0.28561303997273546,3.3480396270751953,640x480,1344x1008
201,0-6m,307200,0.39204074347993206,39.204074347993206,18.000089098734083,93.2138671875,0.28561303997273546,3.3480396270751953,640x480,1344x1008
201,0-10m,307200,0.39204074347993206,39.204074347993206,18.000089098734083,93.2138671875,0.28561303997273546,3.3480396270751953,640x480,1344x1008
202,0-3m,307200,0.08828644750562185,8.828644750562185,5.4265886509638115,99.8466796875,0.2898267618482462,3.3480396270751953,640x480,1344x1008
202,0-6m,307200,0.08828644750562185,8.828644750562185,5.4265886509638115,99.8466796875,0.2898267618482462,3.3480396270751953,640x480,1344x1008
202,0-10m,307200,0.08828644750562185,8.828644750562185,5.4265886509638115,99.8466796875,0.2898267618482462,3.3480396270751953,640x480,1344x1008
203,0-3m,307200,0.12932936737973552,12.932936737973552,9.002655396808226,99.92122395833334,0.29094133779068254,3.3480396270751953,640x480,1344x1008
203,0-6m,307200,0.12932936737973552,12.932936737973552,9.002655396808226,99.92122395833334,0.29094133779068254,3.3480396270751953,640x480,1344x1008
203,0-10m,307200,0.12932936737973552,12.932936737973552,9.002655396808226,99.92122395833334,0.29094133779068254,3.3480396270751953,640x480,1344x1008
204,0-3m,307200,0.22580539004081704,22.580539004081704,13.977295417735162,97.54361979166667,0.2925520461811002,3.3480396270751953,640x480,1344x1008
204,0-6m,307200,0.22580539004081704,22.580539004081704,13.977295417735162,97.54361979166667,0.2925520461811002,3.3480396270751953,640x480,1344x1008
204,0-10m,307200,0.22580539004081704,22.580539004081704,13.977295417735162,97.54361979166667,0.2925520461811002,3.3480396270751953,640x480,1344x1008
205,0-3m,307200,0.19935802550326723,19.935802550326724,12.967037635160667,98.61165364583333,0.2925405095457779,3.3480396270751953,640x480,1344x1008
205,0-6m,307200,0.19935802550326723,19.935802550326724,12.967037635160667,98.61165364583333,0.2925405095457779,3.3480396270751953,640x480,1344x1008
205,0-10m,307200,0.19935802550326723,19.935802550326724,12.967037635160667,98.61165364583333,0.2925405095457779,3.3480396270751953,640x480,1344x1008
206,0-3m,238525,0.2684837990558793,26.848379905587933,14.221394843853638,95.81217901687454,0.2932898967101589,3.3480396270751953,640x480,1344x1008
206,0-6m,302876,0.30642048709673003,30.642048709673002,13.165922590871293,95.18119626513821,0.2932898967101589,3.3480396270751953,640x480,1344x1008
206,0-10m,307200,0.3050466129882261,30.50466129882261,13.028828798334843,95.2490234375,0.2932898967101589,3.3480396270751953,640x480,1344x1008
207,0-3m,172870,0.36917536220632186,36.917536220632186,18.593629834213708,87.27425232833922,0.29400053972586826,3.3480396270751953,640x480,1344x1008
207,0-6m,307200,0.46354796456483505,46.354796456483506,18.144258202453837,89.25651041666667,0.29400053972586826,3.3480396270751953,640x480,1344x1008
207,0-10m,307200,0.46354796456483505,46.354796456483506,18.144258202453837,89.25651041666667,0.29400053972586826,3.3480396270751953,640x480,1344x1008
208,0-3m,294468,0.13788086732558938,13.788086732558938,6.306663618724838,99.97215317114254,0.29328854621587747,3.3480396270751953,640x480,1344x1008
208,0-6m,307200,0.1373696981727456,13.736969817274561,6.215373446459577,99.97330729166667,0.29328854621587747,3.3480396270751953,640x480,1344x1008
208,0-10m,307200,0.1373696981727456,13.736969817274561,6.215373446459577,99.97330729166667,0.29328854621587747,3.3480396270751953,640x480,1344x1008
209,0-3m,156833,0.36856903374591493,36.8569033745915,21.01988361154757,71.96317101630396,0.2902021121316375,3.3480396270751953,640x480,1344x1008
209,0-6m,302374,0.4403975395028078,44.03975395028078,17.399843548296296,83.71553109725043,0.2902021121316375,3.3480396270751953,640x480,1344x1008
209,0-10m,307200,0.46503021486685614,46.50302148668561,17.567058383845694,82.69856770833334,0.2902021121316375,3.3480396270751953,640x480,1344x1008
210,0-3m,167363,0.20183616720719733,20.183616720719733,9.534917447863824,96.05587853946213,0.2900525099462312,3.3480396270751953,640x480,1344x1008
210,0-6m,307200,0.2715078830936303,27.150788309363026,9.735532706465849,95.77018229166666,0.2900525099462312,3.3480396270751953,640x480,1344x1008
210,0-10m,307200,0.2715078830936303,27.150788309363026,9.735532706465849,95.77018229166666,0.2900525099462312,3.3480396270751953,640x480,1344x1008
211,0-3m,241134,0.2316395723316069,23.16395723316069,11.805150461462368,96.51853326366253,0.29241080220420046,3.3480396270751953,640x480,1344x1008
211,0-6m,307200,0.23344475846757026,23.344475846757025,10.638911947344509,97.00032552083333,0.29241080220420046,3.3480396270751953,640x480,1344x1008
211,0-10m,307200,0.23344475846757026,23.344475846757025,10.638911947344509,97.00032552083333,0.29241080220420046,3.3480396270751953,640x480,1344x1008
212,0-3m,218886,0.1694789300210593,16.94789300210593,10.082062552498842,89.01208848441654,0.28871022345497616,3.3480396270751953,640x480,1344x1008
212,0-6m,307200,0.20267455588793382,20.267455588793382,9.4637812248917,91.04427083333333,0.28871022345497616,3.3480396270751953,640x480,1344x1008
212,0-10m,307200,0.20267455588793382,20.267455588793382,9.4637812248917,91.04427083333333,0.28871022345497616,3.3480396270751953,640x480,1344x1008
213,0-3m,307200,0.1896159149436668,18.96159149436668,11.018172844376563,95.4169921875,0.29129741684715554,3.3480396270751953,640x480,1344x1008
213,0-6m,307200,0.1896159149436668,18.96159149436668,11.018172844376563,95.4169921875,0.29129741684715554,3.3480396270751953,640x480,1344x1008
213,0-10m,307200,0.1896159149436668,18.96159149436668,11.018172844376563,95.4169921875,0.29129741684715554,3.3480396270751953,640x480,1344x1008
214,0-3m,281115,0.2245386453820927,22.45386453820927,10.287869460274331,96.56403962791028,0.28640253555490414,3.3480396270751953,640x480,1344x1008
214,0-6m,307200,0.21819696320802906,21.819696320802905,9.832611103871074,96.48404947916667,0.28640253555490414,3.3480396270751953,640x480,1344x1008
214,0-10m,307200,0.21819696320802906,21.819696320802905,9.832611103871074,96.48404947916667,0.28640253555490414,3.3480396270751953,640x480,1344x1008
215,0-3m,307200,0.18205547689828866,18.205547689828865,11.20660493467412,83.85026041666667,0.2911511847068351,3.3480396270751953,640x480,1344x1008
215,0-6m,307200,0.18205547689828866,18.205547689828865,11.20660493467412,83.85026041666667,0.2911511847068351,3.3480396270751953,640x480,1344x1008
215,0-10m,307200,0.18205547689828866,18.205547689828865,11.20660493467412,83.85026041666667,0.2911511847068351,3.3480396270751953,640x480,1344x1008
216,0-3m,307200,0.3815561701640642,38.15561701640642,19.236639540728472,91.822265625,0.2883162492501209,3.3480396270751953,640x480,1344x1008
216,0-6m,307200,0.3815561701640642,38.15561701640642,19.236639540728472,91.822265625,0.2883162492501209,3.3480396270751953,640x480,1344x1008
216,0-10m,307200,0.3815561701640642,38.15561701640642,19.236639540728472,91.822265625,0.2883162492501209,3.3480396270751953,640x480,1344x1008
217,0-3m,119535,0.26459621305960745,26.459621305960745,14.918221556004774,67.14351445183418,0.29339674536625504,3.3480396270751953,640x480,1344x1008
217,0-6m,307200,0.2710472589207347,27.10472589207347,10.476258810752077,87.0927734375,0.29339674536625504,3.3480396270751953,640x480,1344x1008
217,0-10m,307200,0.2710472589207347,27.10472589207347,10.476258810752077,87.0927734375,0.29339674536625504,3.3480396270751953,640x480,1344x1008
218,0-3m,153864,0.2389132527622202,23.89132527622202,12.633683623926729,84.08594603026049,0.2925426319451458,3.3480396270751953,640x480,1344x1008
218,0-6m,307200,0.17319097096449695,17.319097096449696,7.938672386894929,92.0224609375,0.2925426319451458,3.3480396270751953,640x480,1344x1008
218,0-10m,307200,0.17319097096449695,17.319097096449696,7.938672386894929,92.0224609375,0.2925426319451458,3.3480396270751953,640x480,1344x1008
219,0-3m,204700,0.2405217153454153,24.05217153454153,15.216620265129768,83.23546653639472,0.29233892804701017,3.3480396270751953,640x480,1344x1008
219,0-6m,307200,0.22531453564064577,22.531453564064577,12.014421038415378,88.78548177083333,0.29233892804701017,3.3480396270751953,640x480,1344x1008
219,0-10m,307200,0.22531453564064577,22.531453564064577,12.014421038415378,88.78548177083333,0.29233892804701017,3.3480396270751953,640x480,1344x1008
220,0-3m,123885,0.11892197618628066,11.892197618628066,5.45000729335978,96.93748234249504,0.29065155038356105,3.3480396270751953,640x480,1344x1008
220,0-6m,304431,0.4044230299901369,40.44230299901369,10.165999791497372,97.88326418794406,0.29065155038356105,3.3480396270751953,640x480,1344x1008
220,0-10m,307200,0.4080466706503648,40.80466706503648,10.17739796726754,97.88509114583334,0.29065155038356105,3.3480396270751953,640x480,1344x1008
221,0-3m,176379,0.29384965792765766,29.384965792765765,16.841722352666807,95.62306170235686,0.2918377930550279,3.3480396270751953,640x480,1344x1008
221,0-6m,307200,0.44083886040219417,44.08388604021942,16.36732339714115,95.22916666666667,0.2918377930550279,3.3480396270751953,640x480,1344x1008
221,0-10m,307200,0.44083886040219417,44.08388604021942,16.36732339714115,95.22916666666667,0.2918377930550279,3.3480396270751953,640x480,1344x1008
222,0-3m,53118,1.3749639756261927,137.49639756261928,82.22759004938656,23.66994239240935,0.29310879245635313,3.3480396270751953,640x480,1344x1008
222,0-6m,249541,1.4863576322767567,148.63576322767565,43.308155117893335,36.74065584412982,0.29310879245635313,3.3480396270751953,640x480,1344x1008
222,0-10m,307200,1.4904298281198134,149.04298281198135,39.392795010346084,40.217447916666664,0.29310879245635313,3.3480396270751953,640x480,1344x1008
223,0-3m,68082,0.6467792934786716,64.67792934786716,26.4216617741294,49.497664580946505,0.29268966582848077,3.3480396270751953,640x480,1344x1008
223,0-6m,307200,1.1579507016945476,115.79507016945476,30.549535090178555,37.213216145833336,0.29268966582848077,3.3480396270751953,640x480,1344x1008
223,0-10m,307200,1.1579507016945476,115.79507016945476,30.549535090178555,37.213216145833336,0.29268966582848077,3.3480396270751953,640x480,1344x1008
224,0-3m,42744,0.4764199932329824,47.641999323298236,27.175853620931633,64.18912595919896,0.2892650472290136,3.3480396270751953,640x480,1344x1008
224,0-6m,241827,1.0045315415819283,100.45315415819283,23.941349316345164,61.956688045586304,0.2892650472290136,3.3480396270751953,640x480,1344x1008
224,0-10m,307200,1.1194644094982262,111.94644094982263,23.924804002191863,60.394205729166664,0.2892650472290136,3.3480396270751953,640x480,1344x1008
225,0-3m,98773,0.6919467956798967,69.19467956798967,41.82214963788522,76.00761341662195,0.285176629993253,3.3480396270751953,640x480,1344x1008
225,0-6m,208002,0.9522129731328852,95.22129731328852,33.62425096188431,68.99164431111238,0.285176629993253,3.3480396270751953,640x480,1344x1008
225,0-10m,307200,1.054537329490607,105.45373294906071,29.214860248876462,75.8232421875,0.285176629993253,3.3480396270751953,640x480,1344x1008
226,0-3m,106042,0.3266409036855575,32.66409036855575,15.222951918808066,89.81912826993079,0.2856857824347899,3.3480396270751953,640x480,1344x1008
226,0-6m,300376,0.5303648778059532,53.03648778059532,15.161174357159467,84.61295176711855,0.2856857824347899,3.3480396270751953,640x480,1344x1008
226,0-10m,307200,0.5484620174998418,54.84620174998418,15.251076513994876,84.55240885416667,0.2856857824347899,3.3480396270751953,640x480,1344x1008
227,0-3m,101413,0.2926038845994612,29.260388459946117,12.016768471381317,93.51167996213503,0.28848172385948184,3.3480396270751953,640x480,1344x1008
227,0-6m,284078,0.7410223981337065,74.10223981337066,18.058563725399445,86.29707333901251,0.28848172385948184,3.3480396270751953,640x480,1344x1008
227,0-10m,307200,0.8804112595766007,88.04112595766007,19.51161138694819,82.47526041666666,0.28848172385948184,3.3480396270751953,640x480,1344x1008
228,0-3m,59130,0.551481280855251,55.14812808552511,29.72596963743911,63.12362590901404,0.2908805148089092,3.3480396270751953,640x480,1344x1008
228,0-6m,193431,0.6210752965106292,62.10752965106292,19.21896022295376,79.48157224023036,0.2908805148089092,3.3480396270751953,640x480,1344x1008
228,0-10m,307200,0.9665432775895655,96.65432775895655,20.35503593634752,74.00358072916666,0.2908805148089092,3.3480396270751953,640x480,1344x1008
229,0-3m,159237,1.1365627092959287,113.65627092959288,65.69002531165205,59.34801585058749,0.2923844094785353,3.3480396270751953,640x480,1344x1008
229,0-6m,255413,1.2620236862933891,126.2023686293389,52.62681544782153,59.39517565668153,0.2923844094785353,3.3480396270751953,640x480,1344x1008
229,0-10m,307200,1.3426476204399174,134.26476204399174,48.35753599317196,60.37076822916667,0.2923844094785353,3.3480396270751953,640x480,1344x1008
230,0-3m,66037,0.36086371959962577,36.08637195996258,14.58120306175088,87.4388600330118,0.29237188592796853,3.3480396270751953,640x480,1344x1008
230,0-6m,216913,0.5182820208393734,51.828202083937335,13.081444151659879,85.36510029366613,0.29237188592796853,3.3480396270751953,640x480,1344x1008
230,0-10m,307200,0.5236967560908913,52.36967560908913,11.549111418144335,87.9931640625,0.29237188592796853,3.3480396270751953,640x480,1344x1008
231,0-3m,23014,0.5206567955139334,52.06567955139334,24.57414854912299,72.13869818371425,0.2735524262117263,3.3480396270751953,640x480,1344x1008
231,0-6m,231198,0.9399862909312067,93.99862909312067,22.398494170333084,75.58153617245824,0.2735524262117263,3.3480396270751953,640x480,1344x1008
231,0-10m,307200,1.0784351922936428,107.84351922936428,22.46019148134812,72.1875,0.2735524262117263,3.3480396270751953,640x480,1344x1008
232,0-3m,57073,0.31210600078035955,31.210600078035956,15.171299488638528,78.5888248383649,0.2709335889225675,3.3480396270751953,640x480,1344x1008
232,0-6m,252505,0.4380191711791116,43.80191711791116,11.357084482175278,89.66634324072791,0.2709335889225675,3.3480396270751953,640x480,1344x1008
232,0-10m,307200,0.4803424187784549,48.03424187784549,11.163781358397836,91.44694010416666,0.2709335889225675,3.3480396270751953,640x480,1344x1008
233,0-3m,106597,0.4564036876643987,45.64036876643987,20.955269512510643,72.33505633366792,0.2918534905989158,3.3480396270751953,640x480,1344x1008
233,0-6m,270887,1.1774975167095079,117.74975167095079,30.61299478546905,71.01411289578311,0.2918534905989158,3.3480396270751953,640x480,1344x1008
233,0-10m,307200,1.2224750122959571,122.24750122959571,29.923736962950404,71.57584635416666,0.2918534905989158,3.3480396270751953,640x480,1344x1008
234,0-3m,67221,0.3304452188862205,33.04452188862205,17.110489833467888,80.36179170199789,0.2926355769654939,3.3480396270751953,640x480,1344x1008
234,0-6m,307200,0.5054330223408761,50.543302234087605,15.592504830978053,86.14420572916667,0.2926355769654939,3.3480396270751953,640x480,1344x1008
234,0-10m,307200,0.5054330223408761,50.543302234087605,15.592504830978053,86.14420572916667,0.2926355769654939,3.3480396270751953,640x480,1344x1008
235,0-3m,9260,0.4072252494212618,40.722524942126185,14.542987517407527,87.9913606911447,0.2922020307060102,3.3480396270751953,640x480,1344x1008
235,0-6m,216627,1.0281601641252938,102.81601641252938,21.326069336125737,73.54900358681051,0.2922020307060102,3.3480396270751953,640x480,1344x1008
235,0-10m,307200,1.4562647995228568,145.62647995228568,26.443802103142282,67.54654947916666,0.2922020307060102,3.3480396270751953,640x480,1344x1008
236,0-3m,39426,0.5930271722202111,59.30271722202111,24.38221781344565,76.21112971135798,0.28021368310772105,3.3480396270751953,640x480,1344x1008
236,0-6m,307200,0.923463144969816,92.34631449698159,22.13646517908887,76.98502604166667,0.28021368310772105,3.3480396270751953,640x480,1344x1008
236,0-10m,307200,0.923463144969816,92.34631449698159,22.13646517908887,76.98502604166667,0.28021368310772105,3.3480396270751953,640x480,1344x1008
237,0-3m,11300,0.18211787268123794,18.211787268123793,6.4025552109954145,95.8141592920354,0.2832651188427369,3.3480396270751953,640x480,1344x1008
237,0-6m,245511,1.9215549543666797,192.15549543666796,39.701045473014226,63.51894619793003,0.2832651188427369,3.3480396270751953,640x480,1344x1008
237,0-10m,307200,1.746805855788601,174.6805855788601,34.882130906682974,67.80143229166666,0.2832651188427369,3.3480396270751953,640x480,1344x1008
238,0-3m,51077,0.5228256884020221,52.28256884020222,19.571175717460616,87.61086203183429,0.2916030170186272,3.3480396270751953,640x480,1344x1008
238,0-6m,249850,1.005223371265458,100.52233712654579,25.496869346293565,68.76605963578147,0.2916030170186272,3.3480396270751953,640x480,1344x1008
238,0-10m,307200,1.5270901904379328,152.7090190437933,30.993174321038598,61.498697916666664,0.2916030170186272,3.3480396270751953,640x480,1344x1008
239,0-3m,27408,0.39556910034532233,39.55691003453224,15.019588245809498,88.62011091652072,0.2923877521232586,3.3480396270751953,640x480,1344x1008
239,0-6m,220712,0.5609077654133253,56.09077654133253,13.42882977999842,88.27838993801878,0.2923877521232586,3.3480396270751953,640x480,1344x1008
239,0-10m,307200,0.7586390123384383,75.86390123384383,14.838667571300467,83.79069010416667,0.2923877521232586,3.3480396270751953,640x480,1344x1008
240,0-3m,21797,0.7017091632944874,70.17091632944874,30.931136877016247,27.18722760012846,0.2930012347970617,3.3480396270751953,640x480,1344x1008
240,0-6m,289650,0.6788138690308423,67.88138690308423,16.321360378291576,89.78871051268773,0.2930012347970617,3.3480396270751953,640x480,1344x1008
240,0-10m,307200,0.688565626751321,68.85656267513211,16.171052694031385,89.052734375,0.2930012347970617,3.3480396270751953,640x480,1344x1008
241,0-3m,35527,0.32589449191149145,32.58944919114914,12.156573591637928,97.69471106482393,0.29234172268410424,3.3480396270751953,640x480,1344x1008
241,0-6m,307200,0.5426568815740757,54.26568815740757,13.708094099452662,90.642578125,0.29234172268410424,3.3480396270751953,640x480,1344x1008
241,0-10m,307200,0.5426568815740757,54.26568815740757,13.708094099452662,90.642578125,0.29234172268410424,3.3480396270751953,640x480,1344x1008
242,0-3m,118479,0.231168683442197,23.1168683442197,10.710829076378388,88.65874965183703,0.29323267945563236,3.3480396270751953,640x480,1344x1008
242,0-6m,307200,0.27412615466901724,27.412615466901723,9.016069370215291,93.2021484375,0.29323267945563236,3.3480396270751953,640x480,1344x1008
242,0-10m,307200,0.27412615466901724,27.412615466901723,9.016069370215291,93.2021484375,0.29323267945563236,3.3480396270751953,640x480,1344x1008
243,0-3m,607,0.6915268701619333,69.15268701619333,23.263756529256984,90.44481054365733,0.293118870371815,3.3480396270751953,640x480,1344x1008
243,0-6m,141340,0.7352366364709015,73.52366364709016,15.444757441343324,81.43696052073015,0.293118870371815,3.3480396270751953,640x480,1344x1008
243,0-10m,307200,1.0696060802298597,106.96060802298597,17.531503153118383,80.46061197916666,0.293118870371815,3.3480396270751953,640x480,1344x1008
244,0-3m,11404,0.722750697573709,72.2750697573709,46.31523987511217,21.26446860750614,0.2893733538996644,3.3480396270751953,640x480,1344x1008
244,0-6m,306945,0.8110942652956841,81.10942652956841,18.041422884960816,84.6575119321051,0.2893733538996644,3.3480396270751953,640x480,1344x1008
244,0-10m,307200,0.8108823641587515,81.08823641587514,18.03412884704191,84.67024739583333,0.2893733538996644,3.3480396270751953,640x480,1344x1008
245,0-3m,33589,0.25018531155574175,25.018531155574173,12.77343892623079,91.16377385453572,0.2897427950306785,3.3480396270751953,640x480,1344x1008
245,0-6m,178907,0.42243314623400263,42.243314623400266,10.48955423782399,90.08870530499085,0.2897427950306785,3.3480396270751953,640x480,1344x1008
245,0-10m,307200,0.6830129340364753,68.30129340364753,12.488158989900391,85.69140625,0.2897427950306785,3.3480396270751953,640x480,1344x1008
246,0-3m,26553,0.31839242705390874,31.839242705390873,12.046524891188676,95.25477347192408,0.2902165392660328,3.3480396270751953,640x480,1344x1008
246,0-6m,190947,0.6222020566369513,62.220205663695126,14.045760579786979,83.3571619349872,0.2902165392660328,3.3480396270751953,640x480,1344x1008
246,0-10m,307200,0.8498287314238647,84.98287314238647,15.497056370358948,81.82779947916666,0.2902165392660328,3.3480396270751953,640x480,1344x1008
247,0-3m,28472,0.12847899933416007,12.847899933416008,4.883240311306661,97.79432424838438,0.29234632924944864,3.3480396270751953,640x480,1344x1008
247,0-6m,307200,0.21980033301127452,21.980033301127452,5.043876827439861,97.1572265625,0.29234632924944864,3.3480396270751953,640x480,1344x1008
247,0-10m,307200,0.21980033301127452,21.980033301127452,5.043876827439861,97.1572265625,0.29234632924944864,3.3480396270751953,640x480,1344x1008
248,0-3m,66115,0.9880064480966261,98.80064480966261,51.53149340928028,5.662860167889284,0.2904086418413863,3.3480396270751953,640x480,1344x1008
248,0-6m,181800,1.5643669527355988,156.43669527355988,42.79595108312029,40.05225522552255,0.2904086418413863,3.3480396270751953,640x480,1344x1008
248,0-10m,307200,2.1806539823898734,218.06539823898734,43.97284441408575,43.902994791666664,0.2904086418413863,3.3480396270751953,640x480,1344x1008
249,0-3m,307200,0.22493756818682112,22.49375681868211,15.354214897833854,89.64388020833334,0.2923652869185436,3.3480396270751953,640x480,1344x1008
249,0-6m,307200,0.22493756818682112,22.49375681868211,15.354214897833854,89.64388020833334,0.2923652869185436,3.3480396270751953,640x480,1344x1008
249,0-10m,307200,0.22493756818682112,22.49375681868211,15.354214897833854,89.64388020833334,0.2923652869185436,3.3480396270751953,640x480,1344x1008
250,0-3m,272028,0.23611766110819685,23.611766110819683,15.368545694767718,87.48547943594042,0.2896237763968629,3.3480396270751953,640x480,1344x1008
250,0-6m,293956,0.25399570186570875,25.399570186570873,15.211316639852965,87.7447645225816,0.2896237763968629,3.3480396270751953,640x480,1344x1008
250,0-10m,307200,0.25586285914857093,25.586285914857093,14.73950447282377,88.26822916666667,0.2896237763968629,3.3480396270751953,640x480,1344x1008
251,0-3m,307200,0.13392057947290595,13.392057947290596,10.340724424167698,99.61653645833334,0.28658858560789424,3.3480396270751953,640x480,1344x1008
251,0-6m,307200,0.13392057947290595,13.392057947290596,10.340724424167698,99.61653645833334,0.28658858560789424,3.3480396270751953,640x480,1344x1008
251,0-10m,307200,0.13392057947290595,13.392057947290596,10.340724424167698,99.61653645833334,0.28658858560789424,3.3480396270751953,640x480,1344x1008
252,0-3m,307200,0.37526106074258375,37.52610607425837,18.249454164122575,91.5498046875,0.28948732287234424,3.3480396270751953,640x480,1344x1008
252,0-6m,307200,0.37526106074258375,37.52610607425837,18.249454164122575,91.5498046875,0.28948732287234424,3.3480396270751953,640x480,1344x1008
252,0-10m,307200,0.37526106074258375,37.52610607425837,18.249454164122575,91.5498046875,0.28948732287234424,3.3480396270751953,640x480,1344x1008
253,0-3m,135510,0.14432103178587516,14.432103178587516,8.03601357649858,91.15415836469634,0.2885239817078766,3.3480396270751953,640x480,1344x1008
253,0-6m,277973,0.37299430537132816,37.299430537132814,11.235350147972833,87.18112910246678,0.2885239817078766,3.3480396270751953,640x480,1344x1008
253,0-10m,307200,0.4509211914712796,45.09211914712796,11.858520345517784,87.78157552083333,0.2885239817078766,3.3480396270751953,640x480,1344x1008
254,0-3m,307200,0.3175566000600035,31.75566000600035,15.594529792826014,84.04069010416667,0.2914128218135187,3.3480396270751953,640x480,1344x1008
254,0-6m,307200,0.3175566000600035,31.75566000600035,15.594529792826014,84.04069010416667,0.2914128218135187,3.3480396270751953,640x480,1344x1008
254,0-10m,307200,0.3175566000600035,31.75566000600035,15.594529792826014,84.04069010416667,0.2914128218135187,3.3480396270751953,640x480,1344x1008
255,0-3m,226667,0.2554188903940167,25.54188903940167,14.54955649744925,89.30633925538345,0.28886174808016846,3.3480396270751953,640x480,1344x1008
255,0-6m,307200,0.35565820640185847,35.56582064018585,15.213047111476003,88.63899739583333,0.28886174808016846,3.3480396270751953,640x480,1344x1008
255,0-10m,307200,0.35565820640185847,35.56582064018585,15.213047111476003,88.63899739583333,0.28886174808016846,3.3480396270751953,640x480,1344x1008
256,0-3m,265901,0.28219698801780774,28.219698801780773,12.594641100915025,90.75294940598194,0.2889402040260884,3.3480396270751953,640x480,1344x1008
256,0-6m,307200,0.3136210002263154,31.36210002263154,13.048923742074015,91.90462239583333,0.2889402040260884,3.3480396270751953,640x480,1344x1008
256,0-10m,307200,0.3136210002263154,31.36210002263154,13.048923742074015,91.90462239583333,0.2889402040260884,3.3480396270751953,640x480,1344x1008
257,0-3m,107585,0.2200039358621482,22.00039358621482,13.416675788580568,91.39285216340568,0.28725107898700764,3.3480396270751953,640x480,1344x1008
257,0-6m,307200,0.3864581605793986,38.64581605793986,12.50977622460668,95.07682291666667,0.28725107898700764,3.3480396270751953,640x480,1344x1008
257,0-10m,307200,0.3864581605793986,38.64581605793986,12.50977622460668,95.07682291666667,0.28725107898700764,3.3480396270751953,640x480,1344x1008
258,0-3m,307200,0.26713529696998495,26.713529696998496,12.98644378195593,98.60774739583333,0.28754529197778433,3.3480396270751953,640x480,1344x1008
258,0-6m,307200,0.26713529696998495,26.713529696998496,12.98644378195593,98.60774739583333,0.28754529197778433,3.3480396270751953,640x480,1344x1008
258,0-10m,307200,0.26713529696998495,26.713529696998496,12.98644378195593,98.60774739583333,0.28754529197778433,3.3480396270751953,640x480,1344x1008
259,0-3m,109492,0.4393731814705406,43.93731814705406,16.382749063071763,94.84985204398495,0.29142059233412926,3.3480396270751953,640x480,1344x1008
259,0-6m,297570,0.5826517155647406,58.26517155647406,17.41248751010213,94.02325503242935,0.29142059233412926,3.3480396270751953,640x480,1344x1008
259,0-10m,307200,0.5871973420093612,58.719734200936124,17.203920064000314,94.20572916666666,0.29142059233412926,3.3480396270751953,640x480,1344x1008
260,0-3m,182676,0.3772666876986236,37.72666876986236,15.793048781935811,98.39059318137029,0.28796036006914766,3.3480396270751953,640x480,1344x1008
260,0-6m,307200,0.5682690562594992,56.82690562594992,18.51558464575693,84.80110677083333,0.28796036006914766,3.3480396270751953,640x480,1344x1008
260,0-10m,307200,0.5682690562594992,56.82690562594992,18.51558464575693,84.80110677083333,0.28796036006914766,3.3480396270751953,640x480,1344x1008
261,0-3m,193871,0.39248738482581963,39.24873848258196,17.18422839508755,96.68181419603758,0.28857196440867866,3.3480396270751953,640x480,1344x1008
261,0-6m,307200,0.49311762531481995,49.311762531481996,16.4771510047606,95.98828125,0.28857196440867866,3.3480396270751953,640x480,1344x1008
261,0-10m,307200,0.49311762531481995,49.311762531481996,16.4771510047606,95.98828125,0.28857196440867866,3.3480396270751953,640x480,1344x1008
262,0-3m,82384,0.5866119675200804,58.66119675200804,23.79337838405455,74.31661487667508,0.28884180703282736,3.3480396270751953,640x480,1344x1008
262,0-6m,286478,0.9063409566479798,90.63409566479798,23.89102057238356,68.35673245415006,0.28884180703282736,3.3480396270751953,640x480,1344x1008
262,0-10m,307200,0.9414699376164936,94.14699376164936,23.827746544154554,67.685546875,0.28884180703282736,3.3480396270751953,640x480,1344x1008
263,0-3m,300412,0.41222981227773114,41.22298122777311,17.76802276125623,88.61064138583012,0.29214565529237907,3.3480396270751953,640x480,1344x1008
263,0-6m,307200,0.41297483947651925,41.297483947651926,17.701179034456572,88.8623046875,0.29214565529237907,3.3480396270751953,640x480,1344x1008
263,0-10m,307200,0.41297483947651925,41.297483947651926,17.701179034456572,88.8623046875,0.29214565529237907,3.3480396270751953,640x480,1344x1008
264,0-3m,90365,0.3788094271121777,37.88094271121777,20.802074637962253,84.88684778398716,0.290452351944563,3.3480396270751953,640x480,1344x1008
264,0-6m,252548,0.39396135271844535,39.396135271844535,13.726360157546416,90.42993807117855,0.290452351944563,3.3480396270751953,640x480,1344x1008
264,0-10m,307200,0.43955294279109997,43.95529427911,13.046308207742777,91.40559895833333,0.290452351944563,3.3480396270751953,640x480,1344x1008
265,0-3m,146403,0.5068701640924954,50.687016409249544,27.1737111267356,83.46003838719152,0.29211607629578856,3.3480396270751953,640x480,1344x1008
265,0-6m,279807,0.5588996491057802,55.889964910578016,21.72345875781026,86.62613873133982,0.29211607629578856,3.3480396270751953,640x480,1344x1008
265,0-10m,307200,0.5764826985227409,57.64826985227409,20.769324646661246,87.74674479166666,0.29211607629578856,3.3480396270751953,640x480,1344x1008
266,0-3m,264684,0.15553171703317012,15.553171703317012,9.90423074751598,94.60488733735322,0.2914125585577821,3.3480396270751953,640x480,1344x1008
266,0-6m,307200,0.17327750716455437,17.327750716455437,9.603340326743517,95.25520833333333,0.2914125585577821,3.3480396270751953,640x480,1344x1008
266,0-10m,307200,0.17327750716455437,17.327750716455437,9.603340326743517,95.25520833333333,0.2914125585577821,3.3480396270751953,640x480,1344x1008
267,0-3m,67810,0.25279753896325513,25.279753896325513,12.683556009018929,90.77864621737207,0.2917967727684563,3.3480396270751953,640x480,1344x1008
267,0-6m,295139,0.2575930069487063,25.75930069487063,7.941207329907662,93.73075059548212,0.2917967727684563,3.3480396270751953,640x480,1344x1008
267,0-10m,307200,0.25707985036055714,25.707985036055714,7.777935424897567,93.75944010416667,0.2917967727684563,3.3480396270751953,640x480,1344x1008
268,0-3m,93407,0.2523726608995,25.23726608995,10.155561734911547,98.04190264112968,0.2915620797022366,3.3480396270751953,640x480,1344x1008
268,0-6m,297205,0.40101587707390984,40.10158770739098,10.6129582853719,95.71911643478407,0.2915620797022366,3.3480396270751953,640x480,1344x1008
268,0-10m,307200,0.40507037205660407,40.50703720566041,10.545562594528397,95.8583984375,0.2915620797022366,3.3480396270751953,640x480,1344x1008
269,0-3m,143707,0.21631245178689795,21.631245178689795,9.980051278691501,96.36134635056052,0.29172817025596953,3.3480396270751953,640x480,1344x1008
269,0-6m,270377,0.30688252107584846,30.688252107584844,9.7446389572204,95.0391490400441,0.29172817025596953,3.3480396270751953,640x480,1344x1008
269,0-10m,307200,0.2998784426553175,29.98784426553175,9.060719714686773,95.6025390625,0.29172817025596953,3.3480396270751953,640x480,1344x1008
270,0-3m,113229,0.29188536414449123,29.188536414449125,16.938838824674036,94.20731438059154,0.2899264784138951,3.3480396270751953,640x480,1344x1008
270,0-6m,307200,0.4060049751139013,40.60049751139013,13.889452803570917,96.88216145833334,0.2899264784138951,3.3480396270751953,640x480,1344x1008
270,0-10m,307200,0.4060049751139013,40.60049751139013,13.889452803570917,96.88216145833334,0.2899264784138951,3.3480396270751953,640x480,1344x1008
271,0-3m,65825,0.6109942633780607,61.09942633780607,25.590326244848384,55.64906950246866,0.29121116265944946,3.3480396270751953,640x480,1344x1008
271,0-6m,228833,0.6709674207213794,67.09674207213794,18.61482127983302,82.52568466960622,0.29121116265944946,3.3480396270751953,640x480,1344x1008
271,0-10m,307200,0.7937364710196076,79.37364710196077,17.835083901515304,83.90397135416666,0.29121116265944946,3.3480396270751953,640x480,1344x1008
272,0-3m,13194,0.569805123489048,56.980512348904796,22.49499788969682,82.22676974382294,0.2918946972360151,3.3480396270751953,640x480,1344x1008
272,0-6m,120433,0.5292687287555954,52.92687287555954,13.4888728938347,87.06417676218312,0.2918946972360151,3.3480396270751953,640x480,1344x1008
272,0-10m,307200,0.8439297720743343,84.39297720743343,12.91715822183,86.90104166666667,0.2918946972360151,3.3480396270751953,640x480,1344x1008
273,0-3m,49795,0.552006405287328,55.200640528732805,24.065043824086143,40.628577166382165,0.2882235517209996,3.3480396270751953,640x480,1344x1008
273,0-6m,193849,0.7320749438370018,73.20749438370018,19.376836802557275,74.86755154785426,0.2882235517209996,3.3480396270751953,640x480,1344x1008
273,0-10m,307200,1.0206407914667701,102.06407914667702,18.95689258916635,77.67447916666667,0.2882235517209996,3.3480396270751953,640x480,1344x1008
274,0-3m,120207,0.44080217227027235,44.080217227027234,20.52947077731465,82.815476636136,0.26423664780561895,3.3480396270751953,640x480,1344x1008
274,0-6m,252737,0.6847274565181932,68.47274565181932,21.256472700111033,79.47114985142659,0.26423664780561895,3.3480396270751953,640x480,1344x1008
274,0-10m,307200,1.1196047463621168,111.96047463621169,23.958089688920293,72.39192708333333,0.26423664780561895,3.3480396270751953,640x480,1344x1008
275,0-3m,117251,0.5833440417577509,58.33440417577509,25.159687651314783,52.85157482665394,0.2847118964731538,3.3480396270751953,640x480,1344x1008
275,0-6m,228898,0.8157945619876118,81.57945619876118,25.40454462997433,48.76276769565484,0.2847118964731538,3.3480396270751953,640x480,1344x1008
275,0-10m,307200,0.8595336435832238,85.95336435832237,22.09835721495245,58.150716145833336,0.2847118964731538,3.3480396270751953,640x480,1344x1008
276,0-3m,87982,0.6937493030038165,69.37493030038165,29.299125282676158,47.900706962787844,0.2893335257197104,3.3480396270751953,640x480,1344x1008
276,0-6m,237910,0.8775335730051644,87.75335730051644,25.83485555761621,61.66701693917867,0.2893335257197104,3.3480396270751953,640x480,1344x1008
276,0-10m,307200,1.1079729244850265,110.79729244850265,25.5649242094023,60.4951171875,0.2893335257197104,3.3480396270751953,640x480,1344x1008
277,0-3m,95639,0.5468800942860079,54.68800942860079,24.700723765941408,70.55594475057246,0.26920975844487516,3.3480396270751953,640x480,1344x1008
277,0-6m,221289,0.741744545923091,74.1744545923091,22.64876956125469,71.7979655563539,0.26920975844487516,3.3480396270751953,640x480,1344x1008
277,0-10m,307200,1.1233704240092386,112.33704240092386,23.76672876814948,69.51529947916667,0.26920975844487516,3.3480396270751953,640x480,1344x1008
278,0-3m,93838,0.44454562392807284,44.45456239280728,18.013244870279387,66.4027366312155,0.2869965452797344,3.3480396270751953,640x480,1344x1008
278,0-6m,248493,0.6534876362448934,65.34876362448934,17.75081404110063,75.77718487039876,0.2869965452797344,3.3480396270751953,640x480,1344x1008
278,0-10m,307200,0.8824658915707065,88.24658915707066,19.093329549109626,73.97298177083333,0.2869965452797344,3.3480396270751953,640x480,1344x1008
279,0-3m,169888,0.4363911880784047,43.63911880784047,23.714785247185898,48.916344886042566,0.29008014102301366,3.3480396270751953,640x480,1344x1008
279,0-6m,307200,0.5113765999709722,51.13765999709722,20.7493659539158,70.82096354166667,0.29008014102301366,3.3480396270751953,640x480,1344x1008
279,0-10m,307200,0.5113765999709722,51.13765999709722,20.7493659539158,70.82096354166667,0.29008014102301366,3.3480396270751953,640x480,1344x1008
280,0-3m,170281,0.458823611597669,45.8823611597669,19.54925675282024,89.0322466981049,0.29087964331162813,3.3480396270751953,640x480,1344x1008
280,0-6m,307200,0.4580227370276892,45.80227370276892,16.65885778484216,91.626953125,0.29087964331162813,3.3480396270751953,640x480,1344x1008
280,0-10m,307200,0.4580227370276892,45.80227370276892,16.65885778484216,91.626953125,0.29087964331162813,3.3480396270751953,640x480,1344x1008
281,0-3m,246484,0.5750862040893142,57.50862040893142,28.949575704955887,59.2760584865549,0.2895490317276855,3.3480396270751953,640x480,1344x1008
281,0-6m,307200,0.6068211704537195,60.68211704537195,27.709042546877004,63.61360677083333,0.2895490317276855,3.3480396270751953,640x480,1344x1008
281,0-10m,307200,0.6068211704537195,60.68211704537195,27.709042546877004,63.61360677083333,0.2895490317276855,3.3480396270751953,640x480,1344x1008
282,0-3m,307200,0.33803776642268835,33.803776642268836,19.707291003971807,69.66731770833333,0.2914452739063877,3.3480396270751953,640x480,1344x1008
282,0-6m,307200,0.33803776642268835,33.803776642268836,19.707291003971807,69.66731770833333,0.2914452739063877,3.3480396270751953,640x480,1344x1008
282,0-10m,307200,0.33803776642268835,33.803776642268836,19.707291003971807,69.66731770833333,0.2914452739063877,3.3480396270751953,640x480,1344x1008
283,0-3m,94472,0.9390531982679211,93.90531982679211,44.64339400319993,4.794013040901008,0.29114239442779644,3.3480396270751953,640x480,1344x1008
283,0-6m,292311,1.2886453620494633,128.86453620494635,36.35310728995153,9.685916711995102,0.29114239442779644,3.3480396270751953,640x480,1344x1008
283,0-10m,307200,1.3338842921781664,133.38842921781665,36.3443208615055,9.232747395833334,0.29114239442779644,3.3480396270751953,640x480,1344x1008
284,0-3m,135925,0.5641213462925887,56.41213462925887,27.947310595460333,71.32830605113114,0.29154166210620003,3.3480396270751953,640x480,1344x1008
284,0-6m,307200,0.8694116334238788,86.94116334238788,26.955657891870665,53.844401041666664,0.29154166210620003,3.3480396270751953,640x480,1344x1008
284,0-10m,307200,0.8694116334238788,86.94116334238788,26.955657891870665,53.844401041666664,0.29154166210620003,3.3480396270751953,640x480,1344x1008
285,0-3m,97042,0.5558226027769478,55.582260277694786,24.96203086082352,61.584674676944005,0.29102927012428104,3.3480396270751953,640x480,1344x1008
285,0-6m,307102,0.8718412267612196,87.18412267612196,22.291288826870286,67.13111604613451,0.29102927012428104,3.3480396270751953,640x480,1344x1008
285,0-10m,307200,0.8718356923285562,87.18356923285562,22.288694403211462,67.1416015625,0.29102927012428104,3.3480396270751953,640x480,1344x1008
286,0-3m,91439,0.7549756148948795,75.49756148948795,38.91043967678619,7.159964566541629,0.2903704168285886,3.3480396270751953,640x480,1344x1008
286,0-6m,291252,1.0698516186265195,106.98516186265195,30.56182796235128,20.481576092181342,0.2903704168285886,3.3480396270751953,640x480,1344x1008
286,0-10m,307200,1.1075231973916138,110.75231973916138,30.473266109268305,20.402669270833336,0.2903704168285886,3.3480396270751953,640x480,1344x1008
287,0-3m,108910,0.632078621811298,63.207862181129805,29.412001363937517,44.3522174272335,0.2905788411899576,3.3480396270751953,640x480,1344x1008
287,0-6m,300492,1.185206098009006,118.5206098009006,30.100643949667923,26.638645953968826,0.2905788411899576,3.3480396270751953,640x480,1344x1008
287,0-10m,307200,1.199580431341892,119.95804313418921,30.10932795264757,26.450195312500004,0.2905788411899576,3.3480396270751953,640x480,1344x1008
288,0-3m,95829,0.8194441263485783,81.94441263485783,42.387227674792605,6.323764204990138,0.29062549115555997,3.3480396270751953,640x480,1344x1008
288,0-6m,300061,1.1986640918852407,119.86640918852407,33.50521971212133,12.603770566651448,0.29062549115555997,3.3480396270751953,640x480,1344x1008
288,0-10m,307200,1.2178926439168087,121.78926439168087,33.49239922824814,12.33203125,0.29062549115555997,3.3480396270751953,640x480,1344x1008
289,0-3m,67318,0.6787130241433498,67.87130241433498,28.5235862638222,45.46035235746754,0.2922126099206817,3.3480396270751953,640x480,1344x1008
289,0-6m,307200,0.8498887494891338,84.98887494891338,22.523327782063486,73.53548177083333,0.2922126099206817,3.3480396270751953,640x480,1344x1008
289,0-10m,307200,0.8498887494891338,84.98887494891338,22.523327782063486,73.53548177083333,0.2922126099206817,3.3480396270751953,640x480,1344x1008
290,0-3m,86547,0.8116706408695347,81.16706408695347,40.56901856088043,7.538100685176841,0.29331482712430734,3.3480396270751953,640x480,1344x1008
290,0-6m,307200,1.1841244640915345,118.41244640915345,34.74353680588608,9.9697265625,0.29331482712430734,3.3480396270751953,640x480,1344x1008
290,0-10m,307200,1.1841244640915345,118.41244640915345,34.74353680588608,9.9697265625,0.29331482712430734,3.3480396270751953,640x480,1344x1008
291,0-3m,87415,0.5048778239754594,50.48778239754594,22.281004874715773,88.22170108105016,0.29185586709556377,3.3480396270751953,640x480,1344x1008
291,0-6m,262433,0.8354371331557555,83.54371331557556,21.95778553923949,83.14350710467052,0.29185586709556377,3.3480396270751953,640x480,1344x1008
291,0-10m,307200,0.9141492769812855,91.41492769812855,21.680960292285313,84.33528645833334,0.29185586709556377,3.3480396270751953,640x480,1344x1008
292,0-3m,130930,0.5668636704787736,56.68636704787736,23.65067151065118,65.5006492018636,0.29165888545082064,3.3480396270751953,640x480,1344x1008
292,0-6m,307200,0.5250934714102187,52.50934714102187,16.762975234984197,84.990234375,0.29165888545082064,3.3480396270751953,640x480,1344x1008
292,0-10m,307200,0.5250934714102187,52.50934714102187,16.762975234984197,84.990234375,0.29165888545082064,3.3480396270751953,640x480,1344x1008
293,0-3m,131152,0.6410883085181164,64.10883085181163,25.592212005861025,56.82795534951811,0.292641742856828,3.3480396270751953,640x480,1344x1008
293,0-6m,307200,0.6985252699628473,69.85252699628472,21.59085444747414,77.34505208333333,0.292641742856828,3.3480396270751953,640x480,1344x1008
293,0-10m,307200,0.6985252699628473,69.85252699628472,21.59085444747414,77.34505208333333,0.292641742856828,3.3480396270751953,640x480,1344x1008
294,0-3m,66576,0.4020769883898897,40.20769883898897,16.006600194856176,96.79464071136746,0.2920290893686514,3.3480396270751953,640x480,1344x1008
294,0-6m,283647,0.5456079078714925,54.56079078714925,16.982200335377854,97.6798626461764,0.2920290893686514,3.3480396270751953,640x480,1344x1008
294,0-10m,307200,0.5839923763597229,58.39923763597229,16.935068204430863,97.75260416666667,0.2920290893686514,3.3480396270751953,640x480,1344x1008
295,0-3m,109283,0.46200541883788043,46.20054188378804,23.207319395238468,74.60355224508845,0.29215250044924845,3.3480396270751953,640x480,1344x1008
295,0-6m,276479,0.6830762851225273,68.30762851225273,20.344823945232125,85.59131073246068,0.29215250044924845,3.3480396270751953,640x480,1344x1008
295,0-10m,307200,0.7723284975303493,77.23284975303493,20.828572928008505,80.888671875,0.29215250044924845,3.3480396270751953,640x480,1344x1008
296,0-3m,159980,0.4424682195081698,44.24682195081698,19.19702600558595,85.71196399549945,0.2846786816059204,3.3480396270751953,640x480,1344x1008
296,0-6m,307200,0.6433894305703386,64.33894305703386,20.160410866448057,80.33723958333333,0.2846786816059204,3.3480396270751953,640x480,1344x1008
296,0-10m,307200,0.6433894305703386,64.33894305703386,20.160410866448057,80.33723958333333,0.2846786816059204,3.3480396270751953,640x480,1344x1008
297,0-3m,112136,0.33140136337555826,33.14013633755582,16.584368923234507,92.73203966611972,0.2851440708971765,3.3480396270751953,640x480,1344x1008
297,0-6m,307200,0.551963524063273,55.1963524063273,16.743017188791555,93.56087239583334,0.2851440708971765,3.3480396270751953,640x480,1344x1008
297,0-10m,307200,0.551963524063273,55.1963524063273,16.743017188791555,93.56087239583334,0.2851440708971765,3.3480396270751953,640x480,1344x1008
298,0-3m,107538,0.5213937341250144,52.13937341250144,22.10606941134543,75.12135245215644,0.28999794478528956,3.3480396270751953,640x480,1344x1008
298,0-6m,282609,0.8749355557999093,87.49355557999094,22.56560678473195,65.46323719343687,0.28999794478528956,3.3480396270751953,640x480,1344x1008
298,0-10m,307200,0.9427306001559675,94.27306001559676,23.020120016880483,61.566080729166664,0.28999794478528956,3.3480396270751953,640x480,1344x1008
299,0-3m,98496,0.5172126619018194,51.721266190181936,26.278568217123755,45.452607212475634,0.29163522231466577,3.3480396270751953,640x480,1344x1008
299,0-6m,307200,0.8333048296300695,83.33048296300694,23.073955652268825,63.29785156249999,0.29163522231466577,3.3480396270751953,640x480,1344x1008
299,0-10m,307200,0.8333048296300695,83.33048296300694,23.073955652268825,63.29785156249999,0.29163522231466577,3.3480396270751953,640x480,1344x1008
300,0-3m,94586,0.5249448325920197,52.49448325920197,24.079459279895197,62.25974245660034,0.2911327825179277,3.3480396270751953,640x480,1344x1008
300,0-6m,218466,0.6025048535787716,60.25048535787716,19.53715624460289,79.34186555344996,0.2911327825179277,3.3480396270751953,640x480,1344x1008
300,0-10m,307200,0.5786194129660726,57.861941296607256,16.00347053616043,84.98697916666667,0.2911327825179277,3.3480396270751953,640x480,1344x1008
301,0-3m,89681,0.6540336225953743,65.40336225953743,34.80572852339762,36.98219243764008,0.2849818985189957,3.3480396270751953,640x480,1344x1008
301,0-6m,307200,0.6797989857941866,67.97989857941866,20.614643669479218,78.17513020833333,0.2849818985189957,3.3480396270751953,640x480,1344x1008
301,0-10m,307200,0.6797989857941866,67.97989857941866,20.614643669479218,78.17513020833333,0.2849818985189957,3.3480396270751953,640x480,1344x1008
302,0-3m,69452,0.48918232259947825,48.91823225994783,22.777513383950666,76.03524736508668,0.29193226786063864,3.3480396270751953,640x480,1344x1008
302,0-6m,264196,0.7454985821249267,74.54985821249267,20.174279987272207,86.1773077563627,0.29193226786063864,3.3480396270751953,640x480,1344x1008
302,0-10m,307200,0.8732495625941858,87.32495625941858,20.69717251673359,81.91634114583334,0.29193226786063864,3.3480396270751953,640x480,1344x1008
303,0-3m,107369,0.5803733125540942,58.03733125540942,23.873013955624916,54.101276904879434,0.29009697129543266,3.3480396270751953,640x480,1344x1008
303,0-6m,209943,0.716709206096931,71.6709206096931,21.68663263572998,65.62924222288908,0.29009697129543266,3.3480396270751953,640x480,1344x1008
303,0-10m,307200,0.901655490436436,90.1655490436436,20.726877320279165,71.38899739583333,0.29009697129543266,3.3480396270751953,640x480,1344x1008
304,0-3m,179232,0.3959058180579095,39.59058180579095,18.23022194983233,79.42610694518835,0.28967191584977375,3.3480396270751953,640x480,1344x1008
304,0-6m,256077,0.5963675337663007,59.63675337663007,19.7877254548147,77.17561514700655,0.28967191584977375,3.3480396270751953,640x480,1344x1008
304,0-10m,307200,0.7592807861673646,75.92807861673646,20.55022490226983,73.86360677083333,0.28967191584977375,3.3480396270751953,640x480,1344x1008
305,0-3m,119424,0.5031792824605773,50.31792824605773,26.57590758804983,56.67788719185424,0.2853887305593595,3.3480396270751953,640x480,1344x1008
305,0-6m,280718,0.7265851961239232,72.65851961239233,22.4240320860861,75.92388090539261,0.2853887305593595,3.3480396270751953,640x480,1344x1008
305,0-10m,307200,0.8473722562370434,84.73722562370433,23.31626482540509,70.09244791666667,0.2853887305593595,3.3480396270751953,640x480,1344x1008
306,0-3m,110754,0.5513542542717711,55.13542542717711,29.761809894331936,39.390902360185635,0.2881699714104318,3.3480396270751953,640x480,1344x1008
306,0-6m,236800,0.7484864645219735,74.84864645219736,24.00033216739378,62.440878378378386,0.2881699714104318,3.3480396270751953,640x480,1344x1008
306,0-10m,307200,0.92489569478125,92.489569478125,23.53090760441773,66.32063802083333,0.2881699714104318,3.3480396270751953,640x480,1344x1008
307,0-3m,102771,0.7385731267682704,73.85731267682704,34.76844814700728,13.990328010820171,0.2929828469377038,3.3480396270751953,640x480,1344x1008
307,0-6m,247822,1.0050504978131152,100.50504978131151,29.806759030619347,26.29064409132361,0.2929828469377038,3.3480396270751953,640x480,1344x1008
307,0-10m,307200,1.20932560945473,120.932560945473,29.91548642486347,22.935221354166664,0.2929828469377038,3.3480396270751953,640x480,1344x1008
308,0-3m,84405,0.5875983823878839,58.75983823878839,32.902246917071025,34.237308216337894,0.29327827600777356,3.3480396270751953,640x480,1344x1008
308,0-6m,229638,0.8376422747745758,83.76422747745758,26.737179576384346,46.63992893162281,0.29327827600777356,3.3480396270751953,640x480,1344x1008
308,0-10m,307200,1.0467102643106287,104.67102643106287,26.356902212273013,45.6064453125,0.29327827600777356,3.3480396270751953,640x480,1344x1008
309,0-3m,100872,0.653533823242771,65.35338232427709,30.89165830690659,24.861210246649218,0.29290906119943555,3.3480396270751953,640x480,1344x1008
309,0-6m,250317,0.7931631102030455,79.31631102030455,24.125169222242786,64.41512162577851,0.29290906119943555,3.3480396270751953,640x480,1344x1008
309,0-10m,307200,0.9149894173943903,91.49894173943903,23.713211513607526,66.93359375,0.29290906119943555,3.3480396270751953,640x480,1344x1008
310,0-3m,161121,0.6145819579979858,61.458195799798574,27.172324597464627,16.283414328361914,0.29269053964110275,3.3480396270751953,640x480,1344x1008
310,0-6m,240822,0.7493332817236855,74.93332817236855,26.291632272532585,27.04777802692445,0.29269053964110275,3.3480396270751953,640x480,1344x1008
310,0-10m,307200,0.8342028277208252,83.42028277208252,24.258913668058657,42.170247395833336,0.29269053964110275,3.3480396270751953,640x480,1344x1008
311,0-3m,105595,0.3790104848089145,37.901048480891454,16.612856921419645,94.02055021544581,0.2931864094137498,3.3480396270751953,640x480,1344x1008
311,0-6m,307200,0.7064606029489854,70.64606029489853,18.890549987378865,90.03125,0.2931864094137498,3.3480396270751953,640x480,1344x1008
311,0-10m,307200,0.7064606029489854,70.64606029489853,18.890549987378865,90.03125,0.2931864094137498,3.3480396270751953,640x480,1344x1008
312,0-3m,157555,0.4326735394668573,43.26735394668573,24.965111211992987,79.94985877947384,0.29212959347978534,3.3480396270751953,640x480,1344x1008
312,0-6m,307200,0.539217075042155,53.9217075042155,20.11281851228074,88.96256510416667,0.29212959347978534,3.3480396270751953,640x480,1344x1008
312,0-10m,307200,0.539217075042155,53.9217075042155,20.11281851228074,88.96256510416667,0.29212959347978534,3.3480396270751953,640x480,1344x1008
313,0-3m,133746,0.8732281388097426,87.32281388097427,43.399006789279795,3.2643966922375247,0.29130504543698366,3.3480396270751953,640x480,1344x1008
313,0-6m,283269,1.0591552930249764,105.91552930249763,34.747632492485316,24.38035930511281,0.29130504543698366,3.3480396270751953,640x480,1344x1008
313,0-10m,307200,1.1277678529398205,112.77678529398204,34.43823050682854,23.8046875,0.29130504543698366,3.3480396270751953,640x480,1344x1008
314,0-3m,143264,0.4451359519841071,44.51359519841071,20.3745213005981,89.2555003350458,0.29210478733313944,3.3480396270751953,640x480,1344x1008
314,0-6m,307200,0.6300274655362591,63.00274655362591,18.983984138548507,93.76985677083334,0.29210478733313944,3.3480396270751953,640x480,1344x1008
314,0-10m,307200,0.6300274655362591,63.00274655362591,18.983984138548507,93.76985677083334,0.29210478733313944,3.3480396270751953,640x480,1344x1008
315,0-3m,115162,0.7369217817125542,73.69217817125542,33.16024632885705,9.241763776245637,0.2918874552038719,3.3480396270751953,640x480,1344x1008
315,0-6m,251599,1.1254743864930692,112.54743864930691,31.069231025869726,15.467470061486733,0.2918874552038719,3.3480396270751953,640x480,1344x1008
315,0-10m,307200,1.3217956703152351,132.1795670315235,31.63251834001601,13.848307291666668,0.2918874552038719,3.3480396270751953,640x480,1344x1008
316,0-3m,84159,0.5892106458008417,58.92106458008417,29.932139160148196,23.796623058734063,0.29204637684853096,3.3480396270751953,640x480,1344x1008
316,0-6m,255280,1.1060941732184748,110.60941732184747,28.774859375230765,21.73965841429019,0.29204637684853096,3.3480396270751953,640x480,1344x1008
316,0-10m,307200,1.240977125550077,124.0977125550077,28.89770595038242,19.9033203125,0.29204637684853096,3.3480396270751953,640x480,1344x1008
317,0-3m,130260,0.7509100177481888,75.09100177481888,36.235931550472664,7.614002763703362,0.292679977185328,3.3480396270751953,640x480,1344x1008
317,0-6m,232988,0.8670221002955398,86.70221002955398,30.57715131558562,31.61278692464848,0.292679977185328,3.3480396270751953,640x480,1344x1008
317,0-10m,307200,0.8447265172231709,84.4726517223171,26.15689838169392,47.86653645833333,0.292679977185328,3.3480396270751953,640x480,1344x1008
318,0-3m,140519,0.4031970167179716,40.31970167179716,22.2859397217325,75.70648809057849,0.29270874516972095,3.3480396270751953,640x480,1344x1008
318,0-6m,278962,0.6726670867342224,67.26670867342224,22.21823890839293,74.96469053132685,0.29270874516972095,3.3480396270751953,640x480,1344x1008
318,0-10m,307200,0.7024277618325626,70.24277618325627,21.609808516889327,77.26041666666667,0.29270874516972095,3.3480396270751953,640x480,1344x1008
319,0-3m,127214,0.4824958237723719,48.24958237723719,26.11933755423562,47.397299039413895,0.29311828612656116,3.3480396270751953,640x480,1344x1008
319,0-6m,304899,0.7868253284775828,78.68253284775828,24.569524441044646,59.270446934886635,0.29311828612656116,3.3480396270751953,640x480,1344x1008
319,0-10m,307200,0.7917228989025655,79.17228989025655,24.562101767570397,59.405598958333336,0.29311828612656116,3.3480396270751953,640x480,1344x1008
320,0-3m,125275,0.8719105292670243,87.19105292670243,37.95644689959947,23.002195170624624,0.2929701604912866,3.3480396270751953,640x480,1344x1008
320,0-6m,266687,1.4762183740670964,147.62183740670963,40.1535709836808,15.166468556772546,0.2929701604912866,3.3480396270751953,640x480,1344x1008
320,0-10m,307200,1.661302724138368,166.1302724138368,40.94093989404264,13.166341145833332,0.2929701604912866,3.3480396270751953,640x480,1344x1008
321,0-3m,126017,0.9350849463513465,93.50849463513465,41.457789303772174,5.129466659260259,0.29267168538204336,3.3480396270751953,640x480,1344x1008
321,0-6m,287971,1.3483629223335611,134.83629223335612,39.1643541709048,6.182219737404114,0.29267168538204336,3.3480396270751953,640x480,1344x1008
321,0-10m,307200,1.4289059132054294,142.89059132054294,39.36150513878753,5.795247395833333,0.29267168538204336,3.3480396270751953,640x480,1344x1008
322,0-3m,163646,0.6805813139885897,68.05813139885896,28.70341120190333,15.215159551715288,0.2931005107018364,3.3480396270751953,640x480,1344x1008
322,0-6m,307200,0.8102718373690732,81.02718373690732,26.65461636951755,30.067708333333332,0.2931005107018364,3.3480396270751953,640x480,1344x1008
322,0-10m,307200,0.8102718373690732,81.02718373690732,26.65461636951755,30.067708333333332,0.2931005107018364,3.3480396270751953,640x480,1344x1008
323,0-3m,155335,0.6156956189308114,61.569561893081136,26.415754470953072,25.983841375092542,0.2916054404585293,3.3480396270751953,640x480,1344x1008
323,0-6m,307200,0.7377577948609056,73.77577948609057,24.825842915553604,42.89322916666667,0.2916054404585293,3.3480396270751953,640x480,1344x1008
323,0-10m,307200,0.7377577948609056,73.77577948609057,24.825842915553604,42.89322916666667,0.2916054404585293,3.3480396270751953,640x480,1344x1008
324,0-3m,187365,0.6970075753463443,69.70075753463443,34.74211485320332,7.33274624396232,0.2928758877522893,3.3480396270751953,640x480,1344x1008
324,0-6m,307200,0.8038859106658492,80.38859106658492,32.37527765434762,8.930013020833332,0.2928758877522893,3.3480396270751953,640x480,1344x1008
324,0-10m,307200,0.8038859106658492,80.38859106658492,32.37527765434762,8.930013020833332,0.2928758877522893,3.3480396270751953,640x480,1344x1008
325,0-3m,154765,0.465190111039101,46.5190111039101,20.319392314454625,63.19387458404678,0.28470467413501155,3.3480396270751953,640x480,1344x1008
325,0-6m,307177,0.7532332127046698,75.32332127046698,22.935544373130703,62.32335103214108,0.28470467413501155,3.3480396270751953,640x480,1344x1008
325,0-10m,307200,0.7532972870654582,75.32972870654582,22.935819957689628,62.319010416666664,0.28470467413501155,3.3480396270751953,640x480,1344x1008
326,0-3m,120425,1.038989501329089,103.89895013290891,43.02424905450516,2.8739879593107744,0.27891489832245414,3.3480396270751953,640x480,1344x1008
326,0-6m,305225,1.3510673405093228,135.1067340509323,38.215236137339126,7.703497419936113,0.27891489832245414,3.3480396270751953,640x480,1344x1008
326,0-10m,307200,1.3480416713034113,134.80416713034114,38.05815971827466,8.296875,0.27891489832245414,3.3480396270751953,640x480,1344x1008
327,0-3m,214247,0.2854360441100218,28.543604411002182,11.962864298227386,99.26253343103988,0.2921972579271203,3.3480396270751953,640x480,1344x1008
327,0-6m,307200,0.3957682054342392,39.57682054342392,13.370072572890985,96.81868489583333,0.2921972579271203,3.3480396270751953,640x480,1344x1008
327,0-10m,307200,0.3957682054342392,39.57682054342392,13.370072572890985,96.81868489583333,0.2921972579271203,3.3480396270751953,640x480,1344x1008
328,0-3m,199467,0.6116345981542592,61.163459815425924,30.438604470770315,17.06096747832975,0.2724824596223572,3.3480396270751953,640x480,1344x1008
328,0-6m,297637,0.8424874546182318,84.24874546182318,30.15899929006637,22.945735913209713,0.2724824596223572,3.3480396270751953,640x480,1344x1008
328,0-10m,307200,0.8685902257830215,86.85902257830215,30.061986687670306,23.153645833333332,0.2724824596223572,3.3480396270751953,640x480,1344x1008
329,0-3m,166326,0.3904145653207009,39.04145653207009,22.06100274094457,70.90833664009236,0.29069983776529446,3.3480396270751953,640x480,1344x1008
329,0-6m,307162,0.673812179368516,67.3812179368516,22.87850472498228,66.78690723461887,0.29069983776529446,3.3480396270751953,640x480,1344x1008
329,0-10m,307200,0.6738403755626253,67.38403755626253,22.87751308493924,66.791015625,0.29069983776529446,3.3480396270751953,640x480,1344x1008
330,0-3m,74886,0.8487738144196204,84.87738144196204,35.76667062098453,8.219159789546778,0.27949778384814583,3.3480396270751953,640x480,1344x1008
330,0-6m,161639,0.9873825137580496,98.73825137580496,30.260639050226285,21.270237999492696,0.27949778384814583,3.3480396270751953,640x480,1344x1008
330,0-10m,307200,1.2093179532214222,120.93179532214222,25.638052627811962,45.839518229166664,0.27949778384814583,3.3480396270751953,640x480,1344x1008
331,0-3m,103523,0.7246482936277694,72.46482936277694,34.4409854752619,6.165779585212948,0.2811587112828849,3.3480396270751953,640x480,1344x1008
331,0-6m,277133,1.1095796872259307,110.95796872259307,31.043545969947793,20.895743199113785,0.2811587112828849,3.3480396270751953,640x480,1344x1008
331,0-10m,307200,1.173561392002739,117.3561392002739,30.76401839327089,20.534505208333336,0.2811587112828849,3.3480396270751953,640x480,1344x1008
332,0-3m,189009,0.3336583855930309,33.36583855930309,16.36407329228666,92.02101487230767,0.2882127443528291,3.3480396270751953,640x480,1344x1008
332,0-6m,231358,0.36290518685407996,36.290518685407996,15.301841596499399,91.33031924549832,0.2882127443528291,3.3480396270751953,640x480,1344x1008
332,0-10m,307200,0.5547045996420396,55.470459964203954,15.343596051258418,87.1435546875,0.2882127443528291,3.3480396270751953,640x480,1344x1008
333,0-3m,70527,0.5114233989948291,51.14233989948291,26.820096792786348,65.49264820565173,0.2906587903548234,3.3480396270751953,640x480,1344x1008
333,0-6m,223861,0.6434706984212075,64.34706984212075,19.168849238454438,86.02615015567696,0.2906587903548234,3.3480396270751953,640x480,1344x1008
333,0-10m,307200,0.7439779835171066,74.39779835171066,17.746211717082755,85.4306640625,0.2906587903548234,3.3480396270751953,640x480,1344x1008
334,0-3m,89903,0.48344466644294876,48.344466644294876,20.203828715156614,94.53633360399542,0.29247732240339375,3.3480396270751953,640x480,1344x1008
334,0-6m,261863,0.6175231395127743,61.75231395127743,17.032476069180287,92.97037000263497,0.29247732240339375,3.3480396270751953,640x480,1344x1008
334,0-10m,307200,0.7198865541866204,71.98865541866203,17.200654699667645,87.2705078125,0.29247732240339375,3.3480396270751953,640x480,1344x1008
335,0-3m,240048,0.5536970371176964,55.36970371176964,23.711972550810938,60.76618009731387,0.29290113388669786,3.3480396270751953,640x480,1344x1008
335,0-6m,307200,0.6091863098108055,60.91863098108055,24.04904140800065,57.12402343750001,0.29290113388669786,3.3480396270751953,640x480,1344x1008
335,0-10m,307200,0.6091863098108055,60.91863098108055,24.04904140800065,57.12402343750001,0.29290113388669786,3.3480396270751953,640x480,1344x1008
336,0-3m,237987,0.3723672975861671,37.23672975861671,16.06033247523665,98.13687302247601,0.2923811011051786,3.3480396270751953,640x480,1344x1008
336,0-6m,307200,0.42363278538493127,42.36327853849313,16.5125505718259,97.19759114583333,0.2923811011051786,3.3480396270751953,640x480,1344x1008
336,0-10m,307200,0.42363278538493127,42.36327853849313,16.5125505718259,97.19759114583333,0.2923811011051786,3.3480396270751953,640x480,1344x1008
337,0-3m,268771,0.3260843355387394,32.60843355387394,14.289016384075326,98.5831804770604,0.2913965857401674,3.3480396270751953,640x480,1344x1008
337,0-6m,307200,0.32526817014984166,32.52681701498417,13.766182444355813,98.75944010416666,0.2913965857401674,3.3480396270751953,640x480,1344x1008
337,0-10m,307200,0.32526817014984166,32.52681701498417,13.766182444355813,98.75944010416666,0.2913965857401674,3.3480396270751953,640x480,1344x1008
338,0-3m,142959,0.2333721901634162,23.33721901634162,12.56416271977597,88.77860085758854,0.2902771522710196,3.3480396270751953,640x480,1344x1008
338,0-6m,307200,0.3049641874913747,30.496418749137472,11.214778467938823,93.39811197916667,0.2902771522710196,3.3480396270751953,640x480,1344x1008
338,0-10m,307200,0.3049641874913747,30.496418749137472,11.214778467938823,93.39811197916667,0.2902771522710196,3.3480396270751953,640x480,1344x1008
339,0-3m,211324,0.3140924714766713,31.40924714766713,22.74967087281288,65.52024379625598,0.2919079212668073,3.3480396270751953,640x480,1344x1008
339,0-6m,304796,0.30665225559303216,30.665225559303217,18.023373627259996,73.84972243730232,0.2919079212668073,3.3480396270751953,640x480,1344x1008
339,0-10m,307200,0.3129977899203853,31.29977899203853,18.02556489944378,74.0126953125,0.2919079212668073,3.3480396270751953,640x480,1344x1008
340,0-3m,257205,0.15748203416970133,15.748203416970133,9.100656031576019,97.55875663381349,0.2900752353626447,3.3480396270751953,640x480,1344x1008
340,0-6m,307200,0.18467098382515057,18.467098382515058,9.08045567140945,96.19759114583334,0.2900752353626447,3.3480396270751953,640x480,1344x1008
340,0-10m,307200,0.18467098382515057,18.467098382515058,9.08045567140945,96.19759114583334,0.2900752353626447,3.3480396270751953,640x480,1344x1008
341,0-3m,219329,0.28960057468093064,28.960057468093066,13.267268819735955,93.75367598447994,0.2924974007235298,3.3480396270751953,640x480,1344x1008
341,0-6m,307200,0.34975813937218236,34.975813937218234,13.700315793071166,92.9765625,0.2924974007235298,3.3480396270751953,640x480,1344x1008
341,0-10m,307200,0.34975813937218236,34.975813937218234,13.700315793071166,92.9765625,0.2924974007235298,3.3480396270751953,640x480,1344x1008
342,0-3m,263254,0.42187860543210365,42.18786054321036,17.855373536410603,92.82897885692145,0.2915719325173855,3.3480396270751953,640x480,1344x1008
342,0-6m,307200,0.43979546380830775,43.979546380830776,17.791771407372945,93.18294270833334,0.2915719325173855,3.3480396270751953,640x480,1344x1008
342,0-10m,307200,0.43979546380830775,43.979546380830776,17.791771407372945,93.18294270833334,0.2915719325173855,3.3480396270751953,640x480,1344x1008
343,0-3m,144908,0.23784816326764194,23.784816326764194,12.568781177049127,93.93684268639413,0.2901421197332509,3.3480396270751953,640x480,1344x1008
343,0-6m,307200,0.5391517415718409,53.91517415718409,16.03253144030879,90.2705078125,0.2901421197332509,3.3480396270751953,640x480,1344x1008
343,0-10m,307200,0.5391517415718409,53.91517415718409,16.03253144030879,90.2705078125,0.2901421197332509,3.3480396270751953,640x480,1344x1008
344,0-3m,170096,0.3941678123962295,39.41678123962295,18.532481065371346,92.00392719405512,0.28994335811636274,3.3480396270751953,640x480,1344x1008
344,0-6m,307200,0.49901440148901505,49.90144014890151,18.064758655879505,91.96451822916667,0.28994335811636274,3.3480396270751953,640x480,1344x1008
344,0-10m,307200,0.49901440148901505,49.90144014890151,18.064758655879505,91.96451822916667,0.28994335811636274,3.3480396270751953,640x480,1344x1008
345,0-3m,290869,0.3159928502892695,31.59928502892695,18.744592497774008,76.61318325431724,0.2915194287057273,3.3480396270751953,640x480,1344x1008
345,0-6m,307200,0.3153370521772498,31.53370521772498,18.240029528963568,77.70735677083334,0.2915194287057273,3.3480396270751953,640x480,1344x1008
345,0-10m,307200,0.3153370521772498,31.53370521772498,18.240029528963568,77.70735677083334,0.2915194287057273,3.3480396270751953,640x480,1344x1008
346,0-3m,179696,0.4138672396049067,41.38672396049067,22.619993670011347,69.5591443326507,0.29102798271742,3.3480396270751953,640x480,1344x1008
346,0-6m,251549,0.443720530509708,44.3720530509708,19.882808783959536,75.0509841025009,0.29102798271742,3.3480396270751953,640x480,1344x1008
346,0-10m,307200,0.4601666863672047,46.01666863672047,17.67472300793407,78.9677734375,0.29102798271742,3.3480396270751953,640x480,1344x1008
347,0-3m,194523,0.5281410238504353,52.814102385043526,35.23685006068796,43.48174765965978,0.2914568857164284,3.3480396270751953,640x480,1344x1008
347,0-6m,307200,0.9398328833594375,93.98328833594375,38.95879551358087,49.7841796875,0.2914568857164284,3.3480396270751953,640x480,1344x1008
347,0-10m,307200,0.9398328833594375,93.98328833594375,38.95879551358087,49.7841796875,0.2914568857164284,3.3480396270751953,640x480,1344x1008
348,0-3m,115350,0.6075660216503449,60.756602165034494,25.848528538682462,25.689640225400957,0.2877468223884507,3.3480396270751953,640x480,1344x1008
348,0-6m,215349,0.5445956130639547,54.459561306395464,19.108279556851265,56.489698117938794,0.2877468223884507,3.3480396270751953,640x480,1344x1008
348,0-10m,307200,0.6195095639644812,61.95095639644812,16.894568340589842,67.14388020833333,0.2877468223884507,3.3480396270751953,640x480,1344x1008
349,0-3m,141384,0.3216551610755103,32.16551610755103,14.778085300776475,94.98387370565268,0.28549251512776275,3.3480396270751953,640x480,1344x1008
349,0-6m,307186,0.4412622422595575,44.12622422595575,14.407104824759987,90.09394959405702,0.28549251512776275,3.3480396270751953,640x480,1344x1008
349,0-10m,307200,0.4413662222978504,44.13662222978504,14.408505488963474,90.08984375,0.28549251512776275,3.3480396270751953,640x480,1344x1008
350,0-3m,127305,0.4502909985647138,45.029099856471376,17.24639628259345,99.81854601154707,0.28411526067516474,3.3480396270751953,640x480,1344x1008
350,0-6m,279823,0.5243915860011163,52.43915860011163,15.586418910279978,97.77645154258228,0.28411526067516474,3.3480396270751953,640x480,1344x1008
350,0-10m,307200,0.5720587832185751,57.205878321857504,15.407128267765637,97.029296875,0.28411526067516474,3.3480396270751953,640x480,1344x1008
351,0-3m,137167,0.5056512130025784,50.56512130025784,20.178412477164933,88.83259092930516,0.29091470186113877,3.3480396270751953,640x480,1344x1008
351,0-6m,236243,0.6151950426280274,61.51950426280274,19.442745495442097,90.00012698788959,0.29091470186113877,3.3480396270751953,640x480,1344x1008
351,0-10m,307200,0.8600881481477215,86.00881481477215,19.42160572193268,89.46712239583333,0.29091470186113877,3.3480396270751953,640x480,1344x1008
352,0-3m,104293,0.282883816397564,28.2883816397564,10.766881725435761,96.10903895755229,0.2913524466937516,3.3480396270751953,640x480,1344x1008
352,0-6m,307200,0.3135543778767654,31.35543778767654,9.228115812931932,97.0771484375,0.2913524466937516,3.3480396270751953,640x480,1344x1008
352,0-10m,307200,0.3135543778767654,31.35543778767654,9.228115812931932,97.0771484375,0.2913524466937516,3.3480396270751953,640x480,1344x1008
353,0-3m,181587,0.11314366679838175,11.314366679838175,4.764061119180729,97.94478679641165,0.29227333355374757,3.3480396270751953,640x480,1344x1008
353,0-6m,307200,0.123039974354906,12.3039974354906,4.45172599600552,97.05631510416667,0.29227333355374757,3.3480396270751953,640x480,1344x1008
353,0-10m,307200,0.123039974354906,12.3039974354906,4.45172599600552,97.05631510416667,0.29227333355374757,3.3480396270751953,640x480,1344x1008
354,0-3m,45002,0.1466993845720767,14.669938457207671,7.2401858966249915,94.1891471490156,0.2668150656500673,3.3480396270751953,640x480,1344x1008
354,0-6m,288012,0.24590651426827156,24.590651426827158,6.186494210360674,97.1202588781023,0.2668150656500673,3.3480396270751953,640x480,1344x1008
354,0-10m,307200,0.2621536454181963,26.215364541819632,6.297498161395594,97.29166666666667,0.2668150656500673,3.3480396270751953,640x480,1344x1008
355,0-3m,193260,0.28597130674445137,28.597130674445136,18.950505286593405,68.55790127289661,0.267593081048373,3.3480396270751953,640x480,1344x1008
355,0-6m,305650,0.25599768651539967,25.599768651539968,13.666556898705515,78.31048584982824,0.267593081048373,3.3480396270751953,640x480,1344x1008
355,0-10m,307200,0.2557136795295325,25.57136795295325,13.614235475277217,78.41373697916667,0.267593081048373,3.3480396270751953,640x480,1344x1008
356,0-3m,143131,0.17922363500477625,17.922363500477626,9.004826225539562,98.79760499123181,0.2623438830914317,3.3480396270751953,640x480,1344x1008
356,0-6m,307200,0.22388807819612946,22.388807819612946,7.717712126928116,98.91341145833333,0.2623438830914317,3.3480396270751953,640x480,1344x1008
356,0-10m,307200,0.22388807819612946,22.388807819612946,7.717712126928116,98.91341145833333,0.2623438830914317,3.3480396270751953,640x480,1344x1008
357,0-3m,139472,0.1349980156260564,13.49980156260564,7.780865630671675,88.97126304921417,0.26278354574543117,3.3480396270751953,640x480,1344x1008
357,0-6m,307200,0.15342749651211005,15.342749651211005,5.703428327982415,93.82649739583333,0.26278354574543117,3.3480396270751953,640x480,1344x1008
357,0-10m,307200,0.15342749651211005,15.342749651211005,5.703428327982415,93.82649739583333,0.26278354574543117,3.3480396270751953,640x480,1344x1008
358,0-3m,239193,0.3237591542395358,32.37591542395358,13.369760311239093,99.9084421366846,0.27371261325228086,3.3480396270751953,640x480,1344x1008
358,0-6m,307200,0.3557737883417091,35.57737883417091,13.628048956449732,99.826171875,0.27371261325228086,3.3480396270751953,640x480,1344x1008
358,0-10m,307200,0.3557737883417091,35.57737883417091,13.628048956449732,99.826171875,0.27371261325228086,3.3480396270751953,640x480,1344x1008
359,0-3m,221848,0.17957516697382403,17.957516697382403,10.887202955415344,96.34254083877249,0.27932702633341894,3.3480396270751953,640x480,1344x1008
359,0-6m,307200,0.153256442421504,15.3256442421504,8.609081618583115,96.9423828125,0.27932702633341894,3.3480396270751953,640x480,1344x1008
359,0-10m,307200,0.153256442421504,15.3256442421504,8.609081618583115,96.9423828125,0.27932702633341894,3.3480396270751953,640x480,1344x1008
360,0-3m,307200,0.1591253187189189,15.912531871891892,11.284116597514842,95.3134765625,0.291233942780594,3.3480396270751953,640x480,1344x1008
360,0-6m,307200,0.1591253187189189,15.912531871891892,11.284116597514842,95.3134765625,0.291233942780594,3.3480396270751953,640x480,1344x1008
360,0-10m,307200,0.1591253187189189,15.912531871891892,11.284116597514842,95.3134765625,0.291233942780594,3.3480396270751953,640x480,1344x1008
361,0-3m,268553,0.1061772508888405,10.61772508888405,6.162465493598975,99.34277405204932,0.2810663556350738,3.3480396270751953,640x480,1344x1008
361,0-6m,307200,0.1220151896829096,12.20151896829096,6.256562918258565,98.1044921875,0.2810663556350738,3.3480396270751953,640x480,1344x1008
361,0-10m,307200,0.1220151896829096,12.20151896829096,6.256562918258565,98.1044921875,0.2810663556350738,3.3480396270751953,640x480,1344x1008
362,0-3m,92902,0.18931867295206048,18.931867295206047,7.432250695858249,98.9591182105875,0.28814278604743565,3.3480396270751953,640x480,1344x1008
362,0-6m,307200,0.30725891947474643,30.725891947474643,8.368591351881571,98.25260416666667,0.28814278604743565,3.3480396270751953,640x480,1344x1008
362,0-10m,307200,0.30725891947474643,30.725891947474643,8.368591351881571,98.25260416666667,0.28814278604743565,3.3480396270751953,640x480,1344x1008
363,0-3m,160726,0.29513070310341283,29.513070310341284,16.979695303212115,91.8749922227891,0.286053136085695,3.3480396270751953,640x480,1344x1008
363,0-6m,307200,0.44705925655318424,44.705925655318424,17.091100924251514,91.28971354166666,0.286053136085695,3.3480396270751953,640x480,1344x1008
363,0-10m,307200,0.44705925655318424,44.705925655318424,17.091100924251514,91.28971354166666,0.286053136085695,3.3480396270751953,640x480,1344x1008
364,0-3m,167290,0.2500940626193749,25.00940626193749,15.19599099675032,91.2780202044354,0.2903931499278689,3.3480396270751953,640x480,1344x1008
364,0-6m,307200,0.30914300977776293,30.914300977776293,12.62873467097462,94.76790364583333,0.2903931499278689,3.3480396270751953,640x480,1344x1008
364,0-10m,307200,0.30914300977776293,30.914300977776293,12.62873467097462,94.76790364583333,0.2903931499278689,3.3480396270751953,640x480,1344x1008
365,0-3m,143308,0.1302877620045977,13.028776200459772,5.193101263808267,99.95254975297959,0.29184695755711243,3.3480396270751953,640x480,1344x1008
365,0-6m,307200,0.12881534761438768,12.881534761438768,4.343128777398868,99.27018229166666,0.29184695755711243,3.3480396270751953,640x480,1344x1008
365,0-10m,307200,0.12881534761438768,12.881534761438768,4.343128777398868,99.27018229166666,0.29184695755711243,3.3480396270751953,640x480,1344x1008
366,0-3m,169046,0.08279046908257387,8.279046908257387,3.997459298748069,98.17564449913041,0.2804804405552129,3.3480396270751953,640x480,1344x1008
366,0-6m,307200,0.09203758154413663,9.203758154413663,3.5746022135902065,97.94205729166666,0.2804804405552129,3.3480396270751953,640x480,1344x1008
366,0-10m,307200,0.09203758154413663,9.203758154413663,3.5746022135902065,97.94205729166666,0.2804804405552129,3.3480396270751953,640x480,1344x1008
367,0-3m,280411,0.22360845574469268,22.360845574469266,12.597171157043006,91.48642528288833,0.2909341006606318,3.3480396270751953,640x480,1344x1008
367,0-6m,307200,0.2197427366761258,21.97427366761258,12.006476189016235,92.04622395833333,0.2909341006606318,3.3480396270751953,640x480,1344x1008
367,0-10m,307200,0.2197427366761258,21.97427366761258,12.006476189016235,92.04622395833333,0.2909341006606318,3.3480396270751953,640x480,1344x1008
368,0-3m,240342,0.13829176294156936,13.829176294156936,6.806518985039367,98.65233708631867,0.2920998812160438,3.3480396270751953,640x480,1344x1008
368,0-6m,307200,0.18696967312716878,18.69696731271688,7.181977428417234,97.3828125,0.2920998812160438,3.3480396270751953,640x480,1344x1008
368,0-10m,307200,0.18696967312716878,18.69696731271688,7.181977428417234,97.3828125,0.2920998812160438,3.3480396270751953,640x480,1344x1008
369,0-3m,161588,0.20914662859226024,20.914662859226024,8.978433816860042,92.31811768200609,0.282372806933614,3.3480396270751953,640x480,1344x1008
369,0-6m,306656,0.20323978630637532,20.323978630637534,7.0505888847698595,94.19740686632578,0.282372806933614,3.3480396270751953,640x480,1344x1008
369,0-10m,307200,0.2038506916394302,20.38506916394302,7.054192185492031,94.19173177083333,0.282372806933614,3.3480396270751953,640x480,1344x1008
370,0-3m,179621,0.10554819794625693,10.554819794625693,5.531906039049159,95.19488255827548,0.2798994466820243,3.3480396270751953,640x480,1344x1008
370,0-6m,307200,0.18514827583470225,18.514827583470225,6.215926326904203,94.314453125,0.2798994466820243,3.3480396270751953,640x480,1344x1008
370,0-10m,307200,0.18514827583470225,18.514827583470225,6.215926326904203,94.314453125,0.2798994466820243,3.3480396270751953,640x480,1344x1008
371,0-3m,198655,0.16783001661264654,16.783001661264656,9.188349308889876,94.45017744330625,0.26678417976250746,3.3480396270751953,640x480,1344x1008
371,0-6m,307200,0.20747523572004867,20.747523572004866,9.072085454191106,95.39290364583334,0.26678417976250746,3.3480396270751953,640x480,1344x1008
371,0-10m,307200,0.20747523572004867,20.747523572004866,9.072085454191106,95.39290364583334,0.26678417976250746,3.3480396270751953,640x480,1344x1008
372,0-3m,125995,0.16903447279632458,16.90344727963246,7.478756090645438,97.51577443549347,0.28899488129358597,3.3480396270751953,640x480,1344x1008
372,0-6m,306588,0.3638708965278197,36.38708965278197,9.577943561960025,97.39944159588764,0.28899488129358597,3.3480396270751953,640x480,1344x1008
372,0-10m,307200,0.36445370347394296,36.445370347394295,9.580583745610632,97.40462239583333,0.28899488129358597,3.3480396270751953,640x480,1344x1008
373,0-3m,131828,0.1691625522377892,16.91625522377892,9.004718233038032,91.93418697090148,0.2927641381746582,3.3480396270751953,640x480,1344x1008
373,0-6m,307200,0.2945161270769313,29.45161270769313,9.798580501766958,95.08756510416667,0.2927641381746582,3.3480396270751953,640x480,1344x1008
373,0-10m,307200,0.2945161270769313,29.45161270769313,9.798580501766958,95.08756510416667,0.2927641381746582,3.3480396270751953,640x480,1344x1008
374,0-3m,182478,0.24416064469528348,24.416064469528347,13.835088186678407,88.04294216289087,0.2895628825319397,3.3480396270751953,640x480,1344x1008
374,0-6m,307200,0.22482850758727485,22.482850758727484,10.523638335652658,92.33951822916666,0.2895628825319397,3.3480396270751953,640x480,1344x1008
374,0-10m,307200,0.22482850758727485,22.482850758727484,10.523638335652658,92.33951822916666,0.2895628825319397,3.3480396270751953,640x480,1344x1008
375,0-3m,304488,0.11870381717649969,11.87038171764997,7.172122889779827,92.72746380809753,0.27456951687000586,3.3480396270751953,640x480,1344x1008
375,0-6m,307200,0.11936228995114409,11.936228995114408,7.165101332434942,92.78938802083333,0.27456951687000586,3.3480396270751953,640x480,1344x1008
375,0-10m,307200,0.11936228995114409,11.936228995114408,7.165101332434942,92.78938802083333,0.27456951687000586,3.3480396270751953,640x480,1344x1008
376,0-3m,250758,0.2958519577134788,29.585195771347877,16.258444057112133,95.11481189034846,0.28255966049572634,3.3480396270751953,640x480,1344x1008
376,0-6m,307200,0.33258896428936474,33.258896428936474,16.086259646352367,95.51171875,0.28255966049572634,3.3480396270751953,640x480,1344x1008
376,0-10m,307200,0.33258896428936474,33.258896428936474,16.086259646352367,95.51171875,0.28255966049572634,3.3480396270751953,640x480,1344x1008
377,0-3m,180189,0.3400450241264752,34.00450241264752,17.59951216436998,83.14880486600181,0.28904913644755564,3.3480396270751953,640x480,1344x1008
377,0-6m,307200,0.35682773395363865,35.68277339536387,14.878893485453009,89.63020833333334,0.28904913644755564,3.3480396270751953,640x480,1344x1008
377,0-10m,307200,0.35682773395363865,35.68277339536387,14.878893485453009,89.63020833333334,0.28904913644755564,3.3480396270751953,640x480,1344x1008
378,0-3m,182735,0.21661379475872386,21.661379475872387,10.469849841293097,98.707417845514,0.2918058154874963,3.3480396270751953,640x480,1344x1008
378,0-6m,307200,0.21250539770311055,21.250539770311054,8.546691763624475,98.78743489583334,0.2918058154874963,3.3480396270751953,640x480,1344x1008
378,0-10m,307200,0.21250539770311055,21.250539770311054,8.546691763624475,98.78743489583334,0.2918058154874963,3.3480396270751953,640x480,1344x1008
379,0-3m,65728,0.4148408399864001,41.48408399864001,17.826908840849377,91.21074732229796,0.28927657800040013,3.3480396270751953,640x480,1344x1008
379,0-6m,290276,0.7059093556311432,70.59093556311431,18.416655615460307,86.02778045722003,0.28927657800040013,3.3480396270751953,640x480,1344x1008
379,0-10m,307200,0.7354584549712794,73.54584549712794,18.48300795171467,86.58040364583334,0.28927657800040013,3.3480396270751953,640x480,1344x1008
380,0-3m,102840,0.5089320369600925,50.89320369600925,23.55428934493655,73.70283936211591,0.2846647268657868,3.3480396270751953,640x480,1344x1008
380,0-6m,306817,0.6327681900690544,63.27681900690544,19.01908350056383,88.16036921031103,0.2846647268657868,3.3480396270751953,640x480,1344x1008
380,0-10m,307200,0.6329064415356455,63.29064415356454,19.010685058469033,88.17513020833333,0.2846647268657868,3.3480396270751953,640x480,1344x1008
381,0-3m,107668,0.34468311617020736,34.46831161702074,18.551234725979278,75.82568636920905,0.2744598177914389,3.3480396270751953,640x480,1344x1008
381,0-6m,307200,0.4136141117995915,41.36141117995915,13.441057026133432,89.72135416666667,0.2744598177914389,3.3480396270751953,640x480,1344x1008
381,0-10m,307200,0.4136141117995915,41.36141117995915,13.441057026133432,89.72135416666667,0.2744598177914389,3.3480396270751953,640x480,1344x1008
382,0-3m,141953,0.32031252446195146,32.03125244619515,14.677254245790227,91.27246342099146,0.29159596800803395,3.3480396270751953,640x480,1344x1008
382,0-6m,307195,0.3359232113404394,33.59232113404394,11.170111881876597,93.38368137502238,0.29159596800803395,3.3480396270751953,640x480,1344x1008
382,0-10m,307200,0.3359195434472834,33.59195434472834,11.169960059009801,93.3837890625,0.29159596800803395,3.3480396270751953,640x480,1344x1008
383,0-3m,184892,0.3907601045567473,39.076010455674734,17.16974036121706,93.07920299418039,0.2913762337631638,3.3480396270751953,640x480,1344x1008
383,0-6m,307200,0.45445747013320215,45.445747013320215,16.530093627891258,95.63444010416666,0.2913762337631638,3.3480396270751953,640x480,1344x1008
383,0-10m,307200,0.45445747013320215,45.445747013320215,16.530093627891258,95.63444010416666,0.2913762337631638,3.3480396270751953,640x480,1344x1008
384,0-3m,307200,0.14506945389808001,14.506945389808001,8.109338269861565,93.1064453125,0.29210460815143396,3.3480396270751953,640x480,1344x1008
384,0-6m,307200,0.14506945389808001,14.506945389808001,8.109338269861565,93.1064453125,0.29210460815143396,3.3480396270751953,640x480,1344x1008
384,0-10m,307200,0.14506945389808001,14.506945389808001,8.109338269861565,93.1064453125,0.29210460815143396,3.3480396270751953,640x480,1344x1008
385,0-3m,259173,0.1252780127243742,12.527801272437419,6.3652858991593355,99.93517843293861,0.29105565595330357,3.3480396270751953,640x480,1344x1008
385,0-6m,307200,0.1369344105598672,13.69344105598672,6.340825167432936,99.73958333333334,0.29105565595330357,3.3480396270751953,640x480,1344x1008
385,0-10m,307200,0.1369344105598672,13.69344105598672,6.340825167432936,99.73958333333334,0.29105565595330357,3.3480396270751953,640x480,1344x1008
386,0-3m,195942,0.19159138991628288,19.15913899162829,10.27350394043291,92.68661134417327,0.29199853638531753,3.3480396270751953,640x480,1344x1008
386,0-6m,298449,0.23012301745049063,23.01230174504906,9.212821477954417,93.72321569179324,0.29199853638531753,3.3480396270751953,640x480,1344x1008
386,0-10m,307200,0.22939783132324615,22.939783132324614,9.042145893890112,93.87369791666667,0.29199853638531753,3.3480396270751953,640x480,1344x1008
387,0-3m,230110,0.21678469649432955,21.678469649432955,9.475350636001902,92.97553344052845,0.29283791951140054,3.3480396270751953,640x480,1344x1008
387,0-6m,307200,0.2396161083469633,23.96161083469633,9.125769432450308,93.82649739583333,0.29283791951140054,3.3480396270751953,640x480,1344x1008
387,0-10m,307200,0.2396161083469633,23.96161083469633,9.125769432450308,93.82649739583333,0.29283791951140054,3.3480396270751953,640x480,1344x1008
388,0-3m,293785,0.09562048481728713,9.562048481728713,4.934040036273497,96.96138332454005,0.29102652593261286,3.3480396270751953,640x480,1344x1008
388,0-6m,307200,0.09609654870155888,9.609654870155888,4.86659863760911,97.09407552083333,0.29102652593261286,3.3480396270751953,640x480,1344x1008
388,0-10m,307200,0.09609654870155888,9.609654870155888,4.86659863760911,97.09407552083333,0.29102652593261286,3.3480396270751953,640x480,1344x1008
389,0-3m,224370,0.14278494607782216,14.278494607782216,9.483780527472184,90.31332174533138,0.2922562412723088,3.3480396270751953,640x480,1344x1008
389,0-6m,307200,0.1524541168906338,15.24541168906338,8.256093222814515,91.94596354166666,0.2922562412723088,3.3480396270751953,640x480,1344x1008
389,0-10m,307200,0.1524541168906338,15.24541168906338,8.256093222814515,91.94596354166666,0.2922562412723088,3.3480396270751953,640x480,1344x1008
390,0-3m,198170,0.27762095087916133,27.762095087916133,19.6928880347886,75.60427915426149,0.29255071959064133,3.3480396270751953,640x480,1344x1008
390,0-6m,307200,0.265711306326751,26.5711306326751,15.168962522735416,82.91764322916667,0.29255071959064133,3.3480396270751953,640x480,1344x1008
390,0-10m,307200,0.265711306326751,26.5711306326751,15.168962522735416,82.91764322916667,0.29255071959064133,3.3480396270751953,640x480,1344x1008
391,0-3m,194967,0.12093887017784254,12.093887017784253,6.389416405258438,97.63549728928486,0.29081538701693316,3.3480396270751953,640x480,1344x1008
391,0-6m,307200,0.12074204779307668,12.074204779307667,5.318542357249443,97.1025390625,0.29081538701693316,3.3480396270751953,640x480,1344x1008
391,0-10m,307200,0.12074204779307668,12.074204779307667,5.318542357249443,97.1025390625,0.29081538701693316,3.3480396270751953,640x480,1344x1008
392,0-3m,235991,0.17685347881082994,17.685347881082993,9.513644528388634,98.46477196164261,0.28961994304342065,3.3480396270751953,640x480,1344x1008
392,0-6m,307200,0.18270611157097544,18.270611157097544,8.648489277669263,98.11555989583334,0.28961994304342065,3.3480396270751953,640x480,1344x1008
392,0-10m,307200,0.18270611157097544,18.270611157097544,8.648489277669263,98.11555989583334,0.28961994304342065,3.3480396270751953,640x480,1344x1008
393,0-3m,290391,0.20968588585236017,20.968588585236017,15.057908931632582,73.30943452104232,0.2915419340925078,3.3480396270751953,640x480,1344x1008
393,0-6m,307200,0.2105183318585235,21.05183318585235,14.616080348592087,74.42805989583333,0.2915419340925078,3.3480396270751953,640x480,1344x1008
393,0-10m,307200,0.2105183318585235,21.05183318585235,14.616080348592087,74.42805989583333,0.2915419340925078,3.3480396270751953,640x480,1344x1008
394,0-3m,282823,0.3100157785197229,31.00157785197229,14.444492217197599,95.52617714966604,0.2923452181897823,3.3480396270751953,640x480,1344x1008
394,0-6m,307200,0.3126827183829543,31.26827183829543,14.170105247784853,95.84928385416667,0.2923452181897823,3.3480396270751953,640x480,1344x1008
394,0-10m,307200,0.3126827183829543,31.26827183829543,14.170105247784853,95.84928385416667,0.2923452181897823,3.3480396270751953,640x480,1344x1008
395,0-3m,199477,0.3142209502901825,31.422095029018248,18.433270572540966,73.57088787178472,0.2912675003336509,3.3480396270751953,640x480,1344x1008
395,0-6m,307200,0.34527301346301104,34.5273013463011,16.034283046621034,82.41731770833334,0.2912675003336509,3.3480396270751953,640x480,1344x1008
395,0-10m,307200,0.34527301346301104,34.5273013463011,16.034283046621034,82.41731770833334,0.2912675003336509,3.3480396270751953,640x480,1344x1008
396,0-3m,184328,0.3996237330321383,39.96237330321383,19.656787037933253,83.55214617421119,0.28973715364191777,3.3480396270751953,640x480,1344x1008
396,0-6m,307200,0.3978887686928889,39.78887686928889,16.515875860882225,89.50227864583333,0.28973715364191777,3.3480396270751953,640x480,1344x1008
396,0-10m,307200,0.3978887686928889,39.78887686928889,16.515875860882225,89.50227864583333,0.28973715364191777,3.3480396270751953,640x480,1344x1008
397,0-3m,123153,0.2556132724837589,25.561327248375893,11.122959761731073,93.09720429059787,0.28985061128652395,3.3480396270751953,640x480,1344x1008
397,0-6m,307200,0.44757987021817824,44.757987021817826,13.010668796363575,94.54036458333334,0.28985061128652395,3.3480396270751953,640x480,1344x1008
397,0-10m,307200,0.44757987021817824,44.757987021817826,13.010668796363575,94.54036458333334,0.28985061128652395,3.3480396270751953,640x480,1344x1008
398,0-3m,146398,0.29848888484709796,29.848888484709796,11.87674563855985,98.0163663438025,0.29149345154120965,3.3480396270751953,640x480,1344x1008
398,0-6m,307200,0.4490189405817849,44.901894058178485,13.221560116860706,96.890625,0.29149345154120965,3.3480396270751953,640x480,1344x1008
398,0-10m,307200,0.4490189405817849,44.901894058178485,13.221560116860706,96.890625,0.29149345154120965,3.3480396270751953,640x480,1344x1008
399,0-3m,226304,0.16540773081218157,16.54077308121816,6.3390924310917365,99.89129666289593,0.2922199022541122,3.3480396270751953,640x480,1344x1008
399,0-6m,307200,0.17761136484875653,17.761136484875653,6.331915551526015,99.34895833333334,0.2922199022541122,3.3480396270751953,640x480,1344x1008
399,0-10m,307200,0.17761136484875653,17.761136484875653,6.331915551526015,99.34895833333334,0.2922199022541122,3.3480396270751953,640x480,1344x1008
400,0-3m,182508,0.3629869738582308,36.29869738582308,17.45686691823522,88.8613101891424,0.29212156323328087,3.3480396270751953,640x480,1344x1008
400,0-6m,307200,0.4342824509569133,43.42824509569133,16.181069982012872,92.30696614583334,0.29212156323328087,3.3480396270751953,640x480,1344x1008
400,0-10m,307200,0.4342824509569133,43.42824509569133,16.181069982012872,92.30696614583334,0.29212156323328087,3.3480396270751953,640x480,1344x1008
401,0-3m,186609,0.24499870792967715,24.499870792967716,10.21353383261509,97.15340632016677,0.2922127806985007,3.3480396270751953,640x480,1344x1008
401,0-6m,307200,0.2265926346256553,22.65926346256553,8.439154056436921,98.0224609375,0.2922127806985007,3.3480396270751953,640x480,1344x1008
401,0-10m,307200,0.2265926346256553,22.65926346256553,8.439154056436921,98.0224609375,0.2922127806985007,3.3480396270751953,640x480,1344x1008
402,0-3m,144863,0.32859220108726817,32.85922010872682,18.102915603689063,88.62028261184706,0.2898800189507178,3.3480396270751953,640x480,1344x1008
402,0-6m,198197,0.5868566071698988,58.68566071698989,20.171758926970057,73.55661286497778,0.2898800189507178,3.3480396270751953,640x480,1344x1008
402,0-10m,307200,1.4530858297401574,145.30858297401574,27.237629561184797,47.650065104166664,0.2898800189507178,3.3480396270751953,640x480,1344x1008
403,0-3m,112943,0.2518132218588995,25.181322185889947,14.187250509345404,86.51886349751645,0.28716809470539806,3.3480396270751953,640x480,1344x1008
403,0-6m,209359,0.49423499324621606,49.42349932462161,15.497983921721694,70.61029141331397,0.28716809470539806,3.3480396270751953,640x480,1344x1008
403,0-10m,307200,1.0850817392859609,108.50817392859608,20.85653049397173,48.3544921875,0.28716809470539806,3.3480396270751953,640x480,1344x1008
404,0-3m,298260,0.29777185728050676,29.777185728050675,20.704969594754814,79.28719908804399,0.28681148715587285,3.3480396270751953,640x480,1344x1008
404,0-6m,307200,0.2999125853246854,29.99125853246854,20.45333418513356,79.88834635416666,0.28681148715587285,3.3480396270751953,640x480,1344x1008
404,0-10m,307200,0.2999125853246854,29.99125853246854,20.45333418513356,79.88834635416666,0.28681148715587285,3.3480396270751953,640x480,1344x1008
405,0-3m,302769,0.21812711988761138,21.812711988761137,14.897431491176224,82.8720906037276,0.29161414817475256,3.3480396270751953,640x480,1344x1008
405,0-6m,307200,0.21872993976265812,21.87299397626581,14.804022675804053,83.119140625,0.29161414817475256,3.3480396270751953,640x480,1344x1008
405,0-10m,307200,0.21872993976265812,21.87299397626581,14.804022675804053,83.119140625,0.29161414817475256,3.3480396270751953,640x480,1344x1008
406,0-3m,307200,0.19407307500039073,19.407307500039074,11.144805302260997,96.8330078125,0.28541611557659113,3.3480396270751953,640x480,1344x1008
406,0-6m,307200,0.19407307500039073,19.407307500039074,11.144805302260997,96.8330078125,0.28541611557659113,3.3480396270751953,640x480,1344x1008
406,0-10m,307200,0.19407307500039073,19.407307500039074,11.144805302260997,96.8330078125,0.28541611557659113,3.3480396270751953,640x480,1344x1008
407,0-3m,216782,0.2635161137612986,26.351611376129856,13.65308349654247,95.28143480547277,0.2895526536006125,3.3480396270751953,640x480,1344x1008
407,0-6m,307200,0.28317441716906616,28.317441716906615,12.25890219716059,96.25651041666666,0.2895526536006125,3.3480396270751953,640x480,1344x1008
407,0-10m,307200,0.28317441716906616,28.317441716906615,12.25890219716059,96.25651041666666,0.2895526536006125,3.3480396270751953,640x480,1344x1008
408,0-3m,256938,0.08120268538827038,8.12026853882704,4.959924668650804,98.87793942507531,0.29317144484129876,3.3480396270751953,640x480,1344x1008
408,0-6m,307200,0.07893657224815494,7.8936572248154935,4.4918623855094495,98.61783854166667,0.29317144484129876,3.3480396270751953,640x480,1344x1008
408,0-10m,307200,0.07893657224815494,7.8936572248154935,4.4918623855094495,98.61783854166667,0.29317144484129876,3.3480396270751953,640x480,1344x1008
409,0-3m,305415,0.24528494609795107,24.528494609795107,12.571949220535494,97.21035312607435,0.2921274002666628,3.3480396270751953,640x480,1344x1008
409,0-6m,307200,0.24621522524316486,24.621522524316486,12.574715623621465,97.17024739583333,0.2921274002666628,3.3480396270751953,640x480,1344x1008
409,0-10m,307200,0.24621522524316486,24.621522524316486,12.574715623621465,97.17024739583333,0.2921274002666628,3.3480396270751953,640x480,1344x1008
410,0-3m,122508,0.37861003636979107,37.861003636979106,18.837320684826672,89.16315669180787,0.2920326200438654,3.3480396270751953,640x480,1344x1008
410,0-6m,307200,0.7500760573505735,75.00760573505735,21.41547799073794,70.6123046875,0.2920326200438654,3.3480396270751953,640x480,1344x1008
410,0-10m,307200,0.7500760573505735,75.00760573505735,21.41547799073794,70.6123046875,0.2920326200438654,3.3480396270751953,640x480,1344x1008
411,0-3m,209932,0.5139962973837341,51.399629738373406,23.568093348360502,75.53350608768554,0.2898594497621106,3.3480396270751953,640x480,1344x1008
411,0-6m,307200,0.5705487045754368,57.054870457543686,22.558023713952874,80.63444010416667,0.2898594497621106,3.3480396270751953,640x480,1344x1008
411,0-10m,307200,0.5705487045754368,57.054870457543686,22.558023713952874,80.63444010416667,0.2898594497621106,3.3480396270751953,640x480,1344x1008
412,0-3m,307200,0.39825360662226256,39.82536066222625,18.207935571850133,99.08821614583333,0.2866693779877115,3.3480396270751953,640x480,1344x1008
412,0-6m,307200,0.39825360662226256,39.82536066222625,18.207935571850133,99.08821614583333,0.2866693779877115,3.3480396270751953,640x480,1344x1008
412,0-10m,307200,0.39825360662226256,39.82536066222625,18.207935571850133,99.08821614583333,0.2866693779877115,3.3480396270751953,640x480,1344x1008
413,0-3m,174653,0.4470539466829374,44.70539466829374,22.67649376054484,70.01769222400989,0.28684599972558317,3.3480396270751953,640x480,1344x1008
413,0-6m,298783,0.6645904047404431,66.4590404740443,22.612900410508445,71.3189840118079,0.28684599972558317,3.3480396270751953,640x480,1344x1008
413,0-10m,307200,0.7157218886527699,71.57218886527698,22.881738393993466,69.455078125,0.28684599972558317,3.3480396270751953,640x480,1344x1008
414,0-3m,216600,0.14669015499913682,14.669015499913682,6.788350299099427,97.66528162511541,0.2818104381794393,3.3480396270751953,640x480,1344x1008
414,0-6m,307200,0.14372438434744253,14.372438434744254,5.915484077332634,98.20703125,0.2818104381794393,3.3480396270751953,640x480,1344x1008
414,0-10m,307200,0.14372438434744253,14.372438434744254,5.915484077332634,98.20703125,0.2818104381794393,3.3480396270751953,640x480,1344x1008
415,0-3m,302348,0.17765433959562274,17.765433959562273,11.659818340125854,99.46783177001336,0.2849081016094444,3.3480396270751953,640x480,1344x1008
415,0-6m,307200,0.17891894750161252,17.891894750161253,11.607441147601165,99.47623697916667,0.2849081016094444,3.3480396270751953,640x480,1344x1008
415,0-10m,307200,0.17891894750161252,17.891894750161253,11.607441147601165,99.47623697916667,0.2849081016094444,3.3480396270751953,640x480,1344x1008
416,0-3m,270551,0.1918544425308665,19.18544425308665,10.442254306887486,92.39256184601055,0.2901403350774068,3.3480396270751953,640x480,1344x1008
416,0-6m,307200,0.17914165685826447,17.914165685826447,9.525646944468475,93.291015625,0.2901403350774068,3.3480396270751953,640x480,1344x1008
416,0-10m,307200,0.17914165685826447,17.914165685826447,9.525646944468475,93.291015625,0.2901403350774068,3.3480396270751953,640x480,1344x1008
417,0-3m,184918,0.1606924551875142,16.069245518751423,7.862026098972584,95.36172790101558,0.29270650041296925,3.3480396270751953,640x480,1344x1008
417,0-6m,307200,0.3157770562400886,31.57770562400886,9.587809478298482,96.0302734375,0.29270650041296925,3.3480396270751953,640x480,1344x1008
417,0-10m,307200,0.3157770562400886,31.57770562400886,9.587809478298482,96.0302734375,0.29270650041296925,3.3480396270751953,640x480,1344x1008
418,0-3m,106441,0.41997881011422805,41.997881011422805,19.739905539009424,83.83047885683148,0.28392175786336243,3.3480396270751953,640x480,1344x1008
418,0-6m,307200,0.4188756143177549,41.88756143177549,13.031353952745414,93.66731770833333,0.28392175786336243,3.3480396270751953,640x480,1344x1008
418,0-10m,307200,0.4188756143177549,41.88756143177549,13.031353952745414,93.66731770833333,0.28392175786336243,3.3480396270751953,640x480,1344x1008
419,0-3m,148881,0.3265795979901225,32.65795979901225,14.870951451204814,97.6578609762159,0.26298954682294773,3.3480396270751953,640x480,1344x1008
419,0-6m,305668,0.4058892073955233,40.58892073955233,12.627297652024877,97.97198267401232,0.26298954682294773,3.3480396270751953,640x480,1344x1008
419,0-10m,307200,0.40695265073833675,40.695265073833674,12.615138347805422,97.98209635416667,0.26298954682294773,3.3480396270751953,640x480,1344x1008
420,0-3m,228384,0.27045088446351584,27.045088446351585,12.25608316901045,94.6244045116996,0.28758849169947687,3.3480396270751953,640x480,1344x1008
420,0-6m,307200,0.26349788266001267,26.349788266001266,11.029257578433429,95.99967447916666,0.28758849169947687,3.3480396270751953,640x480,1344x1008
420,0-10m,307200,0.26349788266001267,26.349788266001266,11.029257578433429,95.99967447916666,0.28758849169947687,3.3480396270751953,640x480,1344x1008
421,0-3m,90782,0.24457854894854172,24.457854894854172,9.81046449274656,97.10184838404089,0.28937975991726395,3.3480396270751953,640x480,1344x1008
421,0-6m,305940,0.23045587910541002,23.045587910541002,6.711270192419875,98.70628227757076,0.28937975991726395,3.3480396270751953,640x480,1344x1008
421,0-10m,307200,0.23072365598830705,23.072365598830704,6.703681183949689,98.71158854166666,0.28937975991726395,3.3480396270751953,640x480,1344x1008
422,0-3m,101585,0.08535163488339714,8.535163488339714,3.369379686382589,99.92813899689915,0.2900896919606867,3.3480396270751953,640x480,1344x1008
422,0-6m,307200,0.12952055589373535,12.952055589373535,3.409384069251104,98.8251953125,0.2900896919606867,3.3480396270751953,640x480,1344x1008
422,0-10m,307200,0.12952055589373535,12.952055589373535,3.409384069251104,98.8251953125,0.2900896919606867,3.3480396270751953,640x480,1344x1008
423,0-3m,182328,0.14231545194315934,14.231545194315935,7.105475197145636,98.19117195384143,0.29221548753370624,3.3480396270751953,640x480,1344x1008
423,0-6m,307200,0.1199190280714538,11.99190280714538,5.303236300464465,98.21614583333333,0.29221548753370624,3.3480396270751953,640x480,1344x1008
423,0-10m,307200,0.1199190280714538,11.99190280714538,5.303236300464465,98.21614583333333,0.29221548753370624,3.3480396270751953,640x480,1344x1008
424,0-3m,131762,0.3465844005994539,34.65844005994539,14.340627633653167,97.98424431930299,0.2920476562202415,3.3480396270751953,640x480,1344x1008
424,0-6m,268793,0.4310618395893047,43.10618395893047,13.073045532663475,97.4876577887073,0.2920476562202415,3.3480396270751953,640x480,1344x1008
424,0-10m,307200,0.4863347701600287,48.63347701600287,13.020063838733206,97.7978515625,0.2920476562202415,3.3480396270751953,640x480,1344x1008
425,0-3m,90738,0.42615215371711285,42.61521537171129,17.107801377911258,84.4960215124865,0.2879196017907849,3.3480396270751953,640x480,1344x1008
425,0-6m,246774,0.639717649832669,63.9717649832669,18.686627929082494,70.29954533297673,0.2879196017907849,3.3480396270751953,640x480,1344x1008
425,0-10m,307200,0.7216025705131082,72.16025705131082,18.145977042816845,76.10416666666666,0.2879196017907849,3.3480396270751953,640x480,1344x1008
426,0-3m,287938,0.17546324058138088,17.546324058138087,8.570228990537272,99.06021435170072,0.2846123885244452,3.3480396270751953,640x480,1344x1008
426,0-6m,307200,0.18000987886451184,18.000987886451185,8.53163196638307,99.09114583333334,0.2846123885244452,3.3480396270751953,640x480,1344x1008
426,0-10m,307200,0.18000987886451184,18.000987886451185,8.53163196638307,99.09114583333334,0.2846123885244452,3.3480396270751953,640x480,1344x1008
427,0-3m,82287,0.2679360127439474,26.79360127439474,11.089587918636989,94.05130822608675,0.2845179203767028,3.3480396270751953,640x480,1344x1008
427,0-6m,307200,0.5986836871431054,59.868368714310535,14.750780053364702,88.32291666666666,0.2845179203767028,3.3480396270751953,640x480,1344x1008
427,0-10m,307200,0.5986836871431054,59.868368714310535,14.750780053364702,88.32291666666666,0.2845179203767028,3.3480396270751953,640x480,1344x1008
428,0-3m,112963,0.2358069924471252,23.58069924471252,9.609084328726551,99.93980329842515,0.2681377058739405,3.3480396270751953,640x480,1344x1008
428,0-6m,283013,0.3397847807962161,33.97847807962161,9.689577112133192,98.6371650772226,0.2681377058739405,3.3480396270751953,640x480,1344x1008
428,0-10m,307200,0.33307970326665476,33.307970326665476,9.213871224143302,98.70149739583334,0.2681377058739405,3.3480396270751953,640x480,1344x1008
429,0-3m,87780,0.32126895321694776,32.126895321694775,13.1923869667973,99.15242652084757,0.28563274164600955,3.3480396270751953,640x480,1344x1008
429,0-6m,205670,0.5161906585774737,51.61906585774737,14.382319412070151,96.31302572081489,0.28563274164600955,3.3480396270751953,640x480,1344x1008
429,0-10m,307200,0.556600245043713,55.6600245043713,12.5100808024737,95.17154947916666,0.28563274164600955,3.3480396270751953,640x480,1344x1008
430,0-3m,130647,0.31022131297031147,31.022131297031148,12.958266400844717,96.40711229496276,0.2752370568611394,3.3480396270751953,640x480,1344x1008
430,0-6m,275032,0.4472768571645081,44.72768571645081,13.03596856545266,97.7537159312371,0.2752370568611394,3.3480396270751953,640x480,1344x1008
430,0-10m,307200,0.6017573979819039,60.175739798190385,14.475954740153101,88.09798177083333,0.2752370568611394,3.3480396270751953,640x480,1344x1008
431,0-3m,173970,0.40340887836158196,40.340887836158196,22.324439702701902,65.48370408691153,0.28937695463340996,3.3480396270751953,640x480,1344x1008
431,0-6m,307200,0.4115706708530585,41.15706708530585,17.219339530417866,77.08138020833334,0.28937695463340996,3.3480396270751953,640x480,1344x1008
431,0-10m,307200,0.4115706708530585,41.15706708530585,17.219339530417866,77.08138020833334,0.28937695463340996,3.3480396270751953,640x480,1344x1008
432,0-3m,95994,0.21753648024865865,21.753648024865864,8.828753966884024,98.24780715461384,0.28975402809488987,3.3480396270751953,640x480,1344x1008
432,0-6m,307200,0.3691442237487839,36.91442237487839,9.746914676087709,97.4599609375,0.28975402809488987,3.3480396270751953,640x480,1344x1008
432,0-10m,307200,0.3691442237487839,36.91442237487839,9.746914676087709,97.4599609375,0.28975402809488987,3.3480396270751953,640x480,1344x1008
433,0-3m,147311,0.36792511880556,36.792511880556,15.892461948898553,92.68825817488171,0.2912171499419609,3.3480396270751953,640x480,1344x1008
433,0-6m,307200,0.38624235332361423,38.62423533236142,13.423449415144576,94.005859375,0.2912171499419609,3.3480396270751953,640x480,1344x1008
433,0-10m,307200,0.38624235332361423,38.62423533236142,13.423449415144576,94.005859375,0.2912171499419609,3.3480396270751953,640x480,1344x1008
434,0-3m,130881,0.11085198699784514,11.085198699784513,7.291520022775506,95.61662884605099,0.2897657154369428,3.3480396270751953,640x480,1344x1008
434,0-6m,307200,0.1582540627363293,15.82540627363293,5.930721348805261,96.9326171875,0.2897657154369428,3.3480396270751953,640x480,1344x1008
434,0-10m,307200,0.1582540627363293,15.82540627363293,5.930721348805261,96.9326171875,0.2897657154369428,3.3480396270751953,640x480,1344x1008
435,0-3m,95156,0.4466823985243992,44.668239852439925,16.499172130993745,98.25339442599521,0.2918910506159508,3.3480396270751953,640x480,1344x1008
435,0-6m,307131,0.4472614355242008,44.726143552420076,12.697046136127366,98.91153937570614,0.2918910506159508,3.3480396270751953,640x480,1344x1008
435,0-10m,307200,0.4471925736948227,44.71925736948227,12.69471154749142,98.91178385416667,0.2918910506159508,3.3480396270751953,640x480,1344x1008
436,0-3m,136203,0.25968671862664544,25.968671862664543,10.829645561923156,99.24083904172448,0.2920493023620295,3.3480396270751953,640x480,1344x1008
436,0-6m,307200,0.3793846505317682,37.93846505317682,11.757541459880997,98.5458984375,0.2920493023620295,3.3480396270751953,640x480,1344x1008
436,0-10m,307200,0.3793846505317682,37.93846505317682,11.757541459880997,98.5458984375,0.2920493023620295,3.3480396270751953,640x480,1344x1008
437,0-3m,137963,0.43200461857541617,43.20046185754162,18.313576023545476,88.14682197400752,0.2918741307978583,3.3480396270751953,640x480,1344x1008
437,0-6m,307200,0.45457546376390384,45.45754637639038,15.870860031962962,94.29947916666667,0.2918741307978583,3.3480396270751953,640x480,1344x1008
437,0-10m,307200,0.45457546376390384,45.45754637639038,15.870860031962962,94.29947916666667,0.2918741307978583,3.3480396270751953,640x480,1344x1008
438,0-3m,265777,0.25683669655167396,25.683669655167396,14.138720459284263,81.43217810420013,0.2900555302621038,3.3480396270751953,640x480,1344x1008
438,0-6m,307200,0.30997231673565695,30.997231673565693,14.256001726295276,80.17903645833333,0.2900555302621038,3.3480396270751953,640x480,1344x1008
438,0-10m,307200,0.30997231673565695,30.997231673565693,14.256001726295276,80.17903645833333,0.2900555302621038,3.3480396270751953,640x480,1344x1008
439,0-3m,190602,0.2874089469326862,28.740894693268622,13.396614479604812,93.0326019664012,0.2881336700501776,3.3480396270751953,640x480,1344x1008
439,0-6m,306422,0.24936869306885706,24.936869306885708,10.226293919613237,95.36717337527985,0.2881336700501776,3.3480396270751953,640x480,1344x1008
439,0-10m,307200,0.2502343290097391,25.02343290097391,10.225179177136887,95.37890625,0.2881336700501776,3.3480396270751953,640x480,1344x1008
440,0-3m,248693,0.2635462841755972,26.354628417559724,11.346945679629728,88.21518900813453,0.291631361043545,3.3480396270751953,640x480,1344x1008
440,0-6m,307200,0.31932047005820396,31.932047005820397,11.746603153848707,87.82975260416667,0.291631361043545,3.3480396270751953,640x480,1344x1008
440,0-10m,307200,0.31932047005820396,31.932047005820397,11.746603153848707,87.82975260416667,0.291631361043545,3.3480396270751953,640x480,1344x1008
441,0-3m,84355,0.32341397190467075,32.34139719046708,11.752796276718511,95.53790528125185,0.29240247434554756,3.3480396270751953,640x480,1344x1008
441,0-6m,306415,0.4946909246569508,49.46909246569508,14.466992510354448,94.28193789468531,0.29240247434554756,3.3480396270751953,640x480,1344x1008
441,0-10m,307200,0.49981955463183114,49.98195546318311,14.53637525560231,94.041015625,0.29240247434554756,3.3480396270751953,640x480,1344x1008
442,0-3m,144405,0.2560376910777647,25.60376910777647,12.092889575847549,95.85332917835255,0.29181170802813544,3.3480396270751953,640x480,1344x1008
442,0-6m,283366,0.3476992955545757,34.769929555457566,12.13639129769713,95.55345383708702,0.29181170802813544,3.3480396270751953,640x480,1344x1008
442,0-10m,307200,0.36428267758805305,36.428267758805305,11.835648729520003,95.314453125,0.29181170802813544,3.3480396270751953,640x480,1344x1008
443,0-3m,148211,0.2509625901378724,25.096259013787243,11.494339847659631,97.36051979947507,0.28994070161807856,3.3480396270751953,640x480,1344x1008
443,0-6m,307200,0.23715616255261315,23.715616255261317,8.634994828291592,94.5390625,0.28994070161807856,3.3480396270751953,640x480,1344x1008
443,0-10m,307200,0.23715616255261315,23.715616255261317,8.634994828291592,94.5390625,0.28994070161807856,3.3480396270751953,640x480,1344x1008
444,0-3m,219519,0.267615102045882,26.761510204588202,12.165664676679931,99.21601319247992,0.2901367153236003,3.3480396270751953,640x480,1344x1008
444,0-6m,307194,0.34775258652663177,34.775258652663176,12.547434220234033,98.47978801669304,0.2901367153236003,3.3480396270751953,640x480,1344x1008
444,0-10m,307200,0.3477578783788097,34.77578783788097,12.547389559758738,98.47981770833333,0.2901367153236003,3.3480396270751953,640x480,1344x1008
445,0-3m,219356,0.3285358788962176,32.853587889621764,16.716292601015915,87.53077189591349,0.2776895110799276,3.3480396270751953,640x480,1344x1008
445,0-6m,307200,0.2861085609389314,28.61085609389314,13.321881716982945,90.4892578125,0.2776895110799276,3.3480396270751953,640x480,1344x1008
445,0-10m,307200,0.2861085609389314,28.61085609389314,13.321881716982945,90.4892578125,0.2776895110799276,3.3480396270751953,640x480,1344x1008
446,0-3m,248360,0.3597449447945862,35.97449447945862,16.19891054414377,98.09228539217266,0.2739239268342699,3.3480396270751953,640x480,1344x1008
446,0-6m,307200,0.3601830241596326,36.01830241596326,15.097724737767726,98.2841796875,0.2739239268342699,3.3480396270751953,640x480,1344x1008
446,0-10m,307200,0.3601830241596326,36.01830241596326,15.097724737767726,98.2841796875,0.2739239268342699,3.3480396270751953,640x480,1344x1008
447,0-3m,307000,0.24936857649635413,24.936857649635414,15.741996341207038,98.84234527687296,0.28269159373226815,3.3480396270751953,640x480,1344x1008
447,0-6m,307200,0.2492992891767062,24.929928917670622,15.73482719398174,98.84309895833333,0.28269159373226815,3.3480396270751953,640x480,1344x1008
447,0-10m,307200,0.2492992891767062,24.929928917670622,15.73482719398174,98.84309895833333,0.28269159373226815,3.3480396270751953,640x480,1344x1008
448,0-3m,246673,0.38790108193364287,38.79010819336429,17.780696090281445,89.41878519335314,0.271893666520818,3.3480396270751953,640x480,1344x1008
448,0-6m,307200,0.44197681928713184,44.19768192871318,17.93065227534575,84.416015625,0.271893666520818,3.3480396270751953,640x480,1344x1008
448,0-10m,307200,0.44197681928713184,44.19768192871318,17.93065227534575,84.416015625,0.271893666520818,3.3480396270751953,640x480,1344x1008
449,0-3m,213904,0.538129192686904,53.81291926869039,21.314614573930175,85.1456728251926,0.2786253405844971,3.3480396270751953,640x480,1344x1008
449,0-6m,307200,0.5801305963669438,58.01305963669437,21.1707953293798,89.181640625,0.2786253405844971,3.3480396270751953,640x480,1344x1008
449,0-10m,307200,0.5801305963669438,58.01305963669437,21.1707953293798,89.181640625,0.2786253405844971,3.3480396270751953,640x480,1344x1008
450,0-3m,288485,0.4777668868924934,47.77668868924934,20.554789191315706,91.89732568417769,0.2730660086278878,3.3480396270751953,640x480,1344x1008
450,0-6m,307200,0.48937930065905677,48.937930065905675,20.60858434230611,92.34147135416667,0.2730660086278878,3.3480396270751953,640x480,1344x1008
450,0-10m,307200,0.48937930065905677,48.937930065905675,20.60858434230611,92.34147135416667,0.2730660086278878,3.3480396270751953,640x480,1344x1008
451,0-3m,302863,0.9909586602847217,99.09586602847217,69.58296997865855,44.0245259407719,0.28336983750784117,3.3480396270751953,640x480,1344x1008
451,0-6m,307200,0.9845275927738597,98.45275927738597,68.85065768921356,44.212890625,0.28336983750784117,3.3480396270751953,640x480,1344x1008
451,0-10m,307200,0.9845275927738597,98.45275927738597,68.85065768921356,44.212890625,0.28336983750784117,3.3480396270751953,640x480,1344x1008
452,0-3m,202984,0.19202410360798314,19.202410360798314,10.361018319580614,94.0911598943759,0.27797542602609704,3.3480396270751953,640x480,1344x1008
452,0-6m,296712,0.28904751660339195,28.904751660339194,10.418190188762972,92.84693574914395,0.27797542602609704,3.3480396270751953,640x480,1344x1008
452,0-10m,307200,0.29266125021657596,29.266125021657597,10.280731387412528,93.03841145833334,0.27797542602609704,3.3480396270751953,640x480,1344x1008
453,0-3m,191274,0.17575541724648833,17.575541724648833,10.38807458693621,99.22414964919435,0.28010228439147283,3.3480396270751953,640x480,1344x1008
453,0-6m,307200,0.17036270498647355,17.036270498647355,8.348462988284192,99.04264322916667,0.28010228439147283,3.3480396270751953,640x480,1344x1008
453,0-10m,307200,0.17036270498647355,17.036270498647355,8.348462988284192,99.04264322916667,0.28010228439147283,3.3480396270751953,640x480,1344x1008
454,0-3m,192678,0.1813699144697465,18.13699144697465,8.173614755048508,98.6827764456762,0.28871393273665874,3.3480396270751953,640x480,1344x1008
454,0-6m,301306,0.2720819893231418,27.208198932314183,8.804598869414319,93.33401923625816,0.28871393273665874,3.3480396270751953,640x480,1344x1008
454,0-10m,307200,0.29996004612126853,29.996004612126853,9.16716401990072,91.54329427083333,0.28871393273665874,3.3480396270751953,640x480,1344x1008
455,0-3m,257667,0.14775111879110073,14.775111879110073,9.058089010354507,97.08577349835252,0.2759451265443557,3.3480396270751953,640x480,1344x1008
455,0-6m,303657,0.3029781546615859,30.29781546615859,11.340147910190613,89.63402786696832,0.2759451265443557,3.3480396270751953,640x480,1344x1008
455,0-10m,307200,0.3370513490806722,33.70513490806722,11.751534464825944,88.60026041666667,0.2759451265443557,3.3480396270751953,640x480,1344x1008
456,0-3m,307200,0.08383751568151637,8.383751568151638,4.230293287446134,98.03157552083334,0.28511251908370994,3.3480396270751953,640x480,1344x1008
456,0-6m,307200,0.08383751568151637,8.383751568151638,4.230293287446134,98.03157552083334,0.28511251908370994,3.3480396270751953,640x480,1344x1008
456,0-10m,307200,0.08383751568151637,8.383751568151638,4.230293287446134,98.03157552083334,0.28511251908370994,3.3480396270751953,640x480,1344x1008
457,0-3m,210861,0.34093516171039323,34.093516171039326,15.660201521424929,85.19640900877829,0.29098551322605876,3.3480396270751953,640x480,1344x1008
457,0-6m,307200,0.41825831078846626,41.825831078846626,16.161002960406297,80.99967447916666,0.29098551322605876,3.3480396270751953,640x480,1344x1008
457,0-10m,307200,0.41825831078846626,41.825831078846626,16.161002960406297,80.99967447916666,0.29098551322605876,3.3480396270751953,640x480,1344x1008
458,0-3m,212548,0.3574164136090259,35.74164136090259,14.813737069517781,83.79236690065302,0.28952960761600804,3.3480396270751953,640x480,1344x1008
458,0-6m,296924,0.5922247513307054,59.22247513307054,19.42929809889461,67.30813272083091,0.28952960761600804,3.3480396270751953,640x480,1344x1008
458,0-10m,307200,0.6371180859739737,63.711808597397365,19.80336244797074,65.83528645833333,0.28952960761600804,3.3480396270751953,640x480,1344x1008
459,0-3m,204357,0.4197911006850144,41.97911006850144,21.76291468046024,75.59467011161838,0.28955117801208674,3.3480396270751953,640x480,1344x1008
459,0-6m,307200,0.6552139263968759,65.52139263968759,23.89986496970445,59.53190104166667,0.28955117801208674,3.3480396270751953,640x480,1344x1008
459,0-10m,307200,0.6552139263968759,65.52139263968759,23.89986496970445,59.53190104166667,0.28955117801208674,3.3480396270751953,640x480,1344x1008
460,0-3m,247524,0.36847928551915865,36.847928551915864,15.632847914183538,92.24681243030979,0.28448344775521317,3.3480396270751953,640x480,1344x1008
460,0-6m,307200,0.38715508447183916,38.715508447183915,15.456160781131523,93.74348958333333,0.28448344775521317,3.3480396270751953,640x480,1344x1008
460,0-10m,307200,0.38715508447183916,38.715508447183915,15.456160781131523,93.74348958333333,0.28448344775521317,3.3480396270751953,640x480,1344x1008
461,0-3m,198979,0.2913778910008249,29.13778910008249,14.638483027429722,84.94816035863082,0.28601414294182315,3.3480396270751953,640x480,1344x1008
461,0-6m,307200,0.27501689926953987,27.501689926953986,11.98325989277368,89.66178385416667,0.28601414294182315,3.3480396270751953,640x480,1344x1008
461,0-10m,307200,0.27501689926953987,27.501689926953986,11.98325989277368,89.66178385416667,0.28601414294182315,3.3480396270751953,640x480,1344x1008
462,0-3m,199778,0.27903683554534375,27.903683554534375,14.650349047139283,77.14563165113276,0.28867698586811225,3.3480396270751953,640x480,1344x1008
462,0-6m,307200,0.26765655846490216,26.765655846490215,12.207193100150478,84.765625,0.28867698586811225,3.3480396270751953,640x480,1344x1008
462,0-10m,307200,0.26765655846490216,26.765655846490215,12.207193100150478,84.765625,0.28867698586811225,3.3480396270751953,640x480,1344x1008
463,0-3m,177447,0.25276676126843617,25.27667612684362,10.507244402562273,89.01756580838223,0.2887826675637756,3.3480396270751953,640x480,1344x1008
463,0-6m,307200,0.27070426080569937,27.070426080569938,9.418865415298749,92.50390625,0.2887826675637756,3.3480396270751953,640x480,1344x1008
463,0-10m,307200,0.27070426080569937,27.070426080569938,9.418865415298749,92.50390625,0.2887826675637756,3.3480396270751953,640x480,1344x1008
464,0-3m,153771,0.3174463058409375,31.744630584093752,14.936749192456569,97.13014807733578,0.2919040612945938,3.3480396270751953,640x480,1344x1008
464,0-6m,269305,0.48630645867034655,48.63064586703466,16.02895337370599,94.04875512894301,0.2919040612945938,3.3480396270751953,640x480,1344x1008
464,0-10m,307200,0.5083547522938655,50.83547522938655,15.21288654332586,94.23274739583334,0.2919040612945938,3.3480396270751953,640x480,1344x1008
465,0-3m,150570,0.34420449160370464,34.42044916037047,17.048172222349166,87.62701733413031,0.291895302174767,3.3480396270751953,640x480,1344x1008
465,0-6m,285352,0.3717529287186258,37.17529287186258,13.896491530835094,91.8399029970002,0.291895302174767,3.3480396270751953,640x480,1344x1008
465,0-10m,307200,0.38971231853667027,38.97123185366703,13.576810250552363,92.0068359375,0.291895302174767,3.3480396270751953,640x480,1344x1008
466,0-3m,175485,0.22444816784467828,22.44481678446783,10.565002841363807,98.08074764224862,0.29131937876766417,3.3480396270751953,640x480,1344x1008
466,0-6m,292934,0.6828006427799362,68.28006427799363,20.649930158399293,87.16468556056995,0.29131937876766417,3.3480396270751953,640x480,1344x1008
466,0-10m,307200,0.6824526077136397,68.24526077136397,20.128829940772206,87.61751302083334,0.29131937876766417,3.3480396270751953,640x480,1344x1008
467,0-3m,156465,0.16252402550261494,16.252402550261493,8.150446230062801,97.89921068609593,0.2925113125830422,3.3480396270751953,640x480,1344x1008
467,0-6m,287359,0.5988379898334433,59.88379898334433,17.800220657328968,85.52646689332856,0.2925113125830422,3.3480396270751953,640x480,1344x1008
467,0-10m,307200,0.5823530101368669,58.235301013686694,16.97131848280753,86.43782552083333,0.2925113125830422,3.3480396270751953,640x480,1344x1008
468,0-3m,217509,0.3608190072967264,36.08190072967264,20.159152763801526,74.83690330055308,0.28518974029848676,3.3480396270751953,640x480,1344x1008
468,0-6m,291794,0.45852872153628854,45.85287215362885,19.278869153538505,80.63428309012522,0.28518974029848676,3.3480396270751953,640x480,1344x1008
468,0-10m,307200,0.5845215714848988,58.45215714848988,19.975990031487363,77.05143229166667,0.28518974029848676,3.3480396270751953,640x480,1344x1008
469,0-3m,136351,0.20419625561811441,20.41962556181144,11.467686558922448,84.8934001217446,0.29015771116183264,3.3480396270751953,640x480,1344x1008
469,0-6m,307200,0.19221045307718063,19.22104530771806,7.967795204437168,92.53841145833334,0.29015771116183264,3.3480396270751953,640x480,1344x1008
469,0-10m,307200,0.19221045307718063,19.22104530771806,7.967795204437168,92.53841145833334,0.29015771116183264,3.3480396270751953,640x480,1344x1008
470,0-3m,215037,0.23393697991261148,23.39369799126115,15.026784484997032,93.57691932086107,0.29130748938733825,3.3480396270751953,640x480,1344x1008
470,0-6m,307200,0.234077814569852,23.407781456985198,12.708105604390349,95.009765625,0.29130748938733825,3.3480396270751953,640x480,1344x1008
470,0-10m,307200,0.234077814569852,23.407781456985198,12.708105604390349,95.009765625,0.29130748938733825,3.3480396270751953,640x480,1344x1008
471,0-3m,265345,0.15651834482218405,15.651834482218405,6.2458417052731265,98.53963707625921,0.28681527120402256,3.3480396270751953,640x480,1344x1008
471,0-6m,307200,0.16984344105934723,16.984344105934724,6.53260136792617,98.73860677083334,0.28681527120402256,3.3480396270751953,640x480,1344x1008
471,0-10m,307200,0.16984344105934723,16.984344105934724,6.53260136792617,98.73860677083334,0.28681527120402256,3.3480396270751953,640x480,1344x1008
472,0-3m,149052,0.1954557028719376,19.545570287193758,7.562249626188164,96.95676676596088,0.29161618911872655,3.3480396270751953,640x480,1344x1008
472,0-6m,307200,0.209202974269089,20.9202974269089,6.763709924301881,97.64908854166666,0.29161618911872655,3.3480396270751953,640x480,1344x1008
472,0-10m,307200,0.209202974269089,20.9202974269089,6.763709924301881,97.64908854166666,0.29161618911872655,3.3480396270751953,640x480,1344x1008
473,0-3m,178529,0.35271046880583873,35.271046880583874,17.811603856125746,85.20800542208829,0.29158990562366083,3.3480396270751953,640x480,1344x1008
473,0-6m,307200,0.35572273159127993,35.572273159127995,14.693648598540149,91.15885416666667,0.29158990562366083,3.3480396270751953,640x480,1344x1008
473,0-10m,307200,0.35572273159127993,35.572273159127995,14.693648598540149,91.15885416666667,0.29158990562366083,3.3480396270751953,640x480,1344x1008
474,0-3m,174427,0.25529608958622885,25.529608958622884,15.146815249694393,89.03495445085909,0.29211006906190734,3.3480396270751953,640x480,1344x1008
474,0-6m,307200,0.2545087493529233,25.45087493529233,11.69903527060842,93.47884114583334,0.29211006906190734,3.3480396270751953,640x480,1344x1008
474,0-10m,307200,0.2545087493529233,25.45087493529233,11.69903527060842,93.47884114583334,0.29211006906190734,3.3480396270751953,640x480,1344x1008
475,0-3m,212074,0.31801601965738335,31.801601965738335,16.665452117898123,87.52416609296755,0.29020814221251595,3.3480396270751953,640x480,1344x1008
475,0-6m,307200,0.3681105903937714,36.81105903937714,15.84095733759433,91.205078125,0.29020814221251595,3.3480396270751953,640x480,1344x1008
475,0-10m,307200,0.3681105903937714,36.81105903937714,15.84095733759433,91.205078125,0.29020814221251595,3.3480396270751953,640x480,1344x1008
476,0-3m,250774,0.1574611140048848,15.74611140048848,8.814314847964546,89.84184963353458,0.2920698593701588,3.3480396270751953,640x480,1344x1008
476,0-6m,307200,0.14876245644079367,14.876245644079367,7.843213099469082,91.697265625,0.2920698593701588,3.3480396270751953,640x480,1344x1008
476,0-10m,307200,0.14876245644079367,14.876245644079367,7.843213099469082,91.697265625,0.2920698593701588,3.3480396270751953,640x480,1344x1008
477,0-3m,194024,0.19003278459599893,19.003278459599894,11.421203968460555,97.04418010143075,0.29129365785627687,3.3480396270751953,640x480,1344x1008
477,0-6m,307200,0.22260817162498522,22.260817162498522,9.801901390894905,97.31608072916667,0.29129365785627687,3.3480396270751953,640x480,1344x1008
477,0-10m,307200,0.22260817162498522,22.260817162498522,9.801901390894905,97.31608072916667,0.29129365785627687,3.3480396270751953,640x480,1344x1008
478,0-3m,156584,0.29303755240231955,29.303755240231954,12.385620365837456,98.93795023757217,0.2912882953075878,3.3480396270751953,640x480,1344x1008
478,0-6m,307200,0.3119452479920195,31.19452479920195,10.712615433983181,97.7958984375,0.2912882953075878,3.3480396270751953,640x480,1344x1008
478,0-10m,307200,0.3119452479920195,31.19452479920195,10.712615433983181,97.7958984375,0.2912882953075878,3.3480396270751953,640x480,1344x1008
479,0-3m,307200,0.07841081272151011,7.841081272151011,4.6139184069721955,99.97493489583333,0.2900678477390849,3.3480396270751953,640x480,1344x1008
479,0-6m,307200,0.07841081272151011,7.841081272151011,4.6139184069721955,99.97493489583333,0.2900678477390849,3.3480396270751953,640x480,1344x1008
479,0-10m,307200,0.07841081272151011,7.841081272151011,4.6139184069721955,99.97493489583333,0.2900678477390849,3.3480396270751953,640x480,1344x1008
480,0-3m,307200,0.23007097235298715,23.007097235298716,13.10790346630345,99.705078125,0.29206916840507785,3.3480396270751953,640x480,1344x1008
480,0-6m,307200,0.23007097235298715,23.007097235298716,13.10790346630345,99.705078125,0.29206916840507785,3.3480396270751953,640x480,1344x1008
480,0-10m,307200,0.23007097235298715,23.007097235298716,13.10790346630345,99.705078125,0.29206916840507785,3.3480396270751953,640x480,1344x1008
481,0-3m,212920,0.23790847454867417,23.790847454867418,10.108138584986754,97.47557768175841,0.2917925751630126,3.3480396270751953,640x480,1344x1008
481,0-6m,307200,0.2870118488712857,28.701184887128573,10.167628736721111,96.05240885416667,0.2917925751630126,3.3480396270751953,640x480,1344x1008
481,0-10m,307200,0.2870118488712857,28.701184887128573,10.167628736721111,96.05240885416667,0.2917925751630126,3.3480396270751953,640x480,1344x1008
482,0-3m,142494,0.21220623444966746,21.220623444966748,9.586834678171117,97.38164413940235,0.2921134651659719,3.3480396270751953,640x480,1344x1008
482,0-6m,307173,0.22785496110742245,22.785496110742244,7.545154164748245,97.34449316834487,0.2921134651659719,3.3480396270751953,640x480,1344x1008
482,0-10m,307200,0.22815262662867705,22.815262662867706,7.548731625064341,97.3359375,0.2921134651659719,3.3480396270751953,640x480,1344x1008
483,0-3m,160816,0.18762792264867537,18.762792264867535,9.266676362022562,94.2294299074719,0.2918090512473229,3.3480396270751953,640x480,1344x1008
483,0-6m,300115,0.16416906729781708,16.416906729781708,6.629505279965022,95.27114606067674,0.2918090512473229,3.3480396270751953,640x480,1344x1008
483,0-10m,307200,0.18575430167935944,18.575430167935945,6.883280942013724,94.95963541666667,0.2918090512473229,3.3480396270751953,640x480,1344x1008
484,0-3m,249893,0.18246565520261787,18.246565520261786,8.420502814809899,96.83344471433773,0.29187666097979625,3.3480396270751953,640x480,1344x1008
484,0-6m,307200,0.2329197963164188,23.29197963164188,9.18147370098796,94.494140625,0.29187666097979625,3.3480396270751953,640x480,1344x1008
484,0-10m,307200,0.2329197963164188,23.29197963164188,9.18147370098796,94.494140625,0.29187666097979625,3.3480396270751953,640x480,1344x1008
485,0-3m,305600,0.18375689609551618,18.375689609551618,8.384675951995343,99.72447643979058,0.2900689415558238,3.3480396270751953,640x480,1344x1008
485,0-6m,307200,0.1840624652193704,18.40624652193704,8.3825601363226,99.72591145833334,0.2900689415558238,3.3480396270751953,640x480,1344x1008
485,0-10m,307200,0.1840624652193704,18.40624652193704,8.3825601363226,99.72591145833334,0.2900689415558238,3.3480396270751953,640x480,1344x1008
486,0-3m,307200,0.2731273683063531,27.31273683063531,12.399509616522995,95.87760416666666,0.29028175298323583,3.3480396270751953,640x480,1344x1008
486,0-6m,307200,0.2731273683063531,27.31273683063531,12.399509616522995,95.87760416666666,0.29028175298323583,3.3480396270751953,640x480,1344x1008
486,0-10m,307200,0.2731273683063531,27.31273683063531,12.399509616522995,95.87760416666666,0.29028175298323583,3.3480396270751953,640x480,1344x1008
487,0-3m,265618,0.27550023964269293,27.550023964269293,12.06343486224446,99.84564299106236,0.29194548677017235,3.3480396270751953,640x480,1344x1008
487,0-6m,307200,0.26115632674307565,26.115632674307566,11.151448631173757,99.86653645833333,0.29194548677017235,3.3480396270751953,640x480,1344x1008
487,0-10m,307200,0.26115632674307565,26.115632674307566,11.151448631173757,99.86653645833333,0.29194548677017235,3.3480396270751953,640x480,1344x1008
488,0-3m,189403,0.2900038818996766,29.00038818996766,13.352155554457715,93.08986658078278,0.29205342206123935,3.3480396270751953,640x480,1344x1008
488,0-6m,307200,0.29710024914160993,29.710024914160993,11.682235123342096,95.23502604166667,0.29205342206123935,3.3480396270751953,640x480,1344x1008
488,0-10m,307200,0.29710024914160993,29.710024914160993,11.682235123342096,95.23502604166667,0.29205342206123935,3.3480396270751953,640x480,1344x1008
489,0-3m,104737,0.626099349464781,62.6099349464781,26.70670954561542,72.43285562886086,0.2898956662598038,3.3480396270751953,640x480,1344x1008
489,0-6m,296824,0.6098868907714049,60.98868907714049,20.061350451685595,79.48245424898256,0.2898956662598038,3.3480396270751953,640x480,1344x1008
489,0-10m,307200,0.6044561651100715,60.44561651100715,19.630126863762566,80.17545572916667,0.2898956662598038,3.3480396270751953,640x480,1344x1008
490,0-3m,120720,0.387391763987764,38.7391763987764,21.171887493449624,65.23774022531478,0.29283816820024194,3.3480396270751953,640x480,1344x1008
490,0-6m,292279,0.34266014954879337,34.26601495487934,13.22255016164042,82.3367398957845,0.29283816820024194,3.3480396270751953,640x480,1344x1008
490,0-10m,307200,0.3639179232887303,36.39179232887303,13.125530002842357,83.0888671875,0.29283816820024194,3.3480396270751953,640x480,1344x1008
491,0-3m,214414,0.31132471642938137,31.132471642938135,16.55462132019246,82.29593216860839,0.2909579464514357,3.3480396270751953,640x480,1344x1008
491,0-6m,307200,0.43803170645531886,43.803170645531885,16.591648305181796,85.3056640625,0.2909579464514357,3.3480396270751953,640x480,1344x1008
491,0-10m,307200,0.43803170645531886,43.803170645531885,16.591648305181796,85.3056640625,0.2909579464514357,3.3480396270751953,640x480,1344x1008
492,0-3m,188358,0.371761360652261,37.1761360652261,14.89089822757812,92.41922296902708,0.28925089860185804,3.3480396270751953,640x480,1344x1008
492,0-6m,307200,0.41517264415471195,41.517264415471196,14.819396617804825,95.0712890625,0.28925089860185804,3.3480396270751953,640x480,1344x1008
492,0-10m,307200,0.41517264415471195,41.517264415471196,14.819396617804825,95.0712890625,0.28925089860185804,3.3480396270751953,640x480,1344x1008
493,0-3m,161286,0.17044454608046283,17.044454608046284,7.532913100102864,98.99185298165992,0.28803552284639133,3.3480396270751953,640x480,1344x1008
493,0-6m,307200,0.17025158928940073,17.025158928940073,5.957210475876504,98.81608072916667,0.28803552284639133,3.3480396270751953,640x480,1344x1008
493,0-10m,307200,0.17025158928940073,17.025158928940073,5.957210475876504,98.81608072916667,0.28803552284639133,3.3480396270751953,640x480,1344x1008
494,0-3m,304606,0.3039305596794466,30.39305596794466,14.836061486920048,89.70079381233462,0.27706404540320106,3.3480396270751953,640x480,1344x1008
494,0-6m,307200,0.30321192732759905,30.321192732759904,14.771883554675732,89.78776041666666,0.27706404540320106,3.3480396270751953,640x480,1344x1008
494,0-10m,307200,0.30321192732759905,30.321192732759904,14.771883554675732,89.78776041666666,0.27706404540320106,3.3480396270751953,640x480,1344x1008
495,0-3m,307200,0.1485128375540565,14.85128375540565,9.227511015077631,93.5869140625,0.2862531449912366,3.3480396270751953,640x480,1344x1008
495,0-6m,307200,0.1485128375540565,14.85128375540565,9.227511015077631,93.5869140625,0.2862531449912366,3.3480396270751953,640x480,1344x1008
495,0-10m,307200,0.1485128375540565,14.85128375540565,9.227511015077631,93.5869140625,0.2862531449912366,3.3480396270751953,640x480,1344x1008
496,0-3m,307200,0.1897509782090007,18.975097820900068,12.6307658645345,86.99088541666666,0.29157183049713997,3.3480396270751953,640x480,1344x1008
496,0-6m,307200,0.1897509782090007,18.975097820900068,12.6307658645345,86.99088541666666,0.29157183049713997,3.3480396270751953,640x480,1344x1008
496,0-10m,307200,0.1897509782090007,18.975097820900068,12.6307658645345,86.99088541666666,0.29157183049713997,3.3480396270751953,640x480,1344x1008
497,0-3m,307200,0.18437584562130116,18.437584562130116,12.481331470013572,90.1962890625,0.28491084527262855,3.3480396270751953,640x480,1344x1008
497,0-6m,307200,0.18437584562130116,18.437584562130116,12.481331470013572,90.1962890625,0.28491084527262855,3.3480396270751953,640x480,1344x1008
497,0-10m,307200,0.18437584562130116,18.437584562130116,12.481331470013572,90.1962890625,0.28491084527262855,3.3480396270751953,640x480,1344x1008
498,0-3m,302998,0.34497459866754937,34.49745986675494,19.839034090338266,78.91636248424082,0.28844890495503955,3.3480396270751953,640x480,1344x1008
498,0-6m,307200,0.3609198098621952,36.09198098621952,20.230361042123242,77.8369140625,0.28844890495503955,3.3480396270751953,640x480,1344x1008
498,0-10m,307200,0.3609198098621952,36.09198098621952,20.230361042123242,77.8369140625,0.28844890495503955,3.3480396270751953,640x480,1344x1008
499,0-3m,284777,0.3910160567373701,39.10160567373701,20.89277764485623,78.58640269403779,0.29055828246154397,3.3480396270751953,640x480,1344x1008
499,0-6m,306107,0.44211245643546454,44.211245643546455,21.326507061404428,74.38902083258469,0.29055828246154397,3.3480396270751953,640x480,1344x1008
499,0-10m,307200,0.4530987857916625,45.30987857916625,21.443956782968318,74.12434895833333,0.29055828246154397,3.3480396270751953,640x480,1344x1008
500,0-3m,297197,0.26161304258353046,26.161304258353045,13.783104412245425,97.20488430233145,0.29034537743995653,3.3480396270751953,640x480,1344x1008
500,0-6m,307200,0.3134030518005602,31.34030518005602,14.913423368136028,94.03971354166667,0.29034537743995653,3.3480396270751953,640x480,1344x1008
500,0-10m,307200,0.3134030518005602,31.34030518005602,14.913423368136028,94.03971354166667,0.29034537743995653,3.3480396270751953,640x480,1344x1008
501,0-3m,307200,0.16754583708709106,16.754583708709106,8.873376170938876,92.724609375,0.2928058167184752,3.3480396270751953,640x480,1344x1008
501,0-6m,307200,0.16754583708709106,16.754583708709106,8.873376170938876,92.724609375,0.2928058167184752,3.3480396270751953,640x480,1344x1008
501,0-10m,307200,0.16754583708709106,16.754583708709106,8.873376170938876,92.724609375,0.2928058167184752,3.3480396270751953,640x480,1344x1008
502,0-3m,290730,0.22041662934333003,22.041662934333004,14.791440982414592,94.32187940700994,0.2862769425960494,3.3480396270751953,640x480,1344x1008
502,0-6m,307200,0.2619936257032289,26.199362570322894,15.505876038311312,89.54947916666667,0.2862769425960494,3.3480396270751953,640x480,1344x1008
502,0-10m,307200,0.2619936257032289,26.199362570322894,15.505876038311312,89.54947916666667,0.2862769425960494,3.3480396270751953,640x480,1344x1008
503,0-3m,307200,0.0841928845839963,8.419288458399631,5.395825519151426,99.69791666666666,0.28477503256491193,3.3480396270751953,640x480,1344x1008
503,0-6m,307200,0.0841928845839963,8.419288458399631,5.395825519151426,99.69791666666666,0.28477503256491193,3.3480396270751953,640x480,1344x1008
503,0-10m,307200,0.0841928845839963,8.419288458399631,5.395825519151426,99.69791666666666,0.28477503256491193,3.3480396270751953,640x480,1344x1008
504,0-3m,307200,0.1722068358307782,17.220683583077818,11.000616438741048,91.11946614583334,0.2795772691046819,3.3480396270751953,640x480,1344x1008
504,0-6m,307200,0.1722068358307782,17.220683583077818,11.000616438741048,91.11946614583334,0.2795772691046819,3.3480396270751953,640x480,1344x1008
504,0-10m,307200,0.1722068358307782,17.220683583077818,11.000616438741048,91.11946614583334,0.2795772691046819,3.3480396270751953,640x480,1344x1008
505,0-3m,307200,0.12055540110954704,12.055540110954704,9.801384788628194,90.142578125,0.28834534637856774,3.3480396270751953,640x480,1344x1008
505,0-6m,307200,0.12055540110954704,12.055540110954704,9.801384788628194,90.142578125,0.28834534637856774,3.3480396270751953,640x480,1344x1008
505,0-10m,307200,0.12055540110954704,12.055540110954704,9.801384788628194,90.142578125,0.28834534637856774,3.3480396270751953,640x480,1344x1008
506,0-3m,307200,0.19411768374285507,19.411768374285508,17.69129179818152,93.08658854166667,0.28671820904409717,3.3480396270751953,640x480,1344x1008
506,0-6m,307200,0.19411768374285507,19.411768374285508,17.69129179818152,93.08658854166667,0.28671820904409717,3.3480396270751953,640x480,1344x1008
506,0-10m,307200,0.19411768374285507,19.411768374285508,17.69129179818152,93.08658854166667,0.28671820904409717,3.3480396270751953,640x480,1344x1008
507,0-3m,295426,0.2727346897621973,27.27346897621973,14.449318208919934,72.06643964986156,0.284138211644701,3.3480396270751953,640x480,1344x1008
507,0-6m,307200,0.26324050169729163,26.324050169729162,13.926555987565031,73.13704427083333,0.284138211644701,3.3480396270751953,640x480,1344x1008
507,0-10m,307200,0.26324050169729163,26.324050169729162,13.926555987565031,73.13704427083333,0.284138211644701,3.3480396270751953,640x480,1344x1008
508,0-3m,303991,0.30254041544898724,30.254041544898726,15.16686860046255,82.10604919224582,0.27592609904419235,3.3480396270751953,640x480,1344x1008
508,0-6m,307200,0.30481141092663167,30.481141092663165,15.187417542165827,82.28352864583334,0.27592609904419235,3.3480396270751953,640x480,1344x1008
508,0-10m,307200,0.30481141092663167,30.481141092663165,15.187417542165827,82.28352864583334,0.27592609904419235,3.3480396270751953,640x480,1344x1008
509,0-3m,299414,0.2978091774399005,29.78091774399005,16.637579400900684,88.17222975545566,0.2894820769043164,3.3480396270751953,640x480,1344x1008
509,0-6m,307200,0.3449710033686521,34.49710033686521,17.99161553653934,85.9375,0.2894820769043164,3.3480396270751953,640x480,1344x1008
509,0-10m,307200,0.3449710033686521,34.49710033686521,17.99161553653934,85.9375,0.2894820769043164,3.3480396270751953,640x480,1344x1008
510,0-3m,284626,0.19419928006362147,19.41992800636215,13.007874931205171,92.60749193678723,0.2836286186161589,3.3480396270751953,640x480,1344x1008
510,0-6m,307200,0.18616428157954942,18.616428157954942,12.251236702782958,93.15071614583333,0.2836286186161589,3.3480396270751953,640x480,1344x1008
510,0-10m,307200,0.18616428157954942,18.616428157954942,12.251236702782958,93.15071614583333,0.2836286186161589,3.3480396270751953,640x480,1344x1008
511,0-3m,307200,0.11015194129004764,11.015194129004763,7.016722407229182,98.68880208333334,0.2690622679493915,3.3480396270751953,640x480,1344x1008
511,0-6m,307200,0.11015194129004764,11.015194129004763,7.016722407229182,98.68880208333334,0.2690622679493915,3.3480396270751953,640x480,1344x1008
511,0-10m,307200,0.11015194129004764,11.015194129004763,7.016722407229182,98.68880208333334,0.2690622679493915,3.3480396270751953,640x480,1344x1008
512,0-3m,307200,0.1749706373474328,17.49706373474328,9.492126603029496,91.76334635416666,0.29006036794255785,3.3480396270751953,640x480,1344x1008
512,0-6m,307200,0.1749706373474328,17.49706373474328,9.492126603029496,91.76334635416666,0.29006036794255785,3.3480396270751953,640x480,1344x1008
512,0-10m,307200,0.1749706373474328,17.49706373474328,9.492126603029496,91.76334635416666,0.29006036794255785,3.3480396270751953,640x480,1344x1008
513,0-3m,207465,0.24705891462151877,24.70589146215188,14.676231530455969,85.49008266454582,0.2741317042755774,3.3480396270751953,640x480,1344x1008
513,0-6m,307200,0.22857516513710532,22.857516513710532,11.863475442119768,90.20084635416666,0.2741317042755774,3.3480396270751953,640x480,1344x1008
513,0-10m,307200,0.22857516513710532,22.857516513710532,11.863475442119768,90.20084635416666,0.2741317042755774,3.3480396270751953,640x480,1344x1008
514,0-3m,226319,0.4365907491131246,43.65907491131246,31.70007296039544,76.86097941401296,0.2832209941995915,3.3480396270751953,640x480,1344x1008
514,0-6m,303869,0.4685774932978442,46.85774932978442,27.469691040989314,80.52022417554934,0.2832209941995915,3.3480396270751953,640x480,1344x1008
514,0-10m,307200,0.49866106558047857,49.86610655804785,27.73806448970483,79.64713541666667,0.2832209941995915,3.3480396270751953,640x480,1344x1008
515,0-3m,212521,0.4010512260655846,40.10512260655846,20.52921285898932,80.48334046988298,0.27332054229629615,3.3480396270751953,640x480,1344x1008
515,0-6m,307200,0.39171610030772475,39.17161003077248,17.593463117117043,86.42708333333333,0.27332054229629615,3.3480396270751953,640x480,1344x1008
515,0-10m,307200,0.39171610030772475,39.17161003077248,17.593463117117043,86.42708333333333,0.27332054229629615,3.3480396270751953,640x480,1344x1008
516,0-3m,215651,0.3509219844192766,35.09219844192766,23.251560597897928,59.389940227497206,0.2796078578073746,3.3480396270751953,640x480,1344x1008
516,0-6m,307200,0.3239070554659702,32.39070554659702,18.77370388512524,71.080078125,0.2796078578073746,3.3480396270751953,640x480,1344x1008
516,0-10m,307200,0.3239070554659702,32.39070554659702,18.77370388512524,71.080078125,0.2796078578073746,3.3480396270751953,640x480,1344x1008
517,0-3m,295954,0.16994136953534011,16.99413695353401,10.67147706719236,94.9353615764612,0.28196215092209304,3.3480396270751953,640x480,1344x1008
517,0-6m,307200,0.17326911967480554,17.326911967480555,10.586162766097225,95.11100260416666,0.28196215092209304,3.3480396270751953,640x480,1344x1008
517,0-10m,307200,0.17326911967480554,17.326911967480555,10.586162766097225,95.11100260416666,0.28196215092209304,3.3480396270751953,640x480,1344x1008
518,0-3m,272806,0.24172266172308574,24.172266172308575,14.014484374215295,85.48932208235888,0.2751819179499555,3.3480396270751953,640x480,1344x1008
518,0-6m,307200,0.2325571558170486,23.255715581704862,13.00792620237668,87.10416666666667,0.2751819179499555,3.3480396270751953,640x480,1344x1008
518,0-10m,307200,0.2325571558170486,23.255715581704862,13.00792620237668,87.10416666666667,0.2751819179499555,3.3480396270751953,640x480,1344x1008
519,0-3m,194582,0.22728930006116324,22.728930006116325,10.456584498454692,92.43917731342056,0.27890694027290547,3.3480396270751953,640x480,1344x1008
519,0-6m,307200,0.22073939830142383,22.073939830142383,8.981409889343249,94.95703125,0.27890694027290547,3.3480396270751953,640x480,1344x1008
519,0-10m,307200,0.22073939830142383,22.073939830142383,8.981409889343249,94.95703125,0.27890694027290547,3.3480396270751953,640x480,1344x1008
520,0-3m,253459,0.1638003066446991,16.38003066446991,8.200781729216637,97.82094934486446,0.28992714246874646,3.3480396270751953,640x480,1344x1008
520,0-6m,307200,0.2123452681431081,21.23452681431081,9.098024401883803,97.54654947916667,0.28992714246874646,3.3480396270751953,640x480,1344x1008
520,0-10m,307200,0.2123452681431081,21.23452681431081,9.098024401883803,97.54654947916667,0.28992714246874646,3.3480396270751953,640x480,1344x1008
521,0-3m,277062,0.1456104387753798,14.56104387753798,6.986809326750416,96.99309179894753,0.2911840279275524,3.3480396270751953,640x480,1344x1008
521,0-6m,307200,0.15305426562787033,15.305426562787034,6.992363173047473,97.2880859375,0.2911840279275524,3.3480396270751953,640x480,1344x1008
521,0-10m,307200,0.15305426562787033,15.305426562787034,6.992363173047473,97.2880859375,0.2911840279275524,3.3480396270751953,640x480,1344x1008
522,0-3m,101952,0.17769606811931615,17.769606811931617,8.545957390726501,85.7629080351538,0.2833809753433389,3.3480396270751953,640x480,1344x1008
522,0-6m,307200,0.17654178750274394,17.654178750274394,6.154598744626163,93.44075520833334,0.2833809753433389,3.3480396270751953,640x480,1344x1008
522,0-10m,307200,0.17654178750274394,17.654178750274394,6.154598744626163,93.44075520833334,0.2833809753433389,3.3480396270751953,640x480,1344x1008
523,0-3m,246914,0.1917228365624815,19.17228365624815,8.539013986286752,99.31271616838251,0.2785373724046109,3.3480396270751953,640x480,1344x1008
523,0-6m,307200,0.19159886314727675,19.159886314727675,8.021664357665822,99.41015625,0.2785373724046109,3.3480396270751953,640x480,1344x1008
523,0-10m,307200,0.19159886314727675,19.159886314727675,8.021664357665822,99.41015625,0.2785373724046109,3.3480396270751953,640x480,1344x1008
524,0-3m,307200,0.3872643904845851,38.72643904845851,16.222300838604355,98.46419270833333,0.27587463362635917,3.3480396270751953,640x480,1344x1008
524,0-6m,307200,0.3872643904845851,38.72643904845851,16.222300838604355,98.46419270833333,0.27587463362635917,3.3480396270751953,640x480,1344x1008
524,0-10m,307200,0.3872643904845851,38.72643904845851,16.222300838604355,98.46419270833333,0.27587463362635917,3.3480396270751953,640x480,1344x1008
525,0-3m,204953,0.33011239137417947,33.011239137417945,13.044752379698007,99.49305450517923,0.28898631259698676,3.3480396270751953,640x480,1344x1008
525,0-6m,307200,0.3682815412680308,36.82815412680308,13.057461305797135,99.65983072916667,0.28898631259698676,3.3480396270751953,640x480,1344x1008
525,0-10m,307200,0.3682815412680308,36.82815412680308,13.057461305797135,99.65983072916667,0.28898631259698676,3.3480396270751953,640x480,1344x1008
526,0-3m,190482,0.1801873720469135,18.01873720469135,8.907695480611391,98.5331947375605,0.290664003023365,3.3480396270751953,640x480,1344x1008
526,0-6m,307200,0.19650535775387348,19.650535775387347,8.178561148713067,99.08821614583333,0.290664003023365,3.3480396270751953,640x480,1344x1008
526,0-10m,307200,0.19650535775387348,19.650535775387347,8.178561148713067,99.08821614583333,0.290664003023365,3.3480396270751953,640x480,1344x1008
527,0-3m,276000,0.19063649231109067,19.063649231109068,9.89369571799904,98.47717391304349,0.28707314233129555,3.3480396270751953,640x480,1344x1008
527,0-6m,307200,0.1819994424850059,18.19994424850059,9.21961355877728,98.55143229166666,0.28707314233129555,3.3480396270751953,640x480,1344x1008
527,0-10m,307200,0.1819994424850059,18.19994424850059,9.21961355877728,98.55143229166666,0.28707314233129555,3.3480396270751953,640x480,1344x1008
528,0-3m,306913,0.12189011750104246,12.189011750104246,7.032516935766699,96.6922222258425,0.289345120558563,3.3480396270751953,640x480,1344x1008
528,0-6m,307200,0.12270139417940906,12.270139417940907,7.0564967124408335,96.60188802083334,0.289345120558563,3.3480396270751953,640x480,1344x1008
528,0-10m,307200,0.12270139417940906,12.270139417940907,7.0564967124408335,96.60188802083334,0.289345120558563,3.3480396270751953,640x480,1344x1008
529,0-3m,298399,0.3178362083336623,31.78362083336623,15.82342974708828,92.964453634228,0.2890924800208214,3.3480396270751953,640x480,1344x1008
529,0-6m,307200,0.3202921854215674,32.02921854215674,15.745109629586707,93.166015625,0.2890924800208214,3.3480396270751953,640x480,1344x1008
529,0-10m,307200,0.3202921854215674,32.02921854215674,15.745109629586707,93.166015625,0.2890924800208214,3.3480396270751953,640x480,1344x1008
530,0-3m,288002,0.08029555789612289,8.029555789612289,4.284646472304906,99.22361650266318,0.2870619595969053,3.3480396270751953,640x480,1344x1008
530,0-6m,307200,0.08207623653676516,8.207623653676515,4.23270046274112,99.13639322916666,0.2870619595969053,3.3480396270751953,640x480,1344x1008
530,0-10m,307200,0.08207623653676516,8.207623653676515,4.23270046274112,99.13639322916666,0.2870619595969053,3.3480396270751953,640x480,1344x1008
531,0-3m,257328,0.14603830506834145,14.603830506834145,5.852529405253559,97.89645899396878,0.28959577092722005,3.3480396270751953,640x480,1344x1008
531,0-6m,307200,0.1730244542165504,17.30244542165504,6.476073897725181,98.2119140625,0.28959577092722005,3.3480396270751953,640x480,1344x1008
531,0-10m,307200,0.1730244542165504,17.30244542165504,6.476073897725181,98.2119140625,0.28959577092722005,3.3480396270751953,640x480,1344x1008
532,0-3m,255995,0.09333608767169466,9.333608767169466,3.885578372344975,99.79218344108284,0.29106135727548865,3.3480396270751953,640x480,1344x1008
532,0-6m,307200,0.09320680476531076,9.320680476531077,3.7214009491638915,99.81184895833334,0.29106135727548865,3.3480396270751953,640x480,1344x1008
532,0-10m,307200,0.09320680476531076,9.320680476531077,3.7214009491638915,99.81184895833334,0.29106135727548865,3.3480396270751953,640x480,1344x1008
533,0-3m,307200,0.1432774011453148,14.327740114531478,6.799573406763697,98.09733072916667,0.28995113453442906,3.3480396270751953,640x480,1344x1008
533,0-6m,307200,0.1432774011453148,14.327740114531478,6.799573406763697,98.09733072916667,0.28995113453442906,3.3480396270751953,640x480,1344x1008
533,0-10m,307200,0.1432774011453148,14.327740114531478,6.799573406763697,98.09733072916667,0.28995113453442906,3.3480396270751953,640x480,1344x1008
534,0-3m,293309,0.15739636654794628,15.739636654794628,8.477140293417472,99.43711239682382,0.2911236712858369,3.3480396270751953,640x480,1344x1008
534,0-6m,307200,0.15489356484341746,15.489356484341746,8.240432300288292,99.45963541666667,0.2911236712858369,3.3480396270751953,640x480,1344x1008
534,0-10m,307200,0.15489356484341746,15.489356484341746,8.240432300288292,99.45963541666667,0.2911236712858369,3.3480396270751953,640x480,1344x1008
535,0-3m,307200,0.1477763650395597,14.777636503955971,9.03697119496127,95.0107421875,0.2846797999906884,3.3480396270751953,640x480,1344x1008
535,0-6m,307200,0.1477763650395597,14.777636503955971,9.03697119496127,95.0107421875,0.2846797999906884,3.3480396270751953,640x480,1344x1008
535,0-10m,307200,0.1477763650395597,14.777636503955971,9.03697119496127,95.0107421875,0.2846797999906884,3.3480396270751953,640x480,1344x1008
536,0-3m,198543,0.19893651296255416,19.893651296255417,10.996304271512383,99.39660426204902,0.28703162144055916,3.3480396270751953,640x480,1344x1008
536,0-6m,307200,0.18410707756799335,18.410707756799336,8.754177798721686,99.03515625,0.28703162144055916,3.3480396270751953,640x480,1344x1008
536,0-10m,307200,0.18410707756799335,18.410707756799336,8.754177798721686,99.03515625,0.28703162144055916,3.3480396270751953,640x480,1344x1008
537,0-3m,238615,0.21476674062409426,21.476674062409426,10.902558726079432,99.30599501288687,0.2886716942290872,3.3480396270751953,640x480,1344x1008
537,0-6m,307200,0.18427481508503357,18.42748150850336,9.000172746640821,99.171875,0.2886716942290872,3.3480396270751953,640x480,1344x1008
537,0-10m,307200,0.18427481508503357,18.42748150850336,9.000172746640821,99.171875,0.2886716942290872,3.3480396270751953,640x480,1344x1008
538,0-3m,307200,0.17824714277521708,17.824714277521707,11.204472143486349,96.02278645833333,0.28889804952379383,3.3480396270751953,640x480,1344x1008
538,0-6m,307200,0.17824714277521708,17.824714277521707,11.204472143486349,96.02278645833333,0.28889804952379383,3.3480396270751953,640x480,1344x1008
538,0-10m,307200,0.17824714277521708,17.824714277521707,11.204472143486349,96.02278645833333,0.28889804952379383,3.3480396270751953,640x480,1344x1008
539,0-3m,152588,0.13437297532481066,13.437297532481066,8.677910092236212,90.14339266521614,0.29179452494858826,3.3480396270751953,640x480,1344x1008
539,0-6m,307200,0.14372945743399518,14.372945743399518,6.190057733095449,93.85384114583334,0.29179452494858826,3.3480396270751953,640x480,1344x1008
539,0-10m,307200,0.14372945743399518,14.372945743399518,6.190057733095449,93.85384114583334,0.29179452494858826,3.3480396270751953,640x480,1344x1008
540,0-3m,159903,0.10314436913875558,10.314436913875557,4.879112214641451,99.97373407628375,0.2886170308886453,3.3480396270751953,640x480,1344x1008
540,0-6m,307200,0.12970254514249974,12.970254514249973,4.8061313101191425,99.88997395833333,0.2886170308886453,3.3480396270751953,640x480,1344x1008
540,0-10m,307200,0.12970254514249974,12.970254514249973,4.8061313101191425,99.88997395833333,0.2886170308886453,3.3480396270751953,640x480,1344x1008
541,0-3m,303040,0.1981285296415924,19.812852964159237,9.76851421352386,98.7430702217529,0.28996533493377025,3.3480396270751953,640x480,1344x1008
541,0-6m,307199,0.1990101423188547,19.90101423188547,9.749403896996698,98.70865465056853,0.28996533493377025,3.3480396270751953,640x480,1344x1008
541,0-10m,307200,0.19902237385162153,19.902237385162152,9.749569309225697,98.70833333333333,0.28996533493377025,3.3480396270751953,640x480,1344x1008
542,0-3m,281086,0.10511944578175432,10.511944578175433,5.152293639923328,98.86333719929132,0.29049466593683765,3.3480396270751953,640x480,1344x1008
542,0-6m,307200,0.1323765233795469,13.237652337954689,5.612414285165297,97.1279296875,0.29049466593683765,3.3480396270751953,640x480,1344x1008
542,0-10m,307200,0.1323765233795469,13.237652337954689,5.612414285165297,97.1279296875,0.29049466593683765,3.3480396270751953,640x480,1344x1008
543,0-3m,259865,0.23801646254945397,23.801646254945396,12.876606325121017,93.78215611952359,0.2923468591410017,3.3480396270751953,640x480,1344x1008
543,0-6m,307200,0.23583435828293053,23.583435828293055,11.976738525583691,94.66438802083333,0.2923468591410017,3.3480396270751953,640x480,1344x1008
543,0-10m,307200,0.23583435828293053,23.583435828293055,11.976738525583691,94.66438802083333,0.2923468591410017,3.3480396270751953,640x480,1344x1008
544,0-3m,238680,0.1905995698281423,19.05995698281423,10.566184293625765,92.50167588402883,0.2919207885806392,3.3480396270751953,640x480,1344x1008
544,0-6m,307200,0.19307580805034377,19.307580805034377,9.639100769535327,93.76529947916666,0.2919207885806392,3.3480396270751953,640x480,1344x1008
544,0-10m,307200,0.19307580805034377,19.307580805034377,9.639100769535327,93.76529947916666,0.2919207885806392,3.3480396270751953,640x480,1344x1008
545,0-3m,209558,0.15220887976567019,15.220887976567019,9.329674068868702,93.22669618912187,0.29247136018084713,3.3480396270751953,640x480,1344x1008
545,0-6m,283772,0.22632034375206886,22.632034375206885,9.550953815756385,92.28077470645448,0.29247136018084713,3.3480396270751953,640x480,1344x1008
545,0-10m,307200,0.22994418537263603,22.994418537263602,9.143056427386524,92.82389322916667,0.29247136018084713,3.3480396270751953,640x480,1344x1008
546,0-3m,209149,0.23027089307432783,23.02708930743278,12.163971498398654,96.80514848266068,0.2929587796727965,3.3480396270751953,640x480,1344x1008
546,0-6m,288396,0.28676989779043094,28.676989779043094,11.820769310843662,95.27524653601299,0.2929587796727965,3.3480396270751953,640x480,1344x1008
546,0-10m,307200,0.2861620959781188,28.61620959781188,11.360726299913637,95.5166015625,0.2929587796727965,3.3480396270751953,640x480,1344x1008
547,0-3m,255424,0.4298608609533768,42.986086095337676,22.67708961184328,67.02933162114758,0.2926898457311662,3.3480396270751953,640x480,1344x1008
547,0-6m,304193,0.4550894275988314,45.50894275988314,21.17622066573333,71.0075511270805,0.2926898457311662,3.3480396270751953,640x480,1344x1008
547,0-10m,307200,0.4568415629431062,45.68415629431062,21.070394683896758,71.29134114583333,0.2926898457311662,3.3480396270751953,640x480,1344x1008
548,0-3m,263649,0.166003027487825,16.6003027487825,6.966152741457675,99.88924668783116,0.29303267633645125,3.3480396270751953,640x480,1344x1008
548,0-6m,303766,0.18601436984760916,18.601436984760916,7.270939014935161,99.50751565349644,0.29303267633645125,3.3480396270751953,640x480,1344x1008
548,0-10m,307200,0.23213253064624345,23.213253064624347,7.860242554948936,98.39518229166667,0.29303267633645125,3.3480396270751953,640x480,1344x1008
549,0-3m,152646,0.2171533771020606,21.715337710206057,9.582658883847115,95.55376492014203,0.2937096670556629,3.3480396270751953,640x480,1344x1008
549,0-6m,307200,0.25188704401875534,25.188704401875533,9.166514531641319,97.71940104166667,0.2937096670556629,3.3480396270751953,640x480,1344x1008
549,0-10m,307200,0.25188704401875534,25.188704401875533,9.166514531641319,97.71940104166667,0.2937096670556629,3.3480396270751953,640x480,1344x1008
550,0-3m,239120,0.2015768976021507,20.15768976021507,9.781265365053711,97.7889762462362,0.2927128063836789,3.3480396270751953,640x480,1344x1008
550,0-6m,307200,0.18356906337702336,18.356906337702338,8.4249604641185,98.0830078125,0.2927128063836789,3.3480396270751953,640x480,1344x1008
550,0-10m,307200,0.18356906337702336,18.356906337702338,8.4249604641185,98.0830078125,0.2927128063836789,3.3480396270751953,640x480,1344x1008
551,0-3m,248955,0.3435612054629731,34.356120546297305,19.904509539352542,83.09614187302927,0.2929416500370096,3.3480396270751953,640x480,1344x1008
551,0-6m,307200,0.3258276003521557,32.58276003521557,17.489026422870868,85.38541666666667,0.2929416500370096,3.3480396270751953,640x480,1344x1008
551,0-10m,307200,0.3258276003521557,32.58276003521557,17.489026422870868,85.38541666666667,0.2929416500370096,3.3480396270751953,640x480,1344x1008
552,0-3m,297094,0.21541078586778578,21.54107858677858,10.279920262895905,95.08135472274768,0.2910375538269683,3.3480396270751953,640x480,1344x1008
552,0-6m,307200,0.21802829890764164,21.802829890764166,10.256754626785948,95.2431640625,0.2910375538269683,3.3480396270751953,640x480,1344x1008
552,0-10m,307200,0.21802829890764164,21.802829890764166,10.256754626785948,95.2431640625,0.2910375538269683,3.3480396270751953,640x480,1344x1008
553,0-3m,303867,0.306491077255593,30.6491077255593,14.873274851565958,94.17080499034117,0.2910279911896784,3.3480396270751953,640x480,1344x1008
553,0-6m,307200,0.30628649684096065,30.628649684096064,14.813791169236826,94.23404947916667,0.2910279911896784,3.3480396270751953,640x480,1344x1008
553,0-10m,307200,0.30628649684096065,30.628649684096064,14.813791169236826,94.23404947916667,0.2910279911896784,3.3480396270751953,640x480,1344x1008
554,0-3m,265046,0.17120622669910254,17.120622669910254,7.370426792705895,98.3753763497657,0.28874966342640496,3.3480396270751953,640x480,1344x1008
554,0-6m,307200,0.17455021317776603,17.455021317776602,7.219444152444085,98.59537760416667,0.28874966342640496,3.3480396270751953,640x480,1344x1008
554,0-10m,307200,0.17455021317776603,17.455021317776602,7.219444152444085,98.59537760416667,0.28874966342640496,3.3480396270751953,640x480,1344x1008
555,0-3m,305288,0.1525566891221948,15.25566891221948,7.7193381847650695,99.2849375016378,0.2893163988730136,3.3480396270751953,640x480,1344x1008
555,0-6m,307200,0.15310721508188482,15.310721508188482,7.720196540316383,99.21354166666667,0.2893163988730136,3.3480396270751953,640x480,1344x1008
555,0-10m,307200,0.15310721508188482,15.310721508188482,7.720196540316383,99.21354166666667,0.2893163988730136,3.3480396270751953,640x480,1344x1008
556,0-3m,307200,0.1681594777860058,16.815947778600577,10.449337048480476,93.62890625,0.2849246455497038,3.3480396270751953,640x480,1344x1008
556,0-6m,307200,0.1681594777860058,16.815947778600577,10.449337048480476,93.62890625,0.2849246455497038,3.3480396270751953,640x480,1344x1008
556,0-10m,307200,0.1681594777860058,16.815947778600577,10.449337048480476,93.62890625,0.2849246455497038,3.3480396270751953,640x480,1344x1008
557,0-3m,307200,0.10761725491844118,10.761725491844118,6.087472677022278,99.72102864583333,0.2862345702046158,3.3480396270751953,640x480,1344x1008
557,0-6m,307200,0.10761725491844118,10.761725491844118,6.087472677022278,99.72102864583333,0.2862345702046158,3.3480396270751953,640x480,1344x1008
557,0-10m,307200,0.10761725491844118,10.761725491844118,6.087472677022278,99.72102864583333,0.2862345702046158,3.3480396270751953,640x480,1344x1008
558,0-3m,268019,0.2926445211780344,29.26445211780344,17.196291974832167,88.82429976979243,0.2893185166006834,3.3480396270751953,640x480,1344x1008
558,0-6m,307200,0.3186692789980831,31.86692789980831,16.98544964646434,90.2470703125,0.2893185166006834,3.3480396270751953,640x480,1344x1008
558,0-10m,307200,0.3186692789980831,31.86692789980831,16.98544964646434,90.2470703125,0.2893185166006834,3.3480396270751953,640x480,1344x1008
559,0-3m,307200,0.06595190726414633,6.595190726414633,4.049657513091052,99.62337239583333,0.29038319954372543,3.3480396270751953,640x480,1344x1008
559,0-6m,307200,0.06595190726414633,6.595190726414633,4.049657513091052,99.62337239583333,0.29038319954372543,3.3480396270751953,640x480,1344x1008
559,0-10m,307200,0.06595190726414633,6.595190726414633,4.049657513091052,99.62337239583333,0.29038319954372543,3.3480396270751953,640x480,1344x1008
560,0-3m,307200,0.16813103935623075,16.813103935623076,11.725939780489917,92.20475260416666,0.28916929699873667,3.3480396270751953,640x480,1344x1008
560,0-6m,307200,0.16813103935623075,16.813103935623076,11.725939780489917,92.20475260416666,0.28916929699873667,3.3480396270751953,640x480,1344x1008
560,0-10m,307200,0.16813103935623075,16.813103935623076,11.725939780489917,92.20475260416666,0.28916929699873667,3.3480396270751953,640x480,1344x1008
561,0-3m,245208,0.31884432089408105,31.884432089408104,14.433607849698205,93.801588855176,0.2877888403488279,3.3480396270751953,640x480,1344x1008
561,0-6m,307200,0.35198506541356134,35.19850654135613,14.608332841962232,94.50032552083333,0.2877888403488279,3.3480396270751953,640x480,1344x1008
561,0-10m,307200,0.35198506541356134,35.19850654135613,14.608332841962232,94.50032552083333,0.2877888403488279,3.3480396270751953,640x480,1344x1008
562,0-3m,303982,0.2880870929662215,28.808709296622148,16.206583191527486,94.31940049081854,0.28707346373695997,3.3480396270751953,640x480,1344x1008
562,0-6m,307200,0.2882518280283936,28.82518280283936,16.13924224927822,94.37141927083333,0.28707346373695997,3.3480396270751953,640x480,1344x1008
562,0-10m,307200,0.2882518280283936,28.82518280283936,16.13924224927822,94.37141927083333,0.28707346373695997,3.3480396270751953,640x480,1344x1008
563,0-3m,263606,0.3213166247680198,32.13166247680198,15.742986550145266,97.49209046835048,0.28374171332319253,3.3480396270751953,640x480,1344x1008
563,0-6m,306454,0.37394108648001484,37.394108648001485,15.722591871294666,95.59379221677642,0.28374171332319253,3.3480396270751953,640x480,1344x1008
563,0-10m,307200,0.37350913473792996,37.35091347379299,15.6922211508197,95.60384114583333,0.28374171332319253,3.3480396270751953,640x480,1344x1008
564,0-3m,208971,0.14925816865244612,14.925816865244613,7.788051565043365,95.80037421460395,0.29252958139342344,3.3480396270751953,640x480,1344x1008
564,0-6m,307200,0.19911822763368642,19.91182276336864,8.017827520522044,96.01595052083334,0.29252958139342344,3.3480396270751953,640x480,1344x1008
564,0-10m,307200,0.19911822763368642,19.91182276336864,8.017827520522044,96.01595052083334,0.29252958139342344,3.3480396270751953,640x480,1344x1008
565,0-3m,273610,0.27097303337823586,27.097303337823586,12.39948054944665,94.16761083293738,0.2905342489052229,3.3480396270751953,640x480,1344x1008
565,0-6m,307200,0.27316704898160726,27.316704898160726,12.042816690604413,94.7978515625,0.2905342489052229,3.3480396270751953,640x480,1344x1008
565,0-10m,307200,0.27316704898160726,27.316704898160726,12.042816690604413,94.7978515625,0.2905342489052229,3.3480396270751953,640x480,1344x1008
566,0-3m,241432,0.23867200514625503,23.8672005146255,12.254063478847016,96.89602041154444,0.2915483939869772,3.3480396270751953,640x480,1344x1008
566,0-6m,307200,0.26083420193909357,26.083420193909358,11.84812276170281,97.5517578125,0.2915483939869772,3.3480396270751953,640x480,1344x1008
566,0-10m,307200,0.26083420193909357,26.083420193909358,11.84812276170281,97.5517578125,0.2915483939869772,3.3480396270751953,640x480,1344x1008
567,0-3m,205929,0.3148600063283036,31.486000632830358,14.204796203568879,95.12744683847345,0.288831979359586,3.3480396270751953,640x480,1344x1008
567,0-6m,307200,0.3750134688887435,37.50134688887435,14.389450163813787,95.70865885416666,0.288831979359586,3.3480396270751953,640x480,1344x1008
567,0-10m,307200,0.3750134688887435,37.50134688887435,14.389450163813787,95.70865885416666,0.288831979359586,3.3480396270751953,640x480,1344x1008
568,0-3m,270776,0.2544374732067251,25.44374732067251,11.71265793392138,95.60005318048866,0.29220248322992864,3.3480396270751953,640x480,1344x1008
568,0-6m,307200,0.26082144694499826,26.082144694499824,11.478550201496173,96.12141927083333,0.29220248322992864,3.3480396270751953,640x480,1344x1008
568,0-10m,307200,0.26082144694499826,26.082144694499824,11.478550201496173,96.12141927083333,0.29220248322992864,3.3480396270751953,640x480,1344x1008
569,0-3m,302327,0.09307384305781077,9.307384305781078,5.231630286230047,99.37187217813825,0.2903829887362669,3.3480396270751953,640x480,1344x1008
569,0-6m,307200,0.09238178431192258,9.238178431192258,5.1744195834078734,99.3818359375,0.2903829887362669,3.3480396270751953,640x480,1344x1008
569,0-10m,307200,0.09238178431192258,9.238178431192258,5.1744195834078734,99.3818359375,0.2903829887362669,3.3480396270751953,640x480,1344x1008
570,0-3m,307200,0.16804984480821683,16.804984480821684,9.5192414609695,95.75325520833333,0.2904571016366449,3.3480396270751953,640x480,1344x1008
570,0-6m,307200,0.16804984480821683,16.804984480821684,9.5192414609695,95.75325520833333,0.2904571016366449,3.3480396270751953,640x480,1344x1008
570,0-10m,307200,0.16804984480821683,16.804984480821684,9.5192414609695,95.75325520833333,0.2904571016366449,3.3480396270751953,640x480,1344x1008
571,0-3m,294950,0.3043435013217428,30.43435013217428,14.586232354026546,91.80640786573996,0.2902165476886611,3.3480396270751953,640x480,1344x1008
571,0-6m,307200,0.31290630454022905,31.290630454022907,14.67273297052641,91.38606770833333,0.2902165476886611,3.3480396270751953,640x480,1344x1008
571,0-10m,307200,0.31290630454022905,31.290630454022907,14.67273297052641,91.38606770833333,0.2902165476886611,3.3480396270751953,640x480,1344x1008
572,0-3m,307200,0.11974093288959314,11.974093288959315,8.812560432235145,99.17545572916666,0.2907039025787415,3.3480396270751953,640x480,1344x1008
572,0-6m,307200,0.11974093288959314,11.974093288959315,8.812560432235145,99.17545572916666,0.2907039025787415,3.3480396270751953,640x480,1344x1008
572,0-10m,307200,0.11974093288959314,11.974093288959315,8.812560432235145,99.17545572916666,0.2907039025787415,3.3480396270751953,640x480,1344x1008
573,0-3m,307200,0.05812305033497978,5.812305033497978,5.233930416308913,99.84407552083333,0.284415692419711,3.3480396270751953,640x480,1344x1008
573,0-6m,307200,0.05812305033497978,5.812305033497978,5.233930416308913,99.84407552083333,0.284415692419711,3.3480396270751953,640x480,1344x1008
573,0-10m,307200,0.05812305033497978,5.812305033497978,5.233930416308913,99.84407552083333,0.284415692419711,3.3480396270751953,640x480,1344x1008
574,0-3m,260587,0.3271250098866742,32.71250098866742,15.425222874796232,97.26962588310238,0.28622159304363726,3.3480396270751953,640x480,1344x1008
574,0-6m,307200,0.3368400698849776,33.684006988497764,14.900540718793835,97.66634114583333,0.28622159304363726,3.3480396270751953,640x480,1344x1008
574,0-10m,307200,0.3368400698849776,33.684006988497764,14.900540718793835,97.66634114583333,0.28622159304363726,3.3480396270751953,640x480,1344x1008
575,0-3m,306063,0.26938576766374855,26.938576766374855,14.839247530907048,93.11252911982174,0.2790348608298078,3.3480396270751953,640x480,1344x1008
575,0-6m,307200,0.2713652588390202,27.136525883902017,14.881340991339231,92.76790364583334,0.2790348608298078,3.3480396270751953,640x480,1344x1008
575,0-10m,307200,0.2713652588390202,27.136525883902017,14.881340991339231,92.76790364583334,0.2790348608298078,3.3480396270751953,640x480,1344x1008
576,0-3m,289501,0.2826992865154383,28.26992865154383,15.603277130987447,88.15375421846556,0.2571306111133861,3.3480396270751953,640x480,1344x1008
576,0-6m,297477,0.2935239553235943,29.35239553235943,15.674009880912523,87.79166120405948,0.2571306111133861,3.3480396270751953,640x480,1344x1008
576,0-10m,307200,0.3001153422876572,30.01153422876572,15.389653263259792,88.16536458333334,0.2571306111133861,3.3480396270751953,640x480,1344x1008
577,0-3m,274678,0.0823244575523188,8.23244575523188,4.1125851378525144,99.58642483198508,0.2861995247417215,3.3480396270751953,640x480,1344x1008
577,0-6m,305597,0.1339902229159944,13.399022291599442,4.964685339586314,97.71169219593125,0.2861995247417215,3.3480396270751953,640x480,1344x1008
577,0-10m,307200,0.14347540785674937,14.347540785674937,5.103822414379803,97.20182291666667,0.2861995247417215,3.3480396270751953,640x480,1344x1008
578,0-3m,121928,0.3411348227011384,34.113482270113835,18.00819732866327,90.11301751853553,0.28250494878102106,3.3480396270751953,640x480,1344x1008
578,0-6m,297845,0.3896863339278254,38.96863339278254,13.426465876081833,94.50250969463983,0.28250494878102106,3.3480396270751953,640x480,1344x1008
578,0-10m,307200,0.40353930374782065,40.35393037478207,13.430486718986948,94.669921875,0.28250494878102106,3.3480396270751953,640x480,1344x1008
579,0-3m,111107,0.6022167876709489,60.221678767094886,26.55167632356395,63.19313814611141,0.2836951704464636,3.3480396270751953,640x480,1344x1008
579,0-6m,307200,0.5662221295339986,56.62221295339987,19.71918187851312,85.99283854166667,0.2836951704464636,3.3480396270751953,640x480,1344x1008
579,0-10m,307200,0.5662221295339986,56.62221295339987,19.71918187851312,85.99283854166667,0.2836951704464636,3.3480396270751953,640x480,1344x1008
580,0-3m,156186,0.253982222318518,25.398222231851804,12.015560666991774,94.94256847604778,0.2902504440472403,3.3480396270751953,640x480,1344x1008
580,0-6m,307200,0.3682670340128243,36.82670340128243,12.364640433232703,96.65266927083334,0.2902504440472403,3.3480396270751953,640x480,1344x1008
580,0-10m,307200,0.3682670340128243,36.82670340128243,12.364640433232703,96.65266927083334,0.2902504440472403,3.3480396270751953,640x480,1344x1008
581,0-3m,141829,0.3172899709127339,31.728997091273392,14.27643636235495,97.19803425251536,0.2838558651443342,3.3480396270751953,640x480,1344x1008
581,0-6m,307198,0.33597963594324104,33.597963594324106,11.345394744633426,97.32159714581475,0.2838558651443342,3.3480396270751953,640x480,1344x1008
581,0-10m,307200,0.33597845198120924,33.59784519812092,11.34533752069838,97.32161458333334,0.2838558651443342,3.3480396270751953,640x480,1344x1008
582,0-3m,165921,0.1956774118629588,19.56774118629588,10.149577621276364,97.29208478733855,0.28990004478284276,3.3480396270751953,640x480,1344x1008
582,0-6m,298214,0.3435359236257173,34.353592362571725,11.196549479023483,96.80933826044384,0.28990004478284276,3.3480396270751953,640x480,1344x1008
582,0-10m,307200,0.3560718231849993,35.60718231849993,11.234732656072877,96.89778645833333,0.28990004478284276,3.3480396270751953,640x480,1344x1008
583,0-3m,304484,0.2389280574419719,23.89280574419719,10.978285055508415,99.37139554130923,0.28208716064403005,3.3480396270751953,640x480,1344x1008
583,0-6m,307200,0.23986438329525603,23.9864383295256,10.981441698173128,99.376953125,0.28208716064403005,3.3480396270751953,640x480,1344x1008
583,0-10m,307200,0.23986438329525603,23.9864383295256,10.981441698173128,99.376953125,0.28208716064403005,3.3480396270751953,640x480,1344x1008
584,0-3m,305660,0.34925462412134495,34.92546241213449,17.596211402440133,85.83197016292613,0.2843081706105542,3.3480396270751953,640x480,1344x1008
584,0-6m,307200,0.35118022266057475,35.11802226605747,17.629223740424997,85.72233072916666,0.2843081706105542,3.3480396270751953,640x480,1344x1008
584,0-10m,307200,0.35118022266057475,35.11802226605747,17.629223740424997,85.72233072916666,0.2843081706105542,3.3480396270751953,640x480,1344x1008
585,0-3m,115910,0.2899148644194407,28.99148644194407,12.886331864909128,93.26460184626004,0.27223592400801516,3.3480396270751953,640x480,1344x1008
585,0-6m,307200,0.18649116436291174,18.649116436291173,7.067748441223089,97.40690104166667,0.27223592400801516,3.3480396270751953,640x480,1344x1008
585,0-10m,307200,0.18649116436291174,18.649116436291173,7.067748441223089,97.40690104166667,0.27223592400801516,3.3480396270751953,640x480,1344x1008
586,0-3m,241932,0.38120165383447396,38.12016538344739,18.22030730907003,80.74872278160805,0.28970454366378967,3.3480396270751953,640x480,1344x1008
586,0-6m,305501,0.4576580371295288,45.76580371295288,18.693735851584425,78.37061089816399,0.28970454366378967,3.3480396270751953,640x480,1344x1008
586,0-10m,307200,0.46075079028261823,46.075079028261825,18.68191805098387,78.490234375,0.28970454366378967,3.3480396270751953,640x480,1344x1008
587,0-3m,123294,0.24850244564985086,24.850244564985086,9.180893840312091,96.82385193115643,0.2902703104526844,3.3480396270751953,640x480,1344x1008
587,0-6m,307200,0.30792135062627496,30.792135062627494,9.109823327446241,97.74153645833333,0.2902703104526844,3.3480396270751953,640x480,1344x1008
587,0-10m,307200,0.30792135062627496,30.792135062627494,9.109823327446241,97.74153645833333,0.2902703104526844,3.3480396270751953,640x480,1344x1008
588,0-3m,100489,0.34262758628838685,34.26275862883868,14.780066516136573,94.41829453970087,0.29258582259010196,3.3480396270751953,640x480,1344x1008
588,0-6m,307200,0.5112764033876981,51.12764033876981,13.683565357066907,96.2255859375,0.29258582259010196,3.3480396270751953,640x480,1344x1008
588,0-10m,307200,0.5112764033876981,51.12764033876981,13.683565357066907,96.2255859375,0.29258582259010196,3.3480396270751953,640x480,1344x1008
589,0-3m,150504,0.37464453417554155,37.464453417554154,15.948538241648166,98.24323606017116,0.29290507175246555,3.3480396270751953,640x480,1344x1008
589,0-6m,307200,0.46541351680488635,46.54135168048864,14.589264145434273,98.01529947916666,0.29290507175246555,3.3480396270751953,640x480,1344x1008
589,0-10m,307200,0.46541351680488635,46.54135168048864,14.589264145434273,98.01529947916666,0.29290507175246555,3.3480396270751953,640x480,1344x1008
590,0-3m,233170,0.14524688874744207,14.524688874744207,6.415622767213161,98.17429343397521,0.2920786033737579,3.3480396270751953,640x480,1344x1008
590,0-6m,307200,0.1341685652616434,13.41685652616434,5.6030976439335545,98.11458333333334,0.2920786033737579,3.3480396270751953,640x480,1344x1008
590,0-10m,307200,0.1341685652616434,13.41685652616434,5.6030976439335545,98.11458333333334,0.2920786033737579,3.3480396270751953,640x480,1344x1008
591,0-3m,226855,0.3091296947965891,30.91296947965891,13.04975047554712,96.03491216856582,0.2932815617060887,3.3480396270751953,640x480,1344x1008
591,0-6m,307200,0.3263417619156341,32.634176191563405,12.62195503623248,96.20377604166667,0.2932815617060887,3.3480396270751953,640x480,1344x1008
591,0-10m,307200,0.3263417619156341,32.634176191563405,12.62195503623248,96.20377604166667,0.2932815617060887,3.3480396270751953,640x480,1344x1008
592,0-3m,175095,0.23186461845713743,23.186461845713744,14.443250238533475,75.88794654330506,0.2899572971185483,3.3480396270751953,640x480,1344x1008
592,0-6m,307200,0.1948692641077408,19.486926410774082,10.19837159213813,85.1982421875,0.2899572971185483,3.3480396270751953,640x480,1344x1008
592,0-10m,307200,0.1948692641077408,19.486926410774082,10.19837159213813,85.1982421875,0.2899572971185483,3.3480396270751953,640x480,1344x1008
593,0-3m,191504,0.3229179846197404,32.29179846197404,14.529794522523817,98.52483499039184,0.29253125009002817,3.3480396270751953,640x480,1344x1008
593,0-6m,307200,0.3582085671877333,35.82085671877333,13.300187582393402,98.076171875,0.29253125009002817,3.3480396270751953,640x480,1344x1008
593,0-10m,307200,0.3582085671877333,35.82085671877333,13.300187582393402,98.076171875,0.29253125009002817,3.3480396270751953,640x480,1344x1008
594,0-3m,178100,0.3239182729168195,32.39182729168195,16.99972856550739,86.67995508141495,0.2919702658642964,3.3480396270751953,640x480,1344x1008
594,0-6m,307200,0.22330917418274718,22.33091741827472,10.934320966146997,91.85709635416667,0.2919702658642964,3.3480396270751953,640x480,1344x1008
594,0-10m,307200,0.22330917418274718,22.33091741827472,10.934320966146997,91.85709635416667,0.2919702658642964,3.3480396270751953,640x480,1344x1008
595,0-3m,243425,0.18564386494169247,18.564386494169245,9.859919684256926,91.75516072712334,0.29209989828312605,3.3480396270751953,640x480,1344x1008
595,0-6m,307200,0.17234219765659267,17.23421976565927,8.596694223100975,93.24544270833334,0.29209989828312605,3.3480396270751953,640x480,1344x1008
595,0-10m,307200,0.17234219765659267,17.23421976565927,8.596694223100975,93.24544270833334,0.29209989828312605,3.3480396270751953,640x480,1344x1008
596,0-3m,222233,0.3534363223393069,35.34363223393069,18.37842269114449,87.8271903812665,0.29085833137088235,3.3480396270751953,640x480,1344x1008
596,0-6m,298103,0.42695304760903635,42.69530476090363,17.613487563932505,89.18897159706545,0.29085833137088235,3.3480396270751953,640x480,1344x1008
596,0-10m,307200,0.4321420548297465,43.21420548297465,17.37160745490257,89.50455729166666,0.29085833137088235,3.3480396270751953,640x480,1344x1008
597,0-3m,152699,0.22335482399688755,22.335482399688754,10.99133278998039,92.09687031349256,0.2925916011421622,3.3480396270751953,640x480,1344x1008
597,0-6m,301334,0.2033143393272601,20.33143393272601,7.786534229300808,95.1333072271964,0.2925916011421622,3.3480396270751953,640x480,1344x1008
597,0-10m,307200,0.21202101150915648,21.20210115091565,7.824516180255291,95.22526041666667,0.2925916011421622,3.3480396270751953,640x480,1344x1008
598,0-3m,234335,0.2656523563167606,26.56523563167606,12.77366081726825,98.4261847355282,0.2913376942121429,3.3480396270751953,640x480,1344x1008
598,0-6m,307200,0.24961405522422864,24.961405522422865,11.00372759470166,97.88020833333333,0.2913376942121429,3.3480396270751953,640x480,1344x1008
598,0-10m,307200,0.24961405522422864,24.961405522422865,11.00372759470166,97.88020833333333,0.2913376942121429,3.3480396270751953,640x480,1344x1008
599,0-3m,149526,0.22716694844087496,22.716694844087495,11.130614911433307,95.9879887109934,0.29262555794653233,3.3480396270751953,640x480,1344x1008
599,0-6m,307200,0.22744295206619428,22.744295206619427,8.680148375053905,97.75553385416667,0.29262555794653233,3.3480396270751953,640x480,1344x1008
599,0-10m,307200,0.22744295206619428,22.744295206619427,8.680148375053905,97.75553385416667,0.29262555794653233,3.3480396270751953,640x480,1344x1008
600,0-3m,118753,0.222519892152041,22.251989215204098,9.150460435592311,99.87452948557089,0.29064178501684484,3.3480396270751953,640x480,1344x1008
600,0-6m,289260,0.25260668080649107,25.260668080649108,7.761160059606148,99.25845260319436,0.29064178501684484,3.3480396270751953,640x480,1344x1008
600,0-10m,307200,0.24881651910642782,24.881651910642784,7.4761767111592725,99.2978515625,0.29064178501684484,3.3480396270751953,640x480,1344x1008
601,0-3m,120592,0.41127855550160186,41.127855550160184,17.11562943920923,87.1251824333289,0.2909643974216305,3.3480396270751953,640x480,1344x1008
601,0-6m,288026,0.40053755187478707,40.05375518747871,13.300146160118429,93.53877774923097,0.2909643974216305,3.3480396270751953,640x480,1344x1008
601,0-10m,307200,0.3893322655810819,38.93322655810819,12.684664983729538,93.70540364583333,0.2909643974216305,3.3480396270751953,640x480,1344x1008
602,0-3m,186549,0.11607567604240841,11.607567604240842,5.6076713322491,98.18760754547063,0.2916641850914692,3.3480396270751953,640x480,1344x1008
602,0-6m,271882,0.1884944583227016,18.84944583227016,6.25873483410527,96.19945417497297,0.2916641850914692,3.3480396270751953,640x480,1344x1008
602,0-10m,307200,0.19429596977036756,19.429596977036756,5.969910688926614,96.62532552083334,0.2916641850914692,3.3480396270751953,640x480,1344x1008
603,0-3m,187121,0.14036326578076358,14.036326578076357,7.755895073413221,96.77695181192918,0.2930713478664683,3.3480396270751953,640x480,1344x1008
603,0-6m,297199,0.1883058345589913,18.83058345589913,7.238203102814765,96.6204462329954,0.2930713478664683,3.3480396270751953,640x480,1344x1008
603,0-10m,307200,0.2201164921124776,22.01164921124776,7.569815448747646,96.23404947916666,0.2930713478664683,3.3480396270751953,640x480,1344x1008
604,0-3m,134246,0.3030199010076141,30.30199010076141,15.221555772083192,87.33370081790146,0.29218326494052194,3.3480396270751953,640x480,1344x1008
604,0-6m,306863,0.2612581388954691,26.12581388954691,9.854781668414034,92.24637704773791,0.29218326494052194,3.3480396270751953,640x480,1344x1008
604,0-10m,307200,0.2634301729024931,26.34301729024931,9.883659461492886,92.14518229166667,0.29218326494052194,3.3480396270751953,640x480,1344x1008
605,0-3m,207153,0.1662025893260445,16.62025893260445,7.542509203454703,97.80403856087047,0.2920539764803573,3.3480396270751953,640x480,1344x1008
605,0-6m,307200,0.2746775147194664,27.467751471946638,9.503015049094875,93.73177083333334,0.2920539764803573,3.3480396270751953,640x480,1344x1008
605,0-10m,307200,0.2746775147194664,27.467751471946638,9.503015049094875,93.73177083333334,0.2920539764803573,3.3480396270751953,640x480,1344x1008
606,0-3m,207057,0.16473962671999462,16.473962671999463,7.8508920220821805,97.14136686999232,0.2907820603871488,3.3480396270751953,640x480,1344x1008
606,0-6m,307200,0.18851924855533678,18.851924855533678,7.7191327639241605,97.6474609375,0.2907820603871488,3.3480396270751953,640x480,1344x1008
606,0-10m,307200,0.18851924855533678,18.851924855533678,7.7191327639241605,97.6474609375,0.2907820603871488,3.3480396270751953,640x480,1344x1008
607,0-3m,258258,0.15999885936088368,15.999885936088369,7.618818428129847,99.04126880871067,0.2919845709504422,3.3480396270751953,640x480,1344x1008
607,0-6m,307200,0.1631262533083403,16.31262533083403,7.3060175354373165,98.73014322916667,0.2919845709504422,3.3480396270751953,640x480,1344x1008
607,0-10m,307200,0.1631262533083403,16.31262533083403,7.3060175354373165,98.73014322916667,0.2919845709504422,3.3480396270751953,640x480,1344x1008
608,0-3m,306325,0.13084575422109998,13.084575422109998,6.903151592489736,99.26744470741859,0.2914878692216479,3.3480396270751953,640x480,1344x1008
608,0-6m,307200,0.13077548785173956,13.077548785173956,6.89350485710518,99.26953125,0.2914878692216479,3.3480396270751953,640x480,1344x1008
608,0-10m,307200,0.13077548785173956,13.077548785173956,6.89350485710518,99.26953125,0.2914878692216479,3.3480396270751953,640x480,1344x1008
609,0-3m,302553,0.14397546423555493,14.397546423555493,7.194691317053403,98.8180583236656,0.29240942559699784,3.3480396270751953,640x480,1344x1008
609,0-6m,307200,0.14402842478535605,14.402842478535604,7.1585455319837195,98.83561197916667,0.29240942559699784,3.3480396270751953,640x480,1344x1008
609,0-10m,307200,0.14402842478535605,14.402842478535604,7.1585455319837195,98.83561197916667,0.29240942559699784,3.3480396270751953,640x480,1344x1008
610,0-3m,307200,0.10099069511420869,10.099069511420868,8.864171776387117,93.228515625,0.29273669613406705,3.3480396270751953,640x480,1344x1008
610,0-6m,307200,0.10099069511420869,10.099069511420868,8.864171776387117,93.228515625,0.29273669613406705,3.3480396270751953,640x480,1344x1008
610,0-10m,307200,0.10099069511420869,10.099069511420868,8.864171776387117,93.228515625,0.29273669613406705,3.3480396270751953,640x480,1344x1008
611,0-3m,175031,0.2601850137358265,26.018501373582648,11.187478315238918,95.30997366180848,0.29272597610869266,3.3480396270751953,640x480,1344x1008
611,0-6m,307200,0.2855059641060264,28.55059641060264,10.311464009899396,97.0244140625,0.29272597610869266,3.3480396270751953,640x480,1344x1008
611,0-10m,307200,0.2855059641060264,28.55059641060264,10.311464009899396,97.0244140625,0.29272597610869266,3.3480396270751953,640x480,1344x1008
612,0-3m,212043,0.3004527948341899,30.04527948341899,13.87439155691356,98.08718043038441,0.2929154702786738,3.3480396270751953,640x480,1344x1008
612,0-6m,307200,0.3152844959012388,31.52844959012388,12.706981832638132,98.44563802083334,0.2929154702786738,3.3480396270751953,640x480,1344x1008
612,0-10m,307200,0.3152844959012388,31.52844959012388,12.706981832638132,98.44563802083334,0.2929154702786738,3.3480396270751953,640x480,1344x1008
613,0-3m,193868,0.22433552552590827,22.433552552590825,14.215066848118848,95.90081911403635,0.2900712217677214,3.3480396270751953,640x480,1344x1008
613,0-6m,307200,0.40787073961614323,40.787073961614325,15.87447604911695,94.59733072916666,0.2900712217677214,3.3480396270751953,640x480,1344x1008
613,0-10m,307200,0.40787073961614323,40.787073961614325,15.87447604911695,94.59733072916666,0.2900712217677214,3.3480396270751953,640x480,1344x1008
614,0-3m,222952,0.33836391020371465,33.836391020371465,17.938307914149178,95.32096594782733,0.2926046400997288,3.3480396270751953,640x480,1344x1008
614,0-6m,307200,0.4365037659425676,43.65037659425676,18.4312014456093,95.10091145833334,0.2926046400997288,3.3480396270751953,640x480,1344x1008
614,0-10m,307200,0.4365037659425676,43.65037659425676,18.4312014456093,95.10091145833334,0.2926046400997288,3.3480396270751953,640x480,1344x1008
615,0-3m,271176,0.509860295589478,50.9860295589478,23.376431490001984,66.19132961619022,0.29338536581451174,3.3480396270751953,640x480,1344x1008
615,0-6m,307200,0.5285369966827178,52.85369966827178,23.180731460485767,67.84505208333333,0.29338536581451174,3.3480396270751953,640x480,1344x1008
615,0-10m,307200,0.5285369966827178,52.85369966827178,23.180731460485767,67.84505208333333,0.29338536581451174,3.3480396270751953,640x480,1344x1008
616,0-3m,176261,0.2774127094274145,27.741270942741448,15.027354671424739,88.9879213212225,0.2922760842213925,3.3480396270751953,640x480,1344x1008
616,0-6m,307200,0.34118306842128127,34.11830684212813,13.827193706439484,93.54720052083333,0.2922760842213925,3.3480396270751953,640x480,1344x1008
616,0-10m,307200,0.34118306842128127,34.11830684212813,13.827193706439484,93.54720052083333,0.2922760842213925,3.3480396270751953,640x480,1344x1008
617,0-3m,214059,0.3804667193765463,38.04667193765463,18.634835201146185,89.88503169686862,0.2927619954154827,3.3480396270751953,640x480,1344x1008
617,0-6m,307200,0.4175150739834256,41.75150739834256,17.291258309013973,92.01106770833334,0.2927619954154827,3.3480396270751953,640x480,1344x1008
617,0-10m,307200,0.4175150739834256,41.75150739834256,17.291258309013973,92.01106770833334,0.2927619954154827,3.3480396270751953,640x480,1344x1008
618,0-3m,306632,0.2679021561311243,26.790215613112426,14.293397951617937,96.76811291711238,0.2898656588606818,3.3480396270751953,640x480,1344x1008
618,0-6m,307200,0.27045388022515304,27.045388022515304,14.361773851541018,96.58919270833334,0.2898656588606818,3.3480396270751953,640x480,1344x1008
618,0-10m,307200,0.27045388022515304,27.045388022515304,14.361773851541018,96.58919270833334,0.2898656588606818,3.3480396270751953,640x480,1344x1008
619,0-3m,267316,0.4856783854341794,48.56783854341794,22.073357945439536,78.17040506366996,0.29152512271545744,3.3480396270751953,640x480,1344x1008
619,0-6m,307200,0.5064561041939305,50.64561041939305,21.947640069245864,78.91666666666667,0.29152512271545744,3.3480396270751953,640x480,1344x1008
619,0-10m,307200,0.5064561041939305,50.64561041939305,21.947640069245864,78.91666666666667,0.29152512271545744,3.3480396270751953,640x480,1344x1008
620,0-3m,307200,0.3333879678568337,33.33879678568337,18.297761625605453,91.87239583333333,0.2884456767232971,3.3480396270751953,640x480,1344x1008
620,0-6m,307200,0.3333879678568337,33.33879678568337,18.297761625605453,91.87239583333333,0.2884456767232971,3.3480396270751953,640x480,1344x1008
620,0-10m,307200,0.3333879678568337,33.33879678568337,18.297761625605453,91.87239583333333,0.2884456767232971,3.3480396270751953,640x480,1344x1008
621,0-3m,137959,0.34653702941293857,34.65370294129386,19.90585422940564,69.8098710486449,0.28982572865935274,3.3480396270751953,640x480,1344x1008
621,0-6m,304636,0.5101779996677677,51.017799966776764,16.964139566549346,83.85712785094343,0.28982572865935274,3.3480396270751953,640x480,1344x1008
621,0-10m,307200,0.5112282132076021,51.12282132076022,16.910328035861216,83.98209635416667,0.28982572865935274,3.3480396270751953,640x480,1344x1008
622,0-3m,210141,0.4391066162440795,43.91066162440795,19.502239420780825,92.85003878348347,0.2863387824179686,3.3480396270751953,640x480,1344x1008
622,0-6m,307200,0.6644572675724825,66.44572675724825,22.355356887039235,71.66829427083333,0.2863387824179686,3.3480396270751953,640x480,1344x1008
622,0-10m,307200,0.6644572675724825,66.44572675724825,22.355356887039235,71.66829427083333,0.2863387824179686,3.3480396270751953,640x480,1344x1008
623,0-3m,206399,0.11599607025096287,11.599607025096287,5.659330763087649,97.04068333664408,0.2826206234719729,3.3480396270751953,640x480,1344x1008
623,0-6m,307200,0.2122570686263498,21.22570686263498,7.248732574367976,96.23567708333334,0.2826206234719729,3.3480396270751953,640x480,1344x1008
623,0-10m,307200,0.2122570686263498,21.22570686263498,7.248732574367976,96.23567708333334,0.2826206234719729,3.3480396270751953,640x480,1344x1008
624,0-3m,104404,0.3768637447876746,37.68637447876746,17.799796682235574,86.2514846174476,0.28710035702053943,3.3480396270751953,640x480,1344x1008
624,0-6m,302685,0.5310146951773087,53.10146951773087,16.180343222835074,92.81232964963576,0.28710035702053943,3.3480396270751953,640x480,1344x1008
624,0-10m,307200,0.538237371587893,53.8237371587893,16.1673067881814,92.69921875,0.28710035702053943,3.3480396270751953,640x480,1344x1008
625,0-3m,261523,0.1878596704101545,18.78596704101545,8.618304761399571,99.93270190384784,0.287627228666848,3.3480396270751953,640x480,1344x1008
625,0-6m,307200,0.2168328695363986,21.68328695363986,9.041939204479846,99.6875,0.287627228666848,3.3480396270751953,640x480,1344x1008
625,0-10m,307200,0.2168328695363986,21.68328695363986,9.041939204479846,99.6875,0.287627228666848,3.3480396270751953,640x480,1344x1008
626,0-3m,307200,0.3510569553783474,35.10569553783474,17.852166949822866,87.42122395833334,0.29172565967365355,3.3480396270751953,640x480,1344x1008
626,0-6m,307200,0.3510569553783474,35.10569553783474,17.852166949822866,87.42122395833334,0.29172565967365355,3.3480396270751953,640x480,1344x1008
626,0-10m,307200,0.3510569553783474,35.10569553783474,17.852166949822866,87.42122395833334,0.29172565967365355,3.3480396270751953,640x480,1344x1008
627,0-3m,226684,0.14618544753271653,14.618544753271653,8.769839417164984,93.48079264526831,0.28868802810037775,3.3480396270751953,640x480,1344x1008
627,0-6m,307200,0.13951667798411413,13.951667798411412,7.399433766071384,94.2255859375,0.28868802810037775,3.3480396270751953,640x480,1344x1008
627,0-10m,307200,0.13951667798411413,13.951667798411412,7.399433766071384,94.2255859375,0.28868802810037775,3.3480396270751953,640x480,1344x1008
628,0-3m,243766,0.22499748039557413,22.499748039557414,11.020352805964977,95.60233994896745,0.28364311558127137,3.3480396270751953,640x480,1344x1008
628,0-6m,307200,0.2266561506133682,22.66561506133682,10.229449087359132,96.0556640625,0.28364311558127137,3.3480396270751953,640x480,1344x1008
628,0-10m,307200,0.2266561506133682,22.66561506133682,10.229449087359132,96.0556640625,0.28364311558127137,3.3480396270751953,640x480,1344x1008
629,0-3m,112189,0.3446841924621013,34.46841924621013,17.49461633907023,93.8229238160604,0.28998409437292566,3.3480396270751953,640x480,1344x1008
629,0-6m,295900,0.39395847983801835,39.395847983801836,12.41728656209683,93.96451503886448,0.28998409437292566,3.3480396270751953,640x480,1344x1008
629,0-10m,307200,0.39232935225397036,39.232935225397036,12.16852435891237,94.185546875,0.28998409437292566,3.3480396270751953,640x480,1344x1008
630,0-3m,94557,0.4949546520450562,49.49546520450562,24.602527392040688,57.83918694544031,0.2886608782280339,3.3480396270751953,640x480,1344x1008
630,0-6m,271791,0.4500487240256154,45.00487240256154,14.608254302517242,82.79597190488279,0.2886608782280339,3.3480396270751953,640x480,1344x1008
630,0-10m,307200,0.48100088403405,48.100088403405,14.024267165582277,83.185546875,0.2886608782280339,3.3480396270751953,640x480,1344x1008
631,0-3m,84234,0.36265409435305324,36.26540943530532,17.452647123779144,86.2798869815039,0.2844084689235253,3.3480396270751953,640x480,1344x1008
631,0-6m,226008,1.0462819013622882,104.62819013622881,24.811439517454804,79.0228664472054,0.2844084689235253,3.3480396270751953,640x480,1344x1008
631,0-10m,307200,0.9886744813345528,98.86744813345528,21.402040036728444,80.669921875,0.2844084689235253,3.3480396270751953,640x480,1344x1008
632,0-3m,121525,0.33462419585028047,33.462419585028044,12.9643997458424,98.44558732771034,0.29176251430133915,3.3480396270751953,640x480,1344x1008
632,0-6m,260655,0.4255389151033788,42.553891510337884,13.342560755652165,96.69870134852583,0.29176251430133915,3.3480396270751953,640x480,1344x1008
632,0-10m,307200,0.4906844885732668,49.06844885732668,13.217978827036347,93.91536458333334,0.29176251430133915,3.3480396270751953,640x480,1344x1008
633,0-3m,142095,0.2835027167192967,28.350271671929672,11.638032888431036,99.12734438227946,0.29088371315751754,3.3480396270751953,640x480,1344x1008
633,0-6m,307200,0.5135746156843379,51.35746156843379,16.486191650924255,91.43033854166667,0.29088371315751754,3.3480396270751953,640x480,1344x1008
633,0-10m,307200,0.5135746156843379,51.35746156843379,16.486191650924255,91.43033854166667,0.29088371315751754,3.3480396270751953,640x480,1344x1008
634,0-3m,148530,0.3724825209578641,37.24825209578641,16.638708767990092,94.17558742341615,0.27707334957283536,3.3480396270751953,640x480,1344x1008
634,0-6m,290482,0.45455353529794174,45.45535352979417,14.923992801224784,93.55381744824119,0.27707334957283536,3.3480396270751953,640x480,1344x1008
634,0-10m,307200,0.49705543473595754,49.70554347359575,15.107106390738586,92.42578125,0.27707334957283536,3.3480396270751953,640x480,1344x1008
635,0-3m,254116,0.269582216457417,26.9582216457417,11.897128933910015,95.44184545640574,0.2873929314056581,3.3480396270751953,640x480,1344x1008
635,0-6m,306926,0.28325699786058656,28.325699786058657,11.49113433437316,95.36109681160931,0.2873929314056581,3.3480396270751953,640x480,1344x1008
635,0-10m,307200,0.28402955364241883,28.402955364241883,11.497495625873935,95.359375,0.2873929314056581,3.3480396270751953,640x480,1344x1008
636,0-3m,301216,0.20194434793087207,20.194434793087208,10.5028870349463,98.62557101880378,0.28695944373582855,3.3480396270751953,640x480,1344x1008
636,0-6m,307200,0.20238491780861903,20.238491780861903,10.44048840285291,98.65234375,0.28695944373582855,3.3480396270751953,640x480,1344x1008
636,0-10m,307200,0.20238491780861903,20.238491780861903,10.44048840285291,98.65234375,0.28695944373582855,3.3480396270751953,640x480,1344x1008
637,0-3m,300202,0.20934168597816252,20.934168597816253,9.891485791247533,96.64792373135423,0.2846731546524862,3.3480396270751953,640x480,1344x1008
637,0-6m,307200,0.20955773103749378,20.95577310374938,9.827534523594883,96.72428385416667,0.2846731546524862,3.3480396270751953,640x480,1344x1008
637,0-10m,307200,0.20955773103749378,20.95577310374938,9.827534523594883,96.72428385416667,0.2846731546524862,3.3480396270751953,640x480,1344x1008
638,0-3m,123525,0.20697731290213903,20.697731290213902,7.660653187807825,98.23355596033193,0.29135950940023136,3.3480396270751953,640x480,1344x1008
638,0-6m,305987,0.23436272042673753,23.436272042673753,6.6548146331649125,98.35221757787096,0.29135950940023136,3.3480396270751953,640x480,1344x1008
638,0-10m,307200,0.23439244009476776,23.439244009476777,6.644248625502476,98.35872395833334,0.29135950940023136,3.3480396270751953,640x480,1344x1008
639,0-3m,114689,0.2110606401246392,21.10606401246392,8.633156452246608,96.76080530826844,0.29183224863654134,3.3480396270751953,640x480,1344x1008
639,0-6m,187126,0.276421356676159,27.642135667615904,8.647606266198054,94.9221380246465,0.29183224863654134,3.3480396270751953,640x480,1344x1008
639,0-10m,307200,0.6969504265844201,69.695042658442,12.785607650592407,80.06705729166667,0.29183224863654134,3.3480396270751953,640x480,1344x1008
640,0-3m,109319,0.23769679708884484,23.769679708884482,9.92934573402708,97.97839350890513,0.29182475421802906,3.3480396270751953,640x480,1344x1008
640,0-6m,219932,0.31647053794073554,31.647053794073553,10.020263241820233,94.2764127093829,0.29182475421802906,3.3480396270751953,640x480,1344x1008
640,0-10m,307200,0.37651518821716307,37.65151882171631,9.239000094771338,95.1806640625,0.29182475421802906,3.3480396270751953,640x480,1344x1008
641,0-3m,57071,0.2697439977167759,26.974399771677586,16.303518371450526,96.36417795377687,0.2927211005171927,3.3480396270751953,640x480,1344x1008
641,0-6m,280795,0.2389905918183457,23.89905918183457,7.350497251564443,97.98465072383767,0.2927211005171927,3.3480396270751953,640x480,1344x1008
641,0-10m,307200,0.24265448019956237,24.26544801995624,7.1042327484336605,98.15787760416667,0.2927211005171927,3.3480396270751953,640x480,1344x1008
642,0-3m,141452,0.18546854506634386,18.546854506634386,7.147285121525254,99.9271837796567,0.2922333692705636,3.3480396270751953,640x480,1344x1008
642,0-6m,307200,0.21397875022919227,21.397875022919226,6.464300925242099,99.43098958333333,0.2922333692705636,3.3480396270751953,640x480,1344x1008
642,0-10m,307200,0.21397875022919227,21.397875022919226,6.464300925242099,99.43098958333333,0.2922333692705636,3.3480396270751953,640x480,1344x1008
643,0-3m,306232,0.17232513194012042,17.232513194012043,10.016713328798106,99.31391885890436,0.29284523451513217,3.3480396270751953,640x480,1344x1008
643,0-6m,307200,0.17191491212152565,17.191491212152567,9.989519299963822,99.31608072916667,0.29284523451513217,3.3480396270751953,640x480,1344x1008
643,0-10m,307200,0.17191491212152565,17.191491212152567,9.989519299963822,99.31608072916667,0.29284523451513217,3.3480396270751953,640x480,1344x1008
644,0-3m,250433,0.20218492000093752,20.21849200009375,12.79239784155824,83.8220202609081,0.2895661609741397,3.3480396270751953,640x480,1344x1008
644,0-6m,307200,0.1770060574899738,17.70060574899738,10.812019281615143,86.8115234375,0.2895661609741397,3.3480396270751953,640x480,1344x1008
644,0-10m,307200,0.1770060574899738,17.70060574899738,10.812019281615143,86.8115234375,0.2895661609741397,3.3480396270751953,640x480,1344x1008
645,0-3m,307200,0.17208388546093678,17.20838854609368,11.658702530114223,96.97623697916666,0.2916852494481331,3.3480396270751953,640x480,1344x1008
645,0-6m,307200,0.17208388546093678,17.20838854609368,11.658702530114223,96.97623697916666,0.2916852494481331,3.3480396270751953,640x480,1344x1008
645,0-10m,307200,0.17208388546093678,17.20838854609368,11.658702530114223,96.97623697916666,0.2916852494481331,3.3480396270751953,640x480,1344x1008
646,0-3m,307200,0.09651319455937482,9.651319455937482,4.786710478763738,98.62044270833333,0.2923399365028824,3.3480396270751953,640x480,1344x1008
646,0-6m,307200,0.09651319455937482,9.651319455937482,4.786710478763738,98.62044270833333,0.2923399365028824,3.3480396270751953,640x480,1344x1008
646,0-10m,307200,0.09651319455937482,9.651319455937482,4.786710478763738,98.62044270833333,0.2923399365028824,3.3480396270751953,640x480,1344x1008
647,0-3m,270814,0.28997659323769365,28.997659323769366,18.85099786860831,86.193106707925,0.2921908973111644,3.3480396270751953,640x480,1344x1008
647,0-6m,307200,0.30526130356282616,30.526130356282614,18.08008900451187,87.4912109375,0.2921908973111644,3.3480396270751953,640x480,1344x1008
647,0-10m,307200,0.30526130356282616,30.526130356282614,18.08008900451187,87.4912109375,0.2921908973111644,3.3480396270751953,640x480,1344x1008
648,0-3m,288711,0.30129970527834943,30.129970527834942,15.88590280349998,88.18368541551934,0.2922737606736454,3.3480396270751953,640x480,1344x1008
648,0-6m,307200,0.3239898922855112,32.39898922855112,16.223724403160027,85.810546875,0.2922737606736454,3.3480396270751953,640x480,1344x1008
648,0-10m,307200,0.3239898922855112,32.39898922855112,16.223724403160027,85.810546875,0.2922737606736454,3.3480396270751953,640x480,1344x1008
649,0-3m,217989,0.3881929958066655,38.81929958066655,22.429750367145658,82.91840413965842,0.29191669818472327,3.3480396270751953,640x480,1344x1008
649,0-6m,307193,1.1496102462353726,114.96102462353726,39.19377156558582,58.84020794744672,0.29191669818472327,3.3480396270751953,640x480,1344x1008
649,0-10m,307200,1.1497080961803052,114.97080961803053,39.19488844351949,58.8388671875,0.29191669818472327,3.3480396270751953,640x480,1344x1008
650,0-3m,307200,0.2543712246142483,25.43712246142483,15.647788498264198,90.05501302083333,0.2918327511185159,3.3480396270751953,640x480,1344x1008
650,0-6m,307200,0.2543712246142483,25.43712246142483,15.647788498264198,90.05501302083333,0.2918327511185159,3.3480396270751953,640x480,1344x1008
650,0-10m,307200,0.2543712246142483,25.43712246142483,15.647788498264198,90.05501302083333,0.2918327511185159,3.3480396270751953,640x480,1344x1008
651,0-3m,307200,0.23496679255418712,23.496679255418712,17.29433221831423,76.38411458333333,0.2893100877313619,3.3480396270751953,640x480,1344x1008
651,0-6m,307200,0.23496679255418712,23.496679255418712,17.29433221831423,76.38411458333333,0.2893100877313619,3.3480396270751953,640x480,1344x1008
651,0-10m,307200,0.23496679255418712,23.496679255418712,17.29433221831423,76.38411458333333,0.2893100877313619,3.3480396270751953,640x480,1344x1008
652,0-3m,300946,0.2486539978792721,24.86539978792721,12.828671689446756,93.25427153044068,0.29147227894537225,3.3480396270751953,640x480,1344x1008
652,0-6m,305719,0.2766176307569753,27.661763075697532,13.440527380947042,91.79835077309556,0.29147227894537225,3.3480396270751953,640x480,1344x1008
652,0-10m,307200,0.29930722174157076,29.930722174157076,13.726463838364483,91.35579427083333,0.29147227894537225,3.3480396270751953,640x480,1344x1008
653,0-3m,307200,0.09843031195089376,9.843031195089376,10.52339970826587,86.45442708333333,0.2907841488921909,3.3480396270751953,640x480,1344x1008
653,0-6m,307200,0.09843031195089376,9.843031195089376,10.52339970826587,86.45442708333333,0.2907841488921909,3.3480396270751953,640x480,1344x1008
653,0-10m,307200,0.09843031195089376,9.843031195089376,10.52339970826587,86.45442708333333,0.2907841488921909,3.3480396270751953,640x480,1344x1008
654,0-3m,307200,0.1023603296171253,10.23603296171253,6.8429980208761645,93.2666015625,0.2906591620788131,3.3480396270751953,640x480,1344x1008
654,0-6m,307200,0.1023603296171253,10.23603296171253,6.8429980208761645,93.2666015625,0.2906591620788131,3.3480396270751953,640x480,1344x1008
654,0-10m,307200,0.1023603296171253,10.23603296171253,6.8429980208761645,93.2666015625,0.2906591620788131,3.3480396270751953,640x480,1344x1008
655,0-3m,284739,0.2397508786729503,23.97508786729503,10.59443227580709,89.55710317167652,0.28617802493862177,3.3480396270751953,640x480,1344x1008
655,0-6m,307200,0.3428827526482443,34.28827526482443,13.55632281674335,83.00911458333333,0.28617802493862177,3.3480396270751953,640x480,1344x1008
655,0-10m,307200,0.3428827526482443,34.28827526482443,13.55632281674335,83.00911458333333,0.28617802493862177,3.3480396270751953,640x480,1344x1008
656,0-3m,287337,0.34187601188069555,34.18760118806956,16.4831880555354,82.75892070982853,0.29172269808663753,3.3480396270751953,640x480,1344x1008
656,0-6m,307200,0.42587661792349535,42.587661792349536,18.70478707632641,77.40787760416666,0.29172269808663753,3.3480396270751953,640x480,1344x1008
656,0-10m,307200,0.42587661792349535,42.587661792349536,18.70478707632641,77.40787760416666,0.29172269808663753,3.3480396270751953,640x480,1344x1008
657,0-3m,307200,0.1710848580863482,17.10848580863482,13.139339954176545,95.86588541666666,0.29107891163775224,3.3480396270751953,640x480,1344x1008
657,0-6m,307200,0.1710848580863482,17.10848580863482,13.139339954176545,95.86588541666666,0.29107891163775224,3.3480396270751953,640x480,1344x1008
657,0-10m,307200,0.1710848580863482,17.10848580863482,13.139339954176545,95.86588541666666,0.29107891163775224,3.3480396270751953,640x480,1344x1008
658,0-3m,243357,0.20601502725731677,20.601502725731677,12.557694746559363,89.96453769564879,0.29038425357579306,3.3480396270751953,640x480,1344x1008
658,0-6m,307200,0.43384110994656416,43.38411099465642,17.793007321538408,71.26790364583333,0.29038425357579306,3.3480396270751953,640x480,1344x1008
658,0-10m,307200,0.43384110994656416,43.38411099465642,17.793007321538408,71.26790364583333,0.29038425357579306,3.3480396270751953,640x480,1344x1008
659,0-3m,284908,0.3393252663471143,33.93252663471143,14.884290134940489,81.71655411571454,0.2912532908705727,3.3480396270751953,640x480,1344x1008
659,0-6m,307200,0.4360893425842126,43.608934258421264,17.743242811687644,75.78678385416666,0.2912532908705727,3.3480396270751953,640x480,1344x1008
659,0-10m,307200,0.4360893425842126,43.608934258421264,17.743242811687644,75.78678385416666,0.2912532908705727,3.3480396270751953,640x480,1344x1008
660,0-3m,220505,0.37286869847951015,37.28686984795102,15.8610734405074,82.51967075576518,0.285076154959475,3.3480396270751953,640x480,1344x1008
660,0-6m,307200,0.5936810220327849,59.3681022032785,21.72167873865866,66.67545572916667,0.285076154959475,3.3480396270751953,640x480,1344x1008
660,0-10m,307200,0.5936810220327849,59.3681022032785,21.72167873865866,66.67545572916667,0.285076154959475,3.3480396270751953,640x480,1344x1008
661,0-3m,307200,0.3989385845172607,39.893858451726075,21.874975935203356,75.69466145833333,0.2590600689318698,3.3480396270751953,640x480,1344x1008
661,0-6m,307200,0.3989385845172607,39.893858451726075,21.874975935203356,75.69466145833333,0.2590600689318698,3.3480396270751953,640x480,1344x1008
661,0-10m,307200,0.3989385845172607,39.893858451726075,21.874975935203356,75.69466145833333,0.2590600689318698,3.3480396270751953,640x480,1344x1008
662,0-3m,298852,0.18751926833048382,18.751926833048383,11.229473599471671,91.60721695019608,0.26861144215855903,3.3480396270751953,640x480,1344x1008
662,0-6m,307200,0.22090513939775216,22.090513939775217,12.068191649242522,90.044921875,0.26861144215855903,3.3480396270751953,640x480,1344x1008
662,0-10m,307200,0.22090513939775216,22.090513939775217,12.068191649242522,90.044921875,0.26861144215855903,3.3480396270751953,640x480,1344x1008
663,0-3m,307200,0.1714615503230986,17.14615503230986,10.498717815289146,88.66145833333333,0.27938454155742243,3.3480396270751953,640x480,1344x1008
663,0-6m,307200,0.1714615503230986,17.14615503230986,10.498717815289146,88.66145833333333,0.27938454155742243,3.3480396270751953,640x480,1344x1008
663,0-10m,307200,0.1714615503230986,17.14615503230986,10.498717815289146,88.66145833333333,0.27938454155742243,3.3480396270751953,640x480,1344x1008
664,0-3m,255172,0.44200484409619756,44.200484409619754,20.274182797890244,70.95527722477388,0.28750322937972095,3.3480396270751953,640x480,1344x1008
664,0-6m,301054,0.6489601311414425,64.89601311414425,25.19072824484005,60.14136998677978,0.28750322937972095,3.3480396270751953,640x480,1344x1008
664,0-10m,307200,0.7500796855442847,75.00796855442847,26.309787025886088,58.938151041666664,0.28750322937972095,3.3480396270751953,640x480,1344x1008
665,0-3m,281143,0.33619561826751165,33.619561826751166,16.887798047666386,84.15041455771618,0.2842255690280828,3.3480396270751953,640x480,1344x1008
665,0-6m,307200,0.449762576323313,44.976257632331304,19.79818624764643,77.0126953125,0.2842255690280828,3.3480396270751953,640x480,1344x1008
665,0-10m,307200,0.449762576323313,44.976257632331304,19.79818624764643,77.0126953125,0.2842255690280828,3.3480396270751953,640x480,1344x1008
666,0-3m,296276,0.08769919491201761,8.769919491201762,5.500371236405801,97.05241059012543,0.2897039729501397,3.3480396270751953,640x480,1344x1008
666,0-6m,307200,0.09590440032538027,9.590440032538027,5.669835470945951,97.1572265625,0.2897039729501397,3.3480396270751953,640x480,1344x1008
666,0-10m,307200,0.09590440032538027,9.590440032538027,5.669835470945951,97.1572265625,0.2897039729501397,3.3480396270751953,640x480,1344x1008
667,0-3m,150657,0.3472021777031167,34.72021777031167,14.466597852237756,94.62421261541117,0.28698134936908415,3.3480396270751953,640x480,1344x1008
667,0-6m,288133,0.44166219339305757,44.166219339305755,14.062876021268004,92.06026383649217,0.28698134936908415,3.3480396270751953,640x480,1344x1008
667,0-10m,307200,0.5877240544902936,58.772405449029364,15.629917310552147,87.22623697916667,0.28698134936908415,3.3480396270751953,640x480,1344x1008
668,0-3m,238201,0.21591883083913643,21.591883083913643,8.957484539759337,96.5319205209046,0.29023231558836454,3.3480396270751953,640x480,1344x1008
668,0-6m,307200,0.3221911236985276,32.21911236985276,10.8414030239595,91.625,0.29023231558836454,3.3480396270751953,640x480,1344x1008
668,0-10m,307200,0.3221911236985276,32.21911236985276,10.8414030239595,91.625,0.29023231558836454,3.3480396270751953,640x480,1344x1008
669,0-3m,232290,0.20006956916987714,20.006956916987715,12.565511991501474,96.57281845968402,0.2895171262552765,3.3480396270751953,640x480,1344x1008
669,0-6m,294704,0.7604202725870196,76.04202725870196,23.09195948421355,76.12146424887345,0.2895171262552765,3.3480396270751953,640x480,1344x1008
669,0-10m,307200,0.982465217464099,98.2465217464099,25.44512085702369,73.02506510416666,0.2895171262552765,3.3480396270751953,640x480,1344x1008
670,0-3m,224592,0.08746263848722104,8.746263848722103,4.347349077224268,95.88097527961816,0.28638745169185487,3.3480396270751953,640x480,1344x1008
670,0-6m,306767,0.6546395544433516,65.46395544433517,17.34563387267204,71.4353238777313,0.28638745169185487,3.3480396270751953,640x480,1344x1008
670,0-10m,307200,0.6593505650913963,65.93505650913963,17.414303526536113,71.33463541666667,0.28638745169185487,3.3480396270751953,640x480,1344x1008
671,0-3m,207022,0.1339390322840559,13.393903228405591,5.985527756734328,98.46103312691405,0.2928160624370753,3.3480396270751953,640x480,1344x1008
671,0-6m,307200,0.4156861772943133,41.56861772943133,12.058811229819794,86.0263671875,0.2928160624370753,3.3480396270751953,640x480,1344x1008
671,0-10m,307200,0.4156861772943133,41.56861772943133,12.058811229819794,86.0263671875,0.2928160624370753,3.3480396270751953,640x480,1344x1008
672,0-3m,222110,0.11372368742552212,11.372368742552212,5.005447200973428,97.72725226239251,0.2869184578894301,3.3480396270751953,640x480,1344x1008
672,0-6m,307200,0.09985808276260892,9.985808276260892,4.16125305169274,98.30826822916666,0.2869184578894301,3.3480396270751953,640x480,1344x1008
672,0-10m,307200,0.09985808276260892,9.985808276260892,4.16125305169274,98.30826822916666,0.2869184578894301,3.3480396270751953,640x480,1344x1008
673,0-3m,250855,0.3068438688354023,30.68438688354023,14.955433648376431,85.00807239241793,0.27227648435490553,3.3480396270751953,640x480,1344x1008
673,0-6m,307200,0.33067466290609443,33.067466290609445,14.390716135562329,85.27864583333333,0.27227648435490553,3.3480396270751953,640x480,1344x1008
673,0-10m,307200,0.33067466290609443,33.067466290609445,14.390716135562329,85.27864583333333,0.27227648435490553,3.3480396270751953,640x480,1344x1008
674,0-3m,307200,0.11902284248751432,11.902284248751432,6.701547237088253,89.2373046875,0.2878787970363525,3.3480396270751953,640x480,1344x1008
674,0-6m,307200,0.11902284248751432,11.902284248751432,6.701547237088253,89.2373046875,0.2878787970363525,3.3480396270751953,640x480,1344x1008
674,0-10m,307200,0.11902284248751432,11.902284248751432,6.701547237088253,89.2373046875,0.2878787970363525,3.3480396270751953,640x480,1344x1008
675,0-3m,307200,0.4281015729345381,42.81015729345381,23.663049215289774,69.89615885416667,0.2901102770101425,3.3480396270751953,640x480,1344x1008
675,0-6m,307200,0.4281015729345381,42.81015729345381,23.663049215289774,69.89615885416667,0.2901102770101425,3.3480396270751953,640x480,1344x1008
675,0-10m,307200,0.4281015729345381,42.81015729345381,23.663049215289774,69.89615885416667,0.2901102770101425,3.3480396270751953,640x480,1344x1008
676,0-3m,307200,0.09597316273080651,9.59731627308065,7.063835816291409,98.35579427083333,0.2895442362368844,3.3480396270751953,640x480,1344x1008
676,0-6m,307200,0.09597316273080651,9.59731627308065,7.063835816291409,98.35579427083333,0.2895442362368844,3.3480396270751953,640x480,1344x1008
676,0-10m,307200,0.09597316273080651,9.59731627308065,7.063835816291409,98.35579427083333,0.2895442362368844,3.3480396270751953,640x480,1344x1008
677,0-3m,303518,0.2516335519885738,25.163355198857378,14.061498585771917,91.56821012262864,0.2893715703149207,3.3480396270751953,640x480,1344x1008
677,0-6m,307200,0.251750442776635,25.1750442776635,13.995571123415013,91.66927083333334,0.2893715703149207,3.3480396270751953,640x480,1344x1008
677,0-10m,307200,0.251750442776635,25.1750442776635,13.995571123415013,91.66927083333334,0.2893715703149207,3.3480396270751953,640x480,1344x1008
678,0-3m,280707,0.21306364114782567,21.306364114782568,12.244860305477921,90.68851150844118,0.2915361034381476,3.3480396270751953,640x480,1344x1008
678,0-6m,307200,0.3499830878954769,34.998308789547686,15.973892709748446,82.86751302083334,0.2915361034381476,3.3480396270751953,640x480,1344x1008
678,0-10m,307200,0.3499830878954769,34.998308789547686,15.973892709748446,82.86751302083334,0.2915361034381476,3.3480396270751953,640x480,1344x1008
679,0-3m,286175,0.1930505343404953,19.30505343404953,11.066389247703881,91.83995806761597,0.28951807342614916,3.3480396270751953,640x480,1344x1008
679,0-6m,307200,0.22162185809458607,22.162185809458606,11.628593278006012,88.48307291666667,0.28951807342614916,3.3480396270751953,640x480,1344x1008
679,0-10m,307200,0.22162185809458607,22.162185809458606,11.628593278006012,88.48307291666667,0.28951807342614916,3.3480396270751953,640x480,1344x1008
680,0-3m,307182,0.28991181100201296,28.991181100201295,12.741814301319259,82.54910769511234,0.2881118288781013,3.3480396270751953,640x480,1344x1008
680,0-6m,307200,0.28995287002568754,28.995287002568755,12.742997121801777,82.54427083333333,0.2881118288781013,3.3480396270751953,640x480,1344x1008
680,0-10m,307200,0.28995287002568754,28.995287002568755,12.742997121801777,82.54427083333333,0.2881118288781013,3.3480396270751953,640x480,1344x1008
681,0-3m,271265,0.2911805412807682,29.11805412807682,19.51090192340933,75.75507345215932,0.29220259422779454,3.3480396270751953,640x480,1344x1008
681,0-6m,307200,0.30420998626330403,30.4209986263304,18.537631092375715,77.49055989583333,0.29220259422779454,3.3480396270751953,640x480,1344x1008
681,0-10m,307200,0.30420998626330403,30.4209986263304,18.537631092375715,77.49055989583333,0.29220259422779454,3.3480396270751953,640x480,1344x1008
682,0-3m,307200,0.15647752051028269,15.647752051028268,7.124576013637229,92.31640625,0.29186082464744006,3.3480396270751953,640x480,1344x1008
682,0-6m,307200,0.15647752051028269,15.647752051028268,7.124576013637229,92.31640625,0.29186082464744006,3.3480396270751953,640x480,1344x1008
682,0-10m,307200,0.15647752051028269,15.647752051028268,7.124576013637229,92.31640625,0.29186082464744006,3.3480396270751953,640x480,1344x1008
683,0-3m,280990,0.15279081393940228,15.279081393940228,6.82282574976665,86.99846969643048,0.2913066577622661,3.3480396270751953,640x480,1344x1008
683,0-6m,307200,0.3042855404559911,30.42855404559911,11.353066546036182,79.859375,0.2913066577622661,3.3480396270751953,640x480,1344x1008
683,0-10m,307200,0.3042855404559911,30.42855404559911,11.353066546036182,79.859375,0.2913066577622661,3.3480396270751953,640x480,1344x1008
684,0-3m,307200,0.10638898707033756,10.638898707033755,8.511217975377207,93.71028645833334,0.29198907248531636,3.3480396270751953,640x480,1344x1008
684,0-6m,307200,0.10638898707033756,10.638898707033755,8.511217975377207,93.71028645833334,0.29198907248531636,3.3480396270751953,640x480,1344x1008
684,0-10m,307200,0.10638898707033756,10.638898707033755,8.511217975377207,93.71028645833334,0.29198907248531636,3.3480396270751953,640x480,1344x1008
685,0-3m,213012,0.15963186592520084,15.963186592520085,6.2232402999071335,96.60441665258296,0.2823250700436799,3.3480396270751953,640x480,1344x1008
685,0-6m,307200,0.22456083311815747,22.456083311815746,7.438512833457374,92.486328125,0.2823250700436799,3.3480396270751953,640x480,1344x1008
685,0-10m,307200,0.22456083311815747,22.456083311815746,7.438512833457374,92.486328125,0.2823250700436799,3.3480396270751953,640x480,1344x1008
686,0-3m,176850,0.3711488755823766,37.114887558237655,24.057420579427657,68.01017811704835,0.2826186106519505,3.3480396270751953,640x480,1344x1008
686,0-6m,305309,0.395877578106284,39.587757810628396,18.730165654160384,76.10748454844108,0.2826186106519505,3.3480396270751953,640x480,1344x1008
686,0-10m,307200,0.41519393781064234,41.51939378106423,18.90350077871569,75.63899739583333,0.2826186106519505,3.3480396270751953,640x480,1344x1008
687,0-3m,303425,0.30159720349137,30.159720349136997,19.24401401290964,73.01936228062948,0.29241965214423093,3.3480396270751953,640x480,1344x1008
687,0-6m,307200,0.3044942614925094,30.44942614925094,19.225078210413017,72.98046875,0.29241965214423093,3.3480396270751953,640x480,1344x1008
687,0-10m,307200,0.3044942614925094,30.44942614925094,19.225078210413017,72.98046875,0.29241965214423093,3.3480396270751953,640x480,1344x1008
688,0-3m,307200,0.04445223795269461,4.445223795269461,2.882345038145907,98.93001302083333,0.2919574282868541,3.3480396270751953,640x480,1344x1008
688,0-6m,307200,0.04445223795269461,4.445223795269461,2.882345038145907,98.93001302083333,0.2919574282868541,3.3480396270751953,640x480,1344x1008
688,0-10m,307200,0.04445223795269461,4.445223795269461,2.882345038145907,98.93001302083333,0.2919574282868541,3.3480396270751953,640x480,1344x1008
689,0-3m,307200,0.1138075217466879,11.38075217466879,8.420820653054127,96.076171875,0.29178529562764494,3.3480396270751953,640x480,1344x1008
689,0-6m,307200,0.1138075217466879,11.38075217466879,8.420820653054127,96.076171875,0.29178529562764494,3.3480396270751953,640x480,1344x1008
689,0-10m,307200,0.1138075217466879,11.38075217466879,8.420820653054127,96.076171875,0.29178529562764494,3.3480396270751953,640x480,1344x1008
690,0-3m,307200,0.27653008183794253,27.653008183794253,18.413367606238353,81.53385416666666,0.27956701443552556,3.3480396270751953,640x480,1344x1008
690,0-6m,307200,0.27653008183794253,27.653008183794253,18.413367606238353,81.53385416666666,0.27956701443552556,3.3480396270751953,640x480,1344x1008
690,0-10m,307200,0.27653008183794253,27.653008183794253,18.413367606238353,81.53385416666666,0.27956701443552556,3.3480396270751953,640x480,1344x1008
691,0-3m,307200,0.17095591956342104,17.095591956342105,11.1273265906407,99.388671875,0.2911259426837727,3.3480396270751953,640x480,1344x1008
691,0-6m,307200,0.17095591956342104,17.095591956342105,11.1273265906407,99.388671875,0.2911259426837727,3.3480396270751953,640x480,1344x1008
691,0-10m,307200,0.17095591956342104,17.095591956342105,11.1273265906407,99.388671875,0.2911259426837727,3.3480396270751953,640x480,1344x1008
692,0-3m,222242,0.2506276224850439,25.062762248504388,12.789499571999938,94.11542372728827,0.2920648094169045,3.3480396270751953,640x480,1344x1008
692,0-6m,307200,0.44034818423814914,44.03481842381491,17.22456194100019,82.873046875,0.2920648094169045,3.3480396270751953,640x480,1344x1008
692,0-10m,307200,0.44034818423814914,44.03481842381491,17.22456194100019,82.873046875,0.2920648094169045,3.3480396270751953,640x480,1344x1008
693,0-3m,307200,0.09543478768978578,9.543478768978577,6.657836495421154,98.29069010416667,0.291001957570194,3.3480396270751953,640x480,1344x1008
693,0-6m,307200,0.09543478768978578,9.543478768978577,6.657836495421154,98.29069010416667,0.291001957570194,3.3480396270751953,640x480,1344x1008
693,0-10m,307200,0.09543478768978578,9.543478768978577,6.657836495421154,98.29069010416667,0.291001957570194,3.3480396270751953,640x480,1344x1008
694,0-3m,286365,0.27440862405577593,27.440862405577594,19.03569072258596,72.3056239414733,0.29046277953323923,3.3480396270751953,640x480,1344x1008
694,0-6m,307200,0.34050736540424015,34.05073654042401,20.440556633295195,67.40169270833334,0.29046277953323923,3.3480396270751953,640x480,1344x1008
694,0-10m,307200,0.34050736540424015,34.05073654042401,20.440556633295195,67.40169270833334,0.29046277953323923,3.3480396270751953,640x480,1344x1008
695,0-3m,307200,0.21409343381645157,21.409343381645158,12.812500449245166,87.23763020833334,0.28981440604219194,3.3480396270751953,640x480,1344x1008
695,0-6m,307200,0.21409343381645157,21.409343381645158,12.812500449245166,87.23763020833334,0.28981440604219194,3.3480396270751953,640x480,1344x1008
695,0-10m,307200,0.21409343381645157,21.409343381645158,12.812500449245166,87.23763020833334,0.28981440604219194,3.3480396270751953,640x480,1344x1008
696,0-3m,267133,0.23408914814084328,23.408914814084326,14.016723277118453,93.41938285423366,0.29165249721474,3.3480396270751953,640x480,1344x1008
696,0-6m,307200,0.5700565702902775,57.005657029027745,21.298124215342277,81.23502604166667,0.29165249721474,3.3480396270751953,640x480,1344x1008
696,0-10m,307200,0.5700565702902775,57.005657029027745,21.298124215342277,81.23502604166667,0.29165249721474,3.3480396270751953,640x480,1344x1008
697,0-3m,307200,0.2263486139018399,22.634861390183993,9.346680886443659,96.1337890625,0.29225463550108927,3.3480396270751953,640x480,1344x1008
697,0-6m,307200,0.2263486139018399,22.634861390183993,9.346680886443659,96.1337890625,0.29225463550108927,3.3480396270751953,640x480,1344x1008
697,0-10m,307200,0.2263486139018399,22.634861390183993,9.346680886443659,96.1337890625,0.29225463550108927,3.3480396270751953,640x480,1344x1008
698,0-3m,263196,0.5236557070015556,52.36557070015556,27.1035822904046,39.240337999057736,0.2918414468617103,3.3480396270751953,640x480,1344x1008
698,0-6m,307200,0.5203429972580246,52.034299725802455,25.469413351866443,46.63313802083333,0.2918414468617103,3.3480396270751953,640x480,1344x1008
698,0-10m,307200,0.5203429972580246,52.034299725802455,25.469413351866443,46.63313802083333,0.2918414468617103,3.3480396270751953,640x480,1344x1008
699,0-3m,299227,0.3386077452929869,33.86077452929869,15.279012032461756,75.85645680369753,0.29235307270118954,3.3480396270751953,640x480,1344x1008
699,0-6m,307200,0.38451955138608657,38.45195513860865,16.41249416238951,73.8876953125,0.29235307270118954,3.3480396270751953,640x480,1344x1008
699,0-10m,307200,0.38451955138608657,38.45195513860865,16.41249416238951,73.8876953125,0.29235307270118954,3.3480396270751953,640x480,1344x1008
700,0-3m,307200,0.14943386043577145,14.943386043577146,13.659006554239648,99.04654947916667,0.29216101039976017,3.3480396270751953,640x480,1344x1008
700,0-6m,307200,0.14943386043577145,14.943386043577146,13.659006554239648,99.04654947916667,0.29216101039976017,3.3480396270751953,640x480,1344x1008
700,0-10m,307200,0.14943386043577145,14.943386043577146,13.659006554239648,99.04654947916667,0.29216101039976017,3.3480396270751953,640x480,1344x1008
701,0-3m,307200,0.3775187384619494,37.75187384619494,21.906325257207545,71.28157552083333,0.291956533276775,3.3480396270751953,640x480,1344x1008
701,0-6m,307200,0.3775187384619494,37.75187384619494,21.906325257207545,71.28157552083333,0.291956533276775,3.3480396270751953,640x480,1344x1008
701,0-10m,307200,0.3775187384619494,37.75187384619494,21.906325257207545,71.28157552083333,0.291956533276775,3.3480396270751953,640x480,1344x1008
702,0-3m,304654,0.199114256024003,19.9114256024003,13.298084954762492,95.94031261693593,0.2918770869386287,3.3480396270751953,640x480,1344x1008
702,0-6m,307200,0.20882039791652157,20.882039791652158,13.556630473560952,95.14518229166666,0.2918770869386287,3.3480396270751953,640x480,1344x1008
702,0-10m,307200,0.20882039791652157,20.882039791652158,13.556630473560952,95.14518229166666,0.2918770869386287,3.3480396270751953,640x480,1344x1008
703,0-3m,307200,0.104232952115514,10.4232952115514,8.844430449331051,98.18196614583333,0.29177516447870017,3.3480396270751953,640x480,1344x1008
703,0-6m,307200,0.104232952115514,10.4232952115514,8.844430449331051,98.18196614583333,0.29177516447870017,3.3480396270751953,640x480,1344x1008
703,0-10m,307200,0.104232952115514,10.4232952115514,8.844430449331051,98.18196614583333,0.29177516447870017,3.3480396270751953,640x480,1344x1008
704,0-3m,307200,0.10796968521686115,10.796968521686114,7.067857937698224,97.70442708333333,0.2917660470439213,3.3480396270751953,640x480,1344x1008
704,0-6m,307200,0.10796968521686115,10.796968521686114,7.067857937698224,97.70442708333333,0.2917660470439213,3.3480396270751953,640x480,1344x1008
704,0-10m,307200,0.10796968521686115,10.796968521686114,7.067857937698224,97.70442708333333,0.2917660470439213,3.3480396270751953,640x480,1344x1008
705,0-3m,229576,0.2740687773015377,27.406877730153774,18.60021739634273,80.86254660765934,0.29240809175183363,3.3480396270751953,640x480,1344x1008
705,0-6m,307200,0.2790330123703461,27.90330123703461,16.024491914186527,85.4111328125,0.29240809175183363,3.3480396270751953,640x480,1344x1008
705,0-10m,307200,0.2790330123703461,27.90330123703461,16.024491914186527,85.4111328125,0.29240809175183363,3.3480396270751953,640x480,1344x1008
706,0-3m,307200,0.09929668527329341,9.92966852732934,7.361304170894732,95.9267578125,0.29134439970016984,3.3480396270751953,640x480,1344x1008
706,0-6m,307200,0.09929668527329341,9.92966852732934,7.361304170894732,95.9267578125,0.29134439970016984,3.3480396270751953,640x480,1344x1008
706,0-10m,307200,0.09929668527329341,9.92966852732934,7.361304170894732,95.9267578125,0.29134439970016984,3.3480396270751953,640x480,1344x1008
707,0-3m,306049,0.22319598022544343,22.319598022544344,11.117508751287541,89.41313319109031,0.28014605470625864,3.3480396270751953,640x480,1344x1008
707,0-6m,307200,0.22929147183604073,22.929147183604073,11.303781617903704,89.078125,0.28014605470625864,3.3480396270751953,640x480,1344x1008
707,0-10m,307200,0.22929147183604073,22.929147183604073,11.303781617903704,89.078125,0.28014605470625864,3.3480396270751953,640x480,1344x1008
708,0-3m,275807,0.1359812078600276,13.59812078600276,7.38316346773076,95.95224196630252,0.28858870340809895,3.3480396270751953,640x480,1344x1008
708,0-6m,307200,0.13687524464932116,13.687524464932116,7.086606473493038,96.36588541666666,0.28858870340809895,3.3480396270751953,640x480,1344x1008
708,0-10m,307200,0.13687524464932116,13.687524464932116,7.086606473493038,96.36588541666666,0.28858870340809895,3.3480396270751953,640x480,1344x1008
709,0-3m,302041,0.44424510648541765,44.42451064854176,20.57824031716342,67.01374978893594,0.28027972589213423,3.3480396270751953,640x480,1344x1008
709,0-6m,307200,0.4687091572109299,46.87091572109299,21.265780556227266,65.88834635416667,0.28027972589213423,3.3480396270751953,640x480,1344x1008
709,0-10m,307200,0.4687091572109299,46.87091572109299,21.265780556227266,65.88834635416667,0.28027972589213423,3.3480396270751953,640x480,1344x1008
710,0-3m,282889,0.21832571302658338,21.832571302658337,14.880766196210038,90.15939113928077,0.28721708757916214,3.3480396270751953,640x480,1344x1008
710,0-6m,307200,0.21788219784987936,21.788219784987938,14.20673978431511,90.93815104166667,0.28721708757916214,3.3480396270751953,640x480,1344x1008
710,0-10m,307200,0.21788219784987936,21.788219784987938,14.20673978431511,90.93815104166667,0.28721708757916214,3.3480396270751953,640x480,1344x1008
711,0-3m,185966,0.42405127663232517,42.40512766323252,17.84225125537835,86.44268307109901,0.28983175150885104,3.3480396270751953,640x480,1344x1008
711,0-6m,307200,0.5016252677049488,50.16252677049488,18.205374437718508,80.03873697916667,0.28983175150885104,3.3480396270751953,640x480,1344x1008
711,0-10m,307200,0.5016252677049488,50.16252677049488,18.205374437718508,80.03873697916667,0.28983175150885104,3.3480396270751953,640x480,1344x1008
712,0-3m,305111,0.25123175718927715,25.123175718927715,11.152425593619112,84.51317717158673,0.2907994119449224,3.3480396270751953,640x480,1344x1008
712,0-6m,307200,0.25208830018663625,25.208830018663626,11.161541729246103,84.37141927083334,0.2907994119449224,3.3480396270751953,640x480,1344x1008
712,0-10m,307200,0.25208830018663625,25.208830018663626,11.161541729246103,84.37141927083334,0.2907994119449224,3.3480396270751953,640x480,1344x1008
713,0-3m,278173,0.30832910300092237,30.832910300092237,14.860031794322847,95.16308196697739,0.28992501582180785,3.3480396270751953,640x480,1344x1008
713,0-6m,307200,0.29741072339587843,29.74107233958784,14.05055608675965,95.6201171875,0.28992501582180785,3.3480396270751953,640x480,1344x1008
713,0-10m,307200,0.29741072339587843,29.74107233958784,14.05055608675965,95.6201171875,0.28992501582180785,3.3480396270751953,640x480,1344x1008
714,0-3m,307200,0.07132450062024873,7.132450062024873,5.0399325135788615,99.9970703125,0.29156182467765285,3.3480396270751953,640x480,1344x1008
714,0-6m,307200,0.07132450062024873,7.132450062024873,5.0399325135788615,99.9970703125,0.29156182467765285,3.3480396270751953,640x480,1344x1008
714,0-10m,307200,0.07132450062024873,7.132450062024873,5.0399325135788615,99.9970703125,0.29156182467765285,3.3480396270751953,640x480,1344x1008
715,0-3m,260499,0.22592203281130388,22.592203281130388,11.096692409346376,95.06792732409721,0.2910649238953415,3.3480396270751953,640x480,1344x1008
715,0-6m,307200,0.42457766621218374,42.457766621218376,16.504452627132427,80.61555989583333,0.2910649238953415,3.3480396270751953,640x480,1344x1008
715,0-10m,307200,0.42457766621218374,42.457766621218376,16.504452627132427,80.61555989583333,0.2910649238953415,3.3480396270751953,640x480,1344x1008
716,0-3m,302687,0.25169422945428366,25.169422945428366,15.560633671240135,87.60336585317506,0.29055417950816814,3.3480396270751953,640x480,1344x1008
716,0-6m,307200,0.28115288375508196,28.115288375508197,16.30095373310816,86.31640625,0.29055417950816814,3.3480396270751953,640x480,1344x1008
716,0-10m,307200,0.28115288375508196,28.115288375508197,16.30095373310816,86.31640625,0.29055417950816814,3.3480396270751953,640x480,1344x1008
717,0-3m,307200,0.21925235623474387,21.925235623474386,16.52404339576509,77.330078125,0.29077543994476984,3.3480396270751953,640x480,1344x1008
717,0-6m,307200,0.21925235623474387,21.925235623474386,16.52404339576509,77.330078125,0.29077543994476984,3.3480396270751953,640x480,1344x1008
717,0-10m,307200,0.21925235623474387,21.925235623474386,16.52404339576509,77.330078125,0.29077543994476984,3.3480396270751953,640x480,1344x1008
718,0-3m,125171,0.4972301652573563,49.72301652573563,20.923738387521414,74.05708990101542,0.29111401824062877,3.3480396270751953,640x480,1344x1008
718,0-6m,306838,0.5315491148631379,53.15491148631379,17.63768249902831,83.46163121907978,0.29111401824062877,3.3480396270751953,640x480,1344x1008
718,0-10m,307200,0.5311101021283927,53.11101021283927,17.620017547536786,83.48111979166667,0.29111401824062877,3.3480396270751953,640x480,1344x1008
719,0-3m,136371,0.3190916974744829,31.909169747448292,17.501591586083467,90.95335518548666,0.29188300791944793,3.3480396270751953,640x480,1344x1008
719,0-6m,295710,1.0382903719933207,103.82903719933208,29.487834033108463,60.87382908931047,0.29188300791944793,3.3480396270751953,640x480,1344x1008
719,0-10m,307200,1.1378235028744288,113.78235028744288,30.614621697339945,58.59700520833333,0.29188300791944793,3.3480396270751953,640x480,1344x1008
720,0-3m,226718,0.3965456131138013,39.654561311380135,18.512201552651383,83.53152374315228,0.28903578586760875,3.3480396270751953,640x480,1344x1008
720,0-6m,307200,0.8992036253518503,89.92036253518503,29.36768295224531,61.650065104166664,0.28903578586760875,3.3480396270751953,640x480,1344x1008
720,0-10m,307200,0.8992036253518503,89.92036253518503,29.36768295224531,61.650065104166664,0.28903578586760875,3.3480396270751953,640x480,1344x1008
721,0-3m,204140,0.4666530025020523,46.665300250205235,29.016039520283815,56.28735181738023,0.28960828423443113,3.3480396270751953,640x480,1344x1008
721,0-6m,307200,0.507282773333136,50.7282773333136,24.71872178431625,70.03483072916666,0.28960828423443113,3.3480396270751953,640x480,1344x1008
721,0-10m,307200,0.507282773333136,50.7282773333136,24.71872178431625,70.03483072916666,0.28960828423443113,3.3480396270751953,640x480,1344x1008
722,0-3m,291722,0.20798499253313985,20.798499253313985,11.263213349329822,96.53540014123035,0.2916852154157641,3.3480396270751953,640x480,1344x1008
722,0-6m,307200,0.2072965480790784,20.729654807907842,11.012818875896127,96.7099609375,0.2916852154157641,3.3480396270751953,640x480,1344x1008
722,0-10m,307200,0.2072965480790784,20.729654807907842,11.012818875896127,96.7099609375,0.2916852154157641,3.3480396270751953,640x480,1344x1008
723,0-3m,240791,0.10593968319648614,10.593968319648614,5.197613257398391,98.69222686894443,0.2896145832297419,3.3480396270751953,640x480,1344x1008
723,0-6m,307200,0.44916458397560444,44.91645839756045,12.992169848225204,77.40787760416666,0.2896145832297419,3.3480396270751953,640x480,1344x1008
723,0-10m,307200,0.44916458397560444,44.91645839756045,12.992169848225204,77.40787760416666,0.2896145832297419,3.3480396270751953,640x480,1344x1008
724,0-3m,247122,0.1767384883867556,17.67384883867556,8.682225143779803,97.67726062430702,0.29237266381099475,3.3480396270751953,640x480,1344x1008
724,0-6m,307200,0.44863976469418654,44.86397646941865,15.470485065121473,79.52864583333333,0.29237266381099475,3.3480396270751953,640x480,1344x1008
724,0-10m,307200,0.44863976469418654,44.86397646941865,15.470485065121473,79.52864583333333,0.29237266381099475,3.3480396270751953,640x480,1344x1008
725,0-3m,307200,0.23025093003874644,23.025093003874645,13.09217961565069,83.50651041666667,0.29204305053354856,3.3480396270751953,640x480,1344x1008
725,0-6m,307200,0.23025093003874644,23.025093003874645,13.09217961565069,83.50651041666667,0.29204305053354856,3.3480396270751953,640x480,1344x1008
725,0-10m,307200,0.23025093003874644,23.025093003874645,13.09217961565069,83.50651041666667,0.29204305053354856,3.3480396270751953,640x480,1344x1008
726,0-3m,254013,0.20505189196320153,20.505189196320153,12.545286394582893,92.73186805399723,0.28957148545720124,3.3480396270751953,640x480,1344x1008
726,0-6m,303203,0.4941171411639114,49.411714116391146,18.23581460845773,77.68755586191429,0.28957148545720124,3.3480396270751953,640x480,1344x1008
726,0-10m,307200,0.5465542442297252,54.65542442297252,18.917813826045116,76.6767578125,0.28957148545720124,3.3480396270751953,640x480,1344x1008
727,0-3m,298628,0.28467656418754794,28.467656418754792,12.237636786181165,71.98052426430208,0.29199261071900373,3.3480396270751953,640x480,1344x1008
727,0-6m,307200,0.30153494969029754,30.153494969029754,12.69936841876901,69.97200520833333,0.29199261071900373,3.3480396270751953,640x480,1344x1008
727,0-10m,307200,0.30153494969029754,30.153494969029754,12.69936841876901,69.97200520833333,0.29199261071900373,3.3480396270751953,640x480,1344x1008
728,0-3m,295454,0.22444047361582664,22.444047361582665,13.477837910712628,92.86386374867153,0.29218055016771793,3.3480396270751953,640x480,1344x1008
728,0-6m,307200,0.2672712167612432,26.72712167612432,14.488718456419939,90.52018229166666,0.29218055016771793,3.3480396270751953,640x480,1344x1008
728,0-10m,307200,0.2672712167612432,26.72712167612432,14.488718456419939,90.52018229166666,0.29218055016771793,3.3480396270751953,640x480,1344x1008
729,0-3m,289362,0.16337406481000588,16.33740648100059,10.974404649866388,93.33257303999835,0.2915537406129952,3.3480396270751953,640x480,1344x1008
729,0-6m,307200,0.17991441888773504,17.991441888773505,10.933006803038438,93.39453125,0.2915537406129952,3.3480396270751953,640x480,1344x1008
729,0-10m,307200,0.17991441888773504,17.991441888773505,10.933006803038438,93.39453125,0.2915537406129952,3.3480396270751953,640x480,1344x1008
730,0-3m,273886,0.4971621549843386,49.716215498433854,23.22436550610938,70.71117180140642,0.29115145596752573,3.3480396270751953,640x480,1344x1008
730,0-6m,307200,0.6490656812500675,64.90656812500674,26.749390134980803,63.15625,0.29115145596752573,3.3480396270751953,640x480,1344x1008
730,0-10m,307200,0.6490656812500675,64.90656812500674,26.749390134980803,63.15625,0.29115145596752573,3.3480396270751953,640x480,1344x1008
731,0-3m,307200,0.09408553459196507,9.408553459196508,5.88962786664182,99.205078125,0.2895277047468263,3.3480396270751953,640x480,1344x1008
731,0-6m,307200,0.09408553459196507,9.408553459196508,5.88962786664182,99.205078125,0.2895277047468263,3.3480396270751953,640x480,1344x1008
731,0-10m,307200,0.09408553459196507,9.408553459196508,5.88962786664182,99.205078125,0.2895277047468263,3.3480396270751953,640x480,1344x1008
732,0-3m,307200,0.24065387900879917,24.065387900879916,12.901724225931254,96.05240885416667,0.2901076931966611,3.3480396270751953,640x480,1344x1008
732,0-6m,307200,0.24065387900879917,24.065387900879916,12.901724225931254,96.05240885416667,0.2901076931966611,3.3480396270751953,640x480,1344x1008
732,0-10m,307200,0.24065387900879917,24.065387900879916,12.901724225931254,96.05240885416667,0.2901076931966611,3.3480396270751953,640x480,1344x1008
733,0-3m,307200,0.1915699509800955,19.15699509800955,13.217695280891745,86.55208333333333,0.29160505780679447,3.3480396270751953,640x480,1344x1008
733,0-6m,307200,0.1915699509800955,19.15699509800955,13.217695280891745,86.55208333333333,0.29160505780679447,3.3480396270751953,640x480,1344x1008
733,0-10m,307200,0.1915699509800955,19.15699509800955,13.217695280891745,86.55208333333333,0.29160505780679447,3.3480396270751953,640x480,1344x1008
734,0-3m,252779,0.344555903681241,34.4555903681241,15.84131798758223,87.1448973213756,0.292892941068314,3.3480396270751953,640x480,1344x1008
734,0-6m,307200,0.5294301458232803,52.94301458232803,19.704873282674285,77.2421875,0.292892941068314,3.3480396270751953,640x480,1344x1008
734,0-10m,307200,0.5294301458232803,52.94301458232803,19.704873282674285,77.2421875,0.292892941068314,3.3480396270751953,640x480,1344x1008
735,0-3m,202082,0.24261848134666802,24.261848134666803,11.203498812448407,92.39269207549411,0.29246935001612545,3.3480396270751953,640x480,1344x1008
735,0-6m,307200,0.2828549493798831,28.28549493798831,10.963381962905984,94.4384765625,0.29246935001612545,3.3480396270751953,640x480,1344x1008
735,0-10m,307200,0.2828549493798831,28.28549493798831,10.963381962905984,94.4384765625,0.29246935001612545,3.3480396270751953,640x480,1344x1008
736,0-3m,254866,0.1605443325551375,16.05443325551375,8.381255393327784,94.28562460273243,0.29338686352806925,3.3480396270751953,640x480,1344x1008
736,0-6m,307200,0.15248135495756288,15.248135495756287,7.575639386729504,95.25911458333334,0.29338686352806925,3.3480396270751953,640x480,1344x1008
736,0-10m,307200,0.15248135495756288,15.248135495756287,7.575639386729504,95.25911458333334,0.29338686352806925,3.3480396270751953,640x480,1344x1008
737,0-3m,275162,0.18890696100712415,18.890696100712415,11.760281169481337,91.80410085694972,0.29282637747355855,3.3480396270751953,640x480,1344x1008
737,0-6m,307200,0.3754267944903889,37.54267944903889,16.064213664907967,82.22981770833333,0.29282637747355855,3.3480396270751953,640x480,1344x1008
737,0-10m,307200,0.3754267944903889,37.54267944903889,16.064213664907967,82.22981770833333,0.29282637747355855,3.3480396270751953,640x480,1344x1008
738,0-3m,124436,0.39940661031188446,39.94066103118845,18.895674148938596,79.83541740332379,0.29299340550933123,3.3480396270751953,640x480,1344x1008
738,0-6m,307200,0.4162643774226308,41.62643774226308,15.104387415790704,88.70377604166667,0.29299340550933123,3.3480396270751953,640x480,1344x1008
738,0-10m,307200,0.4162643774226308,41.62643774226308,15.104387415790704,88.70377604166667,0.29299340550933123,3.3480396270751953,640x480,1344x1008
739,0-3m,200462,0.25178717277673734,25.178717277673734,10.86091890766399,74.66153186140016,0.2909714074609162,3.3480396270751953,640x480,1344x1008
739,0-6m,307200,0.33740793285910814,33.74079328591081,11.957376446577396,73.8544921875,0.2909714074609162,3.3480396270751953,640x480,1344x1008
739,0-10m,307200,0.33740793285910814,33.74079328591081,11.957376446577396,73.8544921875,0.2909714074609162,3.3480396270751953,640x480,1344x1008
740,0-3m,307200,0.25994669638457707,25.994669638457708,11.02922924809978,87.7626953125,0.29184359319900427,3.3480396270751953,640x480,1344x1008
740,0-6m,307200,0.25994669638457707,25.994669638457708,11.02922924809978,87.7626953125,0.29184359319900427,3.3480396270751953,640x480,1344x1008
740,0-10m,307200,0.25994669638457707,25.994669638457708,11.02922924809978,87.7626953125,0.29184359319900427,3.3480396270751953,640x480,1344x1008
741,0-3m,307200,0.14834062376311824,14.834062376311824,10.250121229200985,90.54557291666666,0.29291325666713314,3.3480396270751953,640x480,1344x1008
741,0-6m,307200,0.14834062376311824,14.834062376311824,10.250121229200985,90.54557291666666,0.29291325666713314,3.3480396270751953,640x480,1344x1008
741,0-10m,307200,0.14834062376311824,14.834062376311824,10.250121229200985,90.54557291666666,0.29291325666713314,3.3480396270751953,640x480,1344x1008
742,0-3m,266910,0.4208542251572622,42.085422515726215,18.009854392373924,77.78689445880634,0.29148181982497656,3.3480396270751953,640x480,1344x1008
742,0-6m,307200,0.530642602177492,53.0642602177492,20.61700188812156,71.48697916666666,0.29148181982497656,3.3480396270751953,640x480,1344x1008
742,0-10m,307200,0.530642602177492,53.0642602177492,20.61700188812156,71.48697916666666,0.29148181982497656,3.3480396270751953,640x480,1344x1008
743,0-3m,307200,0.12842686949220175,12.842686949220175,8.118833857916616,98.00846354166667,0.27913790824922086,3.3480396270751953,640x480,1344x1008
743,0-6m,307200,0.12842686949220175,12.842686949220175,8.118833857916616,98.00846354166667,0.27913790824922086,3.3480396270751953,640x480,1344x1008
743,0-10m,307200,0.12842686949220175,12.842686949220175,8.118833857916616,98.00846354166667,0.27913790824922086,3.3480396270751953,640x480,1344x1008
744,0-3m,173510,0.1888093620341186,18.88093620341186,10.795664677548995,96.87510806293585,0.28022942719480776,3.3480396270751953,640x480,1344x1008
744,0-6m,246701,0.35165535652886964,35.165535652886966,12.559549659284716,91.75722838577873,0.28022942719480776,3.3480396270751953,640x480,1344x1008
744,0-10m,307200,0.3994902628093647,39.94902628093647,11.86696617716953,92.68880208333333,0.28022942719480776,3.3480396270751953,640x480,1344x1008
745,0-3m,109165,0.2663754203624985,26.63754203624985,11.299257043768664,97.66683460816196,0.2903443405477346,3.3480396270751953,640x480,1344x1008
745,0-6m,249069,0.2951676440408671,29.51676440408671,9.22966212737319,96.81373434670714,0.2903443405477346,3.3480396270751953,640x480,1344x1008
745,0-10m,307200,0.34901067946028586,34.90106794602858,9.173723673804659,94.97135416666667,0.2903443405477346,3.3480396270751953,640x480,1344x1008
746,0-3m,120975,0.4449340863660437,44.49340863660437,17.626997846693424,92.83818970861748,0.29017910579744255,3.3480396270751953,640x480,1344x1008
746,0-6m,277284,0.5247526774538538,52.47526774538538,15.048546112034355,90.9150906651664,0.29017910579744255,3.3480396270751953,640x480,1344x1008
746,0-10m,307200,0.5123420941856845,51.234209418568454,14.205167421739127,91.7890625,0.29017910579744255,3.3480396270751953,640x480,1344x1008
747,0-3m,191668,0.2674533952240813,26.74533952240813,12.775693676612557,91.17693094308909,0.2926461447785057,3.3480396270751953,640x480,1344x1008
747,0-6m,307200,0.2698402161092963,26.98402161092963,10.772328771662524,92.849609375,0.2926461447785057,3.3480396270751953,640x480,1344x1008
747,0-10m,307200,0.2698402161092963,26.98402161092963,10.772328771662524,92.849609375,0.2926461447785057,3.3480396270751953,640x480,1344x1008
748,0-3m,118035,0.3327420580880475,33.27420580880475,17.544561065612697,88.40174524505443,0.2925064099129007,3.3480396270751953,640x480,1344x1008
748,0-6m,307200,0.4124017083695314,41.24017083695314,13.583623542387915,93.55045572916667,0.2925064099129007,3.3480396270751953,640x480,1344x1008
748,0-10m,307200,0.4124017083695314,41.24017083695314,13.583623542387915,93.55045572916667,0.2925064099129007,3.3480396270751953,640x480,1344x1008
749,0-3m,113898,0.4174140180948463,41.74140180948463,21.146654708031416,72.08818416477901,0.2933537366718318,3.3480396270751953,640x480,1344x1008
749,0-6m,307200,0.4611558278452139,46.11558278452139,15.052977148398138,86.80891927083333,0.2933537366718318,3.3480396270751953,640x480,1344x1008
749,0-10m,307200,0.4611558278452139,46.11558278452139,15.052977148398138,86.80891927083333,0.2933537366718318,3.3480396270751953,640x480,1344x1008
750,0-3m,188398,0.2960033305434242,29.60033305434242,12.42308802439727,93.04663531459994,0.29328390131037174,3.3480396270751953,640x480,1344x1008
750,0-6m,307200,0.30587584980065,30.587584980065003,11.57748950804106,95.48665364583333,0.29328390131037174,3.3480396270751953,640x480,1344x1008
750,0-10m,307200,0.30587584980065,30.587584980065003,11.57748950804106,95.48665364583333,0.29328390131037174,3.3480396270751953,640x480,1344x1008
751,0-3m,173781,0.19233279713578383,19.233279713578384,8.235871782185313,98.65923202191263,0.29216467230681625,3.3480396270751953,640x480,1344x1008
751,0-6m,307200,0.3253428177003904,32.534281770039044,10.85092969373163,96.91666666666666,0.29216467230681625,3.3480396270751953,640x480,1344x1008
751,0-10m,307200,0.3253428177003904,32.534281770039044,10.85092969373163,96.91666666666666,0.29216467230681625,3.3480396270751953,640x480,1344x1008
752,0-3m,140342,0.25118747243936135,25.118747243936134,13.580476401830168,94.99080816861667,0.2873681220991022,3.3480396270751953,640x480,1344x1008
752,0-6m,305306,0.3504034657729413,35.04034657729413,11.13813507456526,93.20222989394247,0.2873681220991022,3.3480396270751953,640x480,1344x1008
752,0-10m,307200,0.3496318707859609,34.96318707859609,11.092100883387694,93.244140625,0.2873681220991022,3.3480396270751953,640x480,1344x1008
753,0-3m,223706,0.21484136379031654,21.484136379031654,11.153577023301787,96.85882363459183,0.29149753857907906,3.3480396270751953,640x480,1344x1008
753,0-6m,307200,0.25829893035426116,25.829893035426117,10.882432823894836,97.57063802083333,0.29149753857907906,3.3480396270751953,640x480,1344x1008
753,0-10m,307200,0.25829893035426116,25.829893035426117,10.882432823894836,97.57063802083333,0.29149753857907906,3.3480396270751953,640x480,1344x1008
754,0-3m,164721,0.3207361383212633,32.07361383212633,20.552626480066845,69.71181573691271,0.29209607589004966,3.3480396270751953,640x480,1344x1008
754,0-6m,307200,0.40538492771505846,40.538492771505844,17.197446624983982,82.78873697916667,0.29209607589004966,3.3480396270751953,640x480,1344x1008
754,0-10m,307200,0.40538492771505846,40.538492771505844,17.197446624983982,82.78873697916667,0.29209607589004966,3.3480396270751953,640x480,1344x1008
755,0-3m,115995,0.2581433092429158,25.81433092429158,10.814718160172417,96.5377818009397,0.2929108972383109,3.3480396270751953,640x480,1344x1008
755,0-6m,252127,0.36182519849385286,36.18251984938529,10.568618181217483,92.6997108600031,0.2929108972383109,3.3480396270751953,640x480,1344x1008
755,0-10m,307200,0.5006840963824652,50.06840963824652,11.364928970877628,90.70735677083334,0.2929108972383109,3.3480396270751953,640x480,1344x1008
756,0-3m,119581,0.3202053508732546,32.020535087325456,13.609775693405846,90.83884563601241,0.2922422340928848,3.3480396270751953,640x480,1344x1008
756,0-6m,207792,0.5388310307645032,53.883103076450325,16.649075672972742,87.61357511357511,0.2922422340928848,3.3480396270751953,640x480,1344x1008
756,0-10m,307200,1.08935771959795,108.935771959795,20.440783715714016,75.3154296875,0.2922422340928848,3.3480396270751953,640x480,1344x1008
757,0-3m,118762,0.2865805255696415,28.658052556964147,12.777963873402005,88.05594382041394,0.28934450939970224,3.3480396270751953,640x480,1344x1008
757,0-6m,247947,0.6713872357808149,67.1387235780815,18.026782805894563,82.86407982351068,0.28934450939970224,3.3480396270751953,640x480,1344x1008
757,0-10m,307200,1.0973874799224237,109.73874799224237,22.50383265665873,74.40071614583333,0.28934450939970224,3.3480396270751953,640x480,1344x1008
758,0-3m,307200,0.18166583447833545,18.166583447833546,8.901040358614091,99.93033854166666,0.29155910443906224,3.3480396270751953,640x480,1344x1008
758,0-6m,307200,0.18166583447833545,18.166583447833546,8.901040358614091,99.93033854166666,0.29155910443906224,3.3480396270751953,640x480,1344x1008
758,0-10m,307200,0.18166583447833545,18.166583447833546,8.901040358614091,99.93033854166666,0.29155910443906224,3.3480396270751953,640x480,1344x1008
759,0-3m,207167,0.23887787403309524,23.887787403309524,14.63717757315818,90.67612119690878,0.29299148259126073,3.3480396270751953,640x480,1344x1008
759,0-6m,301724,0.2601879155664201,26.01879155664201,12.344168960601396,91.17339025069269,0.29299148259126073,3.3480396270751953,640x480,1344x1008
759,0-10m,307200,0.2654230702662608,26.542307026626077,12.271589142460822,91.30729166666667,0.29299148259126073,3.3480396270751953,640x480,1344x1008
760,0-3m,279124,0.2290656289013382,22.90656289013382,14.329571458733357,84.1002565168169,0.29256925867561195,3.3480396270751953,640x480,1344x1008
760,0-6m,307200,0.22816269426121533,22.816269426121533,13.642651724178434,84.6923828125,0.29256925867561195,3.3480396270751953,640x480,1344x1008
760,0-10m,307200,0.22816269426121533,22.816269426121533,13.642651724178434,84.6923828125,0.29256925867561195,3.3480396270751953,640x480,1344x1008
761,0-3m,225714,0.3308620848618477,33.08620848618477,13.753796338840212,99.93886068210213,0.2914745897696118,3.3480396270751953,640x480,1344x1008
761,0-6m,307174,0.38081562246716194,38.081562246716196,13.50753352601862,97.87612232806163,0.2914745897696118,3.3480396270751953,640x480,1344x1008
761,0-10m,307200,0.38081712590996175,38.081712590996176,13.506949538963445,97.87630208333333,0.2914745897696118,3.3480396270751953,640x480,1344x1008
762,0-3m,274319,0.1558650121607701,15.586501216077009,7.334707079910668,96.53141051112027,0.2914492831468131,3.3480396270751953,640x480,1344x1008
762,0-6m,307200,0.17824851427964555,17.824851427964557,7.792606576125889,96.26302083333333,0.2914492831468131,3.3480396270751953,640x480,1344x1008
762,0-10m,307200,0.17824851427964555,17.824851427964557,7.792606576125889,96.26302083333333,0.2914492831468131,3.3480396270751953,640x480,1344x1008
763,0-3m,188248,0.31822361224408735,31.822361224408734,16.39033731891425,73.75961497598912,0.2893698453645962,3.3480396270751953,640x480,1344x1008
763,0-6m,293285,0.45318699874580726,45.31869987458072,16.404151023664408,78.79502872632422,0.2893698453645962,3.3480396270751953,640x480,1344x1008
763,0-10m,307200,0.4720550265496907,47.205502654969074,16.20131587559078,79.33365885416667,0.2893698453645962,3.3480396270751953,640x480,1344x1008
764,0-3m,307200,0.22272494657818848,22.272494657818847,15.029368858535591,99.66959635416667,0.29220163794870935,3.3480396270751953,640x480,1344x1008
764,0-6m,307200,0.22272494657818848,22.272494657818847,15.029368858535591,99.66959635416667,0.29220163794870935,3.3480396270751953,640x480,1344x1008
764,0-10m,307200,0.22272494657818848,22.272494657818847,15.029368858535591,99.66959635416667,0.29220163794870935,3.3480396270751953,640x480,1344x1008
765,0-3m,216522,0.35803147835218424,35.803147835218425,15.21691353441302,99.2217880861991,0.28305939081437453,3.3480396270751953,640x480,1344x1008
765,0-6m,295901,0.4502199994614942,45.02199994614942,15.690755399755016,96.61170459038665,0.28305939081437453,3.3480396270751953,640x480,1344x1008
765,0-10m,307200,0.48179270133453733,48.179270133453734,15.829033718639336,95.33268229166667,0.28305939081437453,3.3480396270751953,640x480,1344x1008
766,0-3m,183598,0.3044528855749095,30.44528855749095,14.4795437568744,93.14807350842602,0.28766012564988797,3.3480396270751953,640x480,1344x1008
766,0-6m,307200,0.41706625854363666,41.706625854363665,14.77489187819398,91.49967447916667,0.28766012564988797,3.3480396270751953,640x480,1344x1008
766,0-10m,307200,0.41706625854363666,41.706625854363665,14.77489187819398,91.49967447916667,0.28766012564988797,3.3480396270751953,640x480,1344x1008
767,0-3m,142209,0.3612791727722357,36.12791727722357,18.218536687874913,85.64929083250709,0.2846561294179097,3.3480396270751953,640x480,1344x1008
767,0-6m,306376,0.500216039025208,50.021603902520795,15.98726850215621,90.82336736558999,0.2846561294179097,3.3480396270751953,640x480,1344x1008
767,0-10m,307200,0.5014700161700603,50.147001617006026,15.987187702999867,90.81770833333334,0.2846561294179097,3.3480396270751953,640x480,1344x1008
768,0-3m,181832,0.21411076349201474,21.411076349201473,13.534310812425327,95.92920938008712,0.2793326675525409,3.3480396270751953,640x480,1344x1008
768,0-6m,307200,0.2637374538705141,26.37374538705141,12.110458426778035,96.94596354166667,0.2793326675525409,3.3480396270751953,640x480,1344x1008
768,0-10m,307200,0.2637374538705141,26.37374538705141,12.110458426778035,96.94596354166667,0.2793326675525409,3.3480396270751953,640x480,1344x1008
769,0-3m,307200,0.18795799147337675,18.795799147337675,9.75470290818983,99.81380208333334,0.2787089987354922,3.3480396270751953,640x480,1344x1008
769,0-6m,307200,0.18795799147337675,18.795799147337675,9.75470290818983,99.81380208333334,0.2787089987354922,3.3480396270751953,640x480,1344x1008
769,0-10m,307200,0.18795799147337675,18.795799147337675,9.75470290818983,99.81380208333334,0.2787089987354922,3.3480396270751953,640x480,1344x1008
770,0-3m,306087,0.12125376873425574,12.125376873425573,6.797652500650399,99.62494323509328,0.29244905318356124,3.3480396270751953,640x480,1344x1008
770,0-6m,307200,0.1273582036079218,12.73582036079218,6.93605196045782,99.26399739583334,0.29244905318356124,3.3480396270751953,640x480,1344x1008
770,0-10m,307200,0.1273582036079218,12.73582036079218,6.93605196045782,99.26399739583334,0.29244905318356124,3.3480396270751953,640x480,1344x1008
771,0-3m,212481,0.2136819713618301,21.36819713618301,12.408965568237813,86.92353669269252,0.269274094395527,3.3480396270751953,640x480,1344x1008
771,0-6m,307200,0.24299802343167054,24.299802343167055,11.319933269287748,88.47102864583334,0.269274094395527,3.3480396270751953,640x480,1344x1008
771,0-10m,307200,0.24299802343167054,24.299802343167055,11.319933269287748,88.47102864583334,0.269274094395527,3.3480396270751953,640x480,1344x1008
772,0-3m,194280,0.2396491286699753,23.96491286699753,12.372429559259093,92.66316656372247,0.259404206645613,3.3480396270751953,640x480,1344x1008
772,0-6m,306835,0.29096631690273866,29.096631690273867,11.261414774016014,94.06554011113465,0.259404206645613,3.3480396270751953,640x480,1344x1008
772,0-10m,307200,0.2933295567591752,29.33295567591752,11.285843821699359,93.95475260416667,0.259404206645613,3.3480396270751953,640x480,1344x1008
773,0-3m,269849,0.169577364039166,16.957736403916602,9.522483775544838,98.59551082271936,0.2838730445927293,3.3480396270751953,640x480,1344x1008
773,0-6m,307200,0.18130352617260845,18.130352617260844,9.273914393302993,98.07845052083334,0.2838730445927293,3.3480396270751953,640x480,1344x1008
773,0-10m,307200,0.18130352617260845,18.130352617260844,9.273914393302993,98.07845052083334,0.2838730445927293,3.3480396270751953,640x480,1344x1008
774,0-3m,307200,0.24035397583211307,24.035397583211306,13.881286454394063,92.56575520833333,0.29209853313143486,3.3480396270751953,640x480,1344x1008
774,0-6m,307200,0.24035397583211307,24.035397583211306,13.881286454394063,92.56575520833333,0.29209853313143486,3.3480396270751953,640x480,1344x1008
774,0-10m,307200,0.24035397583211307,24.035397583211306,13.881286454394063,92.56575520833333,0.29209853313143486,3.3480396270751953,640x480,1344x1008
775,0-3m,307200,0.21619154228654225,21.619154228654224,12.211830785713747,95.88020833333334,0.2929019489053831,3.3480396270751953,640x480,1344x1008
775,0-6m,307200,0.21619154228654225,21.619154228654224,12.211830785713747,95.88020833333334,0.2929019489053831,3.3480396270751953,640x480,1344x1008
775,0-10m,307200,0.21619154228654225,21.619154228654224,12.211830785713747,95.88020833333334,0.2929019489053831,3.3480396270751953,640x480,1344x1008
776,0-3m,282528,0.21723192587692317,21.723192587692317,8.706880706168564,99.8371842790803,0.29191222444513093,3.3480396270751953,640x480,1344x1008
776,0-6m,307200,0.22434807009141272,22.434807009141274,8.767367944218512,99.69140625,0.29191222444513093,3.3480396270751953,640x480,1344x1008
776,0-10m,307200,0.22434807009141272,22.434807009141274,8.767367944218512,99.69140625,0.29191222444513093,3.3480396270751953,640x480,1344x1008
777,0-3m,203816,0.25042839398265526,25.042839398265528,11.352331594129991,99.96516465831927,0.2926384115298308,3.3480396270751953,640x480,1344x1008
777,0-6m,288892,0.3512901411832717,35.12901411832717,12.657756315493588,98.66316824280354,0.2926384115298308,3.3480396270751953,640x480,1344x1008
777,0-10m,307200,0.37807124554684074,37.80712455468407,12.565843818305304,98.67350260416666,0.2926384115298308,3.3480396270751953,640x480,1344x1008
778,0-3m,232941,0.2035317450124529,20.35317450124529,10.175754634256805,97.87285192387772,0.28540647075926573,3.3480396270751953,640x480,1344x1008
778,0-6m,303633,0.23638176336456898,23.638176336456898,9.858860724418253,96.96805024486798,0.28540647075926573,3.3480396270751953,640x480,1344x1008
778,0-10m,307200,0.23795374065986835,23.795374065986834,9.81177077997713,97.00325520833334,0.28540647075926573,3.3480396270751953,640x480,1344x1008
779,0-3m,145700,0.39131667924892766,39.13166792489277,20.5169811943103,67.38778311599177,0.287735156593019,3.3480396270751953,640x480,1344x1008
779,0-6m,296372,0.5235079562868525,52.350795628685255,17.513706051207194,81.3747587491396,0.287735156593019,3.3480396270751953,640x480,1344x1008
779,0-10m,307200,0.5343472625540259,53.43472625540259,17.35902013002261,81.96484375,0.287735156593019,3.3480396270751953,640x480,1344x1008
780,0-3m,179353,0.31677353227975263,31.677353227975264,16.918674580280104,83.39475782395611,0.2910407725710168,3.3480396270751953,640x480,1344x1008
780,0-6m,300716,0.40370032861262917,40.370032861262914,15.6158126832179,88.71260591388553,0.2910407725710168,3.3480396270751953,640x480,1344x1008
780,0-10m,307200,0.4071602399173814,40.71602399173814,15.468330153381215,88.7529296875,0.2910407725710168,3.3480396270751953,640x480,1344x1008
781,0-3m,103376,0.33285783718008133,33.28578371800813,16.62633937987068,89.49466026930816,0.2748294456544284,3.3480396270751953,640x480,1344x1008
781,0-6m,302172,0.4834341204404064,48.34341204404064,14.740198474170246,94.32409356260672,0.2748294456544284,3.3480396270751953,640x480,1344x1008
781,0-10m,307200,0.4874446814681869,48.74446814681869,14.687652661465858,94.39029947916666,0.2748294456544284,3.3480396270751953,640x480,1344x1008
782,0-3m,145655,0.2433635550528066,24.33635550528066,13.351148107441377,93.75236002883526,0.2821260215756617,3.3480396270751953,640x480,1344x1008
782,0-6m,275490,0.43603786178680465,43.603786178680465,13.90087802192709,88.18432610984065,0.2821260215756617,3.3480396270751953,640x480,1344x1008
782,0-10m,307200,0.47522341045977856,47.52234104597785,13.678124027706867,88.576171875,0.2821260215756617,3.3480396270751953,640x480,1344x1008
783,0-3m,151667,0.2328377286000742,23.28377286000742,11.554614824500563,93.97232093995397,0.28505880520699994,3.3480396270751953,640x480,1344x1008
783,0-6m,285525,0.3245290662260985,32.45290662260985,10.946054598647446,93.82575956571229,0.28505880520699994,3.3480396270751953,640x480,1344x1008
783,0-10m,307200,0.5925806356357255,59.25806356357255,13.498418744575243,87.2294921875,0.28505880520699994,3.3480396270751953,640x480,1344x1008
784,0-3m,242131,0.2624977874097412,26.249778740974122,15.709811782215525,91.78089546567767,0.291073268934835,3.3480396270751953,640x480,1344x1008
784,0-6m,267910,0.34294681383435827,34.29468138343583,16.64894928682522,88.69172483296629,0.291073268934835,3.3480396270751953,640x480,1344x1008
784,0-10m,307200,0.6131633843522286,61.31633843522286,18.39824445513721,79.0986328125,0.291073268934835,3.3480396270751953,640x480,1344x1008
785,0-3m,152019,0.18299122321006495,18.299122321006493,10.286479499428765,94.11849834560154,0.29075235952856765,3.3480396270751953,640x480,1344x1008
785,0-6m,286879,0.3060736079070299,30.60736079070299,9.944793186598124,92.45535574231644,0.29075235952856765,3.3480396270751953,640x480,1344x1008
785,0-10m,307200,0.3164433267695131,31.644332676951308,9.760692470081457,92.91569010416667,0.29075235952856765,3.3480396270751953,640x480,1344x1008
786,0-3m,131318,0.1715731548927844,17.157315489278442,10.317957024197193,94.86056747742123,0.29116561310656186,3.3480396270751953,640x480,1344x1008
786,0-6m,290148,0.4296131949522396,42.96131949522396,13.612249627744202,89.5687717992197,0.29116561310656186,3.3480396270751953,640x480,1344x1008
786,0-10m,307200,0.45351945632797047,45.35194563279705,13.499074502387243,89.29654947916667,0.29116561310656186,3.3480396270751953,640x480,1344x1008
787,0-3m,60057,0.32522761052584204,32.5227610525842,18.094828058088797,72.2330452736567,0.2908775534346226,3.3480396270751953,640x480,1344x1008
787,0-6m,243940,0.33774049969552977,33.774049969552976,10.533862714011471,85.43576289251456,0.2908775534346226,3.3480396270751953,640x480,1344x1008
787,0-10m,307200,0.3693563272780739,36.93563272780739,9.597589216898644,86.22493489583334,0.2908775534346226,3.3480396270751953,640x480,1344x1008
788,0-3m,71304,0.6189506057418718,61.89506057418718,35.654976453884366,34.45809491753618,0.29222780127420295,3.3480396270751953,640x480,1344x1008
788,0-6m,264399,0.474566974935356,47.4566974935356,16.708699390649077,75.38001278370947,0.29222780127420295,3.3480396270751953,640x480,1344x1008
788,0-10m,307200,0.47129219578773096,47.129219578773096,15.375390364493919,78.78645833333333,0.29222780127420295,3.3480396270751953,640x480,1344x1008
789,0-3m,105175,0.1744771067172976,17.44771067172976,8.874040496338404,96.10648918469218,0.2911039336524315,3.3480396270751953,640x480,1344x1008
789,0-6m,285204,0.34453714185556145,34.453714185556144,9.996303859623646,95.98673230389475,0.2911039336524315,3.3480396270751953,640x480,1344x1008
789,0-10m,307200,0.35247172966521856,35.24717296652186,9.78249583044241,96.27408854166667,0.2911039336524315,3.3480396270751953,640x480,1344x1008
790,0-3m,123751,0.146377972338484,14.637797233848401,7.438603178968631,96.17376829278147,0.2900198878227,3.3480396270751953,640x480,1344x1008
790,0-6m,307200,0.18306457846891136,18.306457846891135,6.082151919341044,95.02408854166666,0.2900198878227,3.3480396270751953,640x480,1344x1008
790,0-10m,307200,0.18306457846891136,18.306457846891135,6.082151919341044,95.02408854166666,0.2900198878227,3.3480396270751953,640x480,1344x1008
791,0-3m,146640,0.35198025307366576,35.19802530736658,15.626115108715341,93.22967812329514,0.2907537121238107,3.3480396270751953,640x480,1344x1008
791,0-6m,278361,0.5922952897929111,59.22952897929111,19.39256610379017,81.43094758245587,0.2907537121238107,3.3480396270751953,640x480,1344x1008
791,0-10m,307200,0.7452527635878262,74.52527635878262,19.863218096841244,75.47591145833333,0.2907537121238107,3.3480396270751953,640x480,1344x1008
792,0-3m,203266,0.13983343350359828,13.983343350359828,6.57075390122851,94.37928625544852,0.29041675530265926,3.3480396270751953,640x480,1344x1008
792,0-6m,307200,0.1319137870138123,13.191378701381229,5.5643802429136215,95.35546875,0.29041675530265926,3.3480396270751953,640x480,1344x1008
792,0-10m,307200,0.1319137870138123,13.191378701381229,5.5643802429136215,95.35546875,0.29041675530265926,3.3480396270751953,640x480,1344x1008
793,0-3m,133414,0.2900121244896421,29.00121244896421,13.393646497021807,96.18930547019053,0.2905234448066361,3.3480396270751953,640x480,1344x1008
793,0-6m,287609,0.6571721887215797,65.71721887215797,17.113324319131486,85.8276340448317,0.2905234448066361,3.3480396270751953,640x480,1344x1008
793,0-10m,307200,0.7228480693143017,72.28480693143017,17.570864370164482,84.34342447916666,0.2905234448066361,3.3480396270751953,640x480,1344x1008
794,0-3m,307200,0.17312898962234613,17.312898962234613,9.516187867158354,99.01497395833333,0.2887839351822327,3.3480396270751953,640x480,1344x1008
794,0-6m,307200,0.17312898962234613,17.312898962234613,9.516187867158354,99.01497395833333,0.2887839351822327,3.3480396270751953,640x480,1344x1008
794,0-10m,307200,0.17312898962234613,17.312898962234613,9.516187867158354,99.01497395833333,0.2887839351822327,3.3480396270751953,640x480,1344x1008
795,0-3m,143726,0.19258991017239496,19.258991017239495,8.070718816505131,99.56514478939093,0.29189030085373513,3.3480396270751953,640x480,1344x1008
795,0-6m,280214,0.36991272713520706,36.99127271352071,11.005735008063708,96.53800309763253,0.29189030085373513,3.3480396270751953,640x480,1344x1008
795,0-10m,307200,0.44305895891894276,44.305895891894274,11.49319750894503,96.1044921875,0.29189030085373513,3.3480396270751953,640x480,1344x1008
796,0-3m,180493,0.13597282274275307,13.597282274275308,5.855870575830665,99.82492395826985,0.29108540186561616,3.3480396270751953,640x480,1344x1008
796,0-6m,278699,0.27187332590453406,27.187332590453405,8.410004276335908,97.31107754243826,0.29108540186561616,3.3480396270751953,640x480,1344x1008
796,0-10m,307200,0.3483430276985746,34.83430276985746,9.010296231154209,97.05305989583334,0.29108540186561616,3.3480396270751953,640x480,1344x1008
797,0-3m,85669,0.30080510299347074,30.080510299347075,13.905530790563109,85.97042103911566,0.2892280093741774,3.3480396270751953,640x480,1344x1008
797,0-6m,307200,0.41603022268294204,41.603022268294204,11.67995615795212,90.2861328125,0.2892280093741774,3.3480396270751953,640x480,1344x1008
797,0-10m,307200,0.41603022268294204,41.603022268294204,11.67995615795212,90.2861328125,0.2892280093741774,3.3480396270751953,640x480,1344x1008
798,0-3m,102650,0.5599439246957615,55.99439246957615,25.077456474315984,71.40282513395032,0.29164252838860605,3.3480396270751953,640x480,1344x1008
798,0-6m,272725,0.7596560771830939,75.96560771830939,24.056108518240034,71.68099734164451,0.29164252838860605,3.3480396270751953,640x480,1344x1008
798,0-10m,307200,0.8414484371206102,84.14484371206102,23.48078712057158,73.58138020833334,0.29164252838860605,3.3480396270751953,640x480,1344x1008
799,0-3m,307200,0.17776600143891605,17.776600143891606,11.561990226726502,99.23111979166667,0.2904390317050906,3.3480396270751953,640x480,1344x1008
799,0-6m,307200,0.17776600143891605,17.776600143891606,11.561990226726502,99.23111979166667,0.2904390317050906,3.3480396270751953,640x480,1344x1008
799,0-10m,307200,0.17776600143891605,17.776600143891606,11.561990226726502,99.23111979166667,0.2904390317050906,3.3480396270751953,640x480,1344x1008
800,0-3m,167378,0.25614455808331327,25.61445580833133,11.990898491821072,95.33033015091588,0.2867370275346461,3.3480396270751953,640x480,1344x1008
800,0-6m,249333,0.4103496149386414,41.034961493864145,13.613948483244073,92.94076596359086,0.2867370275346461,3.3480396270751953,640x480,1344x1008
800,0-10m,307200,0.5055282336488987,50.55282336488987,13.151816017021108,90.63671875,0.2867370275346461,3.3480396270751953,640x480,1344x1008
801,0-3m,85906,0.4476647964387662,44.76647964387662,17.256922984526895,97.25513933834657,0.29027871110426373,3.3480396270751953,640x480,1344x1008
801,0-6m,213615,0.5257654827531686,52.57654827531686,15.247428318381651,94.69653348313555,0.29027871110426373,3.3480396270751953,640x480,1344x1008
801,0-10m,307200,0.5581237211893313,55.812372118933126,13.144041231304115,91.64908854166667,0.29027871110426373,3.3480396270751953,640x480,1344x1008
802,0-3m,139464,0.3196337386997378,31.963373869973783,17.57982549701651,94.08592898525785,0.28870116320267336,3.3480396270751953,640x480,1344x1008
802,0-6m,302501,0.3990588475281578,39.90588475281578,13.852705969884049,93.47572404719322,0.28870116320267336,3.3480396270751953,640x480,1344x1008
802,0-10m,307200,0.39630976618888475,39.630976618888475,13.695834946163416,93.57552083333334,0.28870116320267336,3.3480396270751953,640x480,1344x1008
803,0-3m,136014,0.2632492455417794,26.32492455417794,18.89288173096541,82.85764700692576,0.29073592647766144,3.3480396270751953,640x480,1344x1008
803,0-6m,307200,0.3307308913899275,33.07308913899275,13.373042509388092,86.29654947916666,0.29073592647766144,3.3480396270751953,640x480,1344x1008
803,0-10m,307200,0.3307308913899275,33.07308913899275,13.373042509388092,86.29654947916666,0.29073592647766144,3.3480396270751953,640x480,1344x1008
804,0-3m,257455,0.2813452765958798,28.13452765958798,13.079702722810971,95.00106814783166,0.2912294475357413,3.3480396270751953,640x480,1344x1008
804,0-6m,307200,0.32552932534599677,32.55293253459968,13.645543935373256,91.55826822916666,0.2912294475357413,3.3480396270751953,640x480,1344x1008
804,0-10m,307200,0.32552932534599677,32.55293253459968,13.645543935373256,91.55826822916666,0.2912294475357413,3.3480396270751953,640x480,1344x1008
805,0-3m,227003,0.3461994468806866,34.61994468806866,18.95046017124673,91.46046528019454,0.28732391533414037,3.3480396270751953,640x480,1344x1008
805,0-6m,307200,0.41183750742347913,41.18375074234791,18.50717016757864,91.12337239583333,0.28732391533414037,3.3480396270751953,640x480,1344x1008
805,0-10m,307200,0.41183750742347913,41.18375074234791,18.50717016757864,91.12337239583333,0.28732391533414037,3.3480396270751953,640x480,1344x1008
806,0-3m,289851,0.3542968255526426,35.42968255526426,14.633510092205235,98.47507857485398,0.2910137288646025,3.3480396270751953,640x480,1344x1008
806,0-6m,307200,0.36462623470346445,36.46262347034644,14.758560315460326,98.52994791666667,0.2910137288646025,3.3480396270751953,640x480,1344x1008
806,0-10m,307200,0.36462623470346445,36.46262347034644,14.758560315460326,98.52994791666667,0.2910137288646025,3.3480396270751953,640x480,1344x1008
807,0-3m,307200,0.2442959843032683,24.42959843032683,13.656385584847715,97.5166015625,0.2920509144046163,3.3480396270751953,640x480,1344x1008
807,0-6m,307200,0.2442959843032683,24.42959843032683,13.656385584847715,97.5166015625,0.2920509144046163,3.3480396270751953,640x480,1344x1008
807,0-10m,307200,0.2442959843032683,24.42959843032683,13.656385584847715,97.5166015625,0.2920509144046163,3.3480396270751953,640x480,1344x1008
808,0-3m,174720,0.4200397410187802,42.00397410187802,17.991551173700785,92.49599358974359,0.2924755345672785,3.3480396270751953,640x480,1344x1008
808,0-6m,307200,0.5168149553181138,51.681495531811386,16.65166969291399,93.7021484375,0.2924755345672785,3.3480396270751953,640x480,1344x1008
808,0-10m,307200,0.5168149553181138,51.681495531811386,16.65166969291399,93.7021484375,0.2924755345672785,3.3480396270751953,640x480,1344x1008
809,0-3m,148861,0.4480373329501923,44.803733295019235,31.471168095769286,53.42903782723481,0.2916323306036238,3.3480396270751953,640x480,1344x1008
809,0-6m,262952,0.565045284583515,56.5045284583515,25.475046637337034,63.25336943624692,0.2916323306036238,3.3480396270751953,640x480,1344x1008
809,0-10m,307200,0.5645053840995146,56.450538409951456,22.988165910340225,68.0107421875,0.2916323306036238,3.3480396270751953,640x480,1344x1008
810,0-3m,122429,0.41669162672262344,41.669162672262345,19.77966743255014,87.51848009866944,0.29318759564421176,3.3480396270751953,640x480,1344x1008
810,0-6m,244189,0.582158805396562,58.2158805396562,19.079891783555638,85.38713865079917,0.29318759564421176,3.3480396270751953,640x480,1344x1008
810,0-10m,307200,0.663401783471151,66.3401783471151,18.099627612396716,87.92805989583333,0.29318759564421176,3.3480396270751953,640x480,1344x1008
811,0-3m,150642,0.23197519813074746,23.197519813074745,14.00890518099906,94.54468209397113,0.2933782992307538,3.3480396270751953,640x480,1344x1008
811,0-6m,301203,0.324347117670077,32.4347117670077,11.779159111633094,92.62324744441457,0.2933782992307538,3.3480396270751953,640x480,1344x1008
811,0-10m,307200,0.32942859394010154,32.942859394010156,11.73326937957064,92.6884765625,0.2933782992307538,3.3480396270751953,640x480,1344x1008
812,0-3m,152365,0.1920297033057662,19.20297033057662,11.27906120625682,90.66583532963607,0.2923771089298688,3.3480396270751953,640x480,1344x1008
812,0-6m,305810,0.23869565723591862,23.86956572359186,9.259724324328799,93.17452012687617,0.2923771089298688,3.3480396270751953,640x480,1344x1008
812,0-10m,307200,0.23815171829754642,23.815171829754643,9.226548177776888,93.2001953125,0.2923771089298688,3.3480396270751953,640x480,1344x1008
813,0-3m,235274,0.2048877296481438,20.48877296481438,8.675680500577911,98.520023462006,0.2935389350470078,3.3480396270751953,640x480,1344x1008
813,0-6m,307200,0.21705898466714038,21.70589846671404,8.261450922358247,97.75227864583333,0.2935389350470078,3.3480396270751953,640x480,1344x1008
813,0-10m,307200,0.21705898466714038,21.70589846671404,8.261450922358247,97.75227864583333,0.2935389350470078,3.3480396270751953,640x480,1344x1008
814,0-3m,165189,0.3672847316257298,36.728473162572975,17.512947747697865,79.18626542929614,0.293245113471894,3.3480396270751953,640x480,1344x1008
814,0-6m,307200,0.48705657581158446,48.70565758115845,16.803320853246948,83.9990234375,0.293245113471894,3.3480396270751953,640x480,1344x1008
814,0-10m,307200,0.48705657581158446,48.70565758115845,16.803320853246948,83.9990234375,0.293245113471894,3.3480396270751953,640x480,1344x1008
815,0-3m,130649,0.28548418507548506,28.548418507548508,12.683297888402647,88.31678772895314,0.29331238378968927,3.3480396270751953,640x480,1344x1008
815,0-6m,307200,0.4887222535403756,48.87222535403756,14.094173290591828,87.86946614583333,0.29331238378968927,3.3480396270751953,640x480,1344x1008
815,0-10m,307200,0.4887222535403756,48.87222535403756,14.094173290591828,87.86946614583333,0.29331238378968927,3.3480396270751953,640x480,1344x1008
816,0-3m,207260,0.4018662980779492,40.18662980779492,19.578197596047126,84.58457975489722,0.29331141162967483,3.3480396270751953,640x480,1344x1008
816,0-6m,307200,0.4854267876236312,48.54267876236312,19.765560431958697,88.75618489583333,0.29331141162967483,3.3480396270751953,640x480,1344x1008
816,0-10m,307200,0.4854267876236312,48.54267876236312,19.765560431958697,88.75618489583333,0.29331141162967483,3.3480396270751953,640x480,1344x1008
817,0-3m,242228,0.18763949090381857,18.763949090381857,9.727278248631999,98.45022045345708,0.29329485148383244,3.3480396270751953,640x480,1344x1008
817,0-6m,307200,0.31686564775979303,31.686564775979303,12.472151386325745,90.73502604166667,0.29329485148383244,3.3480396270751953,640x480,1344x1008
817,0-10m,307200,0.31686564775979303,31.686564775979303,12.472151386325745,90.73502604166667,0.29329485148383244,3.3480396270751953,640x480,1344x1008
818,0-3m,170154,0.24611183466624015,24.611183466624016,13.46985891796846,94.84819633978631,0.293066718426917,3.3480396270751953,640x480,1344x1008
818,0-6m,307200,0.3880876659006268,38.80876659006268,14.457184340866025,96.244140625,0.293066718426917,3.3480396270751953,640x480,1344x1008
818,0-10m,307200,0.3880876659006268,38.80876659006268,14.457184340866025,96.244140625,0.293066718426917,3.3480396270751953,640x480,1344x1008
819,0-3m,146237,0.27761015181755444,27.761015181755443,18.76173191723994,87.32263380676572,0.29328706671204535,3.3480396270751953,640x480,1344x1008
819,0-6m,306402,0.4193207378681224,41.93207378681224,16.42474488473019,88.96156030313118,0.29328706671204535,3.3480396270751953,640x480,1344x1008
819,0-10m,307200,0.4216075228016901,42.160752280169014,16.42268831079195,88.95930989583334,0.29328706671204535,3.3480396270751953,640x480,1344x1008
820,0-3m,201940,0.3625527513269813,36.25527513269813,19.468459173849006,89.29384965831434,0.2936036593114415,3.3480396270751953,640x480,1344x1008
820,0-6m,307187,0.4001247957159883,40.01247957159883,17.039339788876628,90.86777760777636,0.2936036593114415,3.3480396270751953,640x480,1344x1008
820,0-10m,307200,0.4001142998119273,40.011429981192734,17.038724503854986,90.8681640625,0.2936036593114415,3.3480396270751953,640x480,1344x1008
821,0-3m,217044,0.30595951349224776,30.595951349224777,16.865647520284366,80.65461381102449,0.29328261108203196,3.3480396270751953,640x480,1344x1008
821,0-6m,297622,0.37648464419281796,37.648464419281794,16.025730863643613,83.67492994469495,0.29328261108203196,3.3480396270751953,640x480,1344x1008
821,0-10m,307200,0.4199404672915504,41.99404672915504,16.324723571756365,82.40364583333334,0.29328261108203196,3.3480396270751953,640x480,1344x1008
822,0-3m,233911,0.34054636566256646,34.05463656625665,19.680708216749235,86.3601968269983,0.2896368038459361,3.3480396270751953,640x480,1344x1008
822,0-6m,307200,0.35120377529684144,35.12037752968414,17.368580276635452,88.61686197916666,0.2896368038459361,3.3480396270751953,640x480,1344x1008
822,0-10m,307200,0.35120377529684144,35.12037752968414,17.368580276635452,88.61686197916666,0.2896368038459361,3.3480396270751953,640x480,1344x1008
823,0-3m,114717,0.4617009012681898,46.17009012681898,20.177867279323795,82.28161475631336,0.288826590278071,3.3480396270751953,640x480,1344x1008
823,0-6m,307200,0.5339008175721393,53.39008175721393,15.818535005010483,91.19401041666667,0.288826590278071,3.3480396270751953,640x480,1344x1008
823,0-10m,307200,0.5339008175721393,53.39008175721393,15.818535005010483,91.19401041666667,0.288826590278071,3.3480396270751953,640x480,1344x1008
824,0-3m,237936,0.44635258612536916,44.635258612536916,19.876586794735545,88.9785488534732,0.2923920438120956,3.3480396270751953,640x480,1344x1008
824,0-6m,307200,0.45685183683196856,45.685183683196854,18.87417911605999,91.46158854166667,0.2923920438120956,3.3480396270751953,640x480,1344x1008
824,0-10m,307200,0.45685183683196856,45.685183683196854,18.87417911605999,91.46158854166667,0.2923920438120956,3.3480396270751953,640x480,1344x1008
825,0-3m,221869,0.2637607812386083,26.37607812386083,12.839765882045679,98.85563102551505,0.2924147781982672,3.3480396270751953,640x480,1344x1008
825,0-6m,307200,0.3647958359844051,36.47958359844051,13.840117242137032,97.62434895833333,0.2924147781982672,3.3480396270751953,640x480,1344x1008
825,0-10m,307200,0.3647958359844051,36.47958359844051,13.840117242137032,97.62434895833333,0.2924147781982672,3.3480396270751953,640x480,1344x1008
826,0-3m,306452,0.3217140970072574,32.17140970072574,15.325825224349114,94.10837586310417,0.2923702874362974,3.3480396270751953,640x480,1344x1008
826,0-6m,307200,0.3220550014016529,32.20550014016529,15.325835123086511,94.12272135416667,0.2923702874362974,3.3480396270751953,640x480,1344x1008
826,0-10m,307200,0.3220550014016529,32.20550014016529,15.325835123086511,94.12272135416667,0.2923702874362974,3.3480396270751953,640x480,1344x1008
827,0-3m,156089,0.39932286901717595,39.932286901717596,16.22335041187144,95.5038471641179,0.291100205075385,3.3480396270751953,640x480,1344x1008
827,0-6m,307200,0.4840720800624695,48.40720800624695,14.915252991755622,95.21028645833334,0.291100205075385,3.3480396270751953,640x480,1344x1008
827,0-10m,307200,0.4840720800624695,48.40720800624695,14.915252991755622,95.21028645833334,0.291100205075385,3.3480396270751953,640x480,1344x1008
828,0-3m,229653,0.3375149786913283,33.75149786913283,16.176541575490614,92.15120203089008,0.291156025100228,3.3480396270751953,640x480,1344x1008
828,0-6m,307200,0.39186320862732826,39.18632086273283,16.383281082254726,93.02734375,0.291156025100228,3.3480396270751953,640x480,1344x1008
828,0-10m,307200,0.39186320862732826,39.18632086273283,16.383281082254726,93.02734375,0.291156025100228,3.3480396270751953,640x480,1344x1008
829,0-3m,168979,0.2891265337571137,28.912653375711372,17.361221149650415,83.38373407346475,0.2907763277231404,3.3480396270751953,640x480,1344x1008
829,0-6m,286095,0.4393997714489875,43.93997714489875,17.22170507181707,86.14481203795941,0.2907763277231404,3.3480396270751953,640x480,1344x1008
829,0-10m,307200,0.5205163506241903,52.05163506241903,17.755091212032,82.58268229166667,0.2907763277231404,3.3480396270751953,640x480,1344x1008
830,0-3m,254891,0.23702057389669634,23.702057389669633,12.664124360996642,97.70647060900541,0.2912508393492352,3.3480396270751953,640x480,1344x1008
830,0-6m,307200,0.32802979241435726,32.80297924143573,13.668147360605476,95.8779296875,0.2912508393492352,3.3480396270751953,640x480,1344x1008
830,0-10m,307200,0.32802979241435726,32.80297924143573,13.668147360605476,95.8779296875,0.2912508393492352,3.3480396270751953,640x480,1344x1008
831,0-3m,207216,0.3820319555883343,38.20319555883343,18.586324235782364,82.85026252799011,0.28866604447496774,3.3480396270751953,640x480,1344x1008
831,0-6m,307200,0.4061766743838477,40.61766743838477,16.946773363349106,87.97623697916667,0.28866604447496774,3.3480396270751953,640x480,1344x1008
831,0-10m,307200,0.4061766743838477,40.61766743838477,16.946773363349106,87.97623697916667,0.28866604447496774,3.3480396270751953,640x480,1344x1008
832,0-3m,179664,0.4155375235521185,41.55375235521185,25.618585555951178,57.010864725264945,0.28695545002222567,3.3480396270751953,640x480,1344x1008
832,0-6m,277810,0.5566053283862087,55.66053283862087,23.48463043099467,67.27943558547209,0.28695545002222567,3.3480396270751953,640x480,1344x1008
832,0-10m,307200,0.6007379542073856,60.07379542073856,22.71904447720705,70.29720052083334,0.28695545002222567,3.3480396270751953,640x480,1344x1008
833,0-3m,220205,0.41953601187964135,41.95360118796413,22.31662360764441,70.37987329987966,0.2851065200724109,3.3480396270751953,640x480,1344x1008
833,0-6m,304036,0.5209997741644916,52.099977416449164,21.47390359136989,72.67034167006538,0.2851065200724109,3.3480396270751953,640x480,1344x1008
833,0-10m,307200,0.5248873171148201,52.488731711482004,21.375679304317874,72.78678385416667,0.2851065200724109,3.3480396270751953,640x480,1344x1008
834,0-3m,134568,0.2600908643731563,26.00908643731563,15.52662339944508,88.84653112181202,0.2884658210707858,3.3480396270751953,640x480,1344x1008
834,0-6m,305875,0.6411666896229234,64.11666896229235,18.884364952117284,78.80866366979976,0.2884658210707858,3.3480396270751953,640x480,1344x1008
834,0-10m,307200,0.6457679654782017,64.57679654782017,18.9220730103561,78.65690104166667,0.2884658210707858,3.3480396270751953,640x480,1344x1008
835,0-3m,131238,0.5634410066780215,56.34410066780215,32.138466711897,53.81901583382862,0.2871199676522586,3.3480396270751953,640x480,1344x1008
835,0-6m,307200,0.8067616079800064,80.67616079800064,27.465688036784396,65.94759114583333,0.2871199676522586,3.3480396270751953,640x480,1344x1008
835,0-10m,307200,0.8067616079800064,80.67616079800064,27.465688036784396,65.94759114583333,0.2871199676522586,3.3480396270751953,640x480,1344x1008
836,0-3m,208684,0.4012334265754691,40.123342657546914,20.094713622980027,76.94265013129899,0.289763767481127,3.3480396270751953,640x480,1344x1008
836,0-6m,287854,0.4468812483645569,44.68812483645569,18.460233729400223,82.42372869579717,0.289763767481127,3.3480396270751953,640x480,1344x1008
836,0-10m,307200,0.4539490632772989,45.39490632772989,17.81456880343223,83.3388671875,0.289763767481127,3.3480396270751953,640x480,1344x1008
837,0-3m,307200,0.25483372725740383,25.483372725740384,13.77835439820521,95.12109375,0.29050675912018875,3.3480396270751953,640x480,1344x1008
837,0-6m,307200,0.25483372725740383,25.483372725740384,13.77835439820521,95.12109375,0.29050675912018875,3.3480396270751953,640x480,1344x1008
837,0-10m,307200,0.25483372725740383,25.483372725740384,13.77835439820521,95.12109375,0.29050675912018875,3.3480396270751953,640x480,1344x1008
838,0-3m,186489,0.35429915908985016,35.429915908985016,20.973753291488066,77.21956791017165,0.28889879233904064,3.3480396270751953,640x480,1344x1008
838,0-6m,250817,0.4623043843175215,46.230438431752155,20.26048434788003,77.57767615432766,0.28889879233904064,3.3480396270751953,640x480,1344x1008
838,0-10m,307200,0.583071446067964,58.3071446067964,19.626887877571793,76.93489583333334,0.28889879233904064,3.3480396270751953,640x480,1344x1008
839,0-3m,190101,0.22965460693411488,22.965460693411487,15.556965053560218,91.11419718991483,0.2893437726651209,3.3480396270751953,640x480,1344x1008
839,0-6m,304672,0.32825257270047675,32.82525727004767,14.069554546362445,90.61088646150614,0.2893437726651209,3.3480396270751953,640x480,1344x1008
839,0-10m,307200,0.3364712484972551,33.647124849725515,14.110576596945037,90.31770833333333,0.2893437726651209,3.3480396270751953,640x480,1344x1008
840,0-3m,206546,0.35039933537702284,35.03993353770228,30.094721347004118,25.000726230476506,0.2881662345700616,3.3480396270751953,640x480,1344x1008
840,0-6m,307200,0.5408899733703584,54.088997337035835,27.84984097443255,40.442057291666664,0.2881662345700616,3.3480396270751953,640x480,1344x1008
840,0-10m,307200,0.5408899733703584,54.088997337035835,27.84984097443255,40.442057291666664,0.2881662345700616,3.3480396270751953,640x480,1344x1008
841,0-3m,169814,0.39581959296406133,39.58195929640613,17.594954067248345,92.88810109884933,0.28312317477685917,3.3480396270751953,640x480,1344x1008
841,0-6m,307200,0.4655858700400374,46.55858700400374,16.025726941109557,93.94498697916667,0.28312317477685917,3.3480396270751953,640x480,1344x1008
841,0-10m,307200,0.4655858700400374,46.55858700400374,16.025726941109557,93.94498697916667,0.28312317477685917,3.3480396270751953,640x480,1344x1008
842,0-3m,213391,0.30612368706770493,30.612368706770493,16.99641247572998,86.8888566059487,0.2899153580498303,3.3480396270751953,640x480,1344x1008
842,0-6m,307200,0.2931025171617512,29.310251716175117,14.344163009485975,87.32552083333334,0.2899153580498303,3.3480396270751953,640x480,1344x1008
842,0-10m,307200,0.2931025171617512,29.310251716175117,14.344163009485975,87.32552083333334,0.2899153580498303,3.3480396270751953,640x480,1344x1008
843,0-3m,227170,0.2776013043489644,27.76013043489644,13.340573467214096,98.35277545450543,0.29050662408854,3.3480396270751953,640x480,1344x1008
843,0-6m,307200,0.34630023781443015,34.630023781443015,13.79158621041314,98.25846354166666,0.29050662408854,3.3480396270751953,640x480,1344x1008
843,0-10m,307200,0.34630023781443015,34.630023781443015,13.79158621041314,98.25846354166666,0.29050662408854,3.3480396270751953,640x480,1344x1008
844,0-3m,290981,0.24285333130964265,24.285333130964265,10.343592451478658,98.64974001738945,0.2900468060115057,3.3480396270751953,640x480,1344x1008
844,0-6m,307200,0.2950502571983573,29.505025719835732,11.626604433419754,96.62044270833333,0.2900468060115057,3.3480396270751953,640x480,1344x1008
844,0-10m,307200,0.2950502571983573,29.505025719835732,11.626604433419754,96.62044270833333,0.2900468060115057,3.3480396270751953,640x480,1344x1008
845,0-3m,307200,0.09541671600968887,9.541671600968888,7.238400150635801,99.4267578125,0.2907977206706877,3.3480396270751953,640x480,1344x1008
845,0-6m,307200,0.09541671600968887,9.541671600968888,7.238400150635801,99.4267578125,0.2907977206706877,3.3480396270751953,640x480,1344x1008
845,0-10m,307200,0.09541671600968887,9.541671600968888,7.238400150635801,99.4267578125,0.2907977206706877,3.3480396270751953,640x480,1344x1008
846,0-3m,108101,0.4124168035469073,41.24168035469073,22.484200610442006,63.605332050582334,0.28775920125960364,3.3480396270751953,640x480,1344x1008
846,0-6m,307200,0.5019464622418551,50.19464622418551,18.50584874594108,83.55696614583333,0.28775920125960364,3.3480396270751953,640x480,1344x1008
846,0-10m,307200,0.5019464622418551,50.19464622418551,18.50584874594108,83.55696614583333,0.28775920125960364,3.3480396270751953,640x480,1344x1008
847,0-3m,238787,0.4237831435851471,42.378314358514714,21.526974072937726,64.63124039415881,0.28692350432683317,3.3480396270751953,640x480,1344x1008
847,0-6m,307200,0.4775720901944442,47.75720901944442,21.06539309333974,67.07259114583334,0.28692350432683317,3.3480396270751953,640x480,1344x1008
847,0-10m,307200,0.4775720901944442,47.75720901944442,21.06539309333974,67.07259114583334,0.28692350432683317,3.3480396270751953,640x480,1344x1008
848,0-3m,188275,0.3715739723537852,37.15739723537852,17.338266445400322,93.49727791793919,0.2871830382352097,3.3480396270751953,640x480,1344x1008
848,0-6m,307200,0.3849478266139825,38.494782661398254,15.426052629595095,95.45475260416667,0.2871830382352097,3.3480396270751953,640x480,1344x1008
848,0-10m,307200,0.3849478266139825,38.494782661398254,15.426052629595095,95.45475260416667,0.2871830382352097,3.3480396270751953,640x480,1344x1008
849,0-3m,159159,0.34628567337583105,34.62856733758311,15.129692813346185,90.64269064269064,0.28993948266990976,3.3480396270751953,640x480,1344x1008
849,0-6m,302607,0.3405652990263407,34.05652990263407,12.049278670098436,91.93541458062768,0.28993948266990976,3.3480396270751953,640x480,1344x1008
849,0-10m,307200,0.3461256919828399,34.612569198283985,12.010608728936461,91.92154947916666,0.28993948266990976,3.3480396270751953,640x480,1344x1008
850,0-3m,190853,0.22927284676390314,22.927284676390315,14.106977456259544,81.40034476796278,0.2910306252971622,3.3480396270751953,640x480,1344x1008
850,0-6m,306519,0.2606904633511838,26.06904633511838,11.876369863589495,85.94540632065222,0.2910306252971622,3.3480396270751953,640x480,1344x1008
850,0-10m,307200,0.2627771032388167,26.27771032388167,11.89218369574081,85.939453125,0.2910306252971622,3.3480396270751953,640x480,1344x1008
851,0-3m,243121,0.16440892520335815,16.440892520335815,8.092483409200284,97.55594950662427,0.29096422810234257,3.3480396270751953,640x480,1344x1008
851,0-6m,307200,0.21999468840949704,21.999468840949703,8.68897214090061,95.93326822916667,0.29096422810234257,3.3480396270751953,640x480,1344x1008
851,0-10m,307200,0.21999468840949704,21.999468840949703,8.68897214090061,95.93326822916667,0.29096422810234257,3.3480396270751953,640x480,1344x1008
852,0-3m,186629,0.29608560397731015,29.608560397731015,16.81483523138244,77.26023286841809,0.2918475367453114,3.3480396270751953,640x480,1344x1008
852,0-6m,307200,0.4383807450426199,43.83807450426199,17.093800303241256,81.93033854166667,0.2918475367453114,3.3480396270751953,640x480,1344x1008
852,0-10m,307200,0.4383807450426199,43.83807450426199,17.093800303241256,81.93033854166667,0.2918475367453114,3.3480396270751953,640x480,1344x1008
853,0-3m,161047,0.20804113857620896,20.804113857620894,10.178426679677685,99.53864399833589,0.28910436479595303,3.3480396270751953,640x480,1344x1008
853,0-6m,297546,0.2613540146617736,26.13540146617736,8.936091011252227,96.8781297681703,0.28910436479595303,3.3480396270751953,640x480,1344x1008
853,0-10m,307200,0.28167655727632035,28.167655727632035,9.111851028173646,96.04329427083333,0.28910436479595303,3.3480396270751953,640x480,1344x1008
854,0-3m,275868,0.2191049246428359,21.91049246428359,12.588647282196884,98.82117534473008,0.2834479412573791,3.3480396270751953,640x480,1344x1008
854,0-6m,286854,0.25950291342081905,25.950291342081904,13.112435971587178,96.70633841605834,0.2834479412573791,3.3480396270751953,640x480,1344x1008
854,0-10m,307200,0.4752629797300324,47.52629797300324,15.63322985382376,90.30143229166666,0.2834479412573791,3.3480396270751953,640x480,1344x1008
855,0-3m,217796,0.1903582737486072,19.03582737486072,12.747175582338583,95.8034123675366,0.2899402896964826,3.3480396270751953,640x480,1344x1008
855,0-6m,267650,0.2854517553361714,28.54517553361714,13.097386075473603,92.4860825705212,0.2899402896964826,3.3480396270751953,640x480,1344x1008
855,0-10m,307200,0.39132008520925105,39.132008520925105,13.585969583777787,91.4404296875,0.2899402896964826,3.3480396270751953,640x480,1344x1008
856,0-3m,246176,0.15942206447025192,15.942206447025193,9.319597485840703,99.05839724424801,0.2884906871160247,3.3480396270751953,640x480,1344x1008
856,0-6m,291417,0.2127664043970217,21.27664043970217,9.895286204894942,98.23105721354622,0.2884906871160247,3.3480396270751953,640x480,1344x1008
856,0-10m,307200,0.21455043109463684,21.455043109463684,9.584196855425109,98.177734375,0.2884906871160247,3.3480396270751953,640x480,1344x1008
857,0-3m,227126,0.19998981724500217,19.99898172450022,15.319432606945115,91.10009422082896,0.29121893938851245,3.3480396270751953,640x480,1344x1008
857,0-6m,292841,0.24979062130144583,24.979062130144584,14.40370273112431,91.41206320153256,0.29121893938851245,3.3480396270751953,640x480,1344x1008
857,0-10m,307200,0.3715595799257668,37.15595799257668,15.627688917007761,87.13932291666666,0.29121893938851245,3.3480396270751953,640x480,1344x1008
858,0-3m,225855,0.2257724747450662,22.57724747450662,12.365635144184802,88.43638617697195,0.2904484881928103,3.3480396270751953,640x480,1344x1008
858,0-6m,287396,0.32630103890131035,32.63010389013103,13.701832616790405,87.79836880123592,0.2904484881928103,3.3480396270751953,640x480,1344x1008
858,0-10m,307200,0.4860006220760988,48.60006220760988,15.325053983026175,82.14029947916667,0.2904484881928103,3.3480396270751953,640x480,1344x1008
859,0-3m,206775,0.3704603501142203,37.04603501142203,17.612892309431704,98.4118002659896,0.28965244168835635,3.3480396270751953,640x480,1344x1008
859,0-6m,272871,0.4100024596416789,41.00024596416789,16.451654671928477,95.2384093582682,0.28965244168835635,3.3480396270751953,640x480,1344x1008
859,0-10m,307200,0.4372418574259306,43.72418574259306,15.712731516607448,94.443359375,0.28965244168835635,3.3480396270751953,640x480,1344x1008
860,0-3m,235281,0.21860872917045263,21.860872917045263,14.662448324766936,90.40679017855246,0.2841246488946619,3.3480396270751953,640x480,1344x1008
860,0-6m,260688,0.334166969533056,33.4166969533056,15.96669006764843,82.7556312526852,0.2841246488946619,3.3480396270751953,640x480,1344x1008
860,0-10m,307200,0.5440946661657654,54.40946661657654,17.5355681696037,76.00553385416666,0.2841246488946619,3.3480396270751953,640x480,1344x1008
861,0-3m,232029,0.2925619065459213,29.256190654592128,16.156275694320946,98.05713940929797,0.2897260477962418,3.3480396270751953,640x480,1344x1008
861,0-6m,303230,0.3526494639384826,35.26494639384826,16.18939841683606,97.73043564291132,0.2897260477962418,3.3480396270751953,640x480,1344x1008
861,0-10m,307200,0.38928461042950707,38.92846104295071,16.428975790249588,96.64876302083333,0.2897260477962418,3.3480396270751953,640x480,1344x1008
862,0-3m,207616,0.2439792177719713,24.39792177719713,15.653508074050462,87.14646270036991,0.2927436461457231,3.3480396270751953,640x480,1344x1008
862,0-6m,307200,0.22851769172605904,22.851769172605906,12.54244070392648,90.6630859375,0.2927436461457231,3.3480396270751953,640x480,1344x1008
862,0-10m,307200,0.22851769172605904,22.851769172605906,12.54244070392648,90.6630859375,0.2927436461457231,3.3480396270751953,640x480,1344x1008
863,0-3m,183059,0.3227766784266143,32.27766784266143,21.222774959793213,86.91787893520669,0.2917408259690902,3.3480396270751953,640x480,1344x1008
863,0-6m,307200,0.2879366549672947,28.79366549672947,15.36641545417497,91.76204427083333,0.2917408259690902,3.3480396270751953,640x480,1344x1008
863,0-10m,307200,0.2879366549672947,28.79366549672947,15.36641545417497,91.76204427083333,0.2917408259690902,3.3480396270751953,640x480,1344x1008
864,0-3m,193170,0.28433526559924405,28.433526559924406,16.652172919348352,97.20608790184812,0.29114452201354407,3.3480396270751953,640x480,1344x1008
864,0-6m,307200,0.29147511669395804,29.147511669395804,13.469927535701501,97.54166666666667,0.29114452201354407,3.3480396270751953,640x480,1344x1008
864,0-10m,307200,0.29147511669395804,29.147511669395804,13.469927535701501,97.54166666666667,0.29114452201354407,3.3480396270751953,640x480,1344x1008
865,0-3m,196311,0.24474961934636014,24.474961934636013,11.666740898636279,99.14472444233894,0.2917192174516853,3.3480396270751953,640x480,1344x1008
865,0-6m,307200,0.37344210656359794,37.34421065635979,12.717566712205453,97.56412760416666,0.2917192174516853,3.3480396270751953,640x480,1344x1008
865,0-10m,307200,0.37344210656359794,37.34421065635979,12.717566712205453,97.56412760416666,0.2917192174516853,3.3480396270751953,640x480,1344x1008
866,0-3m,226404,0.22496300325098018,22.49630032509802,13.56226647468571,97.06983975548135,0.29158153943650994,3.3480396270751953,640x480,1344x1008
866,0-6m,307200,0.2782126760290703,27.821267602907028,12.871081768836067,97.76106770833334,0.29158153943650994,3.3480396270751953,640x480,1344x1008
866,0-10m,307200,0.2782126760290703,27.821267602907028,12.871081768836067,97.76106770833334,0.29158153943650994,3.3480396270751953,640x480,1344x1008
867,0-3m,307200,0.29757771132824323,29.757771132824324,15.190584844124988,98.5283203125,0.28850726686533423,3.3480396270751953,640x480,1344x1008
867,0-6m,307200,0.29757771132824323,29.757771132824324,15.190584844124988,98.5283203125,0.28850726686533423,3.3480396270751953,640x480,1344x1008
867,0-10m,307200,0.29757771132824323,29.757771132824324,15.190584844124988,98.5283203125,0.28850726686533423,3.3480396270751953,640x480,1344x1008
868,0-3m,133916,0.2651696170119495,26.51696170119495,11.080985661168851,97.39836912691538,0.2862730006404547,3.3480396270751953,640x480,1344x1008
868,0-6m,307200,0.4237627542826037,42.37627542826037,13.57661154409106,97.89225260416666,0.2862730006404547,3.3480396270751953,640x480,1344x1008
868,0-10m,307200,0.4237627542826037,42.37627542826037,13.57661154409106,97.89225260416666,0.2862730006404547,3.3480396270751953,640x480,1344x1008
869,0-3m,136456,0.28269569136273537,28.269569136273535,12.204760329268138,99.54344257489593,0.29132006619212236,3.3480396270751953,640x480,1344x1008
869,0-6m,307200,0.41384761249180885,41.38476124918088,12.680951808841964,99.07845052083334,0.29132006619212236,3.3480396270751953,640x480,1344x1008
869,0-10m,307200,0.41384761249180885,41.38476124918088,12.680951808841964,99.07845052083334,0.29132006619212236,3.3480396270751953,640x480,1344x1008
870,0-3m,305548,0.28007489445868483,28.007489445868483,13.991203775024303,98.51774516606228,0.29000139287674587,3.3480396270751953,640x480,1344x1008
870,0-6m,307200,0.2807179941260256,28.07179941260256,13.98709739229657,98.52571614583333,0.29000139287674587,3.3480396270751953,640x480,1344x1008
870,0-10m,307200,0.2807179941260256,28.07179941260256,13.98709739229657,98.52571614583333,0.29000139287674587,3.3480396270751953,640x480,1344x1008
871,0-3m,213958,0.3571126913801265,35.71126913801265,18.43491952591938,85.19382308677403,0.29229057307300765,3.3480396270751953,640x480,1344x1008
871,0-6m,290314,0.46750361099087256,46.75036109908726,19.48666608790131,85.04584691058646,0.29229057307300765,3.3480396270751953,640x480,1344x1008
871,0-10m,307200,0.4872029387201959,48.72029387201959,19.085236599302355,85.85970052083334,0.29229057307300765,3.3480396270751953,640x480,1344x1008
872,0-3m,294219,0.5178378753983265,51.78378753983265,23.033910680221,75.81835299555773,0.290391151363229,3.3480396270751953,640x480,1344x1008
872,0-6m,307200,0.5255168170008498,52.551681700084984,22.994375904395238,75.20540364583333,0.290391151363229,3.3480396270751953,640x480,1344x1008
872,0-10m,307200,0.5255168170008498,52.551681700084984,22.994375904395238,75.20540364583333,0.290391151363229,3.3480396270751953,640x480,1344x1008
873,0-3m,307200,0.276367710288614,27.6367710288614,21.80769398801944,71.75065104166667,0.2904939402085386,3.3480396270751953,640x480,1344x1008
873,0-6m,307200,0.276367710288614,27.6367710288614,21.80769398801944,71.75065104166667,0.2904939402085386,3.3480396270751953,640x480,1344x1008
873,0-10m,307200,0.276367710288614,27.6367710288614,21.80769398801944,71.75065104166667,0.2904939402085386,3.3480396270751953,640x480,1344x1008
874,0-3m,221102,0.41328313474069583,41.32831347406958,17.554810990002352,96.0891353312046,0.28921884131173825,3.3480396270751953,640x480,1344x1008
874,0-6m,276929,0.5790784102608283,57.90784102608283,19.669396650208988,89.51969638427178,0.28921884131173825,3.3480396270751953,640x480,1344x1008
874,0-10m,307200,0.7224077038707523,72.24077038707523,20.43380524390775,84.6748046875,0.28921884131173825,3.3480396270751953,640x480,1344x1008
875,0-3m,215608,0.29291987967631145,29.291987967631144,22.326544335215665,53.3185225038032,0.2888083139367312,3.3480396270751953,640x480,1344x1008
875,0-6m,297401,0.4542456997159949,45.42456997159949,21.45781182637377,61.89521891318456,0.2888083139367312,3.3480396270751953,640x480,1344x1008
875,0-10m,307200,0.47364807289035527,47.364807289035525,21.27403262622567,62.9150390625,0.2888083139367312,3.3480396270751953,640x480,1344x1008
876,0-3m,218008,0.4012648717975893,40.12648717975893,16.56780683557382,93.96719386444533,0.29197169801578965,3.3480396270751953,640x480,1344x1008
876,0-6m,307027,0.5432133375941212,54.32133375941211,17.674022770977096,85.998299823794,0.29197169801578965,3.3480396270751953,640x480,1344x1008
876,0-10m,307200,0.5432411560268762,54.32411560268762,17.669622493617968,86.005859375,0.29197169801578965,3.3480396270751953,640x480,1344x1008
877,0-3m,305524,0.12931805216437808,12.931805216437809,6.691405707358412,95.59510873122898,0.29122041506474294,3.3480396270751953,640x480,1344x1008
877,0-6m,307200,0.12895977993495764,12.895977993495764,6.666328133420331,95.619140625,0.29122041506474294,3.3480396270751953,640x480,1344x1008
877,0-10m,307200,0.12895977993495764,12.895977993495764,6.666328133420331,95.619140625,0.29122041506474294,3.3480396270751953,640x480,1344x1008
878,0-3m,177381,0.35053454395393785,35.053454395393786,17.810357421870684,92.09441822968638,0.2899082054952426,3.3480396270751953,640x480,1344x1008
878,0-6m,307200,0.45078777367520767,45.078777367520765,17.55317660117774,93.9765625,0.2899082054952426,3.3480396270751953,640x480,1344x1008
878,0-10m,307200,0.45078777367520767,45.078777367520765,17.55317660117774,93.9765625,0.2899082054952426,3.3480396270751953,640x480,1344x1008
879,0-3m,183730,0.1981207332597199,19.81207332597199,10.867125052122148,96.0441952865618,0.29069870538521875,3.3480396270751953,640x480,1344x1008
879,0-6m,238400,0.26497454168737533,26.497454168737534,10.952003487457649,93.26006711409396,0.29069870538521875,3.3480396270751953,640x480,1344x1008
879,0-10m,307200,0.30361597149109004,30.361597149109006,10.019347348954783,93.39973958333333,0.29069870538521875,3.3480396270751953,640x480,1344x1008
880,0-3m,200317,0.3815634500093257,38.15634500093257,16.182108546166624,82.89610966617911,0.2913408941369052,3.3480396270751953,640x480,1344x1008
880,0-6m,272208,0.5565395262658382,55.65395262658382,19.350079388224838,77.30742667372009,0.2913408941369052,3.3480396270751953,640x480,1344x1008
880,0-10m,307200,0.5226576455018949,52.26576455018949,17.621541117484814,79.74186197916666,0.2913408941369052,3.3480396270751953,640x480,1344x1008
881,0-3m,113322,0.3400025519023274,34.00025519023274,21.625422391090108,75.01367783837208,0.29070446033940844,3.3480396270751953,640x480,1344x1008
881,0-6m,294595,0.38846804359342446,38.84680435934244,14.408867266491571,88.86471257149647,0.29070446033940844,3.3480396270751953,640x480,1344x1008
881,0-10m,307200,0.3976277849933831,39.76277849933831,14.226290063501654,89.24381510416667,0.29070446033940844,3.3480396270751953,640x480,1344x1008
882,0-3m,203256,0.25860177978422233,25.860177978422232,12.938839974407685,87.53591529893336,0.28730113195146784,3.3480396270751953,640x480,1344x1008
882,0-6m,307200,0.2767454932377829,27.67454932377829,11.768534504688635,89.72330729166667,0.28730113195146784,3.3480396270751953,640x480,1344x1008
882,0-10m,307200,0.2767454932377829,27.67454932377829,11.768534504688635,89.72330729166667,0.28730113195146784,3.3480396270751953,640x480,1344x1008
883,0-3m,143427,0.21605174692094314,21.605174692094316,11.362401431121913,93.40012689382054,0.290017633651045,3.3480396270751953,640x480,1344x1008
883,0-6m,300160,0.4062356603786603,40.623566037866034,12.65005885893016,95.00099946695096,0.290017633651045,3.3480396270751953,640x480,1344x1008
883,0-10m,307200,0.4072083076039174,40.72083076039174,12.52973281650404,95.11555989583333,0.290017633651045,3.3480396270751953,640x480,1344x1008
884,0-3m,164628,0.3233823062975622,32.33823062975622,15.332166560848993,95.45642296571664,0.28559461341210984,3.3480396270751953,640x480,1344x1008
884,0-6m,271139,0.4722918329462363,47.22918329462363,15.606761615009399,90.5406452041204,0.28559461341210984,3.3480396270751953,640x480,1344x1008
884,0-10m,307200,0.5796056224508599,57.96056224508599,16.031566302661133,89.09928385416667,0.28559461341210984,3.3480396270751953,640x480,1344x1008
885,0-3m,171960,0.2647350404991275,26.473504049912748,14.046976746464932,93.86659688299605,0.29027349539886044,3.3480396270751953,640x480,1344x1008
885,0-6m,279196,0.3864674316526636,38.646743165266365,13.99281626457441,91.65604091749165,0.29027349539886044,3.3480396270751953,640x480,1344x1008
885,0-10m,307200,0.42523039089282977,42.523039089282975,13.733212032469607,92.00227864583333,0.29027349539886044,3.3480396270751953,640x480,1344x1008
886,0-3m,150362,0.3616115473870533,36.16115473870533,21.372131090507803,66.66311967119351,0.28716142340225415,3.3480396270751953,640x480,1344x1008
886,0-6m,274526,0.4018521505857879,40.18521505857879,16.308870159977094,78.10189198837269,0.28716142340225415,3.3480396270751953,640x480,1344x1008
886,0-10m,307200,0.3854885423973125,38.54885423973125,14.960211200697419,80.37109375,0.28716142340225415,3.3480396270751953,640x480,1344x1008
887,0-3m,113112,0.1944847152673066,19.44847152673066,8.398239639100519,95.01821203762643,0.2915216552920999,3.3480396270751953,640x480,1344x1008
887,0-6m,307200,0.3032813858919932,30.328138589199323,9.094799127684938,94.3671875,0.2915216552920999,3.3480396270751953,640x480,1344x1008
887,0-10m,307200,0.3032813858919932,30.328138589199323,9.094799127684938,94.3671875,0.2915216552920999,3.3480396270751953,640x480,1344x1008
888,0-3m,88201,0.3479852404470456,34.79852404470456,15.008530708726688,91.40485935533611,0.2925227356718137,3.3480396270751953,640x480,1344x1008
888,0-6m,307200,0.24584547776534843,24.584547776534844,8.160502927008269,96.23893229166667,0.2925227356718137,3.3480396270751953,640x480,1344x1008
888,0-10m,307200,0.24584547776534843,24.584547776534844,8.160502927008269,96.23893229166667,0.2925227356718137,3.3480396270751953,640x480,1344x1008
889,0-3m,156942,0.31111166597474543,31.111166597474543,14.872947632878475,84.3802168954136,0.2902570237545168,3.3480396270751953,640x480,1344x1008
889,0-6m,286287,0.3680691685947383,36.80691685947383,12.772045973186009,87.31727252721919,0.2902570237545168,3.3480396270751953,640x480,1344x1008
889,0-10m,307200,0.3840611304074992,38.406113040749915,12.507277113143967,87.50748697916667,0.2902570237545168,3.3480396270751953,640x480,1344x1008
890,0-3m,180577,0.19266620410010402,19.2666204100104,10.345716162830797,91.13120718585424,0.28918014277438664,3.3480396270751953,640x480,1344x1008
890,0-6m,299506,0.47871612546319803,47.8716125463198,15.25668343906596,88.03195929296909,0.28918014277438664,3.3480396270751953,640x480,1344x1008
890,0-10m,307200,0.652693957767721,65.2693957767721,16.909829466168453,85.8271484375,0.28918014277438664,3.3480396270751953,640x480,1344x1008
891,0-3m,302367,0.20580976144507215,20.580976144507215,9.691120766313656,98.87454649482251,0.2877223989846419,3.3480396270751953,640x480,1344x1008
891,0-6m,307200,0.20846730320927842,20.846730320927843,9.730988053995409,98.87858072916667,0.2877223989846419,3.3480396270751953,640x480,1344x1008
891,0-10m,307200,0.20846730320927842,20.846730320927843,9.730988053995409,98.87858072916667,0.2877223989846419,3.3480396270751953,640x480,1344x1008
892,0-3m,189970,0.1795627219762188,17.95627219762188,11.761359739633962,93.55371900826445,0.2847866542145196,3.3480396270751953,640x480,1344x1008
892,0-6m,307200,0.23714877957905023,23.714877957905024,10.737723633759655,94.84635416666667,0.2847866542145196,3.3480396270751953,640x480,1344x1008
892,0-10m,307200,0.23714877957905023,23.714877957905024,10.737723633759655,94.84635416666667,0.2847866542145196,3.3480396270751953,640x480,1344x1008
893,0-3m,167308,0.2995005216428391,29.950052164283907,15.408796591319248,77.59401821789753,0.2855665335903062,3.3480396270751953,640x480,1344x1008
893,0-6m,255255,0.5134462543461937,51.344625434619374,17.336861941302185,76.43885526238468,0.2855665335903062,3.3480396270751953,640x480,1344x1008
893,0-10m,307200,0.5828087738282435,58.28087738282435,16.569976002204214,78.16048177083333,0.2855665335903062,3.3480396270751953,640x480,1344x1008
894,0-3m,207147,0.39096154619837875,39.096154619837876,21.402920150086256,84.48203449724109,0.28045270451269066,3.3480396270751953,640x480,1344x1008
894,0-6m,307200,0.4572602493824282,45.72602493824282,20.2222111040197,89.1337890625,0.28045270451269066,3.3480396270751953,640x480,1344x1008
894,0-10m,307200,0.4572602493824282,45.72602493824282,20.2222111040197,89.1337890625,0.28045270451269066,3.3480396270751953,640x480,1344x1008
895,0-3m,220075,0.2935395246460453,29.353952464604532,16.104625702949185,95.22072020901965,0.2820228483633488,3.3480396270751953,640x480,1344x1008
895,0-6m,293228,0.4439746404189483,44.39746404189483,16.890662129219116,92.19753911631904,0.2820228483633488,3.3480396270751953,640x480,1344x1008
895,0-10m,307200,0.47691464761194463,47.69146476119446,16.97617019511323,92.54654947916666,0.2820228483633488,3.3480396270751953,640x480,1344x1008
896,0-3m,302024,0.1783453163296435,17.83453163296435,9.129918698661129,97.82666278176568,0.275323725635616,3.3480396270751953,640x480,1344x1008
896,0-6m,307200,0.18313518811288912,18.313518811288912,9.228304529035448,97.693359375,0.275323725635616,3.3480396270751953,640x480,1344x1008
896,0-10m,307200,0.18313518811288912,18.313518811288912,9.228304529035448,97.693359375,0.275323725635616,3.3480396270751953,640x480,1344x1008
897,0-3m,187142,0.27267631591133945,27.267631591133945,15.264554771728248,98.82549080377467,0.2750711691637342,3.3480396270751953,640x480,1344x1008
897,0-6m,307200,0.40133177367582296,40.1331773675823,15.080346038679583,98.4677734375,0.2750711691637342,3.3480396270751953,640x480,1344x1008
897,0-10m,307200,0.40133177367582296,40.1331773675823,15.080346038679583,98.4677734375,0.2750711691637342,3.3480396270751953,640x480,1344x1008
898,0-3m,198167,0.36100149452615626,36.100149452615625,17.00839524367546,95.50530613068776,0.2790061021411132,3.3480396270751953,640x480,1344x1008
898,0-6m,307200,0.4215310953716592,42.153109537165925,16.812907422157725,96.83333333333334,0.2790061021411132,3.3480396270751953,640x480,1344x1008
898,0-10m,307200,0.4215310953716592,42.153109537165925,16.812907422157725,96.83333333333334,0.2790061021411132,3.3480396270751953,640x480,1344x1008
899,0-3m,151993,0.2671311523848879,26.71311523848879,12.452655459040333,89.55149250294421,0.2844536764197706,3.3480396270751953,640x480,1344x1008
899,0-6m,307200,0.3001543831390639,30.01543831390639,10.644616758972283,89.80240885416667,0.2844536764197706,3.3480396270751953,640x480,1344x1008
899,0-10m,307200,0.3001543831390639,30.01543831390639,10.644616758972283,89.80240885416667,0.2844536764197706,3.3480396270751953,640x480,1344x1008
900,0-3m,95060,0.41159574391903087,41.159574391903085,19.85904175767559,88.12223858615612,0.2815172179024512,3.3480396270751953,640x480,1344x1008
900,0-6m,245577,0.6653654904187136,66.53654904187137,19.40321815105597,84.87969150205434,0.2815172179024512,3.3480396270751953,640x480,1344x1008
900,0-10m,307200,0.8122504348076958,81.22504348076957,19.683143272807907,84.69759114583333,0.2815172179024512,3.3480396270751953,640x480,1344x1008
901,0-3m,119101,0.3188361558420456,31.883615584204563,15.123912727639107,92.83633218864661,0.28334614341174896,3.3480396270751953,640x480,1344x1008
901,0-6m,307200,0.5931246090591109,59.31246090591109,16.08841975052007,93.83821614583333,0.28334614341174896,3.3480396270751953,640x480,1344x1008
901,0-10m,307200,0.5931246090591109,59.31246090591109,16.08841975052007,93.83821614583333,0.28334614341174896,3.3480396270751953,640x480,1344x1008
902,0-3m,103162,0.2717035264889,27.17035264889,15.16393899980745,92.5011147515558,0.2873165351028882,3.3480396270751953,640x480,1344x1008
902,0-6m,307200,0.6294973505726861,62.949735057268605,18.48689246754567,91.09635416666667,0.2873165351028882,3.3480396270751953,640x480,1344x1008
902,0-10m,307200,0.6294973505726861,62.949735057268605,18.48689246754567,91.09635416666667,0.2873165351028882,3.3480396270751953,640x480,1344x1008
903,0-3m,297767,0.3602800808296152,36.02800808296152,15.66004388617966,96.69036528560922,0.2884096801824638,3.3480396270751953,640x480,1344x1008
903,0-6m,307200,0.35753683868950853,35.75368386895085,15.44153027307559,96.78776041666667,0.2884096801824638,3.3480396270751953,640x480,1344x1008
903,0-10m,307200,0.35753683868950853,35.75368386895085,15.44153027307559,96.78776041666667,0.2884096801824638,3.3480396270751953,640x480,1344x1008
904,0-3m,307200,0.18808291923487558,18.80829192348756,10.309220957462601,94.87337239583333,0.278459283669531,3.3480396270751953,640x480,1344x1008
904,0-6m,307200,0.18808291923487558,18.80829192348756,10.309220957462601,94.87337239583333,0.278459283669531,3.3480396270751953,640x480,1344x1008
904,0-10m,307200,0.18808291923487558,18.80829192348756,10.309220957462601,94.87337239583333,0.278459283669531,3.3480396270751953,640x480,1344x1008
905,0-3m,121857,0.3777797986867338,37.77797986867338,20.684477999274677,70.44322443519863,0.2666266300112317,3.3480396270751953,640x480,1344x1008
905,0-6m,275559,0.6096299275952666,60.96299275952666,19.886968225284157,82.66070061221009,0.2666266300112317,3.3480396270751953,640x480,1344x1008
905,0-10m,307200,0.692163097524899,69.2163097524899,19.927553542275415,83.48111979166667,0.2666266300112317,3.3480396270751953,640x480,1344x1008
906,0-3m,216160,0.24638269108635333,24.63826910863533,14.236672780155438,95.13878608438195,0.2859372759392545,3.3480396270751953,640x480,1344x1008
906,0-6m,307200,0.29215003209227386,29.215003209227387,13.263036720090888,95.046875,0.2859372759392545,3.3480396270751953,640x480,1344x1008
906,0-10m,307200,0.29215003209227386,29.215003209227387,13.263036720090888,95.046875,0.2859372759392545,3.3480396270751953,640x480,1344x1008
907,0-3m,188162,0.31814196555477703,31.814196555477704,16.13624609563598,97.85982291854891,0.2871781063673302,3.3480396270751953,640x480,1344x1008
907,0-6m,299470,0.5129330877237186,51.29330877237186,17.54535352924981,93.13620729956256,0.2871781063673302,3.3480396270751953,640x480,1344x1008
907,0-10m,307200,0.5102202450932236,51.022024509322364,17.25039121229883,93.27115885416667,0.2871781063673302,3.3480396270751953,640x480,1344x1008
908,0-3m,131769,0.20192711423089316,20.192711423089314,7.77879395616056,99.95218905812445,0.2919923549407074,3.3480396270751953,640x480,1344x1008
908,0-6m,307200,0.1806104353768751,18.06104353768751,5.793216672596882,99.92838541666667,0.2919923549407074,3.3480396270751953,640x480,1344x1008
908,0-10m,307200,0.1806104353768751,18.06104353768751,5.793216672596882,99.92838541666667,0.2919923549407074,3.3480396270751953,640x480,1344x1008
909,0-3m,210182,0.09393831136114558,9.393831136114558,4.188302255143585,99.93481839548582,0.2894720631677097,3.3480396270751953,640x480,1344x1008
909,0-6m,307200,0.1118324141499276,11.18324141499276,4.197346443283253,99.923828125,0.2894720631677097,3.3480396270751953,640x480,1344x1008
909,0-10m,307200,0.1118324141499276,11.18324141499276,4.197346443283253,99.923828125,0.2894720631677097,3.3480396270751953,640x480,1344x1008
910,0-3m,195959,0.10974766184278821,10.97476618427882,4.542837331808664,98.12460769854918,0.2897780670939981,3.3480396270751953,640x480,1344x1008
910,0-6m,307200,0.16851289633273459,16.85128963327346,5.6191309940427425,97.6826171875,0.2897780670939981,3.3480396270751953,640x480,1344x1008
910,0-10m,307200,0.16851289633273459,16.85128963327346,5.6191309940427425,97.6826171875,0.2897780670939981,3.3480396270751953,640x480,1344x1008
911,0-3m,220435,0.07458542605409235,7.458542605409235,3.3299023756039534,99.94919137160613,0.2898032858748947,3.3480396270751953,640x480,1344x1008
911,0-6m,305936,0.13090979043626366,13.090979043626366,4.259625966843904,99.12399979080591,0.2898032858748947,3.3480396270751953,640x480,1344x1008
911,0-10m,307200,0.13540535826895697,13.540535826895697,4.321089806314329,98.94921875,0.2898032858748947,3.3480396270751953,640x480,1344x1008
912,0-3m,116952,0.22207677596749992,22.207677596749992,10.666620469104569,82.90238730419317,0.2910287365260341,3.3480396270751953,640x480,1344x1008
912,0-6m,307200,0.16135447365852693,16.13544736585269,6.124539005151494,91.83626302083333,0.2910287365260341,3.3480396270751953,640x480,1344x1008
912,0-10m,307200,0.16135447365852693,16.13544736585269,6.124539005151494,91.83626302083333,0.2910287365260341,3.3480396270751953,640x480,1344x1008
913,0-3m,118125,0.12538182342468746,12.538182342468746,5.214628624039069,99.99746031746032,0.2914817858425339,3.3480396270751953,640x480,1344x1008
913,0-6m,307200,0.1781007037742529,17.81007037742529,5.419632809304773,99.82096354166666,0.2914817858425339,3.3480396270751953,640x480,1344x1008
913,0-10m,307200,0.1781007037742529,17.81007037742529,5.419632809304773,99.82096354166666,0.2914817858425339,3.3480396270751953,640x480,1344x1008
914,0-3m,182235,0.19583126479458748,19.58312647945875,9.071792982568244,98.27420638186956,0.2915006825348254,3.3480396270751953,640x480,1344x1008
914,0-6m,301769,0.18237743178027002,18.237743178027003,7.292018298110993,97.92689109882062,0.2915006825348254,3.3480396270751953,640x480,1344x1008
914,0-10m,307200,0.2223120056888244,22.23120056888244,7.753287737697347,96.19563802083333,0.2915006825348254,3.3480396270751953,640x480,1344x1008
915,0-3m,254660,0.15857892698534978,15.857892698534979,8.380641020712256,99.10154716092045,0.2926375722883733,3.3480396270751953,640x480,1344x1008
915,0-6m,307200,0.15294886459751675,15.294886459751675,7.5855957823357825,99.18489583333333,0.2926375722883733,3.3480396270751953,640x480,1344x1008
915,0-10m,307200,0.15294886459751675,15.294886459751675,7.5855957823357825,99.18489583333333,0.2926375722883733,3.3480396270751953,640x480,1344x1008
916,0-3m,128473,0.14377777567520195,14.377777567520194,5.597516305411107,98.5631222124493,0.29092022839192344,3.3480396270751953,640x480,1344x1008
916,0-6m,287995,0.14440491530097965,14.440491530097965,4.47941331954503,97.44613621764266,0.29092022839192344,3.3480396270751953,640x480,1344x1008
916,0-10m,307200,0.1430365278144988,14.30365278144988,4.319121483506903,97.5966796875,0.29092022839192344,3.3480396270751953,640x480,1344x1008
917,0-3m,121469,0.1821441309119697,18.21441309119697,9.600440276496395,95.24734705974363,0.2924184379185896,3.3480396270751953,640x480,1344x1008
917,0-6m,307200,0.16943485638592393,16.943485638592392,6.233953664106702,97.3291015625,0.2924184379185896,3.3480396270751953,640x480,1344x1008
917,0-10m,307200,0.16943485638592393,16.943485638592392,6.233953664106702,97.3291015625,0.2924184379185896,3.3480396270751953,640x480,1344x1008
918,0-3m,167675,0.1518823967161985,15.188239671619849,8.898594888077351,96.66378410615775,0.29154420352448374,3.3480396270751953,640x480,1344x1008
918,0-6m,293784,0.1929593640429695,19.295936404296953,7.5728032312032205,96.25949677313945,0.29154420352448374,3.3480396270751953,640x480,1344x1008
918,0-10m,307200,0.19276370660557102,19.276370660557102,7.374882060830407,96.42220052083333,0.29154420352448374,3.3480396270751953,640x480,1344x1008
919,0-3m,126700,0.15201845303801165,15.201845303801164,6.59274544139533,98.97711128650354,0.29059365202754306,3.3480396270751953,640x480,1344x1008
919,0-6m,307200,0.19230548305359357,19.230548305359356,5.802668028425284,99.17578125,0.29059365202754306,3.3480396270751953,640x480,1344x1008
919,0-10m,307200,0.19230548305359357,19.230548305359356,5.802668028425284,99.17578125,0.29059365202754306,3.3480396270751953,640x480,1344x1008
920,0-3m,107126,0.19606386567729814,19.606386567729814,7.971035552478116,99.97946343558053,0.29008100773123546,3.3480396270751953,640x480,1344x1008
920,0-6m,307200,0.3176682143864067,31.76682143864067,8.952542299241664,99.34342447916666,0.29008100773123546,3.3480396270751953,640x480,1344x1008
920,0-10m,307200,0.3176682143864067,31.76682143864067,8.952542299241664,99.34342447916666,0.29008100773123546,3.3480396270751953,640x480,1344x1008
921,0-3m,173371,0.37594526462157335,37.59452646215733,18.640907847535928,76.82945821388813,0.29230449089985083,3.3480396270751953,640x480,1344x1008
921,0-6m,305096,0.36623185785235224,36.62318578523522,15.404997661525801,86.34429818811128,0.29230449089985083,3.3480396270751953,640x480,1344x1008
921,0-10m,307200,0.37845117722133487,37.84511772213349,15.49608728336532,85.9111328125,0.29230449089985083,3.3480396270751953,640x480,1344x1008
922,0-3m,114999,0.40123729875182507,40.123729875182505,19.962772323029508,70.67452760458787,0.2914772234742136,3.3480396270751953,640x480,1344x1008
922,0-6m,291168,0.3659195280709097,36.59195280709097,13.52437767216896,86.27390372568414,0.2914772234742136,3.3480396270751953,640x480,1344x1008
922,0-10m,307200,0.546371695829827,54.6371695829827,15.423798285326363,81.77604166666667,0.2914772234742136,3.3480396270751953,640x480,1344x1008
923,0-3m,164622,0.061211499058349134,6.121149905834914,2.6646921223681015,98.98859204723549,0.29123252633917407,3.3480396270751953,640x480,1344x1008
923,0-6m,307200,0.1903194276872091,19.03194276872091,5.439834286050625,97.54166666666667,0.29123252633917407,3.3480396270751953,640x480,1344x1008
923,0-10m,307200,0.1903194276872091,19.03194276872091,5.439834286050625,97.54166666666667,0.29123252633917407,3.3480396270751953,640x480,1344x1008
924,0-3m,157136,0.2017367819627401,20.17367819627401,7.910426337403095,99.21978413603503,0.2885571008055404,3.3480396270751953,640x480,1344x1008
924,0-6m,297978,0.21984723031967712,21.98472303196771,7.285428962073349,97.50250018457739,0.2885571008055404,3.3480396270751953,640x480,1344x1008
924,0-10m,307200,0.2282942688760037,22.82942688760037,7.294559786321196,97.45182291666666,0.2885571008055404,3.3480396270751953,640x480,1344x1008
925,0-3m,172462,0.11600917286566846,11.600917286566846,7.712502920680469,96.75232804907748,0.29239742142858227,3.3480396270751953,640x480,1344x1008
925,0-6m,307200,0.16228751087658264,16.228751087658264,6.903345344943166,97.18815104166667,0.29239742142858227,3.3480396270751953,640x480,1344x1008
925,0-10m,307200,0.16228751087658264,16.228751087658264,6.903345344943166,97.18815104166667,0.29239742142858227,3.3480396270751953,640x480,1344x1008
926,0-3m,224823,0.15232193962908777,15.232193962908777,6.600825894885521,98.09761456790453,0.2902751215985911,3.3480396270751953,640x480,1344x1008
926,0-6m,307200,0.3502456697732365,35.02456697732365,10.980117714221588,88.84342447916667,0.2902751215985911,3.3480396270751953,640x480,1344x1008
926,0-10m,307200,0.3502456697732365,35.02456697732365,10.980117714221588,88.84342447916667,0.2902751215985911,3.3480396270751953,640x480,1344x1008
927,0-3m,307200,0.10758484817963715,10.758484817963716,7.117208937889119,99.14029947916667,0.2887459865765121,3.3480396270751953,640x480,1344x1008
927,0-6m,307200,0.10758484817963715,10.758484817963716,7.117208937889119,99.14029947916667,0.2887459865765121,3.3480396270751953,640x480,1344x1008
927,0-10m,307200,0.10758484817963715,10.758484817963716,7.117208937889119,99.14029947916667,0.2887459865765121,3.3480396270751953,640x480,1344x1008
928,0-3m,158496,0.2442123502994574,24.42123502994574,17.186571102644894,80.02220876236625,0.2890575918932331,3.3480396270751953,640x480,1344x1008
928,0-6m,307200,0.18234298302462168,18.234298302462168,10.4936763221004,88.5908203125,0.2890575918932331,3.3480396270751953,640x480,1344x1008
928,0-10m,307200,0.18234298302462168,18.234298302462168,10.4936763221004,88.5908203125,0.2890575918932331,3.3480396270751953,640x480,1344x1008
929,0-3m,292106,0.10817924637912453,10.817924637912453,5.714722670330261,99.80383833266006,0.28281981880316753,3.3480396270751953,640x480,1344x1008
929,0-6m,307200,0.11233906542998738,11.233906542998739,5.736873070631958,99.73795572916667,0.28281981880316753,3.3480396270751953,640x480,1344x1008
929,0-10m,307200,0.11233906542998738,11.233906542998739,5.736873070631958,99.73795572916667,0.28281981880316753,3.3480396270751953,640x480,1344x1008
930,0-3m,165803,0.1745982243110362,17.459822431103618,8.775157184518086,97.41138580122193,0.28686697459282057,3.3480396270751953,640x480,1344x1008
930,0-6m,307200,0.1474809300410561,14.74809300410561,6.239513721190367,97.86295572916667,0.28686697459282057,3.3480396270751953,640x480,1344x1008
930,0-10m,307200,0.1474809300410561,14.74809300410561,6.239513721190367,97.86295572916667,0.28686697459282057,3.3480396270751953,640x480,1344x1008
931,0-3m,176432,0.1811250707703347,18.11250707703347,8.858010121305853,93.63040718237055,0.28019973870272175,3.3480396270751953,640x480,1344x1008
931,0-6m,307200,0.1503355047518077,15.033550475180771,6.425112658468734,96.24641927083334,0.28019973870272175,3.3480396270751953,640x480,1344x1008
931,0-10m,307200,0.1503355047518077,15.033550475180771,6.425112658468734,96.24641927083334,0.28019973870272175,3.3480396270751953,640x480,1344x1008
932,0-3m,194251,0.14142647240414255,14.142647240414256,5.590586093495654,99.94079824556887,0.2779754182990047,3.3480396270751953,640x480,1344x1008
932,0-6m,307200,0.16182018871574352,16.182018871574353,5.621531724129953,99.79524739583333,0.2779754182990047,3.3480396270751953,640x480,1344x1008
932,0-10m,307200,0.16182018871574352,16.182018871574353,5.621531724129953,99.79524739583333,0.2779754182990047,3.3480396270751953,640x480,1344x1008
933,0-3m,282004,0.24001867329662072,24.001867329662073,11.710076414396195,96.1121118849378,0.2791338020329914,3.3480396270751953,640x480,1344x1008
933,0-6m,307200,0.2399937699046374,23.999376990463738,11.387938738727847,96.4306640625,0.2791338020329914,3.3480396270751953,640x480,1344x1008
933,0-10m,307200,0.2399937699046374,23.999376990463738,11.387938738727847,96.4306640625,0.2791338020329914,3.3480396270751953,640x480,1344x1008
934,0-3m,294851,0.1396685792091234,13.96685792091234,6.686346755366729,97.92301874506106,0.2779125653733532,3.3480396270751953,640x480,1344x1008
934,0-6m,307200,0.13910280903529687,13.910280903529687,6.581126381252064,98.00651041666667,0.2779125653733532,3.3480396270751953,640x480,1344x1008
934,0-10m,307200,0.13910280903529687,13.910280903529687,6.581126381252064,98.00651041666667,0.2779125653733532,3.3480396270751953,640x480,1344x1008
935,0-3m,200299,0.09241486823749435,9.241486823749435,5.2783507388988955,99.24462927922755,0.2870651157266336,3.3480396270751953,640x480,1344x1008
935,0-6m,307200,0.09474215721478686,9.474215721478686,4.4572357683537005,99.22688802083334,0.2870651157266336,3.3480396270751953,640x480,1344x1008
935,0-10m,307200,0.09474215721478686,9.474215721478686,4.4572357683537005,99.22688802083334,0.2870651157266336,3.3480396270751953,640x480,1344x1008
936,0-3m,150946,0.1009629620119319,10.09629620119319,4.292133524859829,100.0,0.2812278260659989,3.3480396270751953,640x480,1344x1008
936,0-6m,307200,0.12966836793115363,12.966836793115363,4.395940748975638,99.7724609375,0.2812278260659989,3.3480396270751953,640x480,1344x1008
936,0-10m,307200,0.12966836793115363,12.966836793115363,4.395940748975638,99.7724609375,0.2812278260659989,3.3480396270751953,640x480,1344x1008
937,0-3m,263087,0.13001790631965476,13.001790631965477,6.754832845838245,98.71943501579325,0.29096307672951155,3.3480396270751953,640x480,1344x1008
937,0-6m,307200,0.1451829717560516,14.518297175605161,6.839691314185941,98.90299479166667,0.29096307672951155,3.3480396270751953,640x480,1344x1008
937,0-10m,307200,0.1451829717560516,14.518297175605161,6.839691314185941,98.90299479166667,0.29096307672951155,3.3480396270751953,640x480,1344x1008
938,0-3m,189150,0.26143128332970733,26.143128332970733,15.44489891453756,88.82685699180544,0.2899141056993041,3.3480396270751953,640x480,1344x1008
938,0-6m,307200,0.27869238661854373,27.86923866185437,12.99091938061023,92.84342447916667,0.2899141056993041,3.3480396270751953,640x480,1344x1008
938,0-10m,307200,0.27869238661854373,27.86923866185437,12.99091938061023,92.84342447916667,0.2899141056993041,3.3480396270751953,640x480,1344x1008
939,0-3m,307052,0.2736981385988825,27.369813859888247,15.170088714024017,92.10687440563812,0.2894374435963558,3.3480396270751953,640x480,1344x1008
939,0-6m,307200,0.27370131978784534,27.370131978784535,15.167264002949427,92.11067708333334,0.2894374435963558,3.3480396270751953,640x480,1344x1008
939,0-10m,307200,0.27370131978784534,27.370131978784535,15.167264002949427,92.11067708333334,0.2894374435963558,3.3480396270751953,640x480,1344x1008
940,0-3m,237368,0.2403906013744151,24.03906013744151,12.08462173586698,93.99624212193724,0.2898127010059465,3.3480396270751953,640x480,1344x1008
940,0-6m,307200,0.24146295519002403,24.146295519002404,10.852259783843328,94.1533203125,0.2898127010059465,3.3480396270751953,640x480,1344x1008
940,0-10m,307200,0.24146295519002403,24.146295519002404,10.852259783843328,94.1533203125,0.2898127010059465,3.3480396270751953,640x480,1344x1008
941,0-3m,212864,0.4197087097135711,41.97087097135711,21.87757054275919,72.68725571256765,0.2913946242867513,3.3480396270751953,640x480,1344x1008
941,0-6m,305385,0.379935901771663,37.9935901771663,17.452335020678237,78.42362918938389,0.2913946242867513,3.3480396270751953,640x480,1344x1008
941,0-10m,307200,0.3857715220803705,38.57715220803705,17.466082392302727,78.23763020833333,0.2913946242867513,3.3480396270751953,640x480,1344x1008
942,0-3m,170420,0.1187847199979739,11.878471999797389,5.570748408623291,98.60579744161483,0.2917813197059183,3.3480396270751953,640x480,1344x1008
942,0-6m,307200,0.1214863311604131,12.14863311604131,4.81104359759046,99.2265625,0.2917813197059183,3.3480396270751953,640x480,1344x1008
942,0-10m,307200,0.1214863311604131,12.14863311604131,4.81104359759046,99.2265625,0.2917813197059183,3.3480396270751953,640x480,1344x1008
943,0-3m,157684,0.1269966870593969,12.69966870593969,6.112310432251502,95.58991400522564,0.29084879742595005,3.3480396270751953,640x480,1344x1008
943,0-6m,307200,0.11123550101260965,11.123550101260966,4.557454124396581,97.19791666666666,0.29084879742595005,3.3480396270751953,640x480,1344x1008
943,0-10m,307200,0.11123550101260965,11.123550101260966,4.557454124396581,97.19791666666666,0.29084879742595005,3.3480396270751953,640x480,1344x1008
944,0-3m,209984,0.19120399755360748,19.120399755360747,9.046674314307717,99.57520572996039,0.29041969043041366,3.3480396270751953,640x480,1344x1008
944,0-6m,307200,0.17530622503370977,17.530622503370978,7.40896557193949,99.06119791666667,0.29041969043041366,3.3480396270751953,640x480,1344x1008
944,0-10m,307200,0.17530622503370977,17.530622503370978,7.40896557193949,99.06119791666667,0.29041969043041366,3.3480396270751953,640x480,1344x1008
945,0-3m,246713,0.17801136096487036,17.801136096487035,9.328024817710972,98.29721173995696,0.2824334260631159,3.3480396270751953,640x480,1344x1008
945,0-6m,307200,0.16496019649164131,16.496019649164133,8.160467844103373,98.55598958333334,0.2824334260631159,3.3480396270751953,640x480,1344x1008
945,0-10m,307200,0.16496019649164131,16.496019649164133,8.160467844103373,98.55598958333334,0.2824334260631159,3.3480396270751953,640x480,1344x1008
946,0-3m,148145,0.10534660142595163,10.534660142595163,4.774996091384686,99.53221505957002,0.2874557253493108,3.3480396270751953,640x480,1344x1008
946,0-6m,307200,0.1839266091468744,18.39266091468744,5.676959223948885,96.5634765625,0.2874557253493108,3.3480396270751953,640x480,1344x1008
946,0-10m,307200,0.1839266091468744,18.39266091468744,5.676959223948885,96.5634765625,0.2874557253493108,3.3480396270751953,640x480,1344x1008
947,0-3m,155833,0.33706048978951425,33.70604897895142,14.85055632116776,96.46929726052889,0.29109474796524776,3.3480396270751953,640x480,1344x1008
947,0-6m,307200,0.3278682732283293,32.78682732283293,11.584617704741232,97.55240885416666,0.29109474796524776,3.3480396270751953,640x480,1344x1008
947,0-10m,307200,0.3278682732283293,32.78682732283293,11.584617704741232,97.55240885416666,0.29109474796524776,3.3480396270751953,640x480,1344x1008
948,0-3m,137316,0.1266384351721957,12.66384351721957,5.604345991923099,98.98336683270705,0.28862526947278955,3.3480396270751953,640x480,1344x1008
948,0-6m,307200,0.16754461247706787,16.754461247706786,5.259581336133953,98.81217447916667,0.28862526947278955,3.3480396270751953,640x480,1344x1008
948,0-10m,307200,0.16754461247706787,16.754461247706786,5.259581336133953,98.81217447916667,0.28862526947278955,3.3480396270751953,640x480,1344x1008
949,0-3m,148537,0.11431464115305633,11.431464115305632,7.466771455354758,90.38758019887301,0.28492893202854563,3.3480396270751953,640x480,1344x1008
949,0-6m,307200,0.13771786581278622,13.771786581278622,5.755450730667938,94.01985677083333,0.28492893202854563,3.3480396270751953,640x480,1344x1008
949,0-10m,307200,0.13771786581278622,13.771786581278622,5.755450730667938,94.01985677083333,0.28492893202854563,3.3480396270751953,640x480,1344x1008
950,0-3m,223940,0.2162341306228089,21.623413062280893,12.181089557804038,88.04813789407876,0.29174366876064156,3.3480396270751953,640x480,1344x1008
950,0-6m,307085,0.22058367489145772,22.058367489145773,10.76400779258563,91.0324502987772,0.29174366876064156,3.3480396270751953,640x480,1344x1008
950,0-10m,307200,0.22307238215405958,22.30723821540596,10.792501073283999,90.99837239583334,0.29174366876064156,3.3480396270751953,640x480,1344x1008
951,0-3m,185121,0.240349458015453,24.034945801545298,13.592433919251265,87.61188627978458,0.28786839670259046,3.3480396270751953,640x480,1344x1008
951,0-6m,307200,0.2047452915413305,20.47452915413305,10.060878265871914,92.53483072916666,0.28786839670259046,3.3480396270751953,640x480,1344x1008
951,0-10m,307200,0.2047452915413305,20.47452915413305,10.060878265871914,92.53483072916666,0.28786839670259046,3.3480396270751953,640x480,1344x1008
952,0-3m,162280,0.2538355675697444,25.38355675697444,13.294531759910358,96.28173527236873,0.290454992517435,3.3480396270751953,640x480,1344x1008
952,0-6m,307200,0.17620550390410547,17.620550390410546,8.231420884643013,97.64908854166666,0.290454992517435,3.3480396270751953,640x480,1344x1008
952,0-10m,307200,0.17620550390410547,17.620550390410546,8.231420884643013,97.64908854166666,0.290454992517435,3.3480396270751953,640x480,1344x1008
953,0-3m,197154,0.22686531385536945,22.686531385536945,14.426891778256824,90.94717834789049,0.2906051285104112,3.3480396270751953,640x480,1344x1008
953,0-6m,307200,0.17693275862625646,17.693275862625647,10.180679493158761,93.4521484375,0.2906051285104112,3.3480396270751953,640x480,1344x1008
953,0-10m,307200,0.17693275862625646,17.693275862625647,10.180679493158761,93.4521484375,0.2906051285104112,3.3480396270751953,640x480,1344x1008
954,0-3m,192708,0.3260920064691109,32.60920064691109,15.760031180005502,94.20418456940034,0.278160998638951,3.3480396270751953,640x480,1344x1008
954,0-6m,307028,0.31137316996848996,31.137316996848995,12.888503358215702,95.8163424834217,0.278160998638951,3.3480396270751953,640x480,1344x1008
954,0-10m,307200,0.3113352739547069,31.13352739547069,12.883556000564726,95.81868489583333,0.278160998638951,3.3480396270751953,640x480,1344x1008
955,0-3m,149101,0.30795106661968863,30.795106661968862,14.119915826688912,93.63988169093433,0.28841863896263753,3.3480396270751953,640x480,1344x1008
955,0-6m,307200,0.31080639420542866,31.080639420542866,11.182577555831065,95.23372395833334,0.28841863896263753,3.3480396270751953,640x480,1344x1008
955,0-10m,307200,0.31080639420542866,31.080639420542866,11.182577555831065,95.23372395833334,0.28841863896263753,3.3480396270751953,640x480,1344x1008
956,0-3m,208415,0.30933938574900205,30.933938574900203,20.1342706762754,89.23206103207542,0.29067443736322135,3.3480396270751953,640x480,1344x1008
956,0-6m,307200,0.33415391277948703,33.4153912779487,17.117134057850667,91.33268229166667,0.29067443736322135,3.3480396270751953,640x480,1344x1008
956,0-10m,307200,0.33415391277948703,33.4153912779487,17.117134057850667,91.33268229166667,0.29067443736322135,3.3480396270751953,640x480,1344x1008
957,0-3m,220964,0.2500793460789382,25.007934607893823,11.506279961269499,97.22443474955196,0.29225837662953313,3.3480396270751953,640x480,1344x1008
957,0-6m,307200,0.29910252235791024,29.910252235791024,11.523840424346242,97.37825520833333,0.29225837662953313,3.3480396270751953,640x480,1344x1008
957,0-10m,307200,0.29910252235791024,29.910252235791024,11.523840424346242,97.37825520833333,0.29225837662953313,3.3480396270751953,640x480,1344x1008
958,0-3m,164506,0.18079944049928123,18.079944049928123,7.487868063575581,99.10945497428665,0.2925598518935397,3.3480396270751953,640x480,1344x1008
958,0-6m,307200,0.2467616953875404,24.67616953875404,7.8610485460057795,99.3388671875,0.2925598518935397,3.3480396270751953,640x480,1344x1008
958,0-10m,307200,0.2467616953875404,24.67616953875404,7.8610485460057795,99.3388671875,0.2925598518935397,3.3480396270751953,640x480,1344x1008
959,0-3m,145120,0.293999405192928,29.399940519292798,17.397509349195538,75.10887541345093,0.293366817832094,3.3480396270751953,640x480,1344x1008
959,0-6m,307200,0.33749970070435664,33.749970070435666,13.48078612633736,86.63118489583333,0.293366817832094,3.3480396270751953,640x480,1344x1008
959,0-10m,307200,0.33749970070435664,33.749970070435666,13.48078612633736,86.63118489583333,0.293366817832094,3.3480396270751953,640x480,1344x1008
960,0-3m,210867,0.4007803577738106,40.07803577738106,15.137469209403973,99.33654863017921,0.29254310264105904,3.3480396270751953,640x480,1344x1008
960,0-6m,307200,0.44687441885937007,44.687441885937005,15.591801631661603,99.298828125,0.29254310264105904,3.3480396270751953,640x480,1344x1008
960,0-10m,307200,0.44687441885937007,44.687441885937005,15.591801631661603,99.298828125,0.29254310264105904,3.3480396270751953,640x480,1344x1008
961,0-3m,224528,0.3825093230152558,38.25093230152558,15.001849251720383,99.27670490985534,0.29239018862672933,3.3480396270751953,640x480,1344x1008
961,0-6m,307200,0.42267008279217405,42.26700827921741,15.320273068893018,99.25358072916667,0.29239018862672933,3.3480396270751953,640x480,1344x1008
961,0-10m,307200,0.42267008279217405,42.26700827921741,15.320273068893018,99.25358072916667,0.29239018862672933,3.3480396270751953,640x480,1344x1008
962,0-3m,260214,0.08324166888268276,8.324166888268277,4.086960787154565,99.89047476307962,0.29190146247436094,3.3480396270751953,640x480,1344x1008
962,0-6m,307200,0.08304777135218804,8.304777135218803,3.8462801805300177,99.880859375,0.29190146247436094,3.3480396270751953,640x480,1344x1008
962,0-10m,307200,0.08304777135218804,8.304777135218803,3.8462801805300177,99.880859375,0.29190146247436094,3.3480396270751953,640x480,1344x1008
963,0-3m,290667,0.1543728575805748,15.437285758057481,6.826866222159538,94.25493778103466,0.2908761150773265,3.3480396270751953,640x480,1344x1008
963,0-6m,307200,0.28589177325833587,28.589177325833585,9.461445042177203,90.11653645833333,0.2908761150773265,3.3480396270751953,640x480,1344x1008
963,0-10m,307200,0.28589177325833587,28.589177325833585,9.461445042177203,90.11653645833333,0.2908761150773265,3.3480396270751953,640x480,1344x1008
964,0-3m,163972,0.2426027190191487,24.26027190191487,10.52514370968583,94.81801771034078,0.28774071201022133,3.3480396270751953,640x480,1344x1008
964,0-6m,307200,0.24281956840112495,24.281956840112496,8.857252377205906,96.962890625,0.28774071201022133,3.3480396270751953,640x480,1344x1008
964,0-10m,307200,0.24281956840112495,24.281956840112496,8.857252377205906,96.962890625,0.28774071201022133,3.3480396270751953,640x480,1344x1008
965,0-3m,295073,0.10851700335984149,10.851700335984148,5.104610940807676,97.43317755267341,0.2909228097719099,3.3480396270751953,640x480,1344x1008
965,0-6m,307200,0.10588357848406303,10.588357848406304,4.95683003590266,97.53450520833333,0.2909228097719099,3.3480396270751953,640x480,1344x1008
965,0-10m,307200,0.10588357848406303,10.588357848406304,4.95683003590266,97.53450520833333,0.2909228097719099,3.3480396270751953,640x480,1344x1008
966,0-3m,286959,0.17542990231055433,17.542990231055434,11.16398424673461,91.51864900560707,0.2890151441922152,3.3480396270751953,640x480,1344x1008
966,0-6m,307200,0.16885074681641224,16.885074681641225,10.589957072991336,92.07356770833334,0.2890151441922152,3.3480396270751953,640x480,1344x1008
966,0-10m,307200,0.16885074681641224,16.885074681641225,10.589957072991336,92.07356770833334,0.2890151441922152,3.3480396270751953,640x480,1344x1008
967,0-3m,212028,0.14763403067481848,14.763403067481848,6.044992136815833,99.7302243099968,0.2916722327454009,3.3480396270751953,640x480,1344x1008
967,0-6m,307200,0.2517984302691184,25.17984302691184,8.035231723075174,98.66015625,0.2916722327454009,3.3480396270751953,640x480,1344x1008
967,0-10m,307200,0.2517984302691184,25.17984302691184,8.035231723075174,98.66015625,0.2916722327454009,3.3480396270751953,640x480,1344x1008
968,0-3m,106180,0.2694213744160998,26.94213744160998,10.027160864053645,99.08268977208515,0.29293052885754306,3.3480396270751953,640x480,1344x1008
968,0-6m,307200,0.33951562381349504,33.951562381349504,9.117154430478298,97.287109375,0.29293052885754306,3.3480396270751953,640x480,1344x1008
968,0-10m,307200,0.33951562381349504,33.951562381349504,9.117154430478298,97.287109375,0.29293052885754306,3.3480396270751953,640x480,1344x1008
969,0-3m,95455,0.2589361835329075,25.893618353290748,9.643751018582886,99.99057147346917,0.2918684572217242,3.3480396270751953,640x480,1344x1008
969,0-6m,307200,0.3414698198817981,34.14698198817981,9.748990440190623,99.91959635416666,0.2918684572217242,3.3480396270751953,640x480,1344x1008
969,0-10m,307200,0.3414698198817981,34.14698198817981,9.748990440190623,99.91959635416666,0.2918684572217242,3.3480396270751953,640x480,1344x1008
970,0-3m,70501,0.20802704713132908,20.802704713132908,9.964680092001977,93.0369781988908,0.29271250649894814,3.3480396270751953,640x480,1344x1008
970,0-6m,307200,0.14454974474618212,14.454974474618213,4.975133987594386,96.33203125,0.29271250649894814,3.3480396270751953,640x480,1344x1008
970,0-10m,307200,0.14454974474618212,14.454974474618213,4.975133987594386,96.33203125,0.29271250649894814,3.3480396270751953,640x480,1344x1008
971,0-3m,150181,0.18545603124501675,18.545603124501675,8.210538120656732,98.45719498471844,0.29263357310631793,3.3480396270751953,640x480,1344x1008
971,0-6m,307200,0.23421317346355258,23.42131734635526,7.604312198407208,99.09440104166667,0.29263357310631793,3.3480396270751953,640x480,1344x1008
971,0-10m,307200,0.23421317346355258,23.42131734635526,7.604312198407208,99.09440104166667,0.29263357310631793,3.3480396270751953,640x480,1344x1008
972,0-3m,193269,0.24675238524024634,24.675238524024635,11.075586687973773,95.99884099364098,0.29267005791107964,3.3480396270751953,640x480,1344x1008
972,0-6m,307200,0.30297304575835976,30.297304575835977,11.61546746263522,96.96549479166666,0.29267005791107964,3.3480396270751953,640x480,1344x1008
972,0-10m,307200,0.30297304575835976,30.297304575835977,11.61546746263522,96.96549479166666,0.29267005791107964,3.3480396270751953,640x480,1344x1008
973,0-3m,209428,0.12232479187605577,12.232479187605577,7.36895272977765,98.31541150180492,0.2930294219699421,3.3480396270751953,640x480,1344x1008
973,0-6m,307200,0.11356634909170679,11.35663490917068,5.921325235538512,98.83333333333333,0.2930294219699421,3.3480396270751953,640x480,1344x1008
973,0-10m,307200,0.11356634909170679,11.35663490917068,5.921325235538512,98.83333333333333,0.2930294219699421,3.3480396270751953,640x480,1344x1008
974,0-3m,119624,0.28504233291768905,28.504233291768905,11.687294392144477,86.54952183508327,0.28808525203246454,3.3480396270751953,640x480,1344x1008
974,0-6m,307200,0.31263463981992873,31.263463981992874,10.737413938692097,93.62434895833334,0.28808525203246454,3.3480396270751953,640x480,1344x1008
974,0-10m,307200,0.31263463981992873,31.263463981992874,10.737413938692097,93.62434895833334,0.28808525203246454,3.3480396270751953,640x480,1344x1008
975,0-3m,141678,0.08285965566051934,8.285965566051933,3.2138634682312586,98.55658606135039,0.275242208326842,3.3480396270751953,640x480,1344x1008
975,0-6m,307200,0.13801141196667838,13.801141196667837,4.23975202535133,98.72200520833333,0.275242208326842,3.3480396270751953,640x480,1344x1008
975,0-10m,307200,0.13801141196667838,13.801141196667837,4.23975202535133,98.72200520833333,0.275242208326842,3.3480396270751953,640x480,1344x1008
976,0-3m,171346,0.1675060676846295,16.75060676846295,7.007553878777053,99.7455441037433,0.2608279053310248,3.3480396270751953,640x480,1344x1008
976,0-6m,307200,0.15121759595194212,15.121759595194211,5.553418738860263,99.5947265625,0.2608279053310248,3.3480396270751953,640x480,1344x1008
976,0-10m,307200,0.15121759595194212,15.121759595194211,5.553418738860263,99.5947265625,0.2608279053310248,3.3480396270751953,640x480,1344x1008
977,0-3m,214592,0.21218045906861202,21.218045906861203,9.92767987105044,95.1307597673725,0.22124577611521742,3.3480396270751953,640x480,1344x1008
977,0-6m,307200,0.2370803067231706,23.708030672317058,9.506184094356032,96.18424479166666,0.22124577611521742,3.3480396270751953,640x480,1344x1008
977,0-10m,307200,0.2370803067231706,23.708030672317058,9.506184094356032,96.18424479166666,0.22124577611521742,3.3480396270751953,640x480,1344x1008
978,0-3m,151025,0.22084197799489705,22.084197799489704,13.587856463899561,86.81410362522762,0.2456589605085034,3.3480396270751953,640x480,1344x1008
978,0-6m,307200,0.1571902609874572,15.71902609874572,7.987399292524825,93.42024739583333,0.2456589605085034,3.3480396270751953,640x480,1344x1008
978,0-10m,307200,0.1571902609874572,15.71902609874572,7.987399292524825,93.42024739583333,0.2456589605085034,3.3480396270751953,640x480,1344x1008
979,0-3m,262715,0.2315093159246796,23.15093159246796,10.446600694847213,99.62506899111204,0.2861843394035127,3.3480396270751953,640x480,1344x1008
979,0-6m,307200,0.22767666705379572,22.767666705379572,9.854966270901084,99.67350260416666,0.2861843394035127,3.3480396270751953,640x480,1344x1008
979,0-10m,307200,0.22767666705379572,22.767666705379572,9.854966270901084,99.67350260416666,0.2861843394035127,3.3480396270751953,640x480,1344x1008
980,0-3m,152264,0.1559273761552813,15.59273761552813,8.135709582887602,97.11422266589608,0.2932085023545886,3.3480396270751953,640x480,1344x1008
980,0-6m,307200,0.348041120270888,34.8041120270888,9.932373028175586,97.8603515625,0.2932085023545886,3.3480396270751953,640x480,1344x1008
980,0-10m,307200,0.348041120270888,34.8041120270888,9.932373028175586,97.8603515625,0.2932085023545886,3.3480396270751953,640x480,1344x1008
981,0-3m,249617,0.1920627354942783,19.20627354942783,10.094007537541657,84.70176310107084,0.29171324354596667,3.3480396270751953,640x480,1344x1008
981,0-6m,307200,0.2740982160503821,27.40982160503821,11.880081616128042,81.435546875,0.29171324354596667,3.3480396270751953,640x480,1344x1008
981,0-10m,307200,0.2740982160503821,27.40982160503821,11.880081616128042,81.435546875,0.29171324354596667,3.3480396270751953,640x480,1344x1008
982,0-3m,235562,0.06984273447407716,6.984273447407715,3.218979173342287,99.5096832256476,0.292164561337759,3.3480396270751953,640x480,1344x1008
982,0-6m,307200,0.10209953204689858,10.209953204689857,3.920695978686816,99.06673177083334,0.292164561337759,3.3480396270751953,640x480,1344x1008
982,0-10m,307200,0.10209953204689858,10.209953204689857,3.920695978686816,99.06673177083334,0.292164561337759,3.3480396270751953,640x480,1344x1008
983,0-3m,114928,0.31918188928728,31.918188928727997,12.226539545112123,99.98520813030767,0.29320422964691983,3.3480396270751953,640x480,1344x1008
983,0-6m,307200,0.3788422091670024,37.88422091670024,11.852796531680232,99.6123046875,0.29320422964691983,3.3480396270751953,640x480,1344x1008
983,0-10m,307200,0.3788422091670024,37.88422091670024,11.852796531680232,99.6123046875,0.29320422964691983,3.3480396270751953,640x480,1344x1008
984,0-3m,117900,0.24427975507789593,24.427975507789593,9.618365962406738,99.29346904156064,0.29304626130843064,3.3480396270751953,640x480,1344x1008
984,0-6m,289750,0.22395550577017231,22.395550577017232,6.935603148451391,98.15668679896461,0.29304626130843064,3.3480396270751953,640x480,1344x1008
984,0-10m,307200,0.2503891654848121,25.03891654848121,7.032347947938714,97.08170572916667,0.29304626130843064,3.3480396270751953,640x480,1344x1008
985,0-3m,111324,0.1904726319258908,19.04726319258908,10.608557489430192,93.9402105565736,0.2872367636623688,3.3480396270751953,640x480,1344x1008
985,0-6m,307200,0.18368722566481058,18.368722566481058,6.76777462946611,96.84375,0.2872367636623688,3.3480396270751953,640x480,1344x1008
985,0-10m,307200,0.18368722566481058,18.368722566481058,6.76777462946611,96.84375,0.2872367636623688,3.3480396270751953,640x480,1344x1008
986,0-3m,130235,0.24765096858499072,24.76509685849907,9.488693735326198,97.05993012631014,0.2919834882177688,3.3480396270751953,640x480,1344x1008
986,0-6m,307200,0.2552473333730207,25.52473333730207,8.111004488607795,98.41829427083333,0.2919834882177688,3.3480396270751953,640x480,1344x1008
986,0-10m,307200,0.2552473333730207,25.52473333730207,8.111004488607795,98.41829427083333,0.2919834882177688,3.3480396270751953,640x480,1344x1008
987,0-3m,181283,0.12678280506769105,12.678280506769104,6.090597268015354,99.19959400495358,0.291810200809744,3.3480396270751953,640x480,1344x1008
987,0-6m,307200,0.1455369751912076,14.553697519120758,5.589312563607773,99.30989583333333,0.291810200809744,3.3480396270751953,640x480,1344x1008
987,0-10m,307200,0.1455369751912076,14.553697519120758,5.589312563607773,99.30989583333333,0.291810200809744,3.3480396270751953,640x480,1344x1008
988,0-3m,172843,0.23459086868634313,23.459086868634312,9.160831357291269,99.90569476345586,0.2916869255397555,3.3480396270751953,640x480,1344x1008
988,0-6m,307200,0.2582459014855946,25.824590148559462,8.860225859926198,99.2470703125,0.2916869255397555,3.3480396270751953,640x480,1344x1008
988,0-10m,307200,0.2582459014855946,25.824590148559462,8.860225859926198,99.2470703125,0.2916869255397555,3.3480396270751953,640x480,1344x1008
989,0-3m,246659,0.47961951433084815,47.96195143308481,18.729731973498257,94.16603489027362,0.29351560339372273,3.3480396270751953,640x480,1344x1008
989,0-6m,307200,0.5140374471072573,51.40374471072573,19.046051893879575,91.8369140625,0.29351560339372273,3.3480396270751953,640x480,1344x1008
989,0-10m,307200,0.5140374471072573,51.40374471072573,19.046051893879575,91.8369140625,0.29351560339372273,3.3480396270751953,640x480,1344x1008
990,0-3m,113995,0.37965905833460795,37.965905833460795,27.460528111747006,65.67217860432476,0.29308012617252893,3.3480396270751953,640x480,1344x1008
990,0-6m,306092,0.3165010111039505,31.650101110395052,15.014743076040773,85.82223645178574,0.29308012617252893,3.3480396270751953,640x480,1344x1008
990,0-10m,307200,0.32792041748102446,32.79204174810245,15.126561961558208,85.5126953125,0.29308012617252893,3.3480396270751953,640x480,1344x1008
991,0-3m,77201,0.2616097501713328,26.160975017133282,11.403824218053343,95.50523956943563,0.29394868708232824,3.3480396270751953,640x480,1344x1008
991,0-6m,307200,0.3703596854000352,37.03596854000352,11.16982522170722,98.02408854166667,0.29394868708232824,3.3480396270751953,640x480,1344x1008
991,0-10m,307200,0.3703596854000352,37.03596854000352,11.16982522170722,98.02408854166667,0.29394868708232824,3.3480396270751953,640x480,1344x1008
992,0-3m,124750,0.35545402661497466,35.54540266149747,16.44680140812386,91.58476953907815,0.29354123567334334,3.3480396270751953,640x480,1344x1008
992,0-6m,306498,0.4874640295705112,48.746402957051124,15.777568655581769,94.88022760344276,0.29354123567334334,3.3480396270751953,640x480,1344x1008
992,0-10m,307200,0.4928873604074276,49.28873604074276,15.845697995942773,94.66341145833333,0.29354123567334334,3.3480396270751953,640x480,1344x1008
993,0-3m,154435,0.35643241169669804,35.64324116966981,14.236610912895847,96.35639589471299,0.2934129037821206,3.3480396270751953,640x480,1344x1008
993,0-6m,307200,0.4357712419742408,43.57712419742408,14.642717034480029,98.1640625,0.2934129037821206,3.3480396270751953,640x480,1344x1008
993,0-10m,307200,0.4357712419742408,43.57712419742408,14.642717034480029,98.1640625,0.2934129037821206,3.3480396270751953,640x480,1344x1008
994,0-3m,209372,0.3332595071807429,33.32595071807429,16.27170621468724,75.40167739716867,0.29344543261730743,3.3480396270751953,640x480,1344x1008
994,0-6m,307200,0.32975216856788997,32.975216856789,14.314893616410245,82.2626953125,0.29344543261730743,3.3480396270751953,640x480,1344x1008
994,0-10m,307200,0.32975216856788997,32.975216856789,14.314893616410245,82.2626953125,0.29344543261730743,3.3480396270751953,640x480,1344x1008
995,0-3m,107285,0.4048612781854802,40.48612781854802,16.687061943049212,79.84061145546907,0.2926517715511922,3.3480396270751953,640x480,1344x1008
995,0-6m,307200,0.4774936266018388,47.74936266018388,14.7686990843801,89.05403645833333,0.2926517715511922,3.3480396270751953,640x480,1344x1008
995,0-10m,307200,0.4774936266018388,47.74936266018388,14.7686990843801,89.05403645833333,0.2926517715511922,3.3480396270751953,640x480,1344x1008
996,0-3m,150894,0.1985987835732006,19.85987835732006,9.150210722100832,99.35318833088128,0.2887189591744417,3.3480396270751953,640x480,1344x1008
996,0-6m,307200,0.1696188612751818,16.96188612751818,6.654860904973141,99.63411458333333,0.2887189591744417,3.3480396270751953,640x480,1344x1008
996,0-10m,307200,0.1696188612751818,16.96188612751818,6.654860904973141,99.63411458333333,0.2887189591744417,3.3480396270751953,640x480,1344x1008
997,0-3m,105629,0.297026126555758,29.7026126555758,11.871469259433919,99.57871417887134,0.29336709323452737,3.3480396270751953,640x480,1344x1008
997,0-6m,297698,0.34408501313066164,34.40850131306617,10.308813599278926,98.73092865924528,0.29336709323452737,3.3480396270751953,640x480,1344x1008
997,0-10m,307200,0.34412104343840233,34.412104343840234,10.13387405954112,98.7626953125,0.29336709323452737,3.3480396270751953,640x480,1344x1008
998,0-3m,104321,0.1195885022004389,11.95885022004389,4.936623102114804,100.0,0.2922329593463751,3.3480396270751953,640x480,1344x1008
998,0-6m,300412,0.15442163714517737,15.442163714517736,4.341746998356079,99.49169806798663,0.2922329593463751,3.3480396270751953,640x480,1344x1008
998,0-10m,307200,0.15512313840833183,15.512313840833183,4.312897597407474,99.50260416666666,0.2922329593463751,3.3480396270751953,640x480,1344x1008
999,0-3m,180257,0.12117446930705533,12.117446930705533,4.987247383631634,99.59946076990074,0.29356423530474074,3.3480396270751953,640x480,1344x1008
999,0-6m,307192,0.2048838849100937,20.48838849100937,5.719898520153975,98.47066329852339,0.29356423530474074,3.3480396270751953,640x480,1344x1008
999,0-10m,307200,0.2048950694699306,20.48950694699306,5.720024734138969,98.470703125,0.29356423530474074,3.3480396270751953,640x480,1344x1008
1000,0-3m,155807,0.2267229298250816,22.67229298250816,15.761951085396033,73.00891487545489,0.29223350590972985,3.3480396270751953,640x480,1344x1008
1000,0-6m,307200,0.22313111452870846,22.313111452870846,11.073177639602621,85.52669270833333,0.29223350590972985,3.3480396270751953,640x480,1344x1008
1000,0-10m,307200,0.22313111452870846,22.313111452870846,11.073177639602621,85.52669270833333,0.29223350590972985,3.3480396270751953,640x480,1344x1008
1001,0-3m,191360,0.10906638532789754,10.906638532789755,5.620484002068377,98.95014632107024,0.29274966232651295,3.3480396270751953,640x480,1344x1008
1001,0-6m,304920,0.1932270367486762,19.32270367486762,6.96893764098592,98.77967991604355,0.29274966232651295,3.3480396270751953,640x480,1344x1008
1001,0-10m,307200,0.19668879969744013,19.66887996974401,6.995031705996575,98.74186197916667,0.29274966232651295,3.3480396270751953,640x480,1344x1008
1002,0-3m,260139,0.2814986514542188,28.14986514542188,13.776682850034652,95.670776008211,0.29294150415079384,3.3480396270751953,640x480,1344x1008
1002,0-6m,307199,0.3451189851651744,34.51189851651744,14.387875512976326,94.09307973007725,0.29294150415079384,3.3480396270751953,640x480,1344x1008
1002,0-10m,307200,0.34511795416008684,34.51179541600868,14.387830209964743,94.09309895833333,0.29294150415079384,3.3480396270751953,640x480,1344x1008
1003,0-3m,228481,0.3664428908658243,36.64428908658243,16.381845590584337,83.36754478490552,0.29312043409939464,3.3480396270751953,640x480,1344x1008
1003,0-6m,306940,0.3491169311023189,34.91169311023189,14.280354562197727,86.3240372711279,0.29312043409939464,3.3480396270751953,640x480,1344x1008
1003,0-10m,307200,0.3511950454773614,35.11950454773614,14.306584484295692,86.2509765625,0.29312043409939464,3.3480396270751953,640x480,1344x1008
1004,0-3m,258298,0.2746907342545347,27.469073425453473,11.727953998990735,97.94810645068874,0.2921613774401726,3.3480396270751953,640x480,1344x1008
1004,0-6m,307200,0.27409582228555035,27.409582228555035,11.248587584878427,98.0205078125,0.2921613774401726,3.3480396270751953,640x480,1344x1008
1004,0-10m,307200,0.27409582228555035,27.409582228555035,11.248587584878427,98.0205078125,0.2921613774401726,3.3480396270751953,640x480,1344x1008
1005,0-3m,286493,0.2545417811881202,25.45417811881202,13.144727418843317,97.8215872639122,0.29310179073502196,3.3480396270751953,640x480,1344x1008
1005,0-6m,307200,0.2550335042143706,25.50335042143706,12.83397540386251,97.966796875,0.29310179073502196,3.3480396270751953,640x480,1344x1008
1005,0-10m,307200,0.2550335042143706,25.50335042143706,12.83397540386251,97.966796875,0.29310179073502196,3.3480396270751953,640x480,1344x1008
1006,0-3m,235055,0.20953368694328708,20.95336869432871,12.752285103034291,98.17149177851992,0.29192954070282345,3.3480396270751953,640x480,1344x1008
1006,0-6m,307200,0.217204251573033,21.7204251573033,11.439700583701814,98.42024739583334,0.29192954070282345,3.3480396270751953,640x480,1344x1008
1006,0-10m,307200,0.217204251573033,21.7204251573033,11.439700583701814,98.42024739583334,0.29192954070282345,3.3480396270751953,640x480,1344x1008
1007,0-3m,153148,0.15859199045771583,15.859199045771582,7.776236589282942,99.87724292840912,0.29324541444893276,3.3480396270751953,640x480,1344x1008
1007,0-6m,307200,0.20059951605934961,20.059951605934963,6.890247374493338,99.12532552083333,0.29324541444893276,3.3480396270751953,640x480,1344x1008
1007,0-10m,307200,0.20059951605934961,20.059951605934963,6.890247374493338,99.12532552083333,0.29324541444893276,3.3480396270751953,640x480,1344x1008
1008,0-3m,161890,0.32563520554144554,32.56352055414455,17.532927941463786,86.16282661066155,0.2917792423930965,3.3480396270751953,640x480,1344x1008
1008,0-6m,307200,0.3655145115228758,36.55145115228758,14.412399065344712,91.75520833333334,0.2917792423930965,3.3480396270751953,640x480,1344x1008
1008,0-10m,307200,0.3655145115228758,36.55145115228758,14.412399065344712,91.75520833333334,0.2917792423930965,3.3480396270751953,640x480,1344x1008
1009,0-3m,245310,0.33140285717406415,33.140285717406414,15.018761513992102,95.63124210183034,0.28971824147821396,3.3480396270751953,640x480,1344x1008
1009,0-6m,305458,0.35648306453710127,35.64830645371013,14.48247559351177,96.24531032089519,0.28971824147821396,3.3480396270751953,640x480,1344x1008
1009,0-10m,307200,0.3561982559234214,35.61982559234214,14.42719925129616,96.2666015625,0.28971824147821396,3.3480396270751953,640x480,1344x1008
1010,0-3m,253769,0.1751558868004691,17.51558868004691,8.711348451102586,97.8050904562811,0.28260889040625636,3.3480396270751953,640x480,1344x1008
1010,0-6m,307200,0.24342300915450324,24.342300915450323,9.845713952398903,92.7919921875,0.28260889040625636,3.3480396270751953,640x480,1344x1008
1010,0-10m,307200,0.24342300915450324,24.342300915450323,9.845713952398903,92.7919921875,0.28260889040625636,3.3480396270751953,640x480,1344x1008
1011,0-3m,275942,0.18303433864505875,18.303433864505873,9.13024713920905,99.57237390466112,0.29286580938370255,3.3480396270751953,640x480,1344x1008
1011,0-6m,307200,0.21051101022361157,21.051101022361156,9.39381527551599,98.68717447916666,0.29286580938370255,3.3480396270751953,640x480,1344x1008
1011,0-10m,307200,0.21051101022361157,21.051101022361156,9.39381527551599,98.68717447916666,0.29286580938370255,3.3480396270751953,640x480,1344x1008
1012,0-3m,146678,0.27052805264409413,27.052805264409415,13.464279308889305,96.29528627333343,0.29258667009801664,3.3480396270751953,640x480,1344x1008
1012,0-6m,307200,0.36102761706259723,36.10276170625972,12.945790537241846,97.57356770833333,0.29258667009801664,3.3480396270751953,640x480,1344x1008
1012,0-10m,307200,0.36102761706259723,36.10276170625972,12.945790537241846,97.57356770833333,0.29258667009801664,3.3480396270751953,640x480,1344x1008
1013,0-3m,167249,0.2372351301607428,23.72351301607428,13.234733121019937,98.97697445126727,0.2929455374991352,3.3480396270751953,640x480,1344x1008
1013,0-6m,307200,0.2384356995423635,23.843569954236347,9.882008485401023,99.18522135416666,0.2929455374991352,3.3480396270751953,640x480,1344x1008
1013,0-10m,307200,0.2384356995423635,23.843569954236347,9.882008485401023,99.18522135416666,0.2929455374991352,3.3480396270751953,640x480,1344x1008
1014,0-3m,140610,0.27700234386542977,27.700234386542977,13.753547483863851,97.98805205888628,0.2835196652944635,3.3480396270751953,640x480,1344x1008
1014,0-6m,295012,0.3990905160048277,39.90905160048277,13.69161625861749,97.93974482393936,0.2835196652944635,3.3480396270751953,640x480,1344x1008
1014,0-10m,307200,0.4631607856814905,46.31607856814905,14.147411555193282,95.62467447916667,0.2835196652944635,3.3480396270751953,640x480,1344x1008
1015,0-3m,195085,0.35755737316823216,35.755737316823215,17.72242770404665,96.5450957275034,0.2903886890359854,3.3480396270751953,640x480,1344x1008
1015,0-6m,292450,0.519458569231798,51.945856923179804,18.32767549790025,85.55582150795009,0.2903886890359854,3.3480396270751953,640x480,1344x1008
1015,0-10m,307200,0.683392525165109,68.3392525165109,20.233236727855626,81.44791666666666,0.2903886890359854,3.3480396270751953,640x480,1344x1008
1016,0-3m,171281,0.1681579473842263,16.81579473842263,11.124247842695556,83.60413589364845,0.2935236070761594,3.3480396270751953,640x480,1344x1008
1016,0-6m,307200,0.20964229065381612,20.964229065381613,8.975291935231832,89.91145833333334,0.2935236070761594,3.3480396270751953,640x480,1344x1008
1016,0-10m,307200,0.20964229065381612,20.964229065381613,8.975291935231832,89.91145833333334,0.2935236070761594,3.3480396270751953,640x480,1344x1008
1017,0-3m,164647,0.3678048704357852,36.78048704357852,16.909742490434304,92.13165135107229,0.2849188005644956,3.3480396270751953,640x480,1344x1008
1017,0-6m,307200,0.3540401682028702,35.40401682028702,13.19971507745069,94.525390625,0.2849188005644956,3.3480396270751953,640x480,1344x1008
1017,0-10m,307200,0.3540401682028702,35.40401682028702,13.19971507745069,94.525390625,0.2849188005644956,3.3480396270751953,640x480,1344x1008
1018,0-3m,108912,0.5171185654547135,51.71185654547135,21.71136877270916,77.17423240781548,0.29006196651906946,3.3480396270751953,640x480,1344x1008
1018,0-6m,307200,0.629650852868023,62.9650852868023,19.424165493954796,83.97623697916666,0.29006196651906946,3.3480396270751953,640x480,1344x1008
1018,0-10m,307200,0.629650852868023,62.9650852868023,19.424165493954796,83.97623697916666,0.29006196651906946,3.3480396270751953,640x480,1344x1008
1019,0-3m,141599,0.22647641794399637,22.647641794399636,10.936374835756837,97.25209923798897,0.29336554408941545,3.3480396270751953,640x480,1344x1008
1019,0-6m,306937,0.3338329382157634,33.38329382157634,11.418736152548414,94.07826361761535,0.29336554408941545,3.3480396270751953,640x480,1344x1008
1019,0-10m,307200,0.3356067231130631,33.56067231130631,11.442916461215749,93.99772135416666,0.29336554408941545,3.3480396270751953,640x480,1344x1008
1020,0-3m,182364,0.29589917315834274,29.589917315834274,15.179802521032604,89.91796626527166,0.29357978299094895,3.3480396270751953,640x480,1344x1008
1020,0-6m,307200,0.26893738344253504,26.893738344253503,11.65791907526802,93.65852864583334,0.29357978299094895,3.3480396270751953,640x480,1344x1008
1020,0-10m,307200,0.26893738344253504,26.893738344253503,11.65791907526802,93.65852864583334,0.29357978299094895,3.3480396270751953,640x480,1344x1008
1021,0-3m,118261,0.3535380180841623,35.35380180841623,14.378537093941798,85.93027287102257,0.2935143542016125,3.3480396270751953,640x480,1344x1008
1021,0-6m,307200,0.36967883379858296,36.96788337985829,11.83176438734045,91.09765625,0.2935143542016125,3.3480396270751953,640x480,1344x1008
1021,0-10m,307200,0.36967883379858296,36.96788337985829,11.83176438734045,91.09765625,0.2935143542016125,3.3480396270751953,640x480,1344x1008
1022,0-3m,147170,0.2371399287418672,23.713992874186722,10.903479031763899,98.45484813481008,0.2918644023688676,3.3480396270751953,640x480,1344x1008
1022,0-6m,307200,0.2830776174964073,28.30776174964073,9.743808323568423,97.548828125,0.2918644023688676,3.3480396270751953,640x480,1344x1008
1022,0-10m,307200,0.2830776174964073,28.30776174964073,9.743808323568423,97.548828125,0.2918644023688676,3.3480396270751953,640x480,1344x1008
1023,0-3m,94414,0.31752521419584745,31.752521419584745,14.04777611613445,96.80238100281738,0.2937623242455967,3.3480396270751953,640x480,1344x1008
1023,0-6m,307200,0.27808102885610425,27.808102885610424,9.07351947079837,98.16927083333333,0.2937623242455967,3.3480396270751953,640x480,1344x1008
1023,0-10m,307200,0.27808102885610425,27.808102885610424,9.07351947079837,98.16927083333333,0.2937623242455967,3.3480396270751953,640x480,1344x1008
1024,0-3m,81828,0.45570875530270427,45.57087553027043,18.635141479444798,83.01803783545975,0.29377705576491825,3.3480396270751953,640x480,1344x1008
1024,0-6m,307200,0.4347931090237883,43.479310902378835,12.828978734612855,94.83333333333334,0.29377705576491825,3.3480396270751953,640x480,1344x1008
1024,0-10m,307200,0.4347931090237883,43.479310902378835,12.828978734612855,94.83333333333334,0.29377705576491825,3.3480396270751953,640x480,1344x1008
1025,0-3m,123433,0.15374136312279887,15.374136312279887,6.769003318754867,99.15257670153038,0.2936683431316805,3.3480396270751953,640x480,1344x1008
1025,0-6m,305700,0.31559021610858046,31.559021610858046,9.218956494840917,97.58684985279686,0.2936683431316805,3.3480396270751953,640x480,1344x1008
1025,0-10m,307200,0.3190220025045952,31.902200250459522,9.237089950195445,97.56184895833333,0.2936683431316805,3.3480396270751953,640x480,1344x1008
1026,0-3m,300253,0.366689902129503,36.6689902129503,16.25312371436049,87.61444515125577,0.2932044961497222,3.3480396270751953,640x480,1344x1008
1026,0-6m,307200,0.3700598201427298,37.00598201427298,16.268000118149065,87.89453125,0.2932044961497222,3.3480396270751953,640x480,1344x1008
1026,0-10m,307200,0.3700598201427298,37.00598201427298,16.268000118149065,87.89453125,0.2932044961497222,3.3480396270751953,640x480,1344x1008
1027,0-3m,131485,0.3471532038165965,34.715320381659645,20.37644141064582,73.43499258470548,0.29398637349637496,3.3480396270751953,640x480,1344x1008
1027,0-6m,306180,0.43152269805518795,43.15226980551879,16.292874408861575,87.83624012019074,0.29398637349637496,3.3480396270751953,640x480,1344x1008
1027,0-10m,307200,0.4303991854148141,43.039918541481406,16.243900525070814,87.87662760416667,0.29398637349637496,3.3480396270751953,640x480,1344x1008
1028,0-3m,134610,0.40205957811492116,40.20595781149211,28.62021097157747,63.98558799494837,0.29362003881761345,3.3480396270751953,640x480,1344x1008
1028,0-6m,307200,0.3016239820639991,30.16239820639991,15.784608646390813,83.74544270833333,0.29362003881761345,3.3480396270751953,640x480,1344x1008
1028,0-10m,307200,0.3016239820639991,30.16239820639991,15.784608646390813,83.74544270833333,0.29362003881761345,3.3480396270751953,640x480,1344x1008
1029,0-3m,72056,0.1796878840452931,17.96878840452931,7.310573825048001,100.0,0.2910189881440958,3.3480396270751953,640x480,1344x1008
1029,0-6m,301943,0.20359364233176375,20.359364233176375,5.347913215310754,99.86553753523016,0.2910189881440958,3.3480396270751953,640x480,1344x1008
1029,0-10m,307200,0.20746318431881566,20.746318431881566,5.377232283736699,99.86783854166667,0.2910189881440958,3.3480396270751953,640x480,1344x1008
1030,0-3m,143723,0.31329696722199113,31.329696722199113,12.952908620909515,99.85945186226283,0.29356975092518384,3.3480396270751953,640x480,1344x1008
1030,0-6m,302466,0.319071549632029,31.9071549632029,10.164606946569004,97.47674118743926,0.29356975092518384,3.3480396270751953,640x480,1344x1008
1030,0-10m,307200,0.36848485085414723,36.84848508541472,10.860851234326065,95.974609375,0.29356975092518384,3.3480396270751953,640x480,1344x1008
1031,0-3m,185595,0.48179207590364387,48.179207590364385,23.08803959942133,80.2144454322584,0.2937364117552755,3.3480396270751953,640x480,1344x1008
1031,0-6m,307200,0.5222908729828972,52.22908729828972,20.706051840269023,87.32291666666666,0.2937364117552755,3.3480396270751953,640x480,1344x1008
1031,0-10m,307200,0.5222908729828972,52.22908729828972,20.706051840269023,87.32291666666666,0.2937364117552755,3.3480396270751953,640x480,1344x1008
1032,0-3m,283647,0.292864729423545,29.286472942354504,12.87104597634875,97.66329275472683,0.2873389411348464,3.3480396270751953,640x480,1344x1008
1032,0-6m,307200,0.301480515433553,30.148051543355297,12.879941612794637,97.84244791666666,0.2873389411348464,3.3480396270751953,640x480,1344x1008
1032,0-10m,307200,0.301480515433553,30.148051543355297,12.879941612794637,97.84244791666666,0.2873389411348464,3.3480396270751953,640x480,1344x1008
1033,0-3m,253676,0.3156069753551369,31.560697535513686,13.909935683576574,98.00454122581561,0.29116689325102363,3.3480396270751953,640x480,1344x1008
1033,0-6m,307200,0.299345580751154,29.934558075115397,12.67180716997564,98.35221354166667,0.29116689325102363,3.3480396270751953,640x480,1344x1008
1033,0-10m,307200,0.299345580751154,29.934558075115397,12.67180716997564,98.35221354166667,0.29116689325102363,3.3480396270751953,640x480,1344x1008
1034,0-3m,243143,0.21745218732934454,21.745218732934454,10.976389139825123,90.26581065463533,0.29203566468137876,3.3480396270751953,640x480,1344x1008
1034,0-6m,307200,0.22832001857614764,22.832001857614763,10.438050780212462,92.29557291666667,0.29203566468137876,3.3480396270751953,640x480,1344x1008
1034,0-10m,307200,0.22832001857614764,22.832001857614763,10.438050780212462,92.29557291666667,0.29203566468137876,3.3480396270751953,640x480,1344x1008
1035,0-3m,221557,0.29479935525873424,29.479935525873422,12.980966788684423,99.7968919961906,0.2887253195809245,3.3480396270751953,640x480,1344x1008
1035,0-6m,307200,0.3555806266625101,35.55806266625101,13.630508725373533,99.76334635416667,0.2887253195809245,3.3480396270751953,640x480,1344x1008
1035,0-10m,307200,0.3555806266625101,35.55806266625101,13.630508725373533,99.76334635416667,0.2887253195809245,3.3480396270751953,640x480,1344x1008
1036,0-3m,247391,0.2191419966555049,21.91419966555049,11.409615216528001,98.16201882849417,0.2873226109702297,3.3480396270751953,640x480,1344x1008
1036,0-6m,307200,0.2566015648919468,25.66015648919468,11.647864341325874,98.47037760416667,0.2873226109702297,3.3480396270751953,640x480,1344x1008
1036,0-10m,307200,0.2566015648919468,25.66015648919468,11.647864341325874,98.47037760416667,0.2873226109702297,3.3480396270751953,640x480,1344x1008
1037,0-3m,220348,0.2289949293790087,22.89949293790087,12.940232403524737,99.51258917711982,0.2908132557791025,3.3480396270751953,640x480,1344x1008
1037,0-6m,307200,0.22142756644364756,22.142756644364756,10.946089807534868,99.6171875,0.2908132557791025,3.3480396270751953,640x480,1344x1008
1037,0-10m,307200,0.22142756644364756,22.142756644364756,10.946089807534868,99.6171875,0.2908132557791025,3.3480396270751953,640x480,1344x1008
1038,0-3m,182879,0.49523601741864404,49.523601741864404,19.266127021864552,62.72125285024524,0.2913733811454549,3.3480396270751953,640x480,1344x1008
1038,0-6m,307200,0.5865201097008927,58.65201097008927,20.020926038463777,51.86230468750001,0.2913733811454549,3.3480396270751953,640x480,1344x1008
1038,0-10m,307200,0.5865201097008927,58.65201097008927,20.020926038463777,51.86230468750001,0.2913733811454549,3.3480396270751953,640x480,1344x1008
1039,0-3m,221938,0.1838457929671661,18.38457929671661,8.551803855607076,97.27942037866431,0.28907967698007625,3.3480396270751953,640x480,1344x1008
1039,0-6m,307200,0.1803697487108487,18.036974871084873,7.538330248451315,97.5078125,0.28907967698007625,3.3480396270751953,640x480,1344x1008
1039,0-10m,307200,0.1803697487108487,18.036974871084873,7.538330248451315,97.5078125,0.28907967698007625,3.3480396270751953,640x480,1344x1008
1040,0-3m,174553,0.32102771180494616,32.102771180494614,22.035874692154987,65.28160501394991,0.29280921186950537,3.3480396270751953,640x480,1344x1008
1040,0-6m,307200,0.2528574431566328,25.285744315663276,14.498212393921492,79.08658854166667,0.29280921186950537,3.3480396270751953,640x480,1344x1008
1040,0-10m,307200,0.2528574431566328,25.285744315663276,14.498212393921492,79.08658854166667,0.29280921186950537,3.3480396270751953,640x480,1344x1008
1041,0-3m,275886,0.330639200376911,33.063920037691105,15.846737662095236,89.65659729018508,0.2927177331094699,3.3480396270751953,640x480,1344x1008
1041,0-6m,307200,0.3326287811109796,33.26287811109796,15.364961489251277,90.7109375,0.2927177331094699,3.3480396270751953,640x480,1344x1008
1041,0-10m,307200,0.3326287811109796,33.26287811109796,15.364961489251277,90.7109375,0.2927177331094699,3.3480396270751953,640x480,1344x1008
1042,0-3m,298785,0.2205463493824093,22.05463493824093,12.066896627095051,99.24862359221514,0.284655554112713,3.3480396270751953,640x480,1344x1008
1042,0-6m,307200,0.21691374718056372,21.691374718056373,11.813830368127348,99.26888020833333,0.284655554112713,3.3480396270751953,640x480,1344x1008
1042,0-10m,307200,0.21691374718056372,21.691374718056373,11.813830368127348,99.26888020833333,0.284655554112713,3.3480396270751953,640x480,1344x1008
1043,0-3m,250271,0.2505050112416727,25.05050112416727,11.999704999500201,98.76413967259491,0.29243865353520143,3.3480396270751953,640x480,1344x1008
1043,0-6m,303779,0.3087796984371892,30.877969843718923,12.22715924510349,95.58527745499194,0.29243865353520143,3.3480396270751953,640x480,1344x1008
1043,0-10m,307200,0.33832012811132395,33.832012811132394,12.626190969162247,94.52083333333333,0.29243865353520143,3.3480396270751953,640x480,1344x1008
1044,0-3m,215875,0.15027431045796186,15.027431045796186,7.939408135728418,95.40799073537927,0.29222189191247855,3.3480396270751953,640x480,1344x1008
1044,0-6m,307200,0.16469920055300463,16.469920055300463,7.375030129581946,96.73567708333334,0.29222189191247855,3.3480396270751953,640x480,1344x1008
1044,0-10m,307200,0.16469920055300463,16.469920055300463,7.375030129581946,96.73567708333334,0.29222189191247855,3.3480396270751953,640x480,1344x1008
1045,0-3m,169507,0.12656376287855825,12.656376287855824,8.85861825713556,96.65913502097258,0.2916333341904052,3.3480396270751953,640x480,1344x1008
1045,0-6m,307200,0.1076466161813975,10.76466161813975,6.013593341045145,98.1162109375,0.2916333341904052,3.3480396270751953,640x480,1344x1008
1045,0-10m,307200,0.1076466161813975,10.76466161813975,6.013593341045145,98.1162109375,0.2916333341904052,3.3480396270751953,640x480,1344x1008
1046,0-3m,302571,0.07234564765808468,7.234564765808468,3.9310787050496767,99.21043325368261,0.2887838517830334,3.3480396270751953,640x480,1344x1008
1046,0-6m,307200,0.0728095409462306,7.28095409462306,3.9231311056430114,99.22233072916666,0.2887838517830334,3.3480396270751953,640x480,1344x1008
1046,0-10m,307200,0.0728095409462306,7.28095409462306,3.9231311056430114,99.22233072916666,0.2887838517830334,3.3480396270751953,640x480,1344x1008
1047,0-3m,207617,0.21411197264448723,21.411197264448724,13.468368669476899,95.13864471599146,0.2927933341960461,3.3480396270751953,640x480,1344x1008
1047,0-6m,307200,0.2586913187179016,25.869131871790156,12.59606732541576,95.91048177083333,0.2927933341960461,3.3480396270751953,640x480,1344x1008
1047,0-10m,307200,0.2586913187179016,25.869131871790156,12.59606732541576,95.91048177083333,0.2927933341960461,3.3480396270751953,640x480,1344x1008
1048,0-3m,129702,0.3071375144654619,30.71375144654619,16.039673059945645,94.89059536475922,0.28936583451926506,3.3480396270751953,640x480,1344x1008
1048,0-6m,306635,0.4235076538110321,42.35076538110321,13.966172218052296,97.21590816443002,0.28936583451926506,3.3480396270751953,640x480,1344x1008
1048,0-10m,307200,0.4243081718000273,42.43081718000273,13.966744034725858,97.22102864583333,0.28936583451926506,3.3480396270751953,640x480,1344x1008
1049,0-3m,186322,0.26569482851635745,26.569482851635744,16.90595830070328,92.49632356887538,0.2911278157656368,3.3480396270751953,640x480,1344x1008
1049,0-6m,307200,0.2486183191795135,24.86183191795135,12.768599780876027,95.32942708333333,0.2911278157656368,3.3480396270751953,640x480,1344x1008
1049,0-10m,307200,0.2486183191795135,24.86183191795135,12.768599780876027,95.32942708333333,0.2911278157656368,3.3480396270751953,640x480,1344x1008
1050,0-3m,288064,0.23381757159038494,23.381757159038493,22.03627230043967,54.78539491224173,0.2912083047951273,3.3480396270751953,640x480,1344x1008
1050,0-6m,305220,0.3687934903152242,36.879349031522416,23.791897082319046,51.7063102024769,0.2912083047951273,3.3480396270751953,640x480,1344x1008
1050,0-10m,307200,0.39256065551928865,39.25606555192886,24.059394515715933,51.37304687499999,0.2912083047951273,3.3480396270751953,640x480,1344x1008
1051,0-3m,198471,0.23169223953064977,23.16922395306498,11.23781351821258,99.89217568309728,0.2923431841190777,3.3480396270751953,640x480,1344x1008
1051,0-6m,307200,0.1851357305290488,18.51357305290488,8.266699484492259,99.72037760416667,0.2923431841190777,3.3480396270751953,640x480,1344x1008
1051,0-10m,307200,0.1851357305290488,18.51357305290488,8.266699484492259,99.72037760416667,0.2923431841190777,3.3480396270751953,640x480,1344x1008
1052,0-3m,307200,0.060566683477178834,6.056668347717883,3.8632111263384386,99.41634114583333,0.2915010819073858,3.3480396270751953,640x480,1344x1008
1052,0-6m,307200,0.060566683477178834,6.056668347717883,3.8632111263384386,99.41634114583333,0.2915010819073858,3.3480396270751953,640x480,1344x1008
1052,0-10m,307200,0.060566683477178834,6.056668347717883,3.8632111263384386,99.41634114583333,0.2915010819073858,3.3480396270751953,640x480,1344x1008
1053,0-3m,174163,0.3428494976544328,34.28494976544328,27.903134531150624,77.01406154005156,0.2897505439051671,3.3480396270751953,640x480,1344x1008
1053,0-6m,307200,0.30171001679302817,30.171001679302815,18.394884853862344,84.90364583333333,0.2897505439051671,3.3480396270751953,640x480,1344x1008
1053,0-10m,307200,0.30171001679302817,30.171001679302815,18.394884853862344,84.90364583333333,0.2897505439051671,3.3480396270751953,640x480,1344x1008
1054,0-3m,259955,0.15132866967274916,15.132866967274916,6.260710355480617,96.53940105018177,0.29068796510221295,3.3480396270751953,640x480,1344x1008
1054,0-6m,307200,0.14412695297660927,14.412695297660926,5.8047019831306805,96.484375,0.29068796510221295,3.3480396270751953,640x480,1344x1008
1054,0-10m,307200,0.14412695297660927,14.412695297660926,5.8047019831306805,96.484375,0.29068796510221295,3.3480396270751953,640x480,1344x1008
1055,0-3m,293757,0.0815694188588093,8.156941885880931,4.221689980305528,99.20546574209295,0.29043117848423805,3.3480396270751953,640x480,1344x1008
1055,0-6m,307200,0.08524113238944361,8.524113238944361,4.27036850728635,99.240234375,0.29043117848423805,3.3480396270751953,640x480,1344x1008
1055,0-10m,307200,0.08524113238944361,8.524113238944361,4.27036850728635,99.240234375,0.29043117848423805,3.3480396270751953,640x480,1344x1008
1056,0-3m,134577,0.08054568585390194,8.054568585390195,3.657810739051717,99.18708248809232,0.2912993854777257,3.3480396270751953,640x480,1344x1008
1056,0-6m,307200,0.11290524483464348,11.290524483464349,3.903270886861093,99.41927083333333,0.2912993854777257,3.3480396270751953,640x480,1344x1008
1056,0-10m,307200,0.11290524483464348,11.290524483464349,3.903270886861093,99.41927083333333,0.2912993854777257,3.3480396270751953,640x480,1344x1008
1057,0-3m,297448,0.08668580950340483,8.668580950340484,3.566408081072962,97.9179554073317,0.28860105487034116,3.3480396270751953,640x480,1344x1008
1057,0-6m,307200,0.1130275136581622,11.30275136581622,4.344093863691948,95.2314453125,0.28860105487034116,3.3480396270751953,640x480,1344x1008
1057,0-10m,307200,0.1130275136581622,11.30275136581622,4.344093863691948,95.2314453125,0.28860105487034116,3.3480396270751953,640x480,1344x1008
1058,0-3m,94603,0.2170487148316203,21.70487148316203,9.827988826314705,96.5920742471169,0.28824130547502674,3.3480396270751953,640x480,1344x1008
1058,0-6m,307200,0.2829443955630995,28.294439556309953,8.45333648841856,98.7314453125,0.28824130547502674,3.3480396270751953,640x480,1344x1008
1058,0-10m,307200,0.2829443955630995,28.294439556309953,8.45333648841856,98.7314453125,0.28824130547502674,3.3480396270751953,640x480,1344x1008
1059,0-3m,170860,0.13468798695006332,13.468798695006331,5.873918367661949,99.89172421865855,0.2934081602388941,3.3480396270751953,640x480,1344x1008
1059,0-6m,307200,0.16402480148671505,16.402480148671504,5.855300609498805,99.88932291666667,0.2934081602388941,3.3480396270751953,640x480,1344x1008
1059,0-10m,307200,0.16402480148671505,16.402480148671504,5.855300609498805,99.88932291666667,0.2934081602388941,3.3480396270751953,640x480,1344x1008
1060,0-3m,156822,0.2431542637034656,24.31542637034656,11.562762914182066,99.92666845213044,0.2848312356416148,3.3480396270751953,640x480,1344x1008
1060,0-6m,307200,0.24963321334449573,24.963321334449574,9.312663200985254,99.5830078125,0.2848312356416148,3.3480396270751953,640x480,1344x1008
1060,0-10m,307200,0.24963321334449573,24.963321334449574,9.312663200985254,99.5830078125,0.2848312356416148,3.3480396270751953,640x480,1344x1008
1061,0-3m,193864,0.29645121914229255,29.645121914229257,19.607518557251634,66.22477613172121,0.28669013798815096,3.3480396270751953,640x480,1344x1008
1061,0-6m,307200,0.3507161618726483,35.07161618726483,17.47776074924116,78.353515625,0.28669013798815096,3.3480396270751953,640x480,1344x1008
1061,0-10m,307200,0.3507161618726483,35.07161618726483,17.47776074924116,78.353515625,0.28669013798815096,3.3480396270751953,640x480,1344x1008
1062,0-3m,251334,0.24852173881080283,24.852173881080283,11.189956765127969,99.19310558857934,0.2925153426479616,3.3480396270751953,640x480,1344x1008
1062,0-6m,307200,0.25986855289898814,25.986855289898813,10.879729381486001,99.20475260416667,0.2925153426479616,3.3480396270751953,640x480,1344x1008
1062,0-10m,307200,0.25986855289898814,25.986855289898813,10.879729381486001,99.20475260416667,0.2925153426479616,3.3480396270751953,640x480,1344x1008
1063,0-3m,307200,0.3028591334503532,30.28591334503532,16.545839560345232,94.93880208333333,0.2918865776624363,3.3480396270751953,640x480,1344x1008
1063,0-6m,307200,0.3028591334503532,30.28591334503532,16.545839560345232,94.93880208333333,0.2918865776624363,3.3480396270751953,640x480,1344x1008
1063,0-10m,307200,0.3028591334503532,30.28591334503532,16.545839560345232,94.93880208333333,0.2918865776624363,3.3480396270751953,640x480,1344x1008
1064,0-3m,285897,0.1949154108155743,19.491541081557433,9.257003775381278,99.65547032672606,0.2910306252971622,3.3480396270751953,640x480,1344x1008
1064,0-6m,307200,0.20175539021302635,20.175539021302637,9.263117090164553,99.67936197916667,0.2910306252971622,3.3480396270751953,640x480,1344x1008
1064,0-10m,307200,0.20175539021302635,20.175539021302637,9.263117090164553,99.67936197916667,0.2910306252971622,3.3480396270751953,640x480,1344x1008
1065,0-3m,151118,0.28559481396654474,28.559481396654473,16.99777708286726,83.62471710848476,0.29296800613468754,3.3480396270751953,640x480,1344x1008
1065,0-6m,307200,0.3115268365573138,31.152683655731376,12.648929124777752,91.373046875,0.29296800613468754,3.3480396270751953,640x480,1344x1008
1065,0-10m,307200,0.3115268365573138,31.152683655731376,12.648929124777752,91.373046875,0.29296800613468754,3.3480396270751953,640x480,1344x1008
1066,0-3m,271614,0.12290933102379623,12.290933102379622,5.832912123951175,99.69221026898467,0.290585587785332,3.3480396270751953,640x480,1344x1008
1066,0-6m,307200,0.13394259003223852,13.394259003223851,5.815807404839333,99.08626302083333,0.290585587785332,3.3480396270751953,640x480,1344x1008
1066,0-10m,307200,0.13394259003223852,13.394259003223851,5.815807404839333,99.08626302083333,0.290585587785332,3.3480396270751953,640x480,1344x1008
1067,0-3m,307200,0.20828059917529268,20.828059917529266,11.678162969622688,92.80436197916667,0.29150172770020844,3.3480396270751953,640x480,1344x1008
1067,0-6m,307200,0.20828059917529268,20.828059917529266,11.678162969622688,92.80436197916667,0.29150172770020844,3.3480396270751953,640x480,1344x1008
1067,0-10m,307200,0.20828059917529268,20.828059917529266,11.678162969622688,92.80436197916667,0.29150172770020844,3.3480396270751953,640x480,1344x1008
1068,0-3m,307200,0.20326671903332075,20.326671903332073,10.671215367839958,97.95703125,0.29123764085888754,3.3480396270751953,640x480,1344x1008
1068,0-6m,307200,0.20326671903332075,20.326671903332073,10.671215367839958,97.95703125,0.29123764085888754,3.3480396270751953,640x480,1344x1008
1068,0-10m,307200,0.20326671903332075,20.326671903332073,10.671215367839958,97.95703125,0.29123764085888754,3.3480396270751953,640x480,1344x1008
1069,0-3m,173238,0.30893244465854136,30.893244465854135,16.22511525673043,96.03147115528925,0.2909584797901282,3.3480396270751953,640x480,1344x1008
1069,0-6m,307200,0.32057754779583775,32.057754779583775,13.335079552971358,97.62727864583334,0.2909584797901282,3.3480396270751953,640x480,1344x1008
1069,0-10m,307200,0.32057754779583775,32.057754779583775,13.335079552971358,97.62727864583334,0.2909584797901282,3.3480396270751953,640x480,1344x1008
1070,0-3m,171725,0.2550444050372506,25.50444050372506,11.549568755560609,99.80666763721065,0.2917476521680694,3.3480396270751953,640x480,1344x1008
1070,0-6m,307200,0.3224256105336826,32.24256105336826,11.132111915579127,99.57747395833333,0.2917476521680694,3.3480396270751953,640x480,1344x1008
1070,0-10m,307200,0.3224256105336826,32.24256105336826,11.132111915579127,99.57747395833333,0.2917476521680694,3.3480396270751953,640x480,1344x1008
1071,0-3m,121015,0.48152664831215325,48.152664831215326,24.37223727027362,53.28182456720242,0.28927436884071905,3.3480396270751953,640x480,1344x1008
1071,0-6m,307200,0.5898193038161844,58.98193038161844,20.785183238604375,78.52213541666667,0.28927436884071905,3.3480396270751953,640x480,1344x1008
1071,0-10m,307200,0.5898193038161844,58.98193038161844,20.785183238604375,78.52213541666667,0.28927436884071905,3.3480396270751953,640x480,1344x1008
1072,0-3m,307200,0.43516532687353904,43.5165326873539,23.524749296554496,68.92220052083333,0.2903550723142739,3.3480396270751953,640x480,1344x1008
1072,0-6m,307200,0.43516532687353904,43.5165326873539,23.524749296554496,68.92220052083333,0.2903550723142739,3.3480396270751953,640x480,1344x1008
1072,0-10m,307200,0.43516532687353904,43.5165326873539,23.524749296554496,68.92220052083333,0.2903550723142739,3.3480396270751953,640x480,1344x1008
1073,0-3m,206475,0.17832883162567179,17.832883162567178,7.0788062534275165,99.50793074222061,0.2921492570682261,3.3480396270751953,640x480,1344x1008
1073,0-6m,307200,0.21211248815835765,21.211248815835766,7.540116748378646,99.33984375,0.2921492570682261,3.3480396270751953,640x480,1344x1008
1073,0-10m,307200,0.21211248815835765,21.211248815835766,7.540116748378646,99.33984375,0.2921492570682261,3.3480396270751953,640x480,1344x1008
1074,0-3m,107902,0.42626713393043913,42.626713393043914,20.50602171130803,65.25272932846472,0.29256088755194876,3.3480396270751953,640x480,1344x1008
1074,0-6m,307200,0.47309123833004074,47.30912383300407,16.04874278788855,86.20149739583334,0.29256088755194876,3.3480396270751953,640x480,1344x1008
1074,0-10m,307200,0.47309123833004074,47.30912383300407,16.04874278788855,86.20149739583334,0.29256088755194876,3.3480396270751953,640x480,1344x1008
1075,0-3m,127362,0.36110149972790484,36.11014997279048,15.793893085139777,94.33818564406965,0.2934998126900427,3.3480396270751953,640x480,1344x1008
1075,0-6m,307200,0.3665394626511261,36.65394626511261,12.396768168899404,95.60026041666667,0.2934998126900427,3.3480396270751953,640x480,1344x1008
1075,0-10m,307200,0.3665394626511261,36.65394626511261,12.396768168899404,95.60026041666667,0.2934998126900427,3.3480396270751953,640x480,1344x1008
1076,0-3m,168321,0.16508470546151005,16.508470546151006,12.259996693969697,82.07116164946738,0.2912091528218858,3.3480396270751953,640x480,1344x1008
1076,0-6m,307200,0.20658393242939685,20.658393242939685,9.83094069450614,87.60611979166667,0.2912091528218858,3.3480396270751953,640x480,1344x1008
1076,0-10m,307200,0.20658393242939685,20.658393242939685,9.83094069450614,87.60611979166667,0.2912091528218858,3.3480396270751953,640x480,1344x1008
1077,0-3m,246343,0.27762445066593855,27.762445066593855,14.121091985539602,81.79976699155243,0.2930422767106986,3.3480396270751953,640x480,1344x1008
1077,0-6m,307200,0.2554696698252034,25.546966982520342,12.322364739551285,84.919921875,0.2930422767106986,3.3480396270751953,640x480,1344x1008
1077,0-10m,307200,0.2554696698252034,25.546966982520342,12.322364739551285,84.919921875,0.2930422767106986,3.3480396270751953,640x480,1344x1008
1078,0-3m,155125,0.27587387690248266,27.587387690248267,16.267349674887615,79.5713134568896,0.29124558864893263,3.3480396270751953,640x480,1344x1008
1078,0-6m,307200,0.24284508505428676,24.284508505428676,11.002066260580772,88.41829427083333,0.29124558864893263,3.3480396270751953,640x480,1344x1008
1078,0-10m,307200,0.24284508505428676,24.284508505428676,11.002066260580772,88.41829427083333,0.29124558864893263,3.3480396270751953,640x480,1344x1008
1079,0-3m,169005,0.36887085677455833,36.887085677455836,14.600510406422023,97.47699772196088,0.28939431477218014,3.3480396270751953,640x480,1344x1008
1079,0-6m,307200,0.43122824891353956,43.12282489135396,14.50416147470367,97.12337239583333,0.28939431477218014,3.3480396270751953,640x480,1344x1008
1079,0-10m,307200,0.43122824891353956,43.12282489135396,14.50416147470367,97.12337239583333,0.28939431477218014,3.3480396270751953,640x480,1344x1008
1080,0-3m,157807,0.40332715276441794,40.332715276441796,29.146796322450502,58.759750834880585,0.29115440596480074,3.3480396270751953,640x480,1344x1008
1080,0-6m,306742,0.37804007889831615,37.80400788983162,19.058906004063218,76.28821615559656,0.29115440596480074,3.3480396270751953,640x480,1344x1008
1080,0-10m,307200,0.3776902721626296,37.76902721626296,19.03402584894581,76.32356770833333,0.29115440596480074,3.3480396270751953,640x480,1344x1008
1081,0-3m,125515,0.25196505226671223,25.196505226671224,10.970626421897757,95.46269370194797,0.2915460989923015,3.3480396270751953,640x480,1344x1008
1081,0-6m,307041,0.2935328397346886,29.35328397346886,9.322483437418985,96.74571148478542,0.2915460989923015,3.3480396270751953,640x480,1344x1008
1081,0-10m,307200,0.29346228498228205,29.346228498228204,9.31901186878895,96.74479166666666,0.2915460989923015,3.3480396270751953,640x480,1344x1008
1082,0-3m,293523,0.19158996332553677,19.158996332553677,8.474793525138537,99.69814971910208,0.29272518777812134,3.3480396270751953,640x480,1344x1008
1082,0-6m,307200,0.1902599473852509,19.02599473852509,8.33262218095035,99.71158854166666,0.29272518777812134,3.3480396270751953,640x480,1344x1008
1082,0-10m,307200,0.1902599473852509,19.02599473852509,8.33262218095035,99.71158854166666,0.29272518777812134,3.3480396270751953,640x480,1344x1008
1083,0-3m,234376,0.1794707465206197,17.94707465206197,9.427832680761275,94.43671707000718,0.2926346092867381,3.3480396270751953,640x480,1344x1008
1083,0-6m,307200,0.24681616126559675,24.681616126559675,10.404994720541644,91.60091145833333,0.2926346092867381,3.3480396270751953,640x480,1344x1008
1083,0-10m,307200,0.24681616126559675,24.681616126559675,10.404994720541644,91.60091145833333,0.2926346092867381,3.3480396270751953,640x480,1344x1008
1084,0-3m,159133,0.17496626655912204,17.496626655912202,8.277680101920398,90.68200813156291,0.29027175125318666,3.3480396270751953,640x480,1344x1008
1084,0-6m,304523,0.1648548851587913,16.48548851587913,6.3199095972342,95.04602279630767,0.29027175125318666,3.3480396270751953,640x480,1344x1008
1084,0-10m,307200,0.19821726236026735,19.821726236026734,6.705239259703212,94.2177734375,0.29027175125318666,3.3480396270751953,640x480,1344x1008
1085,0-3m,114152,0.3046970352738296,30.469703527382958,13.941887105987124,99.74682878968393,0.29053753249513936,3.3480396270751953,640x480,1344x1008
1085,0-6m,303833,0.37733004154753635,37.73300415475364,11.291789053114327,98.28293832467178,0.29053753249513936,3.3480396270751953,640x480,1344x1008
1085,0-10m,307200,0.3803691633670436,38.03691633670436,11.285681210793868,98.3017578125,0.29053753249513936,3.3480396270751953,640x480,1344x1008
1086,0-3m,133933,0.45922463460531193,45.92246346053119,21.972555990668244,69.31824121015731,0.2906286416680469,3.3480396270751953,640x480,1344x1008
1086,0-6m,307200,0.5112294447705305,51.122944477053046,16.479766192624716,84.85807291666667,0.2906286416680469,3.3480396270751953,640x480,1344x1008
1086,0-10m,307200,0.5112294447705305,51.122944477053046,16.479766192624716,84.85807291666667,0.2906286416680469,3.3480396270751953,640x480,1344x1008
1087,0-3m,291570,0.18309311136589557,18.309311136589557,11.285425880328727,81.89594265528004,0.28843127536441,3.3480396270751953,640x480,1344x1008
1087,0-6m,307200,0.17890951658637883,17.89095165863788,10.874985520920873,82.81575520833333,0.28843127536441,3.3480396270751953,640x480,1344x1008
1087,0-10m,307200,0.17890951658637883,17.89095165863788,10.874985520920873,82.81575520833333,0.28843127536441,3.3480396270751953,640x480,1344x1008
1088,0-3m,117662,0.2612117474382591,26.121174743825907,15.66314586507987,83.8809471197158,0.29049076730257267,3.3480396270751953,640x480,1344x1008
1088,0-6m,307200,0.20780997345282232,20.78099734528223,9.045607925826946,92.88541666666667,0.29049076730257267,3.3480396270751953,640x480,1344x1008
1088,0-10m,307200,0.20780997345282232,20.78099734528223,9.045607925826946,92.88541666666667,0.29049076730257267,3.3480396270751953,640x480,1344x1008
1089,0-3m,250532,0.28241550334131843,28.241550334131844,16.435666615974444,88.99062794373573,0.28570717568526977,3.3480396270751953,640x480,1344x1008
1089,0-6m,307200,0.26984563466355516,26.984563466355517,14.535945927069772,90.47233072916666,0.28570717568526977,3.3480396270751953,640x480,1344x1008
1089,0-10m,307200,0.26984563466355516,26.984563466355517,14.535945927069772,90.47233072916666,0.28570717568526977,3.3480396270751953,640x480,1344x1008
1090,0-3m,175345,0.18099604584832246,18.099604584832246,9.802797695251558,95.04975904645127,0.2918387810198308,3.3480396270751953,640x480,1344x1008
1090,0-6m,307200,0.27773292517250714,27.773292517250713,10.747533895100306,96.98014322916667,0.2918387810198308,3.3480396270751953,640x480,1344x1008
1090,0-10m,307200,0.27773292517250714,27.773292517250713,10.747533895100306,96.98014322916667,0.2918387810198308,3.3480396270751953,640x480,1344x1008
1091,0-3m,210639,0.2586045125913964,25.860451259139637,11.514529550548312,94.10080754276274,0.2906744289139944,3.3480396270751953,640x480,1344x1008
1091,0-6m,307200,0.2938233736002197,29.38233736002197,11.416930165422713,95.61490885416667,0.2906744289139944,3.3480396270751953,640x480,1344x1008
1091,0-10m,307200,0.2938233736002197,29.38233736002197,11.416930165422713,95.61490885416667,0.2906744289139944,3.3480396270751953,640x480,1344x1008
1092,0-3m,261924,0.498986608436641,49.8986608436641,23.573319837881847,75.62193613414578,0.29051486962492873,3.3480396270751953,640x480,1344x1008
1092,0-6m,307200,0.5403496922261547,54.03496922261547,23.665108335550762,72.20377604166667,0.29051486962492873,3.3480396270751953,640x480,1344x1008
1092,0-10m,307200,0.5403496922261547,54.03496922261547,23.665108335550762,72.20377604166667,0.29051486962492873,3.3480396270751953,640x480,1344x1008
1093,0-3m,196900,0.20885902460182057,20.885902460182056,11.608083949370434,95.17521584560691,0.2909694347944665,3.3480396270751953,640x480,1344x1008
1093,0-6m,307200,0.21714041843583498,21.714041843583498,9.901076253066359,96.4853515625,0.2909694347944665,3.3480396270751953,640x480,1344x1008
1093,0-10m,307200,0.21714041843583498,21.714041843583498,9.901076253066359,96.4853515625,0.2909694347944665,3.3480396270751953,640x480,1344x1008
1094,0-3m,272355,0.2852965559985411,28.52965559985411,15.172167981696166,91.05872849773274,0.28944423783050943,3.3480396270751953,640x480,1344x1008
1094,0-6m,307200,0.2966744037061774,29.667440370617744,14.764168391683935,91.57584635416667,0.28944423783050943,3.3480396270751953,640x480,1344x1008
1094,0-10m,307200,0.2966744037061774,29.667440370617744,14.764168391683935,91.57584635416667,0.28944423783050943,3.3480396270751953,640x480,1344x1008
1095,0-3m,280582,0.16411419723005882,16.41141972300588,10.954687342461948,95.18785952056797,0.2903259053461025,3.3480396270751953,640x480,1344x1008
1095,0-6m,307200,0.15971540950393925,15.971540950393926,10.316609292028689,95.603515625,0.2903259053461025,3.3480396270751953,640x480,1344x1008
1095,0-10m,307200,0.15971540950393925,15.971540950393926,10.316609292028689,95.603515625,0.2903259053461025,3.3480396270751953,640x480,1344x1008
1096,0-3m,170094,0.19962409980007192,19.96240998000719,11.072703197056478,82.5143744047409,0.2912436377101211,3.3480396270751953,640x480,1344x1008
1096,0-6m,307200,0.1542734228881697,15.42734228881697,7.384299556559595,90.12141927083334,0.2912436377101211,3.3480396270751953,640x480,1344x1008
1096,0-10m,307200,0.1542734228881697,15.42734228881697,7.384299556559595,90.12141927083334,0.2912436377101211,3.3480396270751953,640x480,1344x1008
1097,0-3m,175321,0.20561751472881376,20.561751472881376,8.543355840448385,99.84713753629057,0.2927906680811555,3.3480396270751953,640x480,1344x1008
1097,0-6m,307200,0.27161490264426297,27.1614902644263,8.889409578957004,99.70377604166667,0.2927906680811555,3.3480396270751953,640x480,1344x1008
1097,0-10m,307200,0.27161490264426297,27.1614902644263,8.889409578957004,99.70377604166667,0.2927906680811555,3.3480396270751953,640x480,1344x1008
1098,0-3m,146000,0.1784580216424106,17.84580216424106,7.482725662514198,98.52397260273973,0.28952939804851946,3.3480396270751953,640x480,1344x1008
1098,0-6m,307200,0.22699795200644682,22.699795200644683,7.262754171271725,98.98600260416667,0.28952939804851946,3.3480396270751953,640x480,1344x1008
1098,0-10m,307200,0.22699795200644682,22.699795200644683,7.262754171271725,98.98600260416667,0.28952939804851946,3.3480396270751953,640x480,1344x1008
1099,0-3m,206006,0.1831156404070737,18.31156404070737,10.55277631141015,97.709290020679,0.29336655103413145,3.3480396270751953,640x480,1344x1008
1099,0-6m,307200,0.242265199694084,24.2265199694084,10.273117589668681,97.4453125,0.29336655103413145,3.3480396270751953,640x480,1344x1008
1099,0-10m,307200,0.242265199694084,24.2265199694084,10.273117589668681,97.4453125,0.29336655103413145,3.3480396270751953,640x480,1344x1008
1100,0-3m,150844,0.3565436727119761,35.654367271197614,19.344462763729137,69.23576675240646,0.29216497960369975,3.3480396270751953,640x480,1344x1008
1100,0-6m,307200,0.49553195636098585,49.553195636098586,17.596101920150875,83.8193359375,0.29216497960369975,3.3480396270751953,640x480,1344x1008
1100,0-10m,307200,0.49553195636098585,49.553195636098586,17.596101920150875,83.8193359375,0.29216497960369975,3.3480396270751953,640x480,1344x1008
1101,0-3m,191481,0.28091395318269397,28.091395318269395,14.765828238378779,86.0732918670782,0.28956996775102334,3.3480396270751953,640x480,1344x1008
1101,0-6m,307200,0.306451264108764,30.6451264108764,13.113859965518456,91.1328125,0.28956996775102334,3.3480396270751953,640x480,1344x1008
1101,0-10m,307200,0.306451264108764,30.6451264108764,13.113859965518456,91.1328125,0.28956996775102334,3.3480396270751953,640x480,1344x1008
1102,0-3m,180620,0.31891084319398644,31.891084319398644,12.818382708196935,92.12047392315358,0.29177821226129463,3.3480396270751953,640x480,1344x1008
1102,0-6m,307200,0.41485791213965667,41.48579121396567,14.347290791369852,89.95703125,0.29177821226129463,3.3480396270751953,640x480,1344x1008
1102,0-10m,307200,0.41485791213965667,41.48579121396567,14.347290791369852,89.95703125,0.29177821226129463,3.3480396270751953,640x480,1344x1008
1103,0-3m,232586,0.09102162276529006,9.102162276529006,4.162394654692633,98.87998417789548,0.29062386102528287,3.3480396270751953,640x480,1344x1008
1103,0-6m,307200,0.1550310928832429,15.503109288324291,5.717510437643785,93.76236979166667,0.29062386102528287,3.3480396270751953,640x480,1344x1008
1103,0-10m,307200,0.1550310928832429,15.503109288324291,5.717510437643785,93.76236979166667,0.29062386102528287,3.3480396270751953,640x480,1344x1008
1104,0-3m,241644,0.2402529697089184,24.02529697089184,11.713028115595685,99.95158166559071,0.2929276457277394,3.3480396270751953,640x480,1344x1008
1104,0-6m,307200,0.26293972083949485,26.293972083949484,11.433272011398051,99.873046875,0.2929276457277394,3.3480396270751953,640x480,1344x1008
1104,0-10m,307200,0.26293972083949485,26.293972083949484,11.433272011398051,99.873046875,0.2929276457277394,3.3480396270751953,640x480,1344x1008
1105,0-3m,187099,0.16441245218995912,16.441245218995913,8.81526047310223,97.88080107322861,0.2893163905025522,3.3480396270751953,640x480,1344x1008
1105,0-6m,307200,0.14545355447412778,14.545355447412778,6.68203680852357,98.064453125,0.2893163905025522,3.3480396270751953,640x480,1344x1008
1105,0-10m,307200,0.14545355447412778,14.545355447412778,6.68203680852357,98.064453125,0.2893163905025522,3.3480396270751953,640x480,1344x1008
1106,0-3m,110928,0.08823948093247623,8.823948093247623,3.644191663177761,99.79806721476993,0.2924521578253565,3.3480396270751953,640x480,1344x1008
1106,0-6m,307200,0.20880091274816853,20.880091274816852,5.370024315406163,99.443359375,0.2924521578253565,3.3480396270751953,640x480,1344x1008
1106,0-10m,307200,0.20880091274816853,20.880091274816852,5.370024315406163,99.443359375,0.2924521578253565,3.3480396270751953,640x480,1344x1008
1107,0-3m,106942,0.21010662404646951,21.01066240464695,7.9360564889180765,86.41132576536815,0.29340811719439835,3.3480396270751953,640x480,1344x1008
1107,0-6m,307200,0.19958452724308395,19.958452724308394,5.651713418493661,94.39095052083334,0.29340811719439835,3.3480396270751953,640x480,1344x1008
1107,0-10m,307200,0.19958452724308395,19.958452724308394,5.651713418493661,94.39095052083334,0.29340811719439835,3.3480396270751953,640x480,1344x1008
1108,0-3m,227774,0.1706746010810292,17.06746010810292,8.22668675038001,99.54340706138541,0.2933022237419404,3.3480396270751953,640x480,1344x1008
1108,0-6m,307200,0.18505092093662825,18.505092093662824,7.93150018679641,99.6572265625,0.2933022237419404,3.3480396270751953,640x480,1344x1008
1108,0-10m,307200,0.18505092093662825,18.505092093662824,7.93150018679641,99.6572265625,0.2933022237419404,3.3480396270751953,640x480,1344x1008
1109,0-3m,228882,0.12637753525581188,12.63775352558119,6.079870419758516,99.99606784281858,0.29228854830845635,3.3480396270751953,640x480,1344x1008
1109,0-6m,307200,0.14456664403396038,14.456664403396038,5.883962106493904,99.8828125,0.29228854830845635,3.3480396270751953,640x480,1344x1008
1109,0-10m,307200,0.14456664403396038,14.456664403396038,5.883962106493904,99.8828125,0.29228854830845635,3.3480396270751953,640x480,1344x1008
1110,0-3m,90827,0.1897792627295178,18.97792627295178,9.085633741312645,99.60254109460843,0.29267573699921334,3.3480396270751953,640x480,1344x1008
1110,0-6m,305164,0.15991764034086559,15.99176403408656,5.440172963782611,99.08966981688535,0.29267573699921334,3.3480396270751953,640x480,1344x1008
1110,0-10m,307200,0.1810811178673369,18.10811178673369,5.697640785780425,98.43294270833334,0.29267573699921334,3.3480396270751953,640x480,1344x1008
1111,0-3m,168844,0.1560385931442181,15.603859314421811,7.541476224161614,98.17642320722086,0.2913089065580358,3.3480396270751953,640x480,1344x1008
1111,0-6m,305477,0.215920498202408,21.5920498202408,7.908005634350059,98.35208542705342,0.2913089065580358,3.3480396270751953,640x480,1344x1008
1111,0-10m,307200,0.23355082067971428,23.355082067971427,8.126933643964081,97.80045572916667,0.2913089065580358,3.3480396270751953,640x480,1344x1008
1112,0-3m,178838,0.09751036840947425,9.751036840947425,5.228318574852955,98.95995258278441,0.2927624153962543,3.3480396270751953,640x480,1344x1008
1112,0-6m,307200,0.11644675731115664,11.644675731115663,4.617923450866206,98.8798828125,0.2927624153962543,3.3480396270751953,640x480,1344x1008
1112,0-10m,307200,0.11644675731115664,11.644675731115663,4.617923450866206,98.8798828125,0.2927624153962543,3.3480396270751953,640x480,1344x1008
1113,0-3m,115014,0.1575027962704996,15.75027962704996,6.384597298365198,98.8114490409863,0.29167399375929776,3.3480396270751953,640x480,1344x1008
1113,0-6m,307200,0.2302887323324103,23.02887323324103,6.655735254269904,98.6240234375,0.29167399375929776,3.3480396270751953,640x480,1344x1008
1113,0-10m,307200,0.2302887323324103,23.02887323324103,6.655735254269904,98.6240234375,0.29167399375929776,3.3480396270751953,640x480,1344x1008
1114,0-3m,145651,0.230915801709973,23.0915801709973,15.030464244853212,87.8078420333537,0.29074485284201834,3.3480396270751953,640x480,1344x1008
1114,0-6m,307200,0.3551227804440229,35.512278044402294,13.632520582359506,93.2431640625,0.29074485284201834,3.3480396270751953,640x480,1344x1008
1114,0-10m,307200,0.3551227804440229,35.512278044402294,13.632520582359506,93.2431640625,0.29074485284201834,3.3480396270751953,640x480,1344x1008
1115,0-3m,171405,0.17621840381492954,17.621840381492955,9.25540011160393,92.11924973017122,0.2917104098568776,3.3480396270751953,640x480,1344x1008
1115,0-6m,307200,0.34292655895405916,34.292655895405915,10.793994990064556,95.29459635416667,0.2917104098568776,3.3480396270751953,640x480,1344x1008
1115,0-10m,307200,0.34292655895405916,34.292655895405915,10.793994990064556,95.29459635416667,0.2917104098568776,3.3480396270751953,640x480,1344x1008
1116,0-3m,138459,0.14014591768917029,14.014591768917029,6.544322287297372,99.72049487573939,0.29182265073837205,3.3480396270751953,640x480,1344x1008
1116,0-6m,307200,0.21803984214318917,21.803984214318916,6.815385610518963,99.53645833333333,0.29182265073837205,3.3480396270751953,640x480,1344x1008
1116,0-10m,307200,0.21803984214318917,21.803984214318916,6.815385610518963,99.53645833333333,0.29182265073837205,3.3480396270751953,640x480,1344x1008
1117,0-3m,307200,0.2227590085849321,22.275900858493213,11.685907403646167,95.14225260416667,0.29238314425241335,3.3480396270751953,640x480,1344x1008
1117,0-6m,307200,0.2227590085849321,22.275900858493213,11.685907403646167,95.14225260416667,0.29238314425241335,3.3480396270751953,640x480,1344x1008
1117,0-10m,307200,0.2227590085849321,22.275900858493213,11.685907403646167,95.14225260416667,0.29238314425241335,3.3480396270751953,640x480,1344x1008
1118,0-3m,307200,0.2155875365975468,21.558753659754682,12.688011031059574,93.63118489583333,0.29264665006466034,3.3480396270751953,640x480,1344x1008
1118,0-6m,307200,0.2155875365975468,21.558753659754682,12.688011031059574,93.63118489583333,0.29264665006466034,3.3480396270751953,640x480,1344x1008
1118,0-10m,307200,0.2155875365975468,21.558753659754682,12.688011031059574,93.63118489583333,0.29264665006466034,3.3480396270751953,640x480,1344x1008
1119,0-3m,109626,0.14038078413763355,14.038078413763355,6.023513482995595,96.61029317862551,0.29183520392899187,3.3480396270751953,640x480,1344x1008
1119,0-6m,307200,0.17271811793364275,17.271811793364275,5.27907649789559,98.0537109375,0.29183520392899187,3.3480396270751953,640x480,1344x1008
1119,0-10m,307200,0.17271811793364275,17.271811793364275,5.27907649789559,98.0537109375,0.29183520392899187,3.3480396270751953,640x480,1344x1008
1120,0-3m,239826,0.19126736978340392,19.126736978340393,10.342570909054146,96.97864284939914,0.2913108583689046,3.3480396270751953,640x480,1344x1008
1120,0-6m,307200,0.20302778634048688,20.30277863404869,9.666665013939943,97.14811197916666,0.2913108583689046,3.3480396270751953,640x480,1344x1008
1120,0-10m,307200,0.20302778634048688,20.30277863404869,9.666665013939943,97.14811197916666,0.2913108583689046,3.3480396270751953,640x480,1344x1008
1121,0-3m,240864,0.36782369606807613,36.78236960680761,17.05283365816916,90.44232429918958,0.2812067345857999,3.3480396270751953,640x480,1344x1008
1121,0-6m,300559,0.3860752342016664,38.607523420166636,16.13612838935585,91.4522606210428,0.2812067345857999,3.3480396270751953,640x480,1344x1008
1121,0-10m,307200,0.38492856520266894,38.49285652026689,15.891332519140198,91.63248697916667,0.2812067345857999,3.3480396270751953,640x480,1344x1008
1122,0-3m,180331,0.2707249092729559,27.07249092729559,14.594350832659403,97.28942888355301,0.2899383646122762,3.3480396270751953,640x480,1344x1008
1122,0-6m,307200,0.35529745888818676,35.529745888818674,14.672612060352389,97.6962890625,0.2899383646122762,3.3480396270751953,640x480,1344x1008
1122,0-10m,307200,0.35529745888818676,35.529745888818674,14.672612060352389,97.6962890625,0.2899383646122762,3.3480396270751953,640x480,1344x1008
1123,0-3m,160840,0.28359709057129606,28.359709057129606,10.949884910309713,99.6636408853519,0.289611748228566,3.3480396270751953,640x480,1344x1008
1123,0-6m,307200,0.33597897035690644,33.59789703569064,10.92728195271307,99.36100260416667,0.289611748228566,3.3480396270751953,640x480,1344x1008
1123,0-10m,307200,0.33597897035690644,33.59789703569064,10.92728195271307,99.36100260416667,0.289611748228566,3.3480396270751953,640x480,1344x1008
1124,0-3m,142655,0.3318930776616192,33.18930776616192,15.11615992800635,87.77329921839403,0.29021998413485156,3.3480396270751953,640x480,1344x1008
1124,0-6m,307200,0.3689845595827016,36.89845595827016,13.434876790422475,93.65885416666667,0.29021998413485156,3.3480396270751953,640x480,1344x1008
1124,0-10m,307200,0.3689845595827016,36.89845595827016,13.434876790422475,93.65885416666667,0.29021998413485156,3.3480396270751953,640x480,1344x1008
1125,0-3m,307200,0.34771351371503745,34.77135137150375,17.660775363721434,96.50065104166666,0.2861843721619727,3.3480396270751953,640x480,1344x1008
1125,0-6m,307200,0.34771351371503745,34.77135137150375,17.660775363721434,96.50065104166666,0.2861843721619727,3.3480396270751953,640x480,1344x1008
1125,0-10m,307200,0.34771351371503745,34.77135137150375,17.660775363721434,96.50065104166666,0.2861843721619727,3.3480396270751953,640x480,1344x1008
1126,0-3m,141013,0.34463663493806745,34.46366349380675,14.630907342957553,88.57623056030295,0.2912854868378761,3.3480396270751953,640x480,1344x1008
1126,0-6m,307200,0.4180194512436477,41.80194512436477,12.893348674932303,93.11588541666667,0.2912854868378761,3.3480396270751953,640x480,1344x1008
1126,0-10m,307200,0.4180194512436477,41.80194512436477,12.893348674932303,93.11588541666667,0.2912854868378761,3.3480396270751953,640x480,1344x1008
1127,0-3m,236876,0.3814712237694977,38.147122376949774,22.29435771449677,68.34166399297523,0.28118667412575604,3.3480396270751953,640x480,1344x1008
1127,0-6m,307200,0.39598499990378816,39.59849999037882,20.29485485627938,75.48209635416666,0.28118667412575604,3.3480396270751953,640x480,1344x1008
1127,0-10m,307200,0.39598499990378816,39.59849999037882,20.29485485627938,75.48209635416666,0.28118667412575604,3.3480396270751953,640x480,1344x1008
1128,0-3m,108751,0.26886899960655886,26.886899960655885,11.794479699486539,93.41523296337505,0.2926024568712141,3.3480396270751953,640x480,1344x1008
1128,0-6m,307200,0.2700541807520979,27.005418075209793,8.866787109045578,96.78645833333334,0.2926024568712141,3.3480396270751953,640x480,1344x1008
1128,0-10m,307200,0.2700541807520979,27.005418075209793,8.866787109045578,96.78645833333334,0.2926024568712141,3.3480396270751953,640x480,1344x1008
1129,0-3m,152528,0.1395560183685336,13.95560183685336,7.183231592852016,97.64436693590685,0.2927074857029046,3.3480396270751953,640x480,1344x1008
1129,0-6m,307200,0.18991107467212714,18.991107467212714,6.353174749946399,96.49251302083334,0.2927074857029046,3.3480396270751953,640x480,1344x1008
1129,0-10m,307200,0.18991107467212714,18.991107467212714,6.353174749946399,96.49251302083334,0.2927074857029046,3.3480396270751953,640x480,1344x1008
1130,0-3m,158456,0.22370645013709922,22.37064501370992,13.685512914720558,95.33876912202757,0.2893431029078943,3.3480396270751953,640x480,1344x1008
1130,0-6m,307200,0.1554834215187778,15.548342151877781,8.35035546699239,97.595703125,0.2893431029078943,3.3480396270751953,640x480,1344x1008
1130,0-10m,307200,0.1554834215187778,15.548342151877781,8.35035546699239,97.595703125,0.2893431029078943,3.3480396270751953,640x480,1344x1008
1131,0-3m,158053,0.1171209413003669,11.712094130036691,8.357406098122038,92.87074588903722,0.2865332222238288,3.3480396270751953,640x480,1344x1008
1131,0-6m,307200,0.10886478601935475,10.886478601935474,5.761301526833243,95.75520833333333,0.2865332222238288,3.3480396270751953,640x480,1344x1008
1131,0-10m,307200,0.10886478601935475,10.886478601935474,5.761301526833243,95.75520833333333,0.2865332222238288,3.3480396270751953,640x480,1344x1008
1132,0-3m,223854,0.1180023692560723,11.80023692560723,6.410792187957924,99.93969283550885,0.289822049553237,3.3480396270751953,640x480,1344x1008
1132,0-6m,307200,0.09790936153692503,9.790936153692503,5.058231259618049,99.9560546875,0.289822049553237,3.3480396270751953,640x480,1344x1008
1132,0-10m,307200,0.09790936153692503,9.790936153692503,5.058231259618049,99.9560546875,0.289822049553237,3.3480396270751953,640x480,1344x1008
1133,0-3m,303628,0.10285980795211148,10.285980795211149,5.423251387348741,99.49938740827592,0.29305434247489287,3.3480396270751953,640x480,1344x1008
1133,0-6m,307200,0.1038459782236411,10.38459782236411,5.4304787426721495,99.49381510416667,0.29305434247489287,3.3480396270751953,640x480,1344x1008
1133,0-10m,307200,0.1038459782236411,10.38459782236411,5.4304787426721495,99.49381510416667,0.29305434247489287,3.3480396270751953,640x480,1344x1008
1134,0-3m,240298,0.0899954503871926,8.99954503871926,3.9815538458953084,99.95630425554936,0.287171129467514,3.3480396270751953,640x480,1344x1008
1134,0-6m,307200,0.1018927101274797,10.189271012747971,4.059993631890169,99.89908854166667,0.287171129467514,3.3480396270751953,640x480,1344x1008
1134,0-10m,307200,0.1018927101274797,10.189271012747971,4.059993631890169,99.89908854166667,0.287171129467514,3.3480396270751953,640x480,1344x1008
1135,0-3m,307161,0.08387486218911688,8.387486218911688,4.120944695336664,98.24945224165829,0.29337295432918875,3.3480396270751953,640x480,1344x1008
1135,0-6m,307200,0.08387526182186168,8.387526182186168,4.120788729966493,98.24967447916667,0.29337295432918875,3.3480396270751953,640x480,1344x1008
1135,0-10m,307200,0.08387526182186168,8.387526182186168,4.120788729966493,98.24967447916667,0.29337295432918875,3.3480396270751953,640x480,1344x1008
1136,0-3m,220671,0.20389577640388049,20.389577640388048,8.76757789039072,96.16578526403559,0.28851575722919376,3.3480396270751953,640x480,1344x1008
1136,0-6m,307200,0.1879774233784216,18.79774233784216,7.471067453239899,97.18229166666667,0.28851575722919376,3.3480396270751953,640x480,1344x1008
1136,0-10m,307200,0.1879774233784216,18.79774233784216,7.471067453239899,97.18229166666667,0.28851575722919376,3.3480396270751953,640x480,1344x1008
1137,0-3m,152302,0.10003571246868219,10.00357124686822,5.02992568543221,99.8345392706596,0.28955439749956935,3.3480396270751953,640x480,1344x1008
1137,0-6m,307200,0.15775736738656027,15.775736738656027,5.166925035475857,99.35872395833333,0.28955439749956935,3.3480396270751953,640x480,1344x1008
1137,0-10m,307200,0.15775736738656027,15.775736738656027,5.166925035475857,99.35872395833333,0.28955439749956935,3.3480396270751953,640x480,1344x1008
1138,0-3m,306817,0.07160260195751808,7.160260195751808,3.785917926749191,99.80151034655837,0.28691656449124886,3.3480396270751953,640x480,1344x1008
1138,0-6m,307200,0.07168575657706241,7.168575657706241,3.786903110710364,99.8017578125,0.28691656449124886,3.3480396270751953,640x480,1344x1008
1138,0-10m,307200,0.07168575657706241,7.168575657706241,3.786903110710364,99.8017578125,0.28691656449124886,3.3480396270751953,640x480,1344x1008
1139,0-3m,235486,0.12055315444205263,12.055315444205263,5.587385345816525,99.25812999498909,0.2847079245442956,3.3480396270751953,640x480,1344x1008
1139,0-6m,307200,0.140070282422433,14.0070282422433,5.7292973492184345,99.36555989583333,0.2847079245442956,3.3480396270751953,640x480,1344x1008
1139,0-10m,307200,0.140070282422433,14.0070282422433,5.7292973492184345,99.36555989583333,0.2847079245442956,3.3480396270751953,640x480,1344x1008
1140,0-3m,208176,0.13301442761666202,13.301442761666202,7.583737505442224,95.79058104680655,0.29230712253468255,3.3480396270751953,640x480,1344x1008
1140,0-6m,307200,0.16644855590964047,16.64485559096405,7.44873440727908,96.6708984375,0.29230712253468255,3.3480396270751953,640x480,1344x1008
1140,0-10m,307200,0.16644855590964047,16.64485559096405,7.44873440727908,96.6708984375,0.29230712253468255,3.3480396270751953,640x480,1344x1008
1141,0-3m,223952,0.2700504271049129,27.00504271049129,12.043847424400424,99.83523254983211,0.2930540247136815,3.3480396270751953,640x480,1344x1008
1141,0-6m,307200,0.26977871478069576,26.977871478069577,10.906285819917962,99.72688802083334,0.2930540247136815,3.3480396270751953,640x480,1344x1008
1141,0-10m,307200,0.26977871478069576,26.977871478069577,10.906285819917962,99.72688802083334,0.2930540247136815,3.3480396270751953,640x480,1344x1008
1142,0-3m,303698,0.2885762830206202,28.85762830206202,12.673753686393303,99.81231354832761,0.2929629250731344,3.3480396270751953,640x480,1344x1008
1142,0-6m,307200,0.28770107083992724,28.770107083992723,12.608687642732578,99.814453125,0.2929629250731344,3.3480396270751953,640x480,1344x1008
1142,0-10m,307200,0.28770107083992724,28.770107083992723,12.608687642732578,99.814453125,0.2929629250731344,3.3480396270751953,640x480,1344x1008
1143,0-3m,230566,0.1276816122425362,12.768161224253621,7.100038975079524,89.44944180841928,0.29153593345035317,3.3480396270751953,640x480,1344x1008
1143,0-6m,307200,0.11681788001131888,11.681788001131888,5.990674396367647,91.4375,0.29153593345035317,3.3480396270751953,640x480,1344x1008
1143,0-10m,307200,0.11681788001131888,11.681788001131888,5.990674396367647,91.4375,0.29153593345035317,3.3480396270751953,640x480,1344x1008
1144,0-3m,103734,0.25165406494236975,25.165406494236976,11.382979396189546,94.59579308616269,0.2906988152435553,3.3480396270751953,640x480,1344x1008
1144,0-6m,302674,0.34862833573930896,34.8628335739309,11.02018078941733,97.2881714319697,0.2906988152435553,3.3480396270751953,640x480,1344x1008
1144,0-10m,307200,0.3493068117601797,34.93068117601797,10.949119322091464,97.11946614583333,0.2906988152435553,3.3480396270751953,640x480,1344x1008
1145,0-3m,155542,0.32297250287916107,32.29725028791611,17.878836079165474,94.98527728844942,0.29074139550177674,3.3480396270751953,640x480,1344x1008
1145,0-6m,298146,0.39347726045868714,39.34772604586871,15.258850632472509,94.11898868339672,0.29074139550177674,3.3480396270751953,640x480,1344x1008
1145,0-10m,307200,0.39855518578823346,39.85551857882334,15.060183446975618,94.10026041666667,0.29074139550177674,3.3480396270751953,640x480,1344x1008
1146,0-3m,204400,0.2965308950401099,29.65308950401099,13.719397464896796,95.48874755381604,0.2910172773764757,3.3480396270751953,640x480,1344x1008
1146,0-6m,307200,0.31451928231748755,31.451928231748756,12.54297681749399,96.84244791666666,0.2910172773764757,3.3480396270751953,640x480,1344x1008
1146,0-10m,307200,0.31451928231748755,31.451928231748756,12.54297681749399,96.84244791666666,0.2910172773764757,3.3480396270751953,640x480,1344x1008
1147,0-3m,220454,0.12086054969461403,12.086054969461403,5.4892554602950465,99.30779210175366,0.293250212928766,3.3480396270751953,640x480,1344x1008
1147,0-6m,307200,0.14470674154620308,14.470674154620308,5.653738121953953,99.17838541666667,0.293250212928766,3.3480396270751953,640x480,1344x1008
1147,0-10m,307200,0.14470674154620308,14.470674154620308,5.653738121953953,99.17838541666667,0.293250212928766,3.3480396270751953,640x480,1344x1008
1148,0-3m,307200,0.07616063101449981,7.616063101449981,4.929142237203258,97.2177734375,0.2911750321846122,3.3480396270751953,640x480,1344x1008
1148,0-6m,307200,0.07616063101449981,7.616063101449981,4.929142237203258,97.2177734375,0.2911750321846122,3.3480396270751953,640x480,1344x1008
1148,0-10m,307200,0.07616063101449981,7.616063101449981,4.929142237203258,97.2177734375,0.2911750321846122,3.3480396270751953,640x480,1344x1008
1149,0-3m,139763,0.1904172737881953,19.04172737881953,8.118742407659537,97.70897877120555,0.2917756752750081,3.3480396270751953,640x480,1344x1008
1149,0-6m,306282,0.2132186442344071,21.321864423440708,6.441825177379378,97.24665504339139,0.2917756752750081,3.3480396270751953,640x480,1344x1008
1149,0-10m,307200,0.21411623687599785,21.411623687599786,6.448099375425416,97.2548828125,0.2917756752750081,3.3480396270751953,640x480,1344x1008
1150,0-3m,134613,0.0785016740059095,7.8501674005909505,3.595850727332489,99.83211131168609,0.29199482748714534,3.3480396270751953,640x480,1344x1008
1150,0-6m,307200,0.10359690893557855,10.359690893557854,3.335382981813533,99.09309895833334,0.29199482748714534,3.3480396270751953,640x480,1344x1008
1150,0-10m,307200,0.10359690893557855,10.359690893557854,3.335382981813533,99.09309895833334,0.29199482748714534,3.3480396270751953,640x480,1344x1008
1151,0-3m,262379,0.28794840862238885,28.794840862238885,11.78946294280903,99.17638225620192,0.2924961944051043,3.3480396270751953,640x480,1344x1008
1151,0-6m,307200,0.29843739453780777,29.843739453780778,11.757357427288504,99.29654947916666,0.2924961944051043,3.3480396270751953,640x480,1344x1008
1151,0-10m,307200,0.29843739453780777,29.843739453780778,11.757357427288504,99.29654947916666,0.2924961944051043,3.3480396270751953,640x480,1344x1008
1152,0-3m,307200,0.17666597611814117,17.666597611814115,9.742571309352392,98.96516927083333,0.28916713128644894,3.3480396270751953,640x480,1344x1008
1152,0-6m,307200,0.17666597611814117,17.666597611814115,9.742571309352392,98.96516927083333,0.28916713128644894,3.3480396270751953,640x480,1344x1008
1152,0-10m,307200,0.17666597611814117,17.666597611814115,9.742571309352392,98.96516927083333,0.28916713128644894,3.3480396270751953,640x480,1344x1008
1153,0-3m,307200,0.20763445373546954,20.763445373546954,10.75199718422792,99.71126302083333,0.28685151263484804,3.3480396270751953,640x480,1344x1008
1153,0-6m,307200,0.20763445373546954,20.763445373546954,10.75199718422792,99.71126302083333,0.28685151263484804,3.3480396270751953,640x480,1344x1008
1153,0-10m,307200,0.20763445373546954,20.763445373546954,10.75199718422792,99.71126302083333,0.28685151263484804,3.3480396270751953,640x480,1344x1008
1154,0-3m,307200,0.26572933534528903,26.572933534528904,15.215621272494841,89.712890625,0.28782334830484235,3.3480396270751953,640x480,1344x1008
1154,0-6m,307200,0.26572933534528903,26.572933534528904,15.215621272494841,89.712890625,0.28782334830484235,3.3480396270751953,640x480,1344x1008
1154,0-10m,307200,0.26572933534528903,26.572933534528904,15.215621272494841,89.712890625,0.28782334830484235,3.3480396270751953,640x480,1344x1008
1155,0-3m,305785,0.1791421407203575,17.91421407203575,9.76743520436191,99.67951338358651,0.29029170484305106,3.3480396270751953,640x480,1344x1008
1155,0-6m,307200,0.17917611411578643,17.917611411578644,9.75004224139109,99.6806640625,0.29029170484305106,3.3480396270751953,640x480,1344x1008
1155,0-10m,307200,0.17917611411578643,17.917611411578644,9.75004224139109,99.6806640625,0.29029170484305106,3.3480396270751953,640x480,1344x1008
1156,0-3m,262865,0.16473679714191272,16.473679714191274,7.985064453262355,99.41376752325338,0.2811117553889713,3.3480396270751953,640x480,1344x1008
1156,0-6m,307200,0.15530614029654924,15.530614029654924,7.262020794615008,99.21321614583334,0.2811117553889713,3.3480396270751953,640x480,1344x1008
1156,0-10m,307200,0.15530614029654924,15.530614029654924,7.262020794615008,99.21321614583334,0.2811117553889713,3.3480396270751953,640x480,1344x1008
1157,0-3m,306067,0.13513235009301944,13.513235009301944,8.462937950653856,99.45012039847484,0.2903654760565318,3.3480396270751953,640x480,1344x1008
1157,0-6m,307200,0.1350375110656023,13.50375110656023,8.44499779695735,99.4521484375,0.2903654760565318,3.3480396270751953,640x480,1344x1008
1157,0-10m,307200,0.1350375110656023,13.50375110656023,8.44499779695735,99.4521484375,0.2903654760565318,3.3480396270751953,640x480,1344x1008
1158,0-3m,241832,0.25118764166444874,25.118764166444873,10.656837868934108,98.94844354758675,0.2873941372904575,3.3480396270751953,640x480,1344x1008
1158,0-6m,307200,0.2703726300247945,27.03726300247945,10.67583403133942,99.15104166666666,0.2873941372904575,3.3480396270751953,640x480,1344x1008
1158,0-10m,307200,0.2703726300247945,27.03726300247945,10.67583403133942,99.15104166666666,0.2873941372904575,3.3480396270751953,640x480,1344x1008
1159,0-3m,134442,0.37032424817843074,37.03242481784307,13.688339072129324,98.61650377114294,0.29022149181910023,3.3480396270751953,640x480,1344x1008
1159,0-6m,307200,0.42771030379692093,42.77103037969209,13.73356988570415,99.1328125,0.29022149181910023,3.3480396270751953,640x480,1344x1008
1159,0-10m,307200,0.42771030379692093,42.77103037969209,13.73356988570415,99.1328125,0.29022149181910023,3.3480396270751953,640x480,1344x1008
1160,0-3m,285988,0.221744619550936,22.174461955093598,9.641723893567805,99.75313649523756,0.2917894589644725,3.3480396270751953,640x480,1344x1008
1160,0-6m,307200,0.22610055203045099,22.6100552030451,9.610447763591948,99.76692708333333,0.2917894589644725,3.3480396270751953,640x480,1344x1008
1160,0-10m,307200,0.22610055203045099,22.6100552030451,9.610447763591948,99.76692708333333,0.2917894589644725,3.3480396270751953,640x480,1344x1008
1161,0-3m,284373,0.06476985011751184,6.476985011751184,3.311277462406354,99.62725012571518,0.29090106838455887,3.3480396270751953,640x480,1344x1008
1161,0-6m,307200,0.07063512802512074,7.063512802512075,3.411041119339439,99.65494791666667,0.29090106838455887,3.3480396270751953,640x480,1344x1008
1161,0-10m,307200,0.07063512802512074,7.063512802512075,3.411041119339439,99.65494791666667,0.29090106838455887,3.3480396270751953,640x480,1344x1008
1162,0-3m,292377,0.1439411337521435,14.394113375214351,6.655612005277255,98.75845227223755,0.2914624328689016,3.3480396270751953,640x480,1344x1008
1162,0-6m,307200,0.1472768552415073,14.72768552415073,6.663077320777916,98.8173828125,0.2914624328689016,3.3480396270751953,640x480,1344x1008
1162,0-10m,307200,0.1472768552415073,14.72768552415073,6.663077320777916,98.8173828125,0.2914624328689016,3.3480396270751953,640x480,1344x1008
1163,0-3m,307200,0.08384777191172664,8.384777191172663,4.455395977754451,99.931640625,0.29202971192097493,3.3480396270751953,640x480,1344x1008
1163,0-6m,307200,0.08384777191172664,8.384777191172663,4.455395977754451,99.931640625,0.29202971192097493,3.3480396270751953,640x480,1344x1008
1163,0-10m,307200,0.08384777191172664,8.384777191172663,4.455395977754451,99.931640625,0.29202971192097493,3.3480396270751953,640x480,1344x1008
1164,0-3m,109303,0.2908505361389887,29.08505361389887,11.967201935778874,90.14391187799053,0.29323526764133595,3.3480396270751953,640x480,1344x1008
1164,0-6m,307200,0.44516137533277894,44.51613753327789,13.006669558701173,94.8994140625,0.29323526764133595,3.3480396270751953,640x480,1344x1008
1164,0-10m,307200,0.44516137533277894,44.51613753327789,13.006669558701173,94.8994140625,0.29323526764133595,3.3480396270751953,640x480,1344x1008
1165,0-3m,130992,0.29525633327207007,29.525633327207007,13.207434172733093,99.83128740686455,0.29072207310067977,3.3480396270751953,640x480,1344x1008
1165,0-6m,307200,0.4380591391810837,43.80591391810837,14.15545826873691,98.943359375,0.29072207310067977,3.3480396270751953,640x480,1344x1008
1165,0-10m,307200,0.4380591391810837,43.80591391810837,14.15545826873691,98.943359375,0.29072207310067977,3.3480396270751953,640x480,1344x1008
1166,0-3m,224044,0.25149617905658134,25.149617905658133,13.765203078319693,96.72028708646516,0.2907194445706795,3.3480396270751953,640x480,1344x1008
1166,0-6m,307200,0.28952710678374083,28.952710678374082,13.226710869421293,97.44921875,0.2907194445706795,3.3480396270751953,640x480,1344x1008
1166,0-10m,307200,0.28952710678374083,28.952710678374082,13.226710869421293,97.44921875,0.2907194445706795,3.3480396270751953,640x480,1344x1008
1167,0-3m,222427,0.3220687029014184,32.20687029014184,14.308657592097006,93.6365639063603,0.29150082698949836,3.3480396270751953,640x480,1344x1008
1167,0-6m,307200,0.3540628640000553,35.406286400005534,14.01685006526891,95.31673177083333,0.29150082698949836,3.3480396270751953,640x480,1344x1008
1167,0-10m,307200,0.3540628640000553,35.406286400005534,14.01685006526891,95.31673177083333,0.29150082698949836,3.3480396270751953,640x480,1344x1008
1168,0-3m,164953,0.3082710883233987,30.82710883233987,14.985974690542738,84.51619552236092,0.2926116352156287,3.3480396270751953,640x480,1344x1008
1168,0-6m,307200,0.43638970181695186,43.638970181695186,16.40843917055165,89.48470052083334,0.2926116352156287,3.3480396270751953,640x480,1344x1008
1168,0-10m,307200,0.43638970181695186,43.638970181695186,16.40843917055165,89.48470052083334,0.2926116352156287,3.3480396270751953,640x480,1344x1008
1169,0-3m,174330,0.30405118231080536,30.405118231080536,11.656605282866268,95.29857167441061,0.2904277707719378,3.3480396270751953,640x480,1344x1008
1169,0-6m,307200,0.34820523104746826,34.820523104746826,11.65976614972103,97.03059895833334,0.2904277707719378,3.3480396270751953,640x480,1344x1008
1169,0-10m,307200,0.34820523104746826,34.820523104746826,11.65976614972103,97.03059895833334,0.2904277707719378,3.3480396270751953,640x480,1344x1008
1170,0-3m,223508,0.21902152988197984,21.902152988197983,9.895024252116741,99.91499185711473,0.2922133784149837,3.3480396270751953,640x480,1344x1008
1170,0-6m,307200,0.23341313715830134,23.341313715830132,9.540869232538181,99.93782552083333,0.2922133784149837,3.3480396270751953,640x480,1344x1008
1170,0-10m,307200,0.23341313715830134,23.341313715830132,9.540869232538181,99.93782552083333,0.2922133784149837,3.3480396270751953,640x480,1344x1008
1171,0-3m,251619,0.22334898441865436,22.334898441865437,9.838559296527993,99.85056772342311,0.29126935826980777,3.3480396270751953,640x480,1344x1008
1171,0-6m,307200,0.22957341435986262,22.95734143598626,9.528374118194089,99.87760416666667,0.29126935826980777,3.3480396270751953,640x480,1344x1008
1171,0-10m,307200,0.22957341435986262,22.95734143598626,9.528374118194089,99.87760416666667,0.29126935826980777,3.3480396270751953,640x480,1344x1008
1172,0-3m,241236,0.13144285624871554,13.144285624871554,5.814997352123161,97.84692168664711,0.2904426083942052,3.3480396270751953,640x480,1344x1008
1172,0-6m,307200,0.1427825277201676,14.278252772016762,5.771128504802802,98.251953125,0.2904426083942052,3.3480396270751953,640x480,1344x1008
1172,0-10m,307200,0.1427825277201676,14.278252772016762,5.771128504802802,98.251953125,0.2904426083942052,3.3480396270751953,640x480,1344x1008
1173,0-3m,233242,0.15785634999174175,15.785634999174174,9.568860678448821,97.5801956765934,0.286585973800979,3.3480396270751953,640x480,1344x1008
1173,0-6m,307200,0.15476401694313002,15.476401694313003,8.26772591555924,97.970703125,0.286585973800979,3.3480396270751953,640x480,1344x1008
1173,0-10m,307200,0.15476401694313002,15.476401694313003,8.26772591555924,97.970703125,0.286585973800979,3.3480396270751953,640x480,1344x1008
1174,0-3m,255864,0.13548972630196648,13.548972630196648,8.374594758532265,89.1571303504987,0.2835319403710527,3.3480396270751953,640x480,1344x1008
1174,0-6m,307200,0.14192108221740152,14.192108221740153,7.847511633238434,90.96419270833334,0.2835319403710527,3.3480396270751953,640x480,1344x1008
1174,0-10m,307200,0.14192108221740152,14.192108221740153,7.847511633238434,90.96419270833334,0.2835319403710527,3.3480396270751953,640x480,1344x1008
1175,0-3m,307200,0.2937277599806354,29.37277599806354,16.860579262510377,67.06217447916667,0.27228243007031405,3.3480396270751953,640x480,1344x1008
1175,0-6m,307200,0.2937277599806354,29.37277599806354,16.860579262510377,67.06217447916667,0.27228243007031405,3.3480396270751953,640x480,1344x1008
1175,0-10m,307200,0.2937277599806354,29.37277599806354,16.860579262510377,67.06217447916667,0.27228243007031405,3.3480396270751953,640x480,1344x1008
1176,0-3m,144656,0.18718724741752188,18.718724741752187,10.41917822313954,98.04985621059618,0.27746695313025466,3.3480396270751953,640x480,1344x1008
1176,0-6m,307200,0.20467545883885274,20.467545883885276,8.188395348960393,98.84765625,0.27746695313025466,3.3480396270751953,640x480,1344x1008
1176,0-10m,307200,0.20467545883885274,20.467545883885276,8.188395348960393,98.84765625,0.27746695313025466,3.3480396270751953,640x480,1344x1008
1177,0-3m,223600,0.142134158870935,14.2134158870935,7.089873941688228,99.7938282647585,0.2842074664485781,3.3480396270751953,640x480,1344x1008
1177,0-6m,307200,0.14202974580111913,14.202974580111913,6.281182969869192,99.62923177083334,0.2842074664485781,3.3480396270751953,640x480,1344x1008
1177,0-10m,307200,0.14202974580111913,14.202974580111913,6.281182969869192,99.62923177083334,0.2842074664485781,3.3480396270751953,640x480,1344x1008
1178,0-3m,179652,0.22779559571868874,22.779559571868873,15.374742435599003,76.3748803241823,0.2892064034579573,3.3480396270751953,640x480,1344x1008
1178,0-6m,307200,0.1927455910803595,19.274559108035948,10.684925158669108,85.62662760416667,0.2892064034579573,3.3480396270751953,640x480,1344x1008
1178,0-10m,307200,0.1927455910803595,19.274559108035948,10.684925158669108,85.62662760416667,0.2892064034579573,3.3480396270751953,640x480,1344x1008
1179,0-3m,248504,0.38684360712538307,38.68436071253831,20.545334572047512,86.99900202813636,0.2907711110275319,3.3480396270751953,640x480,1344x1008
1179,0-6m,307200,0.38063671440642793,38.06367144064279,18.678400933463237,89.41731770833333,0.2907711110275319,3.3480396270751953,640x480,1344x1008
1179,0-10m,307200,0.38063671440642793,38.06367144064279,18.678400933463237,89.41731770833333,0.2907711110275319,3.3480396270751953,640x480,1344x1008
1180,0-3m,234484,0.11783722753308898,11.783722753308897,6.006093060311713,99.84732433769469,0.28883519955874287,3.3480396270751953,640x480,1344x1008
1180,0-6m,293195,0.1733061521704138,17.33061521704138,6.481549539195856,98.81239448148843,0.28883519955874287,3.3480396270751953,640x480,1344x1008
1180,0-10m,307200,0.19719516680653518,19.719516680653516,6.641600861658027,98.54557291666667,0.28883519955874287,3.3480396270751953,640x480,1344x1008
1181,0-3m,203222,0.2986744348208657,29.86744348208657,14.814561997190987,96.79611459389238,0.2913994133355012,3.3480396270751953,640x480,1344x1008
1181,0-6m,307200,0.2694110257574357,26.94110257574357,11.738303493805782,96.95442708333334,0.2913994133355012,3.3480396270751953,640x480,1344x1008
1181,0-10m,307200,0.2694110257574357,26.94110257574357,11.738303493805782,96.95442708333334,0.2913994133355012,3.3480396270751953,640x480,1344x1008
1182,0-3m,171746,0.222295704858697,22.2295704858697,11.057665958454672,98.55600712680354,0.28526938772745936,3.3480396270751953,640x480,1344x1008
1182,0-6m,307200,0.2168021297022157,21.68021297022157,9.079290857815717,99.18522135416666,0.28526938772745936,3.3480396270751953,640x480,1344x1008
1182,0-10m,307200,0.2168021297022157,21.68021297022157,9.079290857815717,99.18522135416666,0.28526938772745936,3.3480396270751953,640x480,1344x1008
1183,0-3m,200750,0.11148650851433779,11.148650851433779,4.386104043829485,99.86251556662515,0.28792383792632265,3.3480396270751953,640x480,1344x1008
1183,0-6m,307200,0.14354763431707396,14.354763431707395,4.9214342758786565,99.720703125,0.28792383792632265,3.3480396270751953,640x480,1344x1008
1183,0-10m,307200,0.14354763431707396,14.354763431707395,4.9214342758786565,99.720703125,0.28792383792632265,3.3480396270751953,640x480,1344x1008
1184,0-3m,228259,0.3899593949952471,38.99593949952471,18.48329898050792,91.88772403278732,0.28969036040111085,3.3480396270751953,640x480,1344x1008
1184,0-6m,307200,0.41330530905203583,41.33053090520358,17.26376341831059,93.7939453125,0.28969036040111085,3.3480396270751953,640x480,1344x1008
1184,0-10m,307200,0.41330530905203583,41.33053090520358,17.26376341831059,93.7939453125,0.28969036040111085,3.3480396270751953,640x480,1344x1008
1185,0-3m,183761,0.31728743284973315,31.728743284973316,15.433657715760226,88.70761478224432,0.28667492519677507,3.3480396270751953,640x480,1344x1008
1185,0-6m,307200,0.367783524285381,36.7783524285381,14.450995048674711,92.72526041666667,0.28667492519677507,3.3480396270751953,640x480,1344x1008
1185,0-10m,307200,0.367783524285381,36.7783524285381,14.450995048674711,92.72526041666667,0.28667492519677507,3.3480396270751953,640x480,1344x1008
1186,0-3m,69018,0.2473872892409386,24.738728924093863,11.684488481975485,92.16870961198528,0.29257073950855844,3.3480396270751953,640x480,1344x1008
1186,0-6m,300861,0.22704039166360626,22.704039166360626,6.645964874114477,97.51912012524056,0.29257073950855844,3.3480396270751953,640x480,1344x1008
1186,0-10m,307200,0.22682156374289963,22.682156374289963,6.582257995873837,97.5703125,0.29257073950855844,3.3480396270751953,640x480,1344x1008
1187,0-3m,120778,0.11034683199610582,11.034683199610582,4.655721277533612,99.83606285912997,0.29133513092984703,3.3480396270751953,640x480,1344x1008
1187,0-6m,307200,0.16119131631295508,16.11913163129551,4.393682410392236,99.255859375,0.29133513092984703,3.3480396270751953,640x480,1344x1008
1187,0-10m,307200,0.16119131631295508,16.11913163129551,4.393682410392236,99.255859375,0.29133513092984703,3.3480396270751953,640x480,1344x1008
1188,0-3m,137227,0.10928773690280492,10.928773690280492,4.869524424422655,97.98363295852856,0.2903981085105533,3.3480396270751953,640x480,1344x1008
1188,0-6m,307200,0.11700232029582064,11.700232029582065,3.799817898064721,98.39485677083334,0.2903981085105533,3.3480396270751953,640x480,1344x1008
1188,0-10m,307200,0.11700232029582064,11.700232029582065,3.799817898064721,98.39485677083334,0.2903981085105533,3.3480396270751953,640x480,1344x1008
1189,0-3m,127813,0.15174576888433197,15.174576888433197,6.8594101962438785,97.26553636953987,0.29078677858744867,3.3480396270751953,640x480,1344x1008
1189,0-6m,307200,0.1504452511939841,15.044525119398411,5.405477355143519,97.927734375,0.29078677858744867,3.3480396270751953,640x480,1344x1008
1189,0-10m,307200,0.1504452511939841,15.044525119398411,5.405477355143519,97.927734375,0.29078677858744867,3.3480396270751953,640x480,1344x1008
1190,0-3m,149744,0.21937456257336413,21.937456257336414,12.357921355443265,91.14689069345016,0.29147492959986904,3.3480396270751953,640x480,1344x1008
1190,0-6m,307200,0.178616541455267,17.8616541455267,8.18572675693012,94.07259114583333,0.29147492959986904,3.3480396270751953,640x480,1344x1008
1190,0-10m,307200,0.178616541455267,17.8616541455267,8.18572675693012,94.07259114583333,0.29147492959986904,3.3480396270751953,640x480,1344x1008
1191,0-3m,181102,0.12065743191817707,12.065743191817708,5.040892482291189,99.78741261830349,0.29102660216000814,3.3480396270751953,640x480,1344x1008
1191,0-6m,307200,0.15310957800402927,15.310957800402928,5.0063082001515,98.90690104166666,0.29102660216000814,3.3480396270751953,640x480,1344x1008
1191,0-10m,307200,0.15310957800402927,15.310957800402928,5.0063082001515,98.90690104166666,0.29102660216000814,3.3480396270751953,640x480,1344x1008
1192,0-3m,141806,0.13153058280477825,13.153058280477826,5.914870541430249,99.58534899792674,0.2856917242299437,3.3480396270751953,640x480,1344x1008
1192,0-6m,307200,0.15004902122775093,15.004902122775093,5.017405993216393,98.83333333333333,0.2856917242299437,3.3480396270751953,640x480,1344x1008
1192,0-10m,307200,0.15004902122775093,15.004902122775093,5.017405993216393,98.83333333333333,0.2856917242299437,3.3480396270751953,640x480,1344x1008
1193,0-3m,97457,0.3634966633476106,36.34966633476106,14.859819428258673,99.21709061432222,0.2849311808574264,3.3480396270751953,640x480,1344x1008
1193,0-6m,305163,0.41500133951619483,41.50013395161948,13.050058927817767,97.41318574007988,0.2849311808574264,3.3480396270751953,640x480,1344x1008
1193,0-10m,307200,0.41339950697418926,41.33995069741893,12.982087099706133,97.43033854166666,0.2849311808574264,3.3480396270751953,640x480,1344x1008
1194,0-3m,205128,0.08899575051128443,8.899575051128442,4.019779557592415,98.15334815334815,0.2918965546619106,3.3480396270751953,640x480,1344x1008
1194,0-6m,307200,0.09444258817393954,9.444258817393953,3.7113875199784445,98.75944010416666,0.2918965546619106,3.3480396270751953,640x480,1344x1008
1194,0-10m,307200,0.09444258817393954,9.444258817393953,3.7113875199784445,98.75944010416666,0.2918965546619106,3.3480396270751953,640x480,1344x1008
1195,0-3m,307200,0.07377763993067978,7.377763993067978,4.659830252630649,99.64615885416667,0.2927130120167844,3.3480396270751953,640x480,1344x1008
1195,0-6m,307200,0.07377763993067978,7.377763993067978,4.659830252630649,99.64615885416667,0.2927130120167844,3.3480396270751953,640x480,1344x1008
1195,0-10m,307200,0.07377763993067978,7.377763993067978,4.659830252630649,99.64615885416667,0.2927130120167844,3.3480396270751953,640x480,1344x1008
1196,0-3m,223759,0.17750273634102526,17.750273634102527,8.794611349119132,97.77260356008026,0.29372692976883075,3.3480396270751953,640x480,1344x1008
1196,0-6m,307200,0.20192244376055896,20.192244376055896,8.576257473302928,97.80240885416667,0.29372692976883075,3.3480396270751953,640x480,1344x1008
1196,0-10m,307200,0.20192244376055896,20.192244376055896,8.576257473302928,97.80240885416667,0.29372692976883075,3.3480396270751953,640x480,1344x1008
1197,0-3m,277683,0.25610127080541767,25.610127080541766,13.627093583557842,90.91265939938708,0.2927165849540106,3.3480396270751953,640x480,1344x1008
1197,0-6m,307200,0.259003174812533,25.9003174812533,13.13825498017649,91.74055989583333,0.2927165849540106,3.3480396270751953,640x480,1344x1008
1197,0-10m,307200,0.259003174812533,25.9003174812533,13.13825498017649,91.74055989583333,0.2927165849540106,3.3480396270751953,640x480,1344x1008
1198,0-3m,177990,0.2002160916201713,20.02160916201713,8.786969062305738,98.3100174167088,0.29313989617654795,3.3480396270751953,640x480,1344x1008
1198,0-6m,307200,0.2544018784398213,25.44018784398213,8.928569312240544,98.89811197916667,0.29313989617654795,3.3480396270751953,640x480,1344x1008
1198,0-10m,307200,0.2544018784398213,25.44018784398213,8.928569312240544,98.89811197916667,0.29313989617654795,3.3480396270751953,640x480,1344x1008
1199,0-3m,305167,0.2404119939186903,24.041199391869032,14.175116761637662,89.63387260090376,0.2920117783538305,3.3480396270751953,640x480,1344x1008
1199,0-6m,307200,0.23967198232809703,23.967198232809704,14.109385929979354,89.70247395833333,0.2920117783538305,3.3480396270751953,640x480,1344x1008
1199,0-10m,307200,0.23967198232809703,23.967198232809704,14.109385929979354,89.70247395833333,0.2920117783538305,3.3480396270751953,640x480,1344x1008
1200,0-3m,282117,0.18501271072608363,18.501271072608365,9.409965760260794,94.4033858292836,0.2912110863353412,3.3480396270751953,640x480,1344x1008
1200,0-6m,307200,0.19520591273108343,19.52059127310834,9.443415242957327,94.84635416666667,0.2912110863353412,3.3480396270751953,640x480,1344x1008
1200,0-10m,307200,0.19520591273108343,19.52059127310834,9.443415242957327,94.84635416666667,0.2912110863353412,3.3480396270751953,640x480,1344x1008
1201,0-3m,253198,0.18230519344720436,18.230519344720435,8.049084060195177,99.9755132347017,0.2916324921988347,3.3480396270751953,640x480,1344x1008
1201,0-6m,307200,0.16880168333804857,16.880168333804857,7.21356059831628,99.92708333333333,0.2916324921988347,3.3480396270751953,640x480,1344x1008
1201,0-10m,307200,0.16880168333804857,16.880168333804857,7.21356059831628,99.92708333333333,0.2916324921988347,3.3480396270751953,640x480,1344x1008
1202,0-3m,285169,0.07723347573884154,7.723347573884154,3.9695934956558485,99.16716052586361,0.29210939496730315,3.3480396270751953,640x480,1344x1008
1202,0-6m,307200,0.07829276799263123,7.8292767992631225,3.8924960222506377,99.2109375,0.29210939496730315,3.3480396270751953,640x480,1344x1008
1202,0-10m,307200,0.07829276799263123,7.8292767992631225,3.8924960222506377,99.2109375,0.29210939496730315,3.3480396270751953,640x480,1344x1008
1203,0-3m,115742,0.1631098120374176,16.310981203741758,7.227229312953964,98.67723039173335,0.2930143961486297,3.3480396270751953,640x480,1344x1008
1203,0-6m,237101,0.3415905004969506,34.15905004969506,9.800278002415604,95.55210648626534,0.2930143961486297,3.3480396270751953,640x480,1344x1008
1203,0-10m,307200,0.42212666673508165,42.21266667350817,9.790760004633116,95.38151041666667,0.2930143961486297,3.3480396270751953,640x480,1344x1008
1204,0-3m,155902,0.23969280003669413,23.969280003669414,10.15686710657701,99.74471142127747,0.2935138286844421,3.3480396270751953,640x480,1344x1008
1204,0-6m,283861,0.4394827295736619,43.94827295736619,12.945262223916263,95.38013323422379,0.2935138286844421,3.3480396270751953,640x480,1344x1008
1204,0-10m,307200,0.519840582946393,51.984058294639304,13.599386858745524,92.15657552083333,0.2935138286844421,3.3480396270751953,640x480,1344x1008
1205,0-3m,61220,0.35319774868986026,35.31977486898602,13.632542285247043,99.7843841881738,0.29280582528957017,3.3480396270751953,640x480,1344x1008
1205,0-6m,202709,0.5112670619988254,51.12670619988254,13.680163154709572,98.40016970139462,0.29280582528957017,3.3480396270751953,640x480,1344x1008
1205,0-10m,307200,0.6735837288061157,67.35837288061157,13.70586414781864,97.95345052083333,0.29280582528957017,3.3480396270751953,640x480,1344x1008
1206,0-3m,149720,0.2533738454841147,25.337384548411467,11.756967673366438,91.90288538605397,0.2930838541055136,3.3480396270751953,640x480,1344x1008
1206,0-6m,269115,0.28764409835000654,28.764409835000652,10.034040606567137,91.49248462553183,0.2930838541055136,3.3480396270751953,640x480,1344x1008
1206,0-10m,307200,0.40893996295829615,40.893996295829616,10.904487999023086,89.96744791666667,0.2930838541055136,3.3480396270751953,640x480,1344x1008
1207,0-3m,144769,0.23468939381172624,23.468939381172625,16.0606515077541,78.50368518121974,0.29312605334850617,3.3480396270751953,640x480,1344x1008
1207,0-6m,267966,0.30221230391811604,30.221230391811606,12.443063350698132,84.15470619406939,0.29312605334850617,3.3480396270751953,640x480,1344x1008
1207,0-10m,307200,0.3246745053399354,32.46745053399354,11.720569130816234,85.51171875,0.29312605334850617,3.3480396270751953,640x480,1344x1008
1208,0-3m,153214,0.2268829416055077,22.68829416055077,12.120115539964903,97.25416737373868,0.2922247611687225,3.3480396270751953,640x480,1344x1008
1208,0-6m,307200,0.34488114011706783,34.488114011706784,11.57369841513897,87.08984375,0.2922247611687225,3.3480396270751953,640x480,1344x1008
1208,0-10m,307200,0.34488114011706783,34.488114011706784,11.57369841513897,87.08984375,0.2922247611687225,3.3480396270751953,640x480,1344x1008
1209,0-3m,167988,0.2489692483296987,24.89692483296987,11.264616916923435,79.73307617210753,0.2927467056272185,3.3480396270751953,640x480,1344x1008
1209,0-6m,285849,0.3579736750884615,35.79736750884615,11.745857695208029,82.80315831085643,0.2927467056272185,3.3480396270751953,640x480,1344x1008
1209,0-10m,307200,0.4182371000549756,41.82371000549756,12.012141343107983,82.73990885416667,0.2927467056272185,3.3480396270751953,640x480,1344x1008
1210,0-3m,176786,0.22355770386533197,22.355770386533198,10.589522685996263,91.57116513751089,0.2933524114089577,3.3480396270751953,640x480,1344x1008
1210,0-6m,289963,0.25837432254743464,25.837432254743465,9.462677688712878,90.15667516200342,0.2933524114089577,3.3480396270751953,640x480,1344x1008
1210,0-10m,307200,0.31366696771389496,31.366696771389496,9.954558380342709,89.30794270833333,0.2933524114089577,3.3480396270751953,640x480,1344x1008
1211,0-3m,151653,0.2959661209702686,29.59661209702686,15.948355108714866,82.74943456443327,0.2930278849730613,3.3480396270751953,640x480,1344x1008
1211,0-6m,307200,0.3680926353259322,36.80926353259322,13.521904022418466,78.29329427083334,0.2930278849730613,3.3480396270751953,640x480,1344x1008
1211,0-10m,307200,0.3680926353259322,36.80926353259322,13.521904022418466,78.29329427083334,0.2930278849730613,3.3480396270751953,640x480,1344x1008
1212,0-3m,126773,0.19019891795106803,19.0198917951068,12.04065548453159,94.56824402672494,0.2928971189213467,3.3480396270751953,640x480,1344x1008
1212,0-6m,307200,0.26259865823803313,26.259865823803313,9.800905062535097,97.20865885416666,0.2928971189213467,3.3480396270751953,640x480,1344x1008
1212,0-10m,307200,0.26259865823803313,26.259865823803313,9.800905062535097,97.20865885416666,0.2928971189213467,3.3480396270751953,640x480,1344x1008
1213,0-3m,181978,0.2744182281633462,27.44182281633462,18.968434462320356,78.50124740353229,0.29334557875107226,3.3480396270751953,640x480,1344x1008
1213,0-6m,307200,0.2671133084690276,26.711330846902758,14.024662121935808,86.84537760416666,0.29334557875107226,3.3480396270751953,640x480,1344x1008
1213,0-10m,307200,0.2671133084690276,26.711330846902758,14.024662121935808,86.84537760416666,0.29334557875107226,3.3480396270751953,640x480,1344x1008
1214,0-3m,270282,0.22051993566503916,22.051993566503917,14.197689562399631,92.09418311245292,0.29208595727456993,3.3480396270751953,640x480,1344x1008
1214,0-6m,307200,0.20959582814287084,20.959582814287085,12.933977584558892,92.83984375,0.29208595727456993,3.3480396270751953,640x480,1344x1008
1214,0-10m,307200,0.20959582814287084,20.959582814287085,12.933977584558892,92.83984375,0.29208595727456993,3.3480396270751953,640x480,1344x1008
1215,0-3m,201910,0.31150712897368876,31.150712897368876,13.366679185888922,98.1570996978852,0.2932308393805308,3.3480396270751953,640x480,1344x1008
1215,0-6m,307200,0.42930181600619105,42.93018160061911,14.555264596022424,95.32096354166667,0.2932308393805308,3.3480396270751953,640x480,1344x1008
1215,0-10m,307200,0.42930181600619105,42.93018160061911,14.555264596022424,95.32096354166667,0.2932308393805308,3.3480396270751953,640x480,1344x1008
1216,0-3m,181674,0.2558692524667442,25.58692524667442,11.719012888483707,99.62129969065468,0.29304267173110904,3.3480396270751953,640x480,1344x1008
1216,0-6m,303066,0.28298503639373396,28.298503639373397,10.14615761715818,99.21535243148357,0.29304267173110904,3.3480396270751953,640x480,1344x1008
1216,0-10m,307200,0.2827363954981168,28.27363954981168,10.067963426259375,99.22591145833334,0.29304267173110904,3.3480396270751953,640x480,1344x1008
1217,0-3m,146550,0.2812442822051268,28.12442822051268,13.100978267402272,92.57181849198226,0.2931643627750108,3.3480396270751953,640x480,1344x1008
1217,0-6m,307200,0.23404523965514576,23.404523965514574,9.141861986695336,96.0029296875,0.2931643627750108,3.3480396270751953,640x480,1344x1008
1217,0-10m,307200,0.23404523965514576,23.404523965514574,9.141861986695336,96.0029296875,0.2931643627750108,3.3480396270751953,640x480,1344x1008
1218,0-3m,134375,0.3941575354403119,39.41575354403119,16.063977360293084,99.68893023255814,0.29283236275470803,3.3480396270751953,640x480,1344x1008
1218,0-6m,262335,0.5367614683152554,53.67614683152554,15.898236747887983,97.73457601921207,0.29283236275470803,3.3480396270751953,640x480,1344x1008
1218,0-10m,307200,0.5865328224752253,58.65328224752253,15.386172100995237,97.31022135416667,0.29283236275470803,3.3480396270751953,640x480,1344x1008
1219,0-3m,85584,0.3998046985300351,39.980469853003505,20.593373132295984,67.37006917180781,0.291168215798991,3.3480396270751953,640x480,1344x1008
1219,0-6m,268985,0.6038368710435044,60.383687104350436,18.88947455926609,84.6712641968883,0.291168215798991,3.3480396270751953,640x480,1344x1008
1219,0-10m,307200,0.5966894204673978,59.66894204673978,17.598300181442436,86.5205078125,0.291168215798991,3.3480396270751953,640x480,1344x1008
1220,0-3m,91937,0.09117465256926315,9.117465256926314,3.4481346152799497,99.92277320338928,0.29262650843674903,3.3480396270751953,640x480,1344x1008
1220,0-6m,302806,0.12427531707494935,12.427531707494936,3.2676401292819164,99.43990541799039,0.29262650843674903,3.3480396270751953,640x480,1344x1008
1220,0-10m,307200,0.12528561057212453,12.528561057212453,3.266785272276408,99.44791666666667,0.29262650843674903,3.3480396270751953,640x480,1344x1008
1221,0-3m,77132,0.3123127188028738,31.23127188028738,13.327553162212691,98.68666701239434,0.2920380100335077,3.3480396270751953,640x480,1344x1008
1221,0-6m,301013,0.36859790635841677,36.85979063584168,9.833245159918636,97.83364838063471,0.2920380100335077,3.3480396270751953,640x480,1344x1008
1221,0-10m,307200,0.36974827320470166,36.97482732047017,9.74801051772704,97.69986979166667,0.2920380100335077,3.3480396270751953,640x480,1344x1008
1222,0-3m,149961,0.21116930296791792,21.116930296791793,9.037686660207136,99.98599635905336,0.29288915794360826,3.3480396270751953,640x480,1344x1008
1222,0-6m,307200,0.2581476797578701,25.814767975787014,8.958140534264972,99.96354166666667,0.29288915794360826,3.3480396270751953,640x480,1344x1008
1222,0-10m,307200,0.2581476797578701,25.814767975787014,8.958140534264972,99.96354166666667,0.29288915794360826,3.3480396270751953,640x480,1344x1008
1223,0-3m,118085,0.20473779444166135,20.473779444166134,12.305012517288109,93.95858915188212,0.2903515905158947,3.3480396270751953,640x480,1344x1008
1223,0-6m,292799,0.20024807792060378,20.02480779206038,7.93114812517624,95.50305841208474,0.2903515905158947,3.3480396270751953,640x480,1344x1008
1223,0-10m,307200,0.3035205511801178,30.352055118011776,9.12706108066963,91.03190104166666,0.2903515905158947,3.3480396270751953,640x480,1344x1008
1224,0-3m,149217,0.2087778370311073,20.87778370311073,16.166977666492663,80.64630705616652,0.29139179678435745,3.3480396270751953,640x480,1344x1008
1224,0-6m,307200,0.20122705598225973,20.122705598225973,10.336425064446725,89.2431640625,0.29139179678435745,3.3480396270751953,640x480,1344x1008
1224,0-10m,307200,0.20122705598225973,20.122705598225973,10.336425064446725,89.2431640625,0.29139179678435745,3.3480396270751953,640x480,1344x1008
1225,0-3m,142434,0.3456935200986229,34.56935200986229,16.461415478135848,98.69623825771936,0.2925572413832422,3.3480396270751953,640x480,1344x1008
1225,0-6m,307200,0.448899618468325,44.8899618468325,15.487416672301352,96.58040364583333,0.2925572413832422,3.3480396270751953,640x480,1344x1008
1225,0-10m,307200,0.448899618468325,44.8899618468325,15.487416672301352,96.58040364583333,0.2925572413832422,3.3480396270751953,640x480,1344x1008
1226,0-3m,160059,0.349083548523619,34.9083548523619,15.95472055777071,98.68485995789052,0.2919707432449124,3.3480396270751953,640x480,1344x1008
1226,0-6m,266117,0.4770731568323496,47.70731568323496,16.41249974434851,93.9105731689445,0.2919707432449124,3.3480396270751953,640x480,1344x1008
1226,0-10m,307200,0.520149146267989,52.014914626798905,15.689567376923218,93.1279296875,0.2919707432449124,3.3480396270751953,640x480,1344x1008
1227,0-3m,183975,0.4030732573392453,40.30732573392453,20.07797744478933,82.05625764370158,0.29293322326581595,3.3480396270751953,640x480,1344x1008
1227,0-6m,298330,0.4463683860299494,44.636838602994935,16.98198409902388,87.25170113632555,0.29293322326581595,3.3480396270751953,640x480,1344x1008
1227,0-10m,307200,0.447318774596788,44.7318774596788,16.714135398923645,87.607421875,0.29293322326581595,3.3480396270751953,640x480,1344x1008
1228,0-3m,153377,0.34902528439439734,34.902528439439735,16.853996564858118,92.91940773388448,0.2920660121747288,3.3480396270751953,640x480,1344x1008
1228,0-6m,293044,0.35973087717005037,35.973087717005036,12.633569973284237,93.9736012339444,0.2920660121747288,3.3480396270751953,640x480,1344x1008
1228,0-10m,307200,0.3693400354629072,36.934003546290725,12.466973204035625,94.25130208333333,0.2920660121747288,3.3480396270751953,640x480,1344x1008
1229,0-3m,157110,0.21192270788227713,21.192270788227713,10.860225258380177,96.7659601553052,0.2927540417862841,3.3480396270751953,640x480,1344x1008
1229,0-6m,307200,0.219097696809719,21.9097696809719,8.37402475321287,97.30924479166667,0.2927540417862841,3.3480396270751953,640x480,1344x1008
1229,0-10m,307200,0.219097696809719,21.9097696809719,8.37402475321287,97.30924479166667,0.2927540417862841,3.3480396270751953,640x480,1344x1008
1230,0-3m,227187,0.22020018867772465,22.020018867772464,10.748988672914276,93.35569376768917,0.29358285135537343,3.3480396270751953,640x480,1344x1008
1230,0-6m,307200,0.23335148093251823,23.335148093251824,9.877952820753837,94.587890625,0.29358285135537343,3.3480396270751953,640x480,1344x1008
1230,0-10m,307200,0.23335148093251823,23.335148093251824,9.877952820753837,94.587890625,0.29358285135537343,3.3480396270751953,640x480,1344x1008
1231,0-3m,217039,0.1822378229816219,18.223782298162188,8.938909482646869,99.87698063481677,0.29378456448762186,3.3480396270751953,640x480,1344x1008
1231,0-6m,307200,0.1861182544232967,18.611825442329668,7.866544577944108,99.64095052083334,0.29378456448762186,3.3480396270751953,640x480,1344x1008
1231,0-10m,307200,0.1861182544232967,18.611825442329668,7.866544577944108,99.64095052083334,0.29378456448762186,3.3480396270751953,640x480,1344x1008
1232,0-3m,241523,0.2850619477872665,28.506194778726652,14.81007288740401,88.03840628014723,0.2940780157198174,3.3480396270751953,640x480,1344x1008
1232,0-6m,307200,0.2734126429228733,27.34126429228733,13.145042515389646,90.57747395833333,0.2940780157198174,3.3480396270751953,640x480,1344x1008
1232,0-10m,307200,0.2734126429228733,27.34126429228733,13.145042515389646,90.57747395833333,0.2940780157198174,3.3480396270751953,640x480,1344x1008
1233,0-3m,231349,0.42373441027485265,42.37344102748526,19.408199143696603,82.02499254373264,0.2931200818293218,3.3480396270751953,640x480,1344x1008
1233,0-6m,307200,0.45059775639131355,45.05977563913135,18.52781574641652,84.27734375,0.2931200818293218,3.3480396270751953,640x480,1344x1008
1233,0-10m,307200,0.45059775639131355,45.05977563913135,18.52781574641652,84.27734375,0.2931200818293218,3.3480396270751953,640x480,1344x1008
1234,0-3m,241288,0.44927899177378533,44.927899177378535,20.678972884788926,80.52949172772786,0.2931388134517223,3.3480396270751953,640x480,1344x1008
1234,0-6m,307200,0.42852670373162255,42.852670373162255,18.181484135714886,84.06412760416667,0.2931388134517223,3.3480396270751953,640x480,1344x1008
1234,0-10m,307200,0.42852670373162255,42.852670373162255,18.181484135714886,84.06412760416667,0.2931388134517223,3.3480396270751953,640x480,1344x1008
1235,0-3m,262398,0.08241524761561347,8.241524761561347,4.2393393241507615,99.69511962743618,0.29246643318867477,3.3480396270751953,640x480,1344x1008
1235,0-6m,307200,0.13150923735966596,13.150923735966597,5.140098815393812,98.50455729166666,0.29246643318867477,3.3480396270751953,640x480,1344x1008
1235,0-10m,307200,0.13150923735966596,13.150923735966597,5.140098815393812,98.50455729166666,0.29246643318867477,3.3480396270751953,640x480,1344x1008
1236,0-3m,297134,0.3217922123632793,32.17922123632793,15.49904102870957,89.41218440165044,0.29282076113112254,3.3480396270751953,640x480,1344x1008
1236,0-6m,307200,0.32212205279191647,32.21220527919165,15.345185226918002,89.75911458333333,0.29282076113112254,3.3480396270751953,640x480,1344x1008
1236,0-10m,307200,0.32212205279191647,32.21220527919165,15.345185226918002,89.75911458333333,0.29282076113112254,3.3480396270751953,640x480,1344x1008
1237,0-3m,111022,0.33078986316507547,33.078986316507546,16.355127619875248,88.58604600889913,0.294250977367495,3.3480396270751953,640x480,1344x1008
1237,0-6m,233784,0.3918900364656854,39.18900364656854,13.288376584936687,91.5593026041132,0.294250977367495,3.3480396270751953,640x480,1344x1008
1237,0-10m,307200,0.443249504690563,44.324950469056304,12.013463323686482,91.83203125,0.294250977367495,3.3480396270751953,640x480,1344x1008
1238,0-3m,153681,0.26931726768039915,26.931726768039915,15.608471234991164,89.41964198567162,0.29204609538855675,3.3480396270751953,640x480,1344x1008
1238,0-6m,267414,0.30981341615677327,30.981341615677326,12.505093870551844,90.78956225178936,0.29204609538855675,3.3480396270751953,640x480,1344x1008
1238,0-10m,307200,0.3657186901152212,36.57186901152212,12.172659625858746,90.525390625,0.29204609538855675,3.3480396270751953,640x480,1344x1008
1239,0-3m,158906,0.16136861769828634,16.136861769828634,7.648413144910039,96.70245302254162,0.28923803969616335,3.3480396270751953,640x480,1344x1008
1239,0-6m,302007,0.16033051671413948,16.033051671413947,5.879137075371355,96.96132871092392,0.28923803969616335,3.3480396270751953,640x480,1344x1008
1239,0-10m,307200,0.16492659620358607,16.49265962035861,5.89166998973224,97.01236979166666,0.28923803969616335,3.3480396270751953,640x480,1344x1008
1240,0-3m,85655,0.29919838817237476,29.919838817237476,14.717268732199326,99.01581927499853,0.28978451623575496,3.3480396270751953,640x480,1344x1008
1240,0-6m,242101,0.4864680512112036,48.646805121120366,14.201106679143669,90.50644152647035,0.28978451623575496,3.3480396270751953,640x480,1344x1008
1240,0-10m,307200,0.5942666090578617,59.426660905786164,13.71029370424274,88.87858072916667,0.28978451623575496,3.3480396270751953,640x480,1344x1008
1241,0-3m,107092,0.18268566202632927,18.268566202632925,8.351899269091847,86.82441265454001,0.28958929664106825,3.3480396270751953,640x480,1344x1008
1241,0-6m,273470,0.25535162949983164,25.535162949983164,7.5505080004859115,90.46257359125316,0.28958929664106825,3.3480396270751953,640x480,1344x1008
1241,0-10m,307200,0.37051546495679455,37.05154649567945,8.382627998357743,91.203125,0.28958929664106825,3.3480396270751953,640x480,1344x1008
1242,0-3m,155578,0.3267225230381788,32.67225230381788,21.48971007744275,88.76447826813559,0.29170171341402534,3.3480396270751953,640x480,1344x1008
1242,0-6m,259869,0.5077707633776419,50.77707633776419,19.564838793493678,84.37443481138574,0.29170171341402534,3.3480396270751953,640x480,1344x1008
1242,0-10m,307200,0.6022973230620846,60.22973230620846,19.054858209957448,83.13509114583333,0.29170171341402534,3.3480396270751953,640x480,1344x1008
1243,0-3m,118383,0.3751137070673425,37.51137070673425,18.750484235359366,90.83821156753926,0.2904094430479914,3.3480396270751953,640x480,1344x1008
1243,0-6m,169904,0.49902658614103984,49.902658614103984,18.154130160154725,87.53766833035127,0.2904094430479914,3.3480396270751953,640x480,1344x1008
1243,0-10m,307200,0.5331925328130213,53.319253281302124,13.905860653126847,92.294921875,0.2904094430479914,3.3480396270751953,640x480,1344x1008
1244,0-3m,128576,0.49571958126897997,49.571958126898,27.534940322149698,83.6540256346441,0.28853079972463214,3.3480396270751953,640x480,1344x1008
1244,0-6m,254817,1.0527196383598079,105.27196383598078,31.7690759524867,73.49313428852862,0.28853079972463214,3.3480396270751953,640x480,1344x1008
1244,0-10m,307200,0.9650595629636276,96.50595629636275,27.79415235945752,77.38509114583333,0.28853079972463214,3.3480396270751953,640x480,1344x1008
1245,0-3m,111426,0.31255845714543623,31.25584571454362,13.856829715414323,97.6495611437187,0.29241234128745697,3.3480396270751953,640x480,1344x1008
1245,0-6m,225357,0.45987059140546366,45.987059140546364,13.945870336913405,93.78807847104817,0.29241234128745697,3.3480396270751953,640x480,1344x1008
1245,0-10m,307200,0.6473437179562946,64.73437179562947,14.371895068296395,89.97395833333334,0.29241234128745697,3.3480396270751953,640x480,1344x1008
1246,0-3m,106021,0.186441219757796,18.6441219757796,8.949441421996546,99.64063723224645,0.29355903874568756,3.3480396270751953,640x480,1344x1008
1246,0-6m,304523,0.2345132256384256,23.45132256384256,7.04769156844277,98.65363207376782,0.29355903874568756,3.3480396270751953,640x480,1344x1008
1246,0-10m,307200,0.2334678723899803,23.34678723899803,7.002575007426648,98.66536458333334,0.29355903874568756,3.3480396270751953,640x480,1344x1008
1247,0-3m,140214,0.1208886934797219,12.08886934797219,6.3165212844848035,96.46611607970674,0.2916838115973649,3.3480396270751953,640x480,1344x1008
1247,0-6m,283910,0.2636979279578255,26.369792795782548,7.0463752269445905,96.53446514740587,0.2916838115973649,3.3480396270751953,640x480,1344x1008
1247,0-10m,307200,0.28859782762243413,28.859782762243412,7.24591234064438,96.79720052083334,0.2916838115973649,3.3480396270751953,640x480,1344x1008
1248,0-3m,226680,0.4376610998154339,43.76610998154339,22.127284938087346,65.37586024351508,0.2921806099268169,3.3480396270751953,640x480,1344x1008
1248,0-6m,307200,0.44205803381182096,44.20580338118209,19.579163858486652,73.9853515625,0.2921806099268169,3.3480396270751953,640x480,1344x1008
1248,0-10m,307200,0.44205803381182096,44.20580338118209,19.579163858486652,73.9853515625,0.2921806099268169,3.3480396270751953,640x480,1344x1008
1249,0-3m,81525,0.3360165189738948,33.60165189738948,13.353729834664344,99.56455075130329,0.2939285386237453,3.3480396270751953,640x480,1344x1008
1249,0-6m,307200,0.39169983215086784,39.16998321508679,10.977901673244016,99.8388671875,0.2939285386237453,3.3480396270751953,640x480,1344x1008
1249,0-10m,307200,0.39169983215086784,39.16998321508679,10.977901673244016,99.8388671875,0.2939285386237453,3.3480396270751953,640x480,1344x1008
1250,0-3m,31236,0.46986896394614697,46.986896394614696,27.187710231104468,58.896785760020485,0.29229046201077774,3.3480396270751953,640x480,1344x1008
1250,0-6m,297178,0.4402688636092492,44.02688636092492,11.594297614629143,93.99147985382498,0.29229046201077774,3.3480396270751953,640x480,1344x1008
1250,0-10m,307200,0.46720459788222796,46.7204597882228,11.694788479199737,92.9599609375,0.29229046201077774,3.3480396270751953,640x480,1344x1008
1251,0-3m,27628,0.35722116074687027,35.72211607468703,16.74099514812721,85.32648038222094,0.28891081978946065,3.3480396270751953,640x480,1344x1008
1251,0-6m,307200,0.39234029706412304,39.23402970641231,10.358076109482896,94.90983072916667,0.28891081978946065,3.3480396270751953,640x480,1344x1008
1251,0-10m,307200,0.39234029706412304,39.23402970641231,10.358076109482896,94.90983072916667,0.28891081978946065,3.3480396270751953,640x480,1344x1008
1252,0-3m,54463,0.45948691292851657,45.948691292851656,19.807164916964897,60.57690542202964,0.29159840833930145,3.3480396270751953,640x480,1344x1008
1252,0-6m,306988,0.7511852215529684,75.11852215529684,17.887922050817075,86.54605391741697,0.29159840833930145,3.3480396270751953,640x480,1344x1008
1252,0-10m,307200,0.7514017211960163,75.14017211960163,17.887803761483546,86.55533854166667,0.29159840833930145,3.3480396270751953,640x480,1344x1008
1253,0-3m,114499,0.2806063544804457,28.060635448044568,15.76628585929552,94.07593079415541,0.2934945322717652,3.3480396270751953,640x480,1344x1008
1253,0-6m,249698,0.48264798627504013,48.264798627504014,15.453954647211917,93.58745364400195,0.2934945322717652,3.3480396270751953,640x480,1344x1008
1253,0-10m,307200,0.5539995944327287,55.39995944327287,15.0883746944722,94.6826171875,0.2934945322717652,3.3480396270751953,640x480,1344x1008
1254,0-3m,99358,0.5535606948366036,55.35606948366036,21.49187134927931,85.46669618953683,0.29219877768708563,3.3480396270751953,640x480,1344x1008
1254,0-6m,267900,0.764819061680488,76.4819061680488,21.794824783774764,79.46845837999254,0.29219877768708563,3.3480396270751953,640x480,1344x1008
1254,0-10m,307200,0.8061642378910134,80.61642378910135,21.073777010986415,78.72428385416667,0.29219877768708563,3.3480396270751953,640x480,1344x1008
1255,0-3m,91109,0.5339920945693476,53.39920945693476,18.686327302178952,90.47843791502486,0.2918994856976146,3.3480396270751953,640x480,1344x1008
1255,0-6m,272567,0.6930210889077891,69.30210889077891,19.38594365474307,87.06373111932112,0.2918994856976146,3.3480396270751953,640x480,1344x1008
1255,0-10m,307200,0.770262051402436,77.0262051402436,19.424574916893388,87.98372395833334,0.2918994856976146,3.3480396270751953,640x480,1344x1008
1256,0-3m,120338,0.607045204268071,60.70452042680709,24.391296063935737,65.35009722614635,0.29435530433806373,3.3480396270751953,640x480,1344x1008
1256,0-6m,298258,0.7646882212012776,76.46882212012775,22.27834397214237,65.75682798114384,0.29435530433806373,3.3480396270751953,640x480,1344x1008
1256,0-10m,307200,0.7663210660533514,76.63210660533514,21.978441035064712,66.56217447916667,0.29435530433806373,3.3480396270751953,640x480,1344x1008
1257,0-3m,147218,0.3003571620989501,30.035716209895007,15.502059061850812,91.56081457430477,0.2922912736320369,3.3480396270751953,640x480,1344x1008
1257,0-6m,307200,0.3478986316139344,34.78986316139344,11.892740926120771,93.13346354166666,0.2922912736320369,3.3480396270751953,640x480,1344x1008
1257,0-10m,307200,0.3478986316139344,34.78986316139344,11.892740926120771,93.13346354166666,0.2922912736320369,3.3480396270751953,640x480,1344x1008
1258,0-3m,132036,0.1703683706204436,17.03683706204436,8.799172359598389,97.33330303856525,0.29409002854440686,3.3480396270751953,640x480,1344x1008
1258,0-6m,306626,0.20801651203881094,20.801651203881093,6.785935945011412,96.82283955046212,0.29409002854440686,3.3480396270751953,640x480,1344x1008
1258,0-10m,307200,0.2087462232184286,20.87462232184286,6.791817895851487,96.82877604166666,0.29409002854440686,3.3480396270751953,640x480,1344x1008
1259,0-3m,103401,0.19229054176083737,19.229054176083736,13.16644349013602,82.41312946683301,0.29280276457473825,3.3480396270751953,640x480,1344x1008
1259,0-6m,306030,0.22180998669521243,22.180998669521244,7.832394318524447,91.2750383949286,0.29280276457473825,3.3480396270751953,640x480,1344x1008
1259,0-10m,307200,0.22161703294977392,22.161703294977393,7.813308021097005,91.30826822916667,0.29280276457473825,3.3480396270751953,640x480,1344x1008
1260,0-3m,108189,0.23559761205921145,23.559761205921145,12.785519190047854,89.58396879534888,0.29037599858827723,3.3480396270751953,640x480,1344x1008
1260,0-6m,304552,0.1808199668816633,18.08199668816633,6.630832516920069,94.98148099503533,0.29037599858827723,3.3480396270751953,640x480,1344x1008
1260,0-10m,307200,0.18040737211355007,18.040737211355008,6.5925541702854265,95.02473958333333,0.29037599858827723,3.3480396270751953,640x480,1344x1008
1261,0-3m,111631,0.3925858473839922,39.25858473839922,19.722880975217024,74.95050657971352,0.2868719945328949,3.3480396270751953,640x480,1344x1008
1261,0-6m,305105,0.49751574835597007,49.751574835597005,16.41243607522044,88.37875485488603,0.2868719945328949,3.3480396270751953,640x480,1344x1008
1261,0-10m,307200,0.4994659343435584,49.94659343435584,16.387389118274164,88.4580078125,0.2868719945328949,3.3480396270751953,640x480,1344x1008
1262,0-3m,90565,0.30093668736383744,30.093668736383744,14.821629244835725,86.9883509081875,0.2919022037706836,3.3480396270751953,640x480,1344x1008
1262,0-6m,282141,0.40461615093207953,40.46161509320795,11.7202352148103,93.83925058747222,0.2919022037706836,3.3480396270751953,640x480,1344x1008
1262,0-10m,307200,0.4450386025669286,44.50386025669286,11.814939414445952,94.2646484375,0.2919022037706836,3.3480396270751953,640x480,1344x1008
1263,0-3m,304413,0.12661641377774546,12.661641377774547,6.614022301092337,99.57032058420633,0.28758591953008183,3.3480396270751953,640x480,1344x1008
1263,0-6m,307200,0.127135768783434,12.7135768783434,6.609144268973491,99.56966145833334,0.28758591953008183,3.3480396270751953,640x480,1344x1008
1263,0-10m,307200,0.127135768783434,12.7135768783434,6.609144268973491,99.56966145833334,0.28758591953008183,3.3480396270751953,640x480,1344x1008
1264,0-3m,71304,0.24052844072423452,24.05284407242345,9.552788682435438,99.73914506900033,0.28973166357144725,3.3480396270751953,640x480,1344x1008
1264,0-6m,279186,0.40198293270449587,40.19829327044959,10.440125809968183,97.58798793635785,0.28973166357144725,3.3480396270751953,640x480,1344x1008
1264,0-10m,307200,0.4755392714512224,47.55392714512224,10.891331841181476,96.69661458333333,0.28973166357144725,3.3480396270751953,640x480,1344x1008
1265,0-3m,156766,0.35116491356698154,35.116491356698155,18.222964260955152,88.03439521324778,0.2913170958612166,3.3480396270751953,640x480,1344x1008
1265,0-6m,307200,0.3577763120740807,35.77763120740807,14.211672811764748,93.57291666666666,0.2913170958612166,3.3480396270751953,640x480,1344x1008
1265,0-10m,307200,0.3577763120740807,35.77763120740807,14.211672811764748,93.57291666666666,0.2913170958612166,3.3480396270751953,640x480,1344x1008
1266,0-3m,160861,0.31164846951872544,31.164846951872544,14.177548502058668,93.92581172565134,0.28954274396457996,3.3480396270751953,640x480,1344x1008
1266,0-6m,307200,0.3016829997953028,30.16829997953028,11.582934568842084,96.34765625,0.28954274396457996,3.3480396270751953,640x480,1344x1008
1266,0-10m,307200,0.3016829997953028,30.16829997953028,11.582934568842084,96.34765625,0.28954274396457996,3.3480396270751953,640x480,1344x1008
1267,0-3m,133514,0.3034489451164786,30.34489451164786,14.192701571215476,94.52267177973846,0.29256570645558566,3.3480396270751953,640x480,1344x1008
1267,0-6m,292437,0.4749780919243616,47.49780919243616,15.70064657551477,95.36276189401478,0.29256570645558566,3.3480396270751953,640x480,1344x1008
1267,0-10m,307200,0.48513672217687903,48.513672217687905,15.468546152783356,95.58561197916666,0.29256570645558566,3.3480396270751953,640x480,1344x1008
1268,0-3m,307200,0.17244510317764555,17.244510317764554,9.456133078092394,98.8544921875,0.2928735375005022,3.3480396270751953,640x480,1344x1008
1268,0-6m,307200,0.17244510317764555,17.244510317764554,9.456133078092394,98.8544921875,0.2928735375005022,3.3480396270751953,640x480,1344x1008
1268,0-10m,307200,0.17244510317764555,17.244510317764554,9.456133078092394,98.8544921875,0.2928735375005022,3.3480396270751953,640x480,1344x1008
1269,0-3m,180477,0.3883591755707195,38.835917557071944,17.88218636969301,94.63976019104928,0.29313093384917904,3.3480396270751953,640x480,1344x1008
1269,0-6m,291725,0.6517992752398671,65.17992752398672,20.051942219515706,77.33413317336533,0.29313093384917904,3.3480396270751953,640x480,1344x1008
1269,0-10m,307200,0.8350048800057266,83.50048800057266,21.893868052287242,73.4384765625,0.29313093384917904,3.3480396270751953,640x480,1344x1008
1270,0-3m,148674,0.3595621135301159,35.95621135301159,19.7235237348642,74.74743398307707,0.2926175004104761,3.3480396270751953,640x480,1344x1008
1270,0-6m,307200,0.4339981218906663,43.39981218906663,15.549077007947101,85.03092447916667,0.2926175004104761,3.3480396270751953,640x480,1344x1008
1270,0-10m,307200,0.4339981218906663,43.39981218906663,15.549077007947101,85.03092447916667,0.2926175004104761,3.3480396270751953,640x480,1344x1008
1271,0-3m,104495,0.47814821602824864,47.814821602824864,22.139985364457875,82.3599215273458,0.29291309365194534,3.3480396270751953,640x480,1344x1008
1271,0-6m,260262,0.4741017912897891,47.41017912897891,14.595391693587983,90.89648123813696,0.29291309365194534,3.3480396270751953,640x480,1344x1008
1271,0-10m,307200,0.49432640775805337,49.43264077580534,13.714240253701892,91.37565104166666,0.29291309365194534,3.3480396270751953,640x480,1344x1008
1272,0-3m,154576,0.21200255089024064,21.200255089024065,7.775818134052871,85.43046786046993,0.29169540838605457,3.3480396270751953,640x480,1344x1008
1272,0-6m,290094,0.19643727761221888,19.64372776122189,6.343069241776283,91.63167800781815,0.29169540838605457,3.3480396270751953,640x480,1344x1008
1272,0-10m,307200,0.30049975597377243,30.049975597377244,7.32270838070465,87.4111328125,0.29169540838605457,3.3480396270751953,640x480,1344x1008
1273,0-3m,142046,0.2700809625430345,27.00809625430345,13.713826700505392,82.13958858397984,0.28599914903593066,3.3480396270751953,640x480,1344x1008
1273,0-6m,305904,0.29240221750961326,29.240221750961325,10.643921438336621,90.85203201004236,0.28599914903593066,3.3480396270751953,640x480,1344x1008
1273,0-10m,307200,0.3051294528072079,30.51294528072079,10.768046708308725,90.46875,0.28599914903593066,3.3480396270751953,640x480,1344x1008
1274,0-3m,88625,0.37273959100935794,37.27395910093579,25.218626868519316,56.61833568406206,0.27131023907854385,3.3480396270751953,640x480,1344x1008
1274,0-6m,280996,0.6967739765003541,69.67739765003542,20.62404273315109,71.44977152699683,0.27131023907854385,3.3480396270751953,640x480,1344x1008
1274,0-10m,307200,0.8543829113043224,85.43829113043225,21.936712014023893,66.78645833333333,0.27131023907854385,3.3480396270751953,640x480,1344x1008
1275,0-3m,120239,0.4671083257530643,46.71083257530643,23.76520735017399,56.874225500877415,0.27849837685542084,3.3480396270751953,640x480,1344x1008
1275,0-6m,250212,0.6634006113056454,66.34006113056455,20.98958644176927,69.8363787508193,0.27849837685542084,3.3480396270751953,640x480,1344x1008
1275,0-10m,307200,0.8819016042056804,88.19016042056805,21.478534974093684,67.13671875,0.27849837685542084,3.3480396270751953,640x480,1344x1008
1276,0-3m,128479,0.15338957963300712,15.338957963300711,6.8521790072605215,96.13555522692424,0.26978783857515276,3.3480396270751953,640x480,1344x1008
1276,0-6m,262201,0.2656241367102587,26.56241367102587,7.638132544287004,95.29902631950297,0.26978783857515276,3.3480396270751953,640x480,1344x1008
1276,0-10m,307200,0.3679554718302097,36.79554718302097,8.602700694252057,94.28841145833333,0.26978783857515276,3.3480396270751953,640x480,1344x1008
1277,0-3m,99004,0.1726032649784164,17.260326497841643,13.75944858532062,91.52761504585673,0.26951352727373773,3.3480396270751953,640x480,1344x1008
1277,0-6m,209963,0.2883936801309784,28.83936801309784,11.195856045979768,91.39134037901916,0.26951352727373773,3.3480396270751953,640x480,1344x1008
1277,0-10m,307200,0.3482886477720846,34.828864777208466,9.665379334462942,92.36458333333334,0.26951352727373773,3.3480396270751953,640x480,1344x1008
1278,0-3m,140754,0.3181328227463516,31.813282274635156,16.126097294968265,81.52237236597185,0.283579338409396,3.3480396270751953,640x480,1344x1008
1278,0-6m,307200,0.2847213681282786,28.47213681282786,10.859025550124498,86.27180989583333,0.283579338409396,3.3480396270751953,640x480,1344x1008
1278,0-10m,307200,0.2847213681282786,28.47213681282786,10.859025550124498,86.27180989583333,0.283579338409396,3.3480396270751953,640x480,1344x1008
1279,0-3m,101340,0.2395856845301238,23.95856845301238,9.547245767900986,99.33392539964476,0.2844284901561183,3.3480396270751953,640x480,1344x1008
1279,0-6m,224626,0.43537032980696966,43.537032980696964,11.629279585028822,90.69609039024868,0.2844284901561183,3.3480396270751953,640x480,1344x1008
1279,0-10m,307200,0.520751983372805,52.075198337280504,11.456773049309598,91.71809895833334,0.2844284901561183,3.3480396270751953,640x480,1344x1008
1280,0-3m,107220,0.45939273529589963,45.93927352958996,20.034106240107896,87.19362059317291,0.28820608256665764,3.3480396270751953,640x480,1344x1008
1280,0-6m,262123,0.5126244125741389,51.26244125741389,15.570405838217802,90.76464102730397,0.28820608256665764,3.3480396270751953,640x480,1344x1008
1280,0-10m,307200,0.5097051587468013,50.97051587468013,14.356441505700419,92.01790364583333,0.28820608256665764,3.3480396270751953,640x480,1344x1008
1281,0-3m,294250,0.13374510633732772,13.374510633732772,6.494154454549136,99.8732370433305,0.2929373164526667,3.3480396270751953,640x480,1344x1008
1281,0-6m,307200,0.13634289805699762,13.634289805699762,6.485853633756075,99.87565104166667,0.2929373164526667,3.3480396270751953,640x480,1344x1008
1281,0-10m,307200,0.13634289805699762,13.634289805699762,6.485853633756075,99.87565104166667,0.2929373164526667,3.3480396270751953,640x480,1344x1008
1282,0-3m,143944,0.2391965270699982,23.91965270699982,13.193440191885324,88.56708164286111,0.28687193692319385,3.3480396270751953,640x480,1344x1008
1282,0-6m,299658,0.2418010087492981,24.18010087492981,9.503438996116028,92.91392187093285,0.28687193692319385,3.3480396270751953,640x480,1344x1008
1282,0-10m,307200,0.23968256137915886,23.968256137915887,9.331701705432659,93.0869140625,0.28687193692319385,3.3480396270751953,640x480,1344x1008
1283,0-3m,127301,0.30061306686808004,30.061306686808003,14.487643451833945,96.44621801871156,0.28554244626994124,3.3480396270751953,640x480,1344x1008
1283,0-6m,298962,0.39146152637837767,39.146152637837766,12.37611408480635,95.9443006134559,0.28554244626994124,3.3480396270751953,640x480,1344x1008
1283,0-10m,307200,0.39603125157766045,39.603125157766044,12.285937652357704,95.9951171875,0.28554244626994124,3.3480396270751953,640x480,1344x1008
1284,0-3m,228439,0.2666743225961135,26.667432259611353,10.514927450284864,98.79617753535955,0.29145923027377074,3.3480396270751953,640x480,1344x1008
1284,0-6m,307200,0.2571391683114537,25.713916831145372,9.68652298953946,99.10481770833334,0.29145923027377074,3.3480396270751953,640x480,1344x1008
1284,0-10m,307200,0.2571391683114537,25.713916831145372,9.68652298953946,99.10481770833334,0.29145923027377074,3.3480396270751953,640x480,1344x1008
1285,0-3m,121351,0.26528608422838473,26.528608422838474,12.760180923802086,98.6930474408946,0.29150397101370695,3.3480396270751953,640x480,1344x1008
1285,0-6m,307200,0.3724681750184391,37.24681750184391,11.040425014112435,98.90006510416667,0.29150397101370695,3.3480396270751953,640x480,1344x1008
1285,0-10m,307200,0.3724681750184391,37.24681750184391,11.040425014112435,98.90006510416667,0.29150397101370695,3.3480396270751953,640x480,1344x1008
1286,0-3m,129948,0.21263890521610074,21.263890521610072,12.41100482716691,94.99953827684921,0.2903412636374303,3.3480396270751953,640x480,1344x1008
1286,0-6m,306121,0.37202940253163486,37.20294025316348,12.125490419813415,97.30825392573524,0.2903412636374303,3.3480396270751953,640x480,1344x1008
1286,0-10m,307200,0.37397646267083473,37.39764626708347,12.136841993352798,97.31770833333333,0.2903412636374303,3.3480396270751953,640x480,1344x1008
1287,0-3m,146461,0.269790948363134,26.9790948363134,12.053565392399355,98.57095062849496,0.29234199616774026,3.3480396270751953,640x480,1344x1008
1287,0-6m,307200,0.3899258634323875,38.99258634323875,12.031740413092527,96.89388020833334,0.29234199616774026,3.3480396270751953,640x480,1344x1008
1287,0-10m,307200,0.3899258634323875,38.99258634323875,12.031740413092527,96.89388020833334,0.29234199616774026,3.3480396270751953,640x480,1344x1008
1288,0-3m,133062,0.3957675283469878,39.57675283469878,17.63831906127081,97.26142700395305,0.2898223099431523,3.3480396270751953,640x480,1344x1008
1288,0-6m,298185,0.4716159935310349,47.16159935310349,14.017180949048875,96.70070593758908,0.2898223099431523,3.3480396270751953,640x480,1344x1008
1288,0-10m,307200,0.48525720681839934,48.525720681839935,14.048400950342527,96.79752604166667,0.2898223099431523,3.3480396270751953,640x480,1344x1008
1289,0-3m,132904,0.458542588840564,45.8542588840564,25.491525305167816,60.370643471979776,0.29134185327602247,3.3480396270751953,640x480,1344x1008
1289,0-6m,298955,0.5460325066243525,54.60325066243526,19.818215930364662,81.22259202890068,0.29134185327602247,3.3480396270751953,640x480,1344x1008
1289,0-10m,307200,0.55029357268475,55.029357268474996,19.582003319259563,81.7265625,0.29134185327602247,3.3480396270751953,640x480,1344x1008
1290,0-3m,120969,0.37334287222273566,37.334287222273566,16.662195545571628,92.90562044821401,0.28878180025459516,3.3480396270751953,640x480,1344x1008
1290,0-6m,285009,0.583848495034416,58.38484950344161,16.886538764972048,92.56409446719226,0.28878180025459516,3.3480396270751953,640x480,1344x1008
1290,0-10m,307200,0.6326293761779864,63.26293761779864,17.031792044266567,92.44791666666666,0.28878180025459516,3.3480396270751953,640x480,1344x1008
1291,0-3m,114140,0.49078087947801846,49.07808794780185,20.509342913560978,77.06588400210268,0.2846233569160375,3.3480396270751953,640x480,1344x1008
1291,0-6m,255636,0.8062526384257291,80.62526384257292,22.114214904105122,75.44633776150465,0.2846233569160375,3.3480396270751953,640x480,1344x1008
1291,0-10m,307200,0.9279755802665992,92.79755802665991,21.801348105209428,75.07942708333334,0.2846233569160375,3.3480396270751953,640x480,1344x1008
1292,0-3m,145422,0.5238023857881439,52.380238578814385,19.78670913353042,75.85578523194565,0.2900964747730597,3.3480396270751953,640x480,1344x1008
1292,0-6m,294156,0.7702526522098697,77.02526522098697,23.561227992236862,52.50037395123675,0.2900964747730597,3.3480396270751953,640x480,1344x1008
1292,0-10m,307200,0.7594832448087012,75.94832448087013,22.882839094760225,54.244140625,0.2900964747730597,3.3480396270751953,640x480,1344x1008
1293,0-3m,288395,0.25882243043322856,25.882243043322855,12.5221485740941,86.99387992163525,0.28796046786511514,3.3480396270751953,640x480,1344x1008
1293,0-6m,307200,0.2602374471902537,26.02374471902537,12.31130802150091,87.7900390625,0.28796046786511514,3.3480396270751953,640x480,1344x1008
1293,0-10m,307200,0.2602374471902537,26.02374471902537,12.31130802150091,87.7900390625,0.28796046786511514,3.3480396270751953,640x480,1344x1008
1294,0-3m,192188,0.28776411532259066,28.776411532259065,14.043225591611588,92.04216704476866,0.2913161793155073,3.3480396270751953,640x480,1344x1008
1294,0-6m,301642,0.33648754632000094,33.64875463200009,12.693188663556132,89.4855490946221,0.2913161793155073,3.3480396270751953,640x480,1344x1008
1294,0-10m,307200,0.37998292907994863,37.998292907994866,13.24044174089685,87.86653645833333,0.2913161793155073,3.3480396270751953,640x480,1344x1008
1295,0-3m,227262,0.2893175413499425,28.931754134994247,12.389415465297652,97.87997993505293,0.2866979217089163,3.3480396270751953,640x480,1344x1008
1295,0-6m,286967,0.407232903042826,40.7232903042826,13.561851926872007,91.25021343917594,0.2866979217089163,3.3480396270751953,640x480,1344x1008
1295,0-10m,307200,0.44633295565494335,44.633295565494336,13.644903870742011,89.30696614583333,0.2866979217089163,3.3480396270751953,640x480,1344x1008
1296,0-3m,237352,0.4832243687902062,48.32243687902062,19.831590002106644,86.61060366038626,0.2889771097480788,3.3480396270751953,640x480,1344x1008
1296,0-6m,307200,0.49323602180656356,49.32360218065636,19.129766762708904,89.61197916666667,0.2889771097480788,3.3480396270751953,640x480,1344x1008
1296,0-10m,307200,0.49323602180656356,49.32360218065636,19.129766762708904,89.61197916666667,0.2889771097480788,3.3480396270751953,640x480,1344x1008
1297,0-3m,117643,0.28991853322771044,28.991853322771043,19.014966113291678,76.81290004505156,0.28619938549582735,3.3480396270751953,640x480,1344x1008
1297,0-6m,289772,0.3673859390170347,36.73859390170347,12.936706259046856,88.75874825725053,0.28619938549582735,3.3480396270751953,640x480,1344x1008
1297,0-10m,307200,0.37491375450646347,37.491375450646345,12.666741442337075,89.37630208333334,0.28619938549582735,3.3480396270751953,640x480,1344x1008
1298,0-3m,126150,0.24054184250258945,24.054184250258945,10.713875565320317,99.97621878715815,0.2882704705759483,3.3480396270751953,640x480,1344x1008
1298,0-6m,302740,0.3207957224864157,32.07957224864157,9.917622618997866,99.4529959701394,0.2882704705759483,3.3480396270751953,640x480,1344x1008
1298,0-10m,307200,0.3216001583550436,32.16001583550436,9.862273296450411,99.46061197916667,0.2882704705759483,3.3480396270751953,640x480,1344x1008
1299,0-3m,62293,0.42260944963280395,42.260944963280394,16.551915766883425,97.23885508805162,0.2858406681236817,3.3480396270751953,640x480,1344x1008
1299,0-6m,307200,0.41064546042432387,41.06454604243239,11.005178346963675,98.505859375,0.2858406681236817,3.3480396270751953,640x480,1344x1008
1299,0-10m,307200,0.41064546042432387,41.06454604243239,11.005178346963675,98.505859375,0.2858406681236817,3.3480396270751953,640x480,1344x1008
1300,0-3m,207823,0.4191309788337868,41.91309788337868,19.954701084174378,85.13639010119188,0.29186835499634606,3.3480396270751953,640x480,1344x1008
1300,0-6m,307200,0.4220158709581786,42.201587095817864,17.65393662131055,89.65234375,0.29186835499634606,3.3480396270751953,640x480,1344x1008
1300,0-10m,307200,0.4220158709581786,42.201587095817864,17.65393662131055,89.65234375,0.29186835499634606,3.3480396270751953,640x480,1344x1008
1301,0-3m,57134,0.3517767177016366,35.17767177016366,15.151643586426719,88.73700423565653,0.29311911953557274,3.3480396270751953,640x480,1344x1008
1301,0-6m,261022,0.399589773989525,39.9589773989525,11.053718588289668,92.07652994766725,0.29311911953557274,3.3480396270751953,640x480,1344x1008
1301,0-10m,307200,0.4669433730716507,46.69433730716507,11.361708870527762,93.16178385416667,0.29311911953557274,3.3480396270751953,640x480,1344x1008
1302,0-3m,101764,0.5133971720354057,51.339717203540566,28.24045460509427,53.006957273692066,0.2920561600613773,3.3480396270751953,640x480,1344x1008
1302,0-6m,307200,0.38192052876227534,38.192052876227535,15.165195590846611,83.966796875,0.2920561600613773,3.3480396270751953,640x480,1344x1008
1302,0-10m,307200,0.38192052876227534,38.192052876227535,15.165195590846611,83.966796875,0.2920561600613773,3.3480396270751953,640x480,1344x1008
1303,0-3m,92514,0.35484813864155806,35.484813864155804,16.627464004285432,92.7351535983743,0.29292445375745996,3.3480396270751953,640x480,1344x1008
1303,0-6m,222303,0.468211658647027,46.8211658647027,13.987092896694886,92.66901481311544,0.29292445375745996,3.3480396270751953,640x480,1344x1008
1303,0-10m,307200,0.5662869632892156,56.628696328921556,13.43031159307586,90.39908854166666,0.29292445375745996,3.3480396270751953,640x480,1344x1008
1304,0-3m,104616,0.2840446896547388,28.40446896547388,13.178935862742533,89.90116234610385,0.29320938786012557,3.3480396270751953,640x480,1344x1008
1304,0-6m,307200,0.32489553864812476,32.48955386481248,9.761476017993747,93.91959635416667,0.29320938786012557,3.3480396270751953,640x480,1344x1008
1304,0-10m,307200,0.32489553864812476,32.48955386481248,9.761476017993747,93.91959635416667,0.29320938786012557,3.3480396270751953,640x480,1344x1008
1305,0-3m,204736,0.36801096215895396,36.8010962158954,23.513179261438314,59.65438418255705,0.293544260150115,3.3480396270751953,640x480,1344x1008
1305,0-6m,275653,0.44055683982327176,44.055683982327174,22.02727204094797,69.26933499726104,0.293544260150115,3.3480396270751953,640x480,1344x1008
1305,0-10m,307200,0.5038562838787524,50.38562838787524,21.18746036974814,72.19466145833333,0.293544260150115,3.3480396270751953,640x480,1344x1008
1306,0-3m,268258,0.11600543292845433,11.600543292845433,4.845070100764444,98.60358311774485,0.2941134689189035,3.3480396270751953,640x480,1344x1008
1306,0-6m,304510,0.1590426287812821,15.904262878128211,5.747298568648172,97.4158484122032,0.2941134689189035,3.3480396270751953,640x480,1344x1008
1306,0-10m,307200,0.19166839020559565,19.166839020559564,6.196293925094531,96.56282552083333,0.2941134689189035,3.3480396270751953,640x480,1344x1008
1307,0-3m,124375,0.2820389360547665,28.203893605476647,15.431813750555737,85.91597989949749,0.2928141589917613,3.3480396270751953,640x480,1344x1008
1307,0-6m,306091,0.3683255671347608,36.83255671347608,11.803231555416124,91.99617107330826,0.2928141589917613,3.3480396270751953,640x480,1344x1008
1307,0-10m,307200,0.36918120104140445,36.91812010414044,11.79558234255794,92.02376302083334,0.2928141589917613,3.3480396270751953,640x480,1344x1008
1308,0-3m,111913,0.5093751221794823,50.93751221794823,27.467695104175053,44.522977670154496,0.29017502196587697,3.3480396270751953,640x480,1344x1008
1308,0-6m,277740,0.5828971343622649,58.289713436226485,19.554818734303414,72.19809894145604,0.29017502196587697,3.3480396270751953,640x480,1344x1008
1308,0-10m,307200,0.5703516092698555,57.035160926985554,18.365398177514038,74.8642578125,0.29017502196587697,3.3480396270751953,640x480,1344x1008
1309,0-3m,171402,0.3977630579772459,39.77630579772459,18.37236295940871,89.57596760831262,0.29098790101549155,3.3480396270751953,640x480,1344x1008
1309,0-6m,298459,0.4011008912778023,40.11008912778023,15.166227259542278,92.87975902887834,0.29098790101549155,3.3480396270751953,640x480,1344x1008
1309,0-10m,307200,0.47613261963861686,47.61326196386169,15.864591298525172,90.23697916666666,0.29098790101549155,3.3480396270751953,640x480,1344x1008
1310,0-3m,169068,0.16341077844947727,16.341077844947726,7.206477101083658,99.5427875174486,0.29251138103138363,3.3480396270751953,640x480,1344x1008
1310,0-6m,295896,0.26128264948293417,26.128264948293417,8.103418584719321,96.65625760402304,0.29251138103138363,3.3480396270751953,640x480,1344x1008
1310,0-10m,307200,0.29089739691931754,29.089739691931754,8.353559204257689,95.76432291666667,0.29251138103138363,3.3480396270751953,640x480,1344x1008
1311,0-3m,148657,0.27113885094552576,27.113885094552575,12.469161092791966,98.21468212058632,0.2910045912088984,3.3480396270751953,640x480,1344x1008
1311,0-6m,289604,0.3873321398411635,38.73321398411635,12.410080315432888,95.48694078811066,0.2910045912088984,3.3480396270751953,640x480,1344x1008
1311,0-10m,307200,0.39234807616196726,39.234807616196726,12.10049631281231,95.58235677083333,0.2910045912088984,3.3480396270751953,640x480,1344x1008
1312,0-3m,105072,0.3229473526413008,32.29473526413008,16.233629228267514,96.60232983097305,0.2882127443528291,3.3480396270751953,640x480,1344x1008
1312,0-6m,256765,0.5534356813241548,55.34356813241548,17.227407249468413,91.62230054719296,0.2882127443528291,3.3480396270751953,640x480,1344x1008
1312,0-10m,307200,0.6830180471305115,68.30180471305115,17.358352308490677,89.19791666666667,0.2882127443528291,3.3480396270751953,640x480,1344x1008
1313,0-3m,262399,0.1336835605996347,13.368356059963471,6.934497360536191,99.41806180663798,0.2897053997384807,3.3480396270751953,640x480,1344x1008
1313,0-6m,307200,0.14292860949606015,14.292860949606014,6.75330634425176,99.36067708333334,0.2897053997384807,3.3480396270751953,640x480,1344x1008
1313,0-10m,307200,0.14292860949606015,14.292860949606014,6.75330634425176,99.36067708333334,0.2897053997384807,3.3480396270751953,640x480,1344x1008
1314,0-3m,245425,0.373973351803333,37.3973351803333,16.565294431610873,95.34847713150657,0.2879208369715252,3.3480396270751953,640x480,1344x1008
1314,0-6m,304946,0.36497869374645353,36.497869374645354,15.134454364517975,95.61069828756567,0.2879208369715252,3.3480396270751953,640x480,1344x1008
1314,0-10m,307200,0.36619864370984334,36.61986437098433,15.086541961641197,95.60709635416667,0.2879208369715252,3.3480396270751953,640x480,1344x1008
1315,0-3m,137406,0.2990303447551485,29.90303447551485,11.71620101451081,97.95787665749675,0.29082474115908613,3.3480396270751953,640x480,1344x1008
1315,0-6m,307200,0.5502370941421638,55.023709414216384,16.12240962494287,93.197265625,0.29082474115908613,3.3480396270751953,640x480,1344x1008
1315,0-10m,307200,0.5502370941421638,55.023709414216384,16.12240962494287,93.197265625,0.29082474115908613,3.3480396270751953,640x480,1344x1008
1316,0-3m,138352,0.3195578952637541,31.955789526375412,14.834321394734296,95.04669249450677,0.2826671899397217,3.3480396270751953,640x480,1344x1008
1316,0-6m,307200,0.5224660100584151,52.24660100584151,17.14319716192704,87.63802083333333,0.2826671899397217,3.3480396270751953,640x480,1344x1008
1316,0-10m,307200,0.5224660100584151,52.24660100584151,17.14319716192704,87.63802083333333,0.2826671899397217,3.3480396270751953,640x480,1344x1008
1317,0-3m,228466,0.28994013609063674,28.994013609063675,14.481924883437323,89.54286414608738,0.2820014068476437,3.3480396270751953,640x480,1344x1008
1317,0-6m,307200,0.32308934080395074,32.308934080395076,13.874337536073403,91.61197916666667,0.2820014068476437,3.3480396270751953,640x480,1344x1008
1317,0-10m,307200,0.32308934080395074,32.308934080395076,13.874337536073403,91.61197916666667,0.2820014068476437,3.3480396270751953,640x480,1344x1008
1318,0-3m,307196,0.2372431062117975,23.72431062117975,12.937427167292679,99.48339171082957,0.2889200017215256,3.3480396270751953,640x480,1344x1008
1318,0-6m,307200,0.23724346673542945,23.724346673542946,12.937373523543306,99.4833984375,0.2889200017215256,3.3480396270751953,640x480,1344x1008
1318,0-10m,307200,0.23724346673542945,23.724346673542946,12.937373523543306,99.4833984375,0.2889200017215256,3.3480396270751953,640x480,1344x1008
1319,0-3m,227574,0.3876895403914801,38.768954039148014,15.342464454657387,93.52078884231064,0.2937523918791637,3.3480396270751953,640x480,1344x1008
1319,0-6m,307200,0.42490735233489735,42.49073523348974,15.55609884594599,94.81119791666667,0.2937523918791637,3.3480396270751953,640x480,1344x1008
1319,0-10m,307200,0.42490735233489735,42.49073523348974,15.55609884594599,94.81119791666667,0.2937523918791637,3.3480396270751953,640x480,1344x1008
1320,0-3m,268815,0.601483275447642,60.1483275447642,25.540297790538308,49.54708628610754,0.28971396077099393,3.3480396270751953,640x480,1344x1008
1320,0-6m,307200,0.6418633846337131,64.1863384633713,25.936220205616493,44.3603515625,0.28971396077099393,3.3480396270751953,640x480,1344x1008
1320,0-10m,307200,0.6418633846337131,64.1863384633713,25.936220205616493,44.3603515625,0.28971396077099393,3.3480396270751953,640x480,1344x1008
1321,0-3m,156970,0.2549465444210708,25.494654442107077,11.058154723167407,89.09919092820284,0.29259660084074957,3.3480396270751953,640x480,1344x1008
1321,0-6m,305415,0.5204253958179965,52.04253958179965,15.122504002196871,81.34178085555719,0.29259660084074957,3.3480396270751953,640x480,1344x1008
1321,0-10m,307200,0.5199099638590512,51.99099638590512,15.072676787279091,81.4501953125,0.29259660084074957,3.3480396270751953,640x480,1344x1008
1322,0-3m,182128,0.3218759950615291,32.18759950615291,20.55881506068076,78.80556531670034,0.29192747832343835,3.3480396270751953,640x480,1344x1008
1322,0-6m,306431,0.33570974742826937,33.570974742826934,15.957633610945859,86.59469831707628,0.29192747832343835,3.3480396270751953,640x480,1344x1008
1322,0-10m,307200,0.3354522369937816,33.54522369937816,15.927282478576538,86.62825520833334,0.29192747832343835,3.3480396270751953,640x480,1344x1008
1323,0-3m,158092,0.5420717189481371,54.20717189481371,23.57983549066468,66.27533335020115,0.28635126182392584,3.3480396270751953,640x480,1344x1008
1323,0-6m,307200,0.6873794476940142,68.73794476940141,24.37830336844163,57.448893229166664,0.28635126182392584,3.3480396270751953,640x480,1344x1008
1323,0-10m,307200,0.6873794476940142,68.73794476940141,24.37830336844163,57.448893229166664,0.28635126182392584,3.3480396270751953,640x480,1344x1008
1324,0-3m,299510,0.3356946880712099,33.56946880712099,14.159335471452456,99.1826650195319,0.28760924441761676,3.3480396270751953,640x480,1344x1008
1324,0-6m,307200,0.3395978764987861,33.959787649878606,14.207385139329668,99.203125,0.28760924441761676,3.3480396270751953,640x480,1344x1008
1324,0-10m,307200,0.3395978764987861,33.959787649878606,14.207385139329668,99.203125,0.28760924441761676,3.3480396270751953,640x480,1344x1008
1325,0-3m,279350,0.17462659337940084,17.462659337940085,8.667809899094548,97.83712189010203,0.291983360335315,3.3480396270751953,640x480,1344x1008
1325,0-6m,307200,0.18918978057452476,18.918978057452478,8.851934551337907,96.99869791666667,0.291983360335315,3.3480396270751953,640x480,1344x1008
1325,0-10m,307200,0.18918978057452476,18.918978057452478,8.851934551337907,96.99869791666667,0.291983360335315,3.3480396270751953,640x480,1344x1008
1326,0-3m,171660,0.2555978999435936,25.55978999435936,11.308301269568267,99.33181871140627,0.2925907279226827,3.3480396270751953,640x480,1344x1008
1326,0-6m,288406,0.44273574383405323,44.273574383405325,13.043027102841629,97.38597671338322,0.2925907279226827,3.3480396270751953,640x480,1344x1008
1326,0-10m,307200,0.4711970563174691,47.11970563174691,13.000184574594408,97.2666015625,0.2925907279226827,3.3480396270751953,640x480,1344x1008
1327,0-3m,135468,0.5103889803672472,51.038898036724724,22.31637560771594,59.360144093069955,0.29255987757360863,3.3480396270751953,640x480,1344x1008
1327,0-6m,272698,0.5620853207929857,56.208532079298564,17.90512825531074,78.04934396291868,0.29255987757360863,3.3480396270751953,640x480,1344x1008
1327,0-10m,307200,0.6236458625609521,62.36458625609521,17.6112741972313,78.80143229166666,0.29255987757360863,3.3480396270751953,640x480,1344x1008
1328,0-3m,167423,0.3837828534275158,38.378285342751575,21.180320103889354,77.47561565615239,0.28889951846539286,3.3480396270751953,640x480,1344x1008
1328,0-6m,303787,0.5361838549645415,53.618385496454145,19.4574573083505,80.0014483832422,0.28889951846539286,3.3480396270751953,640x480,1344x1008
1328,0-10m,307200,0.5404934956364256,54.04934956364256,19.410754333982506,80.2236328125,0.28889951846539286,3.3480396270751953,640x480,1344x1008
1329,0-3m,189419,0.5474339231863428,54.74339231863428,20.62683330417256,92.65860341359631,0.28867770254635655,3.3480396270751953,640x480,1344x1008
1329,0-6m,307070,0.6131922136216634,61.319221362166346,20.803913775567665,83.71609079363012,0.28867770254635655,3.3480396270751953,640x480,1344x1008
1329,0-10m,307200,0.6138386823562905,61.383868235629045,20.809702669904915,83.6806640625,0.28867770254635655,3.3480396270751953,640x480,1344x1008
1330,0-3m,100412,0.28769673674138796,28.769673674138797,11.639488438325037,99.96713540214317,0.29250243142660864,3.3480396270751953,640x480,1344x1008
1330,0-6m,302102,0.47694846552895415,47.69484655289541,12.332258676777837,97.41676652256523,0.29250243142660864,3.3480396270751953,640x480,1344x1008
1330,0-10m,307200,0.47911087224531607,47.911087224531606,12.292391646952023,97.45963541666667,0.29250243142660864,3.3480396270751953,640x480,1344x1008
1331,0-3m,248115,0.2848430759271649,28.48430759271649,13.182120903261346,98.34068879350302,0.29195437675663033,3.3480396270751953,640x480,1344x1008
1331,0-6m,307200,0.27595063612718757,27.595063612718757,11.923564619063397,98.57161458333333,0.29195437675663033,3.3480396270751953,640x480,1344x1008
1331,0-10m,307200,0.27595063612718757,27.595063612718757,11.923564619063397,98.57161458333333,0.29195437675663033,3.3480396270751953,640x480,1344x1008
1332,0-3m,115454,0.3312140065848632,33.12140065848632,22.001242390459332,70.35442687130805,0.29276597239713825,3.3480396270751953,640x480,1344x1008
1332,0-6m,270567,0.4333292217426945,43.33292217426945,16.37121597862654,83.3723255238074,0.29276597239713825,3.3480396270751953,640x480,1344x1008
1332,0-10m,307200,0.43178323938375496,43.1783239383755,15.075950076401593,84.76725260416667,0.29276597239713825,3.3480396270751953,640x480,1344x1008
1333,0-3m,162892,0.4106542902229267,41.06542902229267,17.653138699876543,97.61437025759399,0.2899949508978654,3.3480396270751953,640x480,1344x1008
1333,0-6m,232035,0.43104133944573375,43.10413394457338,16.27337700407365,95.61833344107569,0.2899949508978654,3.3480396270751953,640x480,1344x1008
1333,0-10m,307200,0.5704310638927078,57.04310638927078,15.564945044722586,95.01627604166667,0.2899949508978654,3.3480396270751953,640x480,1344x1008
1334,0-3m,56748,0.27462021520519775,27.462021520519777,10.951276148860362,97.07126242334532,0.2866856504162712,3.3480396270751953,640x480,1344x1008
1334,0-6m,248557,0.5545795711901256,55.457957119012555,13.724432905518194,92.49830018868911,0.2866856504162712,3.3480396270751953,640x480,1344x1008
1334,0-10m,307200,0.681701090427814,68.1701090427814,14.57940972449157,93.41569010416667,0.2866856504162712,3.3480396270751953,640x480,1344x1008
1335,0-3m,86922,0.30586686018807324,30.586686018807324,16.661600586275927,78.87301258599663,0.2891695813029473,3.3480396270751953,640x480,1344x1008
1335,0-6m,258992,0.4717886484664594,47.17886484664594,14.548586023669902,89.13943287823562,0.2891695813029473,3.3480396270751953,640x480,1344x1008
1335,0-10m,307200,0.5517576814823163,55.17576814823163,14.554707291997746,90.23470052083333,0.2891695813029473,3.3480396270751953,640x480,1344x1008
1336,0-3m,115770,0.2660724979428478,26.607249794284783,13.447446563695925,89.44717975295845,0.2900302423228766,3.3480396270751953,640x480,1344x1008
1336,0-6m,251479,0.4898214419544087,48.98214419544087,14.6506116550902,89.62895510161883,0.2900302423228766,3.3480396270751953,640x480,1344x1008
1336,0-10m,307200,0.6070007877897782,60.70007877897782,14.870055182458005,90.27734375,0.2900302423228766,3.3480396270751953,640x480,1344x1008
1337,0-3m,72219,0.24659090745363066,24.659090745363066,10.075475045857763,99.00718647447347,0.29055607900926045,3.3480396270751953,640x480,1344x1008
1337,0-6m,230510,0.45012153597810173,45.012153597810176,11.122819455279199,94.55208017005769,0.29055607900926045,3.3480396270751953,640x480,1344x1008
1337,0-10m,307200,0.4917985217948444,49.17985217948444,10.650186796185885,95.08235677083333,0.29055607900926045,3.3480396270751953,640x480,1344x1008
1338,0-3m,101081,0.377764760306891,37.776476030689096,16.78539461449475,96.24657452933786,0.28800225793933837,3.3480396270751953,640x480,1344x1008
1338,0-6m,280734,0.31653359328425634,31.653359328425633,10.497649097835101,97.06412475866834,0.28800225793933837,3.3480396270751953,640x480,1344x1008
1338,0-10m,307200,0.6023822702098793,60.238227020987935,13.212510176170023,88.76595052083334,0.28800225793933837,3.3480396270751953,640x480,1344x1008
1339,0-3m,125817,0.33170777226998605,33.1707772269986,16.17697876759359,91.68951731483027,0.28429831763446656,3.3480396270751953,640x480,1344x1008
1339,0-6m,212203,0.39863797190190453,39.86379719019045,14.555293851623668,91.90444998421323,0.28429831763446656,3.3480396270751953,640x480,1344x1008
1339,0-10m,307200,0.5033978911952969,50.33978911952969,12.834917753194356,92.53450520833333,0.28429831763446656,3.3480396270751953,640x480,1344x1008
1340,0-3m,145214,0.1790746971241399,17.907469712413988,9.323096551582651,93.40283994656163,0.29135498481671607,3.3480396270751953,640x480,1344x1008
1340,0-6m,264821,0.27902358261047766,27.902358261047766,9.494018956647828,92.42922577892236,0.29135498481671607,3.3480396270751953,640x480,1344x1008
1340,0-10m,307200,0.34873326744612615,34.87332674461261,9.75997725076214,90.6083984375,0.29135498481671607,3.3480396270751953,640x480,1344x1008
1341,0-3m,237091,0.1504139121124374,15.04139121124374,9.383275971609315,98.78822899224349,0.2927448202260297,3.3480396270751953,640x480,1344x1008
1341,0-6m,294909,0.21228205535017708,21.228205535017707,9.37308498834373,96.73017778365531,0.2927448202260297,3.3480396270751953,640x480,1344x1008
1341,0-10m,307200,0.26787427146957876,26.787427146957874,9.978099593275394,93.76497395833333,0.2927448202260297,3.3480396270751953,640x480,1344x1008
1342,0-3m,143661,0.3058588405323641,30.585884053236413,15.990084806005417,95.7678145077648,0.29107419242516147,3.3480396270751953,640x480,1344x1008
1342,0-6m,287764,0.38801976912075425,38.801976912075425,13.409373692506296,96.15205515630865,0.29107419242516147,3.3480396270751953,640x480,1344x1008
1342,0-10m,307200,0.388009381100613,38.8009381100613,12.950835088958751,96.384765625,0.29107419242516147,3.3480396270751953,640x480,1344x1008
1343,0-3m,192766,0.17038431337190346,17.038431337190346,9.379970947262608,92.9987653424359,0.2897439955351519,3.3480396270751953,640x480,1344x1008
1343,0-6m,307200,0.24782329719959914,24.782329719959915,9.394739203279762,92.111328125,0.2897439955351519,3.3480396270751953,640x480,1344x1008
1343,0-10m,307200,0.24782329719959914,24.782329719959915,9.394739203279762,92.111328125,0.2897439955351519,3.3480396270751953,640x480,1344x1008
1344,0-3m,126820,0.21369569554274023,21.369569554274022,10.801843053718972,95.05046522630501,0.2908369210511567,3.3480396270751953,640x480,1344x1008
1344,0-6m,264223,0.2695665018918436,26.956650189184362,9.03504261048166,93.72991753178187,0.2908369210511567,3.3480396270751953,640x480,1344x1008
1344,0-10m,307200,0.3023627704700145,30.236277047001447,8.763684033760104,94.04134114583333,0.2908369210511567,3.3480396270751953,640x480,1344x1008
1345,0-3m,165674,0.16556496794566258,16.556496794566257,8.77639211371734,95.79475355215664,0.2917116522481856,3.3480396270751953,640x480,1344x1008
1345,0-6m,269426,0.22358946233648666,22.358946233648666,8.329488192524042,94.26335988360441,0.2917116522481856,3.3480396270751953,640x480,1344x1008
1345,0-10m,307200,0.3653160637054437,36.531606370544374,9.40399171013139,91.58235677083333,0.2917116522481856,3.3480396270751953,640x480,1344x1008
1346,0-3m,173897,0.30432075252026886,30.432075252026884,17.93182644668521,84.07218065866576,0.2930635749546825,3.3480396270751953,640x480,1344x1008
1346,0-6m,307200,0.3569242694783801,35.69242694783801,15.024168149649597,90.2333984375,0.2930635749546825,3.3480396270751953,640x480,1344x1008
1346,0-10m,307200,0.3569242694783801,35.69242694783801,15.024168149649597,90.2333984375,0.2930635749546825,3.3480396270751953,640x480,1344x1008
1347,0-3m,281028,0.14496067665642573,14.496067665642572,7.523345240475497,99.39294305193789,0.29161558533631665,3.3480396270751953,640x480,1344x1008
1347,0-6m,307200,0.14033972403189787,14.033972403189788,7.132550356039569,99.42220052083334,0.29161558533631665,3.3480396270751953,640x480,1344x1008
1347,0-10m,307200,0.14033972403189787,14.033972403189788,7.132550356039569,99.42220052083334,0.29161558533631665,3.3480396270751953,640x480,1344x1008
1348,0-3m,216973,0.19058550085315112,19.05855008531511,9.348298754724917,97.71676660229613,0.29147947490419174,3.3480396270751953,640x480,1344x1008
1348,0-6m,307200,0.23475947538351952,23.475947538351953,9.556525718856367,96.50651041666667,0.29147947490419174,3.3480396270751953,640x480,1344x1008
1348,0-10m,307200,0.23475947538351952,23.475947538351953,9.556525718856367,96.50651041666667,0.29147947490419174,3.3480396270751953,640x480,1344x1008
1349,0-3m,93602,0.17150793414893195,17.150793414893194,8.1445369899733,95.24048631439499,0.2929525832527102,3.3480396270751953,640x480,1344x1008
1349,0-6m,227817,0.26894946026524835,26.894946026524835,7.833144274150369,93.70503518174675,0.2929525832527102,3.3480396270751953,640x480,1344x1008
1349,0-10m,307200,0.32518714367140394,32.5187143671404,7.750188670235227,95.0009765625,0.2929525832527102,3.3480396270751953,640x480,1344x1008
1350,0-3m,184560,0.10593136718870501,10.5931367188705,4.946397501318123,96.68833983528393,0.293542959013185,3.3480396270751953,640x480,1344x1008
1350,0-6m,307200,0.10699688129631492,10.699688129631491,4.166891608092117,97.86002604166667,0.293542959013185,3.3480396270751953,640x480,1344x1008
1350,0-10m,307200,0.10699688129631492,10.699688129631491,4.166891608092117,97.86002604166667,0.293542959013185,3.3480396270751953,640x480,1344x1008
1351,0-3m,130314,0.20296149118676587,20.29614911867659,10.093274313485416,92.3991282594349,0.2931956674122773,3.3480396270751953,640x480,1344x1008
1351,0-6m,304585,0.2937352083942508,29.373520839425083,9.02348810650176,92.76786447132984,0.2931956674122773,3.3480396270751953,640x480,1344x1008
1351,0-10m,307200,0.31457708664005624,31.457708664005622,9.287230731963097,91.97819010416667,0.2931956674122773,3.3480396270751953,640x480,1344x1008
1352,0-3m,196801,0.35730107322144966,35.73010732214497,16.729688853950396,87.37862104359225,0.2936816938589725,3.3480396270751953,640x480,1344x1008
1352,0-6m,267821,0.5181023375140548,51.81023375140548,18.34331376801407,83.67827765559834,0.2936816938589725,3.3480396270751953,640x480,1344x1008
1352,0-10m,307200,0.5048383693876288,50.483836938762884,16.825091178225183,85.681640625,0.2936816938589725,3.3480396270751953,640x480,1344x1008
1353,0-3m,210575,0.280835431553074,28.0835431553074,15.662580109620421,92.78119434880684,0.29243567745648813,3.3480396270751953,640x480,1344x1008
1353,0-6m,293107,0.49055185757182074,49.05518575718207,18.04989136843943,85.9744052513246,0.29243567745648813,3.3480396270751953,640x480,1344x1008
1353,0-10m,307200,0.6506086586322636,65.06086586322635,19.61253409535425,83.486328125,0.29243567745648813,3.3480396270751953,640x480,1344x1008
1354,0-3m,175913,0.2984796882622412,29.84796882622412,14.146097266868516,90.71813908011347,0.29362393568165407,3.3480396270751953,640x480,1344x1008
1354,0-6m,307200,0.45503291181249855,45.50329118124986,15.952004432860848,85.17024739583333,0.29362393568165407,3.3480396270751953,640x480,1344x1008
1354,0-10m,307200,0.45503291181249855,45.50329118124986,15.952004432860848,85.17024739583333,0.29362393568165407,3.3480396270751953,640x480,1344x1008
1355,0-3m,154591,0.4164754408512621,41.647544085126206,18.134028544161787,75.17837390274984,0.2937823204616303,3.3480396270751953,640x480,1344x1008
1355,0-6m,307200,0.5318483626279825,53.18483626279825,18.24168572698533,81.22037760416667,0.2937823204616303,3.3480396270751953,640x480,1344x1008
1355,0-10m,307200,0.5318483626279825,53.18483626279825,18.24168572698533,81.22037760416667,0.2937823204616303,3.3480396270751953,640x480,1344x1008
1356,0-3m,114897,0.21603956811291966,21.603956811291965,10.57891254745516,96.3175713900276,0.2896430201906269,3.3480396270751953,640x480,1344x1008
1356,0-6m,267505,0.3006042830527527,30.060428305275273,9.174676527064966,94.27524719164127,0.2896430201906269,3.3480396270751953,640x480,1344x1008
1356,0-10m,307200,0.33845640502055174,33.845640502055176,8.979695411704723,94.88444010416667,0.2896430201906269,3.3480396270751953,640x480,1344x1008
1357,0-3m,182742,0.22815125134822814,22.815125134822814,12.376310057471843,84.75391535607578,0.2912699945548975,3.3480396270751953,640x480,1344x1008
1357,0-6m,265370,0.30554091172511755,30.554091172511754,12.035856377664098,86.64958360025624,0.2912699945548975,3.3480396270751953,640x480,1344x1008
1357,0-10m,307200,0.30720022742597697,30.720022742597695,10.969635579016144,88.4443359375,0.2912699945548975,3.3480396270751953,640x480,1344x1008
1358,0-3m,203211,0.1612894357545158,16.12894357545158,10.738737059847576,94.9358056404427,0.2926868388377629,3.3480396270751953,640x480,1344x1008
1358,0-6m,304675,0.19465619301946596,19.465619301946596,9.004668375930471,92.63050791827358,0.2926868388377629,3.3480396270751953,640x480,1344x1008
1358,0-10m,307200,0.20984853372521078,20.98485337252108,9.200973710257818,91.869140625,0.2926868388377629,3.3480396270751953,640x480,1344x1008
1359,0-3m,217297,0.20806793960521486,20.806793960521485,10.891258780640314,92.48079817024625,0.2927164992703841,3.3480396270751953,640x480,1344x1008
1359,0-6m,289040,0.2976399416524124,29.763994165241243,11.704690136206816,91.24965402712427,0.2927164992703841,3.3480396270751953,640x480,1344x1008
1359,0-10m,307200,0.2986292828041284,29.86292828041284,11.281692506357151,91.76529947916666,0.2927164992703841,3.3480396270751953,640x480,1344x1008
1360,0-3m,47190,0.5037132531612903,50.37132531612903,20.68317281428466,69.52320406865861,0.29377364675777645,3.3480396270751953,640x480,1344x1008
1360,0-6m,283459,0.5401207805922602,54.01207805922602,14.556239224142315,83.48050335321862,0.29377364675777645,3.3480396270751953,640x480,1344x1008
1360,0-10m,307200,0.5607304390302549,56.073043903025486,14.32709471529817,82.63834635416667,0.29377364675777645,3.3480396270751953,640x480,1344x1008
1361,0-3m,236884,0.32145829803881715,32.14582980388172,13.78631893619814,94.58595768392969,0.29396015358261973,3.3480396270751953,640x480,1344x1008
1361,0-6m,307200,0.3704154060220268,37.04154060220268,13.941781570700003,93.36490885416666,0.29396015358261973,3.3480396270751953,640x480,1344x1008
1361,0-10m,307200,0.3704154060220268,37.04154060220268,13.941781570700003,93.36490885416666,0.29396015358261973,3.3480396270751953,640x480,1344x1008
1362,0-3m,128325,0.45748704385042144,45.748704385042146,21.856121448024528,68.5844535359439,0.28567995514586086,3.3480396270751953,640x480,1344x1008
1362,0-6m,271449,0.5094638943662958,50.94638943662958,17.281086158924257,77.1330894569514,0.28567995514586086,3.3480396270751953,640x480,1344x1008
1362,0-10m,307200,0.5130688803185088,51.30688803185088,16.160141446414144,79.2490234375,0.28567995514586086,3.3480396270751953,640x480,1344x1008
1363,0-3m,83242,0.20917693322179343,20.917693322179343,9.681233109416567,88.00845726916701,0.2897086730130454,3.3480396270751953,640x480,1344x1008
1363,0-6m,233222,0.6355350220025829,63.55350220025829,16.936993577986318,76.70374149951549,0.2897086730130454,3.3480396270751953,640x480,1344x1008
1363,0-10m,307200,0.6921405696154882,69.21405696154882,15.870292148658871,80.97265625,0.2897086730130454,3.3480396270751953,640x480,1344x1008
1364,0-3m,145180,0.25686754282388924,25.686754282388925,11.889585114877391,91.18266978922716,0.2914483827576979,3.3480396270751953,640x480,1344x1008
1364,0-6m,270530,0.40940239950587637,40.94023995058764,14.161578427803173,90.06986286178982,0.2914483827576979,3.3480396270751953,640x480,1344x1008
1364,0-10m,307200,0.48540338763035834,48.540338763035834,14.310898434826457,90.9052734375,0.2914483827576979,3.3480396270751953,640x480,1344x1008
1365,0-3m,89305,0.3521875316609087,35.21875316609087,14.972575570929953,98.8578467051117,0.28922263895953954,3.3480396270751953,640x480,1344x1008
1365,0-6m,298828,0.43012737979355253,43.01273797935525,12.167231216282195,93.1381932081331,0.28922263895953954,3.3480396270751953,640x480,1344x1008
1365,0-10m,307200,0.43406793430719215,43.40679343071921,12.068141234717011,93.1904296875,0.28922263895953954,3.3480396270751953,640x480,1344x1008
1366,0-3m,307200,0.20599052175219792,20.599052175219793,10.619874557153057,99.57845052083333,0.2913961187264663,3.3480396270751953,640x480,1344x1008
1366,0-6m,307200,0.20599052175219792,20.599052175219793,10.619874557153057,99.57845052083333,0.2913961187264663,3.3480396270751953,640x480,1344x1008
1366,0-10m,307200,0.20599052175219792,20.599052175219793,10.619874557153057,99.57845052083333,0.2913961187264663,3.3480396270751953,640x480,1344x1008
1367,0-3m,100408,0.2285832401865764,22.85832401865764,9.448072394137558,98.75707114970919,0.29251556511941157,3.3480396270751953,640x480,1344x1008
1367,0-6m,296124,0.4282935793909845,42.82935793909845,10.970115808558312,96.93641852737368,0.29251556511941157,3.3480396270751953,640x480,1344x1008
1367,0-10m,307200,0.44253630250071485,44.25363025007149,11.048196131412373,96.6416015625,0.29251556511941157,3.3480396270751953,640x480,1344x1008
1368,0-3m,85823,0.6226565483578372,62.26565483578372,26.146534394765737,70.97631171131282,0.2892186154642763,3.3480396270751953,640x480,1344x1008
1368,0-6m,302035,0.6331878493645121,63.31878493645121,18.780837416860066,86.38038637906203,0.2892186154642763,3.3480396270751953,640x480,1344x1008
1368,0-10m,307200,0.6369825059582945,63.69825059582945,18.685064054657207,86.27994791666667,0.2892186154642763,3.3480396270751953,640x480,1344x1008
1369,0-3m,148192,0.45248935256845957,45.248935256845954,19.797313867868812,88.42582595551717,0.28857143978325583,3.3480396270751953,640x480,1344x1008
1369,0-6m,307200,0.864336234354026,86.4336234354026,25.143721096235904,81.86197916666667,0.28857143978325583,3.3480396270751953,640x480,1344x1008
1369,0-10m,307200,0.864336234354026,86.4336234354026,25.143721096235904,81.86197916666667,0.28857143978325583,3.3480396270751953,640x480,1344x1008
1370,0-3m,162870,0.3694245967598861,36.94245967598861,20.273746544150246,77.81666359673359,0.29027553447213633,3.3480396270751953,640x480,1344x1008
1370,0-6m,307200,0.42223903026431797,42.2239030264318,15.92124553537062,87.60123697916666,0.29027553447213633,3.3480396270751953,640x480,1344x1008
1370,0-10m,307200,0.42223903026431797,42.2239030264318,15.92124553537062,87.60123697916666,0.29027553447213633,3.3480396270751953,640x480,1344x1008
1371,0-3m,115736,0.3422244048667793,34.22244048667793,13.30728568877095,97.0138936890855,0.28196072783249204,3.3480396270751953,640x480,1344x1008
1371,0-6m,293134,0.5117076951983069,51.17076951983069,13.75173555693509,95.8111307456658,0.28196072783249204,3.3480396270751953,640x480,1344x1008
1371,0-10m,307200,0.5286020869377535,52.86020869377535,13.772091535059284,95.90885416666667,0.28196072783249204,3.3480396270751953,640x480,1344x1008
1372,0-3m,294926,0.356758384563831,35.675838456383104,16.47033847201952,93.88524579046947,0.2848636178408532,3.3480396270751953,640x480,1344x1008
1372,0-6m,307200,0.3653743991915447,36.537439919154465,16.55531502930659,94.12955729166667,0.2848636178408532,3.3480396270751953,640x480,1344x1008
1372,0-10m,307200,0.3653743991915447,36.537439919154465,16.55531502930659,94.12955729166667,0.2848636178408532,3.3480396270751953,640x480,1344x1008
1373,0-3m,229742,0.30423663986872734,30.423663986872736,14.85187586186546,99.4802865823402,0.2923812549800182,3.3480396270751953,640x480,1344x1008
1373,0-6m,305372,0.37876949702409995,37.876949702409995,15.036732680918687,98.00145396434513,0.2923812549800182,3.3480396270751953,640x480,1344x1008
1373,0-10m,307200,0.38601031456608326,38.601031456608325,15.102671055850234,97.8984375,0.2923812549800182,3.3480396270751953,640x480,1344x1008
1374,0-3m,257222,0.32647704558320556,32.647704558320555,14.011981499013096,97.94729844259045,0.29387607228390356,3.3480396270751953,640x480,1344x1008
1374,0-6m,285157,0.363143826327638,36.314382632763795,14.33378408679023,95.67185795894892,0.29387607228390356,3.3480396270751953,640x480,1344x1008
1374,0-10m,307200,0.3954746957565658,39.54746957565658,14.209647143122833,95.9423828125,0.29387607228390356,3.3480396270751953,640x480,1344x1008
1375,0-3m,143699,0.3162774913112686,31.62774913112686,15.329443927468994,91.43626608396718,0.2942025504534596,3.3480396270751953,640x480,1344x1008
1375,0-6m,292689,0.31968528971737503,31.968528971737502,11.226526271059683,91.80427006139624,0.2942025504534596,3.3480396270751953,640x480,1344x1008
1375,0-10m,307200,0.3353296840051189,33.53296840051189,11.195254710867527,91.9814453125,0.2942025504534596,3.3480396270751953,640x480,1344x1008
1376,0-3m,176790,0.17006884490454438,17.00688449045444,9.759212520915586,88.80762486565982,0.2941148356662491,3.3480396270751953,640x480,1344x1008
1376,0-6m,307200,0.16295691637904383,16.295691637904383,7.309364617700879,92.89420572916667,0.2941148356662491,3.3480396270751953,640x480,1344x1008
1376,0-10m,307200,0.16295691637904383,16.295691637904383,7.309364617700879,92.89420572916667,0.2941148356662491,3.3480396270751953,640x480,1344x1008
1377,0-3m,183555,0.14154651828776105,14.154651828776105,7.479920401657638,98.62221132630546,0.29397468889591416,3.3480396270751953,640x480,1344x1008
1377,0-6m,307200,0.21440820745716338,21.440820745716337,8.357443511254974,98.97200520833334,0.29397468889591416,3.3480396270751953,640x480,1344x1008
1377,0-10m,307200,0.21440820745716338,21.440820745716337,8.357443511254974,98.97200520833334,0.29397468889591416,3.3480396270751953,640x480,1344x1008
1378,0-3m,131387,0.46531041191808226,46.53104119180823,19.994034848954648,92.91101859392482,0.2927604440833515,3.3480396270751953,640x480,1344x1008
1378,0-6m,303874,0.6228766267462864,62.28766267462864,18.48851755760371,92.7752950235953,0.2927604440833515,3.3480396270751953,640x480,1344x1008
1378,0-10m,307200,0.628182309876817,62.8182309876817,18.486025078128744,92.80924479166667,0.2927604440833515,3.3480396270751953,640x480,1344x1008
1379,0-3m,145978,0.2949066181953363,29.49066181953363,13.755796850132176,87.41865212566276,0.28534899823183174,3.3480396270751953,640x480,1344x1008
1379,0-6m,277004,0.6305423365723977,63.05423365723976,16.939814216487427,78.57070656019408,0.28534899823183174,3.3480396270751953,640x480,1344x1008
1379,0-10m,307200,0.748690192917517,74.8690192917517,17.362650276696236,77.61588541666666,0.28534899823183174,3.3480396270751953,640x480,1344x1008
1380,0-3m,138990,0.4446645082908703,44.46645082908703,18.736795000506294,88.77257356644363,0.2796028621598625,3.3480396270751953,640x480,1344x1008
1380,0-6m,260723,0.5500956392047525,55.009563920475244,17.053895526604595,91.02994365667779,0.2796028621598625,3.3480396270751953,640x480,1344x1008
1380,0-10m,307200,0.5859315883007367,58.59315883007367,16.289388547086322,91.94303385416667,0.2796028621598625,3.3480396270751953,640x480,1344x1008
1381,0-3m,55383,0.2687704565917533,26.87704565917533,10.557823278634869,97.77368506581442,0.2847047632957859,3.3480396270751953,640x480,1344x1008
1381,0-6m,259038,0.41381164664504033,41.381164664504034,11.057391377736284,95.94075000579065,0.2847047632957859,3.3480396270751953,640x480,1344x1008
1381,0-10m,307200,0.4432929449152046,44.32929449152046,10.707667916573392,96.46321614583333,0.2847047632957859,3.3480396270751953,640x480,1344x1008
1382,0-3m,157149,0.22328640761069357,22.32864076106936,13.007724994806653,97.68627226390241,0.29008784063090237,3.3480396270751953,640x480,1344x1008
1382,0-6m,296948,0.3330469866618033,33.30469866618033,12.292238549786322,96.05587510271158,0.29008784063090237,3.3480396270751953,640x480,1344x1008
1382,0-10m,307200,0.34786652624374254,34.786652624374256,12.257236634390532,95.8623046875,0.29008784063090237,3.3480396270751953,640x480,1344x1008
1383,0-3m,158294,0.3627070807409941,36.27070807409941,16.227493768485783,91.06978154573136,0.2940704574006836,3.3480396270751953,640x480,1344x1008
1383,0-6m,307200,0.3714171363650045,37.14171363650045,13.239956477410592,92.37727864583334,0.2940704574006836,3.3480396270751953,640x480,1344x1008
1383,0-10m,307200,0.3714171363650045,37.14171363650045,13.239956477410592,92.37727864583334,0.2940704574006836,3.3480396270751953,640x480,1344x1008
1384,0-3m,169062,0.38992912628490717,38.992912628490714,17.301092683078963,94.47658255551218,0.288958538813112,3.3480396270751953,640x480,1344x1008
1384,0-6m,300134,0.505325915743271,50.5325915743271,16.3665986052459,92.50134939726922,0.288958538813112,3.3480396270751953,640x480,1344x1008
1384,0-10m,307200,0.5143036273618539,51.43036273618539,16.32532627328597,92.67317708333334,0.288958538813112,3.3480396270751953,640x480,1344x1008
1385,0-3m,183858,0.316507329329143,31.6507329329143,13.959772863028483,97.67973109682472,0.2877634575166232,3.3480396270751953,640x480,1344x1008
1385,0-6m,293354,0.4106916873263259,41.06916873263259,14.170346222381028,95.85483750008522,0.2877634575166232,3.3480396270751953,640x480,1344x1008
1385,0-10m,307200,0.42537583767902104,42.537583767902106,13.969100365566511,95.95768229166667,0.2877634575166232,3.3480396270751953,640x480,1344x1008
1386,0-3m,157631,0.1828870306720994,18.28870306720994,9.858382663220409,95.17480698593552,0.27393557265242846,3.3480396270751953,640x480,1344x1008
1386,0-6m,270423,0.3311370949493326,33.11370949493326,11.25403520017646,93.06974628637357,0.27393557265242846,3.3480396270751953,640x480,1344x1008
1386,0-10m,307200,0.3917685376138737,39.17685376138737,11.194635937392503,93.48795572916667,0.27393557265242846,3.3480396270751953,640x480,1344x1008
1387,0-3m,184310,0.4649420022304755,46.49420022304755,19.102715087122846,86.04850523574412,0.283558142009165,3.3480396270751953,640x480,1344x1008
1387,0-6m,307200,0.6156173990604779,61.561739906047784,19.557115563084018,82.72688802083333,0.283558142009165,3.3480396270751953,640x480,1344x1008
1387,0-10m,307200,0.6156173990604779,61.561739906047784,19.557115563084018,82.72688802083333,0.283558142009165,3.3480396270751953,640x480,1344x1008
1388,0-3m,200082,0.1984837750602758,19.84837750602758,7.895040434414817,99.95951659819474,0.28820537653450484,3.3480396270751953,640x480,1344x1008
1388,0-6m,307200,0.24757053306714322,24.757053306714322,8.59589593672898,98.66959635416667,0.28820537653450484,3.3480396270751953,640x480,1344x1008
1388,0-10m,307200,0.24757053306714322,24.757053306714322,8.59589593672898,98.66959635416667,0.28820537653450484,3.3480396270751953,640x480,1344x1008
1389,0-3m,148634,0.40445129166975397,40.4451291669754,18.755777247437933,88.57663791595462,0.2846954906997833,3.3480396270751953,640x480,1344x1008
1389,0-6m,262880,0.6413652007450472,64.13652007450472,20.287155596078758,83.24939135727328,0.2846954906997833,3.3480396270751953,640x480,1344x1008
1389,0-10m,307200,0.7570249695823683,75.70249695823684,20.202420779174872,83.16666666666667,0.2846954906997833,3.3480396270751953,640x480,1344x1008
1390,0-3m,130670,0.35081307287924857,35.08130728792486,13.691358154576182,98.2222392285911,0.28728497114808965,3.3480396270751953,640x480,1344x1008
1390,0-6m,307200,0.44231517175134893,44.2315171751349,14.525839180476993,98.10872395833333,0.28728497114808965,3.3480396270751953,640x480,1344x1008
1390,0-10m,307200,0.44231517175134893,44.2315171751349,14.525839180476993,98.10872395833333,0.28728497114808965,3.3480396270751953,640x480,1344x1008
1391,0-3m,87776,0.16552623613957199,16.5526236139572,9.297449148993254,92.2028800583303,0.2911571610435083,3.3480396270751953,640x480,1344x1008
1391,0-6m,247537,0.3109367622830032,31.09367622830032,9.172805588359449,92.64998767860966,0.2911571610435083,3.3480396270751953,640x480,1344x1008
1391,0-10m,307200,0.48325216508897334,48.325216508897334,10.423652325928723,87.58951822916666,0.2911571610435083,3.3480396270751953,640x480,1344x1008
1392,0-3m,110933,0.2059903488952196,20.59903488952196,13.84813945024421,85.28391010790297,0.29192544154200467,3.3480396270751953,640x480,1344x1008
1392,0-6m,303498,0.6803835741698592,68.03835741698592,19.28211675915719,71.52699523555344,0.29192544154200467,3.3480396270751953,640x480,1344x1008
1392,0-10m,307200,0.6833945608998572,68.33945608998572,19.214906348132835,71.7724609375,0.29192544154200467,3.3480396270751953,640x480,1344x1008
1393,0-3m,128612,0.17032924955298592,17.032924955298594,8.569749166743494,89.8392062949025,0.29292175951550276,3.3480396270751953,640x480,1344x1008
1393,0-6m,279027,0.4830108852164946,48.30108852164946,12.895970439669297,84.41190279076936,0.29292175951550276,3.3480396270751953,640x480,1344x1008
1393,0-10m,307200,0.5530548348419446,55.30548348419446,13.389559839572069,82.34016927083333,0.29292175951550276,3.3480396270751953,640x480,1344x1008
1394,0-3m,176616,0.17610568650370248,17.610568650370247,10.144550095088894,95.04008696833809,0.2879532041487002,3.3480396270751953,640x480,1344x1008
1394,0-6m,306425,0.24894590873629563,24.894590873629564,9.603961546155187,92.63898180631476,0.2879532041487002,3.3480396270751953,640x480,1344x1008
1394,0-10m,307200,0.2495121745505215,24.95121745505215,9.59958239522292,92.65755208333334,0.2879532041487002,3.3480396270751953,640x480,1344x1008
1395,0-3m,151738,0.39201809668399856,39.201809668399854,21.015146696991906,50.590491505094306,0.29335464026884195,3.3480396270751953,640x480,1344x1008
1395,0-6m,230890,0.5814061781234432,58.14061781234432,20.799627914152737,54.80835029667808,0.29335464026884195,3.3480396270751953,640x480,1344x1008
1395,0-10m,307200,0.6627341784990858,66.27341784990858,19.23993336594279,63.4921875,0.29335464026884195,3.3480396270751953,640x480,1344x1008
1396,0-3m,49130,0.40103553958417637,40.103553958417635,19.194351121008072,82.52188072460818,0.2874515608171782,3.3480396270751953,640x480,1344x1008
1396,0-6m,301158,0.48925301628014184,48.92530162801418,12.927605816737461,93.43401138272934,0.2874515608171782,3.3480396270751953,640x480,1344x1008
1396,0-10m,307200,0.4866248452612975,48.66248452612975,12.76985392640223,93.4716796875,0.2874515608171782,3.3480396270751953,640x480,1344x1008
1397,0-3m,191596,0.3199119488068888,31.991194880688877,16.338010947994334,86.51067871980625,0.2903451076792043,3.3480396270751953,640x480,1344x1008
1397,0-6m,307200,0.3885588216246106,38.85588216246106,15.83133363075308,91.3564453125,0.2903451076792043,3.3480396270751953,640x480,1344x1008
1397,0-10m,307200,0.3885588216246106,38.85588216246106,15.83133363075308,91.3564453125,0.2903451076792043,3.3480396270751953,640x480,1344x1008
1398,0-3m,238050,0.2392732570479833,23.92732570479833,14.033207346817566,87.59966393614786,0.291140978876741,3.3480396270751953,640x480,1344x1008
1398,0-6m,303800,0.2683204060724254,26.83204060724254,13.10470882468653,89.02929558920343,0.291140978876741,3.3480396270751953,640x480,1344x1008
1398,0-10m,307200,0.27259716496861075,27.259716496861074,13.07675024701578,89.15071614583333,0.291140978876741,3.3480396270751953,640x480,1344x1008
1399,0-3m,169205,0.1986065721903557,19.86065721903557,10.68939656320732,92.19822109275731,0.28525986674483145,3.3480396270751953,640x480,1344x1008
1399,0-6m,307200,0.2952087594254408,29.520875942544077,10.800502275675585,93.13444010416667,0.28525986674483145,3.3480396270751953,640x480,1344x1008
1399,0-10m,307200,0.2952087594254408,29.520875942544077,10.800502275675585,93.13444010416667,0.28525986674483145,3.3480396270751953,640x480,1344x1008
1400,0-3m,198709,0.24345087593401551,24.34508759340155,16.838173605652525,82.90817225188593,0.285777761038485,3.3480396270751953,640x480,1344x1008
1400,0-6m,297514,0.26825673344511014,26.825673344511014,13.685720320823725,86.42147932534267,0.285777761038485,3.3480396270751953,640x480,1344x1008
1400,0-10m,307200,0.2892881060201519,28.928810602015194,13.673076926916858,86.19889322916666,0.285777761038485,3.3480396270751953,640x480,1344x1008
1401,0-3m,241914,0.32464906822763184,32.46490682276318,18.550474835872073,86.76430467025472,0.28928356552961354,3.3480396270751953,640x480,1344x1008
1401,0-6m,307200,0.3372282772837207,33.72282772837207,16.629646377819814,88.43782552083333,0.28928356552961354,3.3480396270751953,640x480,1344x1008
1401,0-10m,307200,0.3372282772837207,33.72282772837207,16.629646377819814,88.43782552083333,0.28928356552961354,3.3480396270751953,640x480,1344x1008
1402,0-3m,272526,0.17108367857854972,17.108367857854972,8.366786512327694,99.5934332870992,0.28716494455730984,3.3480396270751953,640x480,1344x1008
1402,0-6m,307200,0.16759243932513831,16.759243932513833,7.894898644438126,98.9853515625,0.28716494455730984,3.3480396270751953,640x480,1344x1008
1402,0-10m,307200,0.16759243932513831,16.759243932513833,7.894898644438126,98.9853515625,0.28716494455730984,3.3480396270751953,640x480,1344x1008
1403,0-3m,141269,0.39851919613051673,39.85191961305167,16.393325204466137,90.75381010695907,0.29008872421555576,3.3480396270751953,640x480,1344x1008
1403,0-6m,296590,0.476835462598792,47.6835462598792,14.861416925957222,87.50227586904481,0.29008872421555576,3.3480396270751953,640x480,1344x1008
1403,0-10m,307200,0.4766908199196526,47.669081991965264,14.613934553191147,87.83203125,0.29008872421555576,3.3480396270751953,640x480,1344x1008
1404,0-3m,179101,0.35055963798624673,35.055963798624674,18.187739467385292,88.06371823719577,0.2897863133123283,3.3480396270751953,640x480,1344x1008
1404,0-6m,307200,0.4021642648374351,40.21642648374351,16.045872252472464,87.15397135416667,0.2897863133123283,3.3480396270751953,640x480,1344x1008
1404,0-10m,307200,0.4021642648374351,40.21642648374351,16.045872252472464,87.15397135416667,0.2897863133123283,3.3480396270751953,640x480,1344x1008
1405,0-3m,123928,0.582952092644509,58.2952092644509,27.023330589536158,85.12362016654832,0.2851993460736449,3.3480396270751953,640x480,1344x1008
1405,0-6m,267654,0.7995318993094847,79.95318993094847,24.937355063694866,80.08660434740374,0.2851993460736449,3.3480396270751953,640x480,1344x1008
1405,0-10m,307200,0.907044390005952,90.7044390005952,24.379120334718806,79.68326822916667,0.2851993460736449,3.3480396270751953,640x480,1344x1008
1406,0-3m,117434,0.2748653771882689,27.48653771882689,11.161005229003514,97.52541853296319,0.29188395359443653,3.3480396270751953,640x480,1344x1008
1406,0-6m,247910,0.3723739387307093,37.23739387307093,10.84992594806364,95.66173208019039,0.29188395359443653,3.3480396270751953,640x480,1344x1008
1406,0-10m,307200,0.42359893477444227,42.359893477444224,10.63977527172269,95.73307291666666,0.29188395359443653,3.3480396270751953,640x480,1344x1008
1407,0-3m,174665,0.12061407270751749,12.061407270751749,5.877204112073866,94.90109638450748,0.2862677885743248,3.3480396270751953,640x480,1344x1008
1407,0-6m,297564,0.208013251205299,20.801325120529903,6.62744071304968,93.60003226196717,0.2862677885743248,3.3480396270751953,640x480,1344x1008
1407,0-10m,307200,0.22031667860380064,22.031667860380065,6.702793865657086,93.78841145833333,0.2862677885743248,3.3480396270751953,640x480,1344x1008
1408,0-3m,149256,0.16256307438634923,16.256307438634924,8.032783866769522,96.6949402369084,0.29193137300481375,3.3480396270751953,640x480,1344x1008
1408,0-6m,253767,0.3320150729484511,33.201507294845115,9.581806052505947,94.2522077338661,0.29193137300481375,3.3480396270751953,640x480,1344x1008
1408,0-10m,307200,0.37889922252041286,37.88992225204129,9.541723714575182,94.8291015625,0.29193137300481375,3.3480396270751953,640x480,1344x1008
1409,0-3m,153007,0.20439449475009713,20.439449475009713,8.517596812202392,99.9928107864346,0.2931139559062515,3.3480396270751953,640x480,1344x1008
1409,0-6m,268438,0.253347843442447,25.3347843442447,8.062555519123771,99.61778883764593,0.2931139559062515,3.3480396270751953,640x480,1344x1008
1409,0-10m,307200,0.3431359552285479,34.31359552285479,8.744158251118254,97.01920572916667,0.2931139559062515,3.3480396270751953,640x480,1344x1008
1410,0-3m,307200,0.2078960744830935,20.78960744830935,10.355016251851644,99.568359375,0.29272062924582193,3.3480396270751953,640x480,1344x1008
1410,0-6m,307200,0.2078960744830935,20.78960744830935,10.355016251851644,99.568359375,0.29272062924582193,3.3480396270751953,640x480,1344x1008
1410,0-10m,307200,0.2078960744830935,20.78960744830935,10.355016251851644,99.568359375,0.29272062924582193,3.3480396270751953,640x480,1344x1008
1411,0-3m,112856,0.3409940123520018,34.099401235200176,15.51448120235733,92.89714326221025,0.2924278099544401,3.3480396270751953,640x480,1344x1008
1411,0-6m,287271,0.6713844993120605,67.13844993120604,19.549854062502842,84.81677579706967,0.2924278099544401,3.3480396270751953,640x480,1344x1008
1411,0-10m,307200,0.6667124966570797,66.67124966570796,18.85807173026052,85.654296875,0.2924278099544401,3.3480396270751953,640x480,1344x1008
1412,0-3m,303179,0.4345307190331685,43.45307190331685,18.085000428910526,92.99093934606289,0.2932308995675266,3.3480396270751953,640x480,1344x1008
1412,0-6m,307200,0.4333998207910918,43.33998207910918,17.99851482758346,93.08268229166666,0.2932308995675266,3.3480396270751953,640x480,1344x1008
1412,0-10m,307200,0.4333998207910918,43.33998207910918,17.99851482758346,93.08268229166666,0.2932308995675266,3.3480396270751953,640x480,1344x1008
1413,0-3m,302498,0.3676803949351763,36.76803949351763,16.18462523971435,90.90407209303864,0.2932830067531524,3.3480396270751953,640x480,1344x1008
1413,0-6m,307200,0.37178984099436396,37.1789840994364,16.25789045485771,90.84114583333334,0.2932830067531524,3.3480396270751953,640x480,1344x1008
1413,0-10m,307200,0.37178984099436396,37.1789840994364,16.25789045485771,90.84114583333334,0.2932830067531524,3.3480396270751953,640x480,1344x1008
1414,0-3m,187467,0.4824614451961406,48.246144519614056,22.135475699494442,63.043629012039446,0.2932053386485445,3.3480396270751953,640x480,1344x1008
1414,0-6m,307200,0.7689702534951114,76.89702534951114,25.27941402733147,45.977864583333336,0.2932053386485445,3.3480396270751953,640x480,1344x1008
1414,0-10m,307200,0.7689702534951114,76.89702534951114,25.27941402733147,45.977864583333336,0.2932053386485445,3.3480396270751953,640x480,1344x1008
1415,0-3m,200534,0.47638079688645985,47.63807968864599,30.115524306904064,17.950073304277577,0.29373911237585976,3.3480396270751953,640x480,1344x1008
1415,0-6m,275610,0.668569444844254,66.8569444844254,29.384417686552737,24.240049345089076,0.29373911237585976,3.3480396270751953,640x480,1344x1008
1415,0-10m,307200,0.7619915487149652,76.19915487149652,28.622331609292257,28.554687499999996,0.29373911237585976,3.3480396270751953,640x480,1344x1008
1416,0-3m,191825,0.2259749727492753,22.59749727492753,13.53104140099704,85.20735044962858,0.29305690174599447,3.3480396270751953,640x480,1344x1008
1416,0-6m,307200,0.26012997343748184,26.012997343748186,11.992631668036482,89.25130208333333,0.29305690174599447,3.3480396270751953,640x480,1344x1008
1416,0-10m,307200,0.26012997343748184,26.012997343748186,11.992631668036482,89.25130208333333,0.29305690174599447,3.3480396270751953,640x480,1344x1008
1417,0-3m,123411,0.36629943647568636,36.62994364756864,16.4793079061857,92.168445276353,0.29270778557236077,3.3480396270751953,640x480,1344x1008
1417,0-6m,302738,0.7589277246001076,75.89277246001076,20.56227600115969,84.90708137069016,0.29270778557236077,3.3480396270751953,640x480,1344x1008
1417,0-10m,307200,0.7770473247180537,77.70473247180537,20.737288433476287,83.82161458333334,0.29270778557236077,3.3480396270751953,640x480,1344x1008
1418,0-3m,141357,0.3002249661722652,30.02249661722652,13.932806146060678,86.47254822895223,0.2926039637255617,3.3480396270751953,640x480,1344x1008
1418,0-6m,275941,0.5647956695577584,56.47956695577584,16.48572115279626,86.04882927872262,0.2926039637255617,3.3480396270751953,640x480,1344x1008
1418,0-10m,307200,0.7343493202802104,73.43493202802104,18.435437214207145,80.0859375,0.2926039637255617,3.3480396270751953,640x480,1344x1008
1419,0-3m,195528,0.5232279433172915,52.32279433172915,22.293658751106374,73.8482467984125,0.2934069291788184,3.3480396270751953,640x480,1344x1008
1419,0-6m,307200,0.551065221260457,55.1065221260457,21.05957643926136,81.4248046875,0.2934069291788184,3.3480396270751953,640x480,1344x1008
1419,0-10m,307200,0.551065221260457,55.1065221260457,21.05957643926136,81.4248046875,0.2934069291788184,3.3480396270751953,640x480,1344x1008
1420,0-3m,145090,0.3894095990460453,38.940959904604526,15.820450238289885,95.54690192294439,0.2932783792206691,3.3480396270751953,640x480,1344x1008
1420,0-6m,300035,0.5736537707788238,57.365377077882385,17.15259476874115,95.16923025647009,0.2932783792206691,3.3480396270751953,640x480,1344x1008
1420,0-10m,307200,0.578974925550865,57.89749255508651,16.9915527220548,94.80891927083334,0.2932783792206691,3.3480396270751953,640x480,1344x1008
1421,0-3m,280267,0.29802395200225934,29.802395200225934,16.60334901557725,95.62595667702584,0.29233023681601483,3.3480396270751953,640x480,1344x1008
1421,0-6m,307200,0.33608374075071573,33.60837407507157,17.058840427393086,93.55924479166666,0.29233023681601483,3.3480396270751953,640x480,1344x1008
1421,0-10m,307200,0.33608374075071573,33.60837407507157,17.058840427393086,93.55924479166666,0.29233023681601483,3.3480396270751953,640x480,1344x1008
1422,0-3m,249225,0.2904280589353669,29.042805893536688,15.938740836514622,97.4448791252884,0.29109884077558607,3.3480396270751953,640x480,1344x1008
1422,0-6m,307200,0.3069385653183175,30.69385653183175,15.134455372686991,97.91927083333334,0.29109884077558607,3.3480396270751953,640x480,1344x1008
1422,0-10m,307200,0.3069385653183175,30.69385653183175,15.134455372686991,97.91927083333334,0.29109884077558607,3.3480396270751953,640x480,1344x1008
1423,0-3m,184747,0.4091941455045137,40.91941455045137,19.205047469571337,91.72273433398107,0.2925712188572733,3.3480396270751953,640x480,1344x1008
1423,0-6m,307200,0.5527070424263365,55.27070424263365,18.88609805413392,92.93522135416666,0.2925712188572733,3.3480396270751953,640x480,1344x1008
1423,0-10m,307200,0.5527070424263365,55.27070424263365,18.88609805413392,92.93522135416666,0.2925712188572733,3.3480396270751953,640x480,1344x1008
1424,0-3m,109770,0.3651831122535906,36.518311225359064,17.2882345008609,86.93358841213447,0.2873266892095031,3.3480396270751953,640x480,1344x1008
1424,0-6m,307200,0.3617885793900738,36.17885793900738,11.336240021130015,94.435546875,0.2873266892095031,3.3480396270751953,640x480,1344x1008
1424,0-10m,307200,0.3617885793900738,36.17885793900738,11.336240021130015,94.435546875,0.2873266892095031,3.3480396270751953,640x480,1344x1008
1425,0-3m,115116,0.36649337676236765,36.64933767623676,15.624795157266655,92.94624552625179,0.2879703855866189,3.3480396270751953,640x480,1344x1008
1425,0-6m,268879,0.3891608579048857,38.916085790488566,12.295551359001518,95.00741969436066,0.2879703855866189,3.3480396270751953,640x480,1344x1008
1425,0-10m,307200,0.43327141336825054,43.32714133682505,12.094255150800654,93.83138020833334,0.2879703855866189,3.3480396270751953,640x480,1344x1008
1426,0-3m,237121,0.10240391890543084,10.240391890543084,4.896160932576878,99.49983341838133,0.2918194231903846,3.3480396270751953,640x480,1344x1008
1426,0-6m,300532,0.14999593319007282,14.999593319007282,5.53593327565639,97.49843610663757,0.2918194231903846,3.3480396270751953,640x480,1344x1008
1426,0-10m,307200,0.15886283555494932,15.886283555494932,5.591237622618324,97.5244140625,0.2918194231903846,3.3480396270751953,640x480,1344x1008
1427,0-3m,120279,0.353919140897854,35.391914089785395,16.242631687795708,89.3805236159263,0.2923439533028195,3.3480396270751953,640x480,1344x1008
1427,0-6m,221958,0.35658013780904246,35.65801378090425,12.705369803650576,88.30814838843385,0.2923439533028195,3.3480396270751953,640x480,1344x1008
1427,0-10m,307200,0.3509649801409493,35.09649801409493,10.545339645073769,90.32194010416667,0.2923439533028195,3.3480396270751953,640x480,1344x1008
1428,0-3m,122318,0.38519586041204484,38.519586041204484,20.173320886679274,51.916316486535095,0.2919494501201651,3.3480396270751953,640x480,1344x1008
1428,0-6m,306643,0.44157460563236317,44.15746056323632,13.82898433172751,77.72067192142002,0.2919494501201651,3.3480396270751953,640x480,1344x1008
1428,0-10m,307200,0.44175989395589566,44.17598939558957,13.820153127476633,77.76106770833333,0.2919494501201651,3.3480396270751953,640x480,1344x1008
1429,0-3m,230072,0.13173040510593897,13.173040510593898,6.09895816891653,98.1205883375639,0.292011258200918,3.3480396270751953,640x480,1344x1008
1429,0-6m,307200,0.14121932922901276,14.121932922901276,5.712586976729813,97.09765625,0.292011258200918,3.3480396270751953,640x480,1344x1008
1429,0-10m,307200,0.14121932922901276,14.121932922901276,5.712586976729813,97.09765625,0.292011258200918,3.3480396270751953,640x480,1344x1008
1430,0-3m,161391,0.2735287332884756,27.35287332884756,16.73557394025851,81.76230396986202,0.2905376844380798,3.3480396270751953,640x480,1344x1008
1430,0-6m,307200,0.3215495064406423,32.15495064406423,13.637443497753281,88.61393229166666,0.2905376844380798,3.3480396270751953,640x480,1344x1008
1430,0-10m,307200,0.3215495064406423,32.15495064406423,13.637443497753281,88.61393229166666,0.2905376844380798,3.3480396270751953,640x480,1344x1008
1431,0-3m,165091,0.16839227719622668,16.839227719622667,10.464556420010126,85.34081203699778,0.2928952230034009,3.3480396270751953,640x480,1344x1008
1431,0-6m,281613,0.21724361769827852,21.72436176982785,8.90811565115524,88.55841172104981,0.2928952230034009,3.3480396270751953,640x480,1344x1008
1431,0-10m,307200,0.23420688685941665,23.420688685941666,8.631677035328089,89.41796875,0.2928952230034009,3.3480396270751953,640x480,1344x1008
1432,0-3m,123231,0.22382518421262743,22.38251842126274,11.321465430981903,92.05394746451786,0.2924620623320747,3.3480396270751953,640x480,1344x1008
1432,0-6m,254098,0.519719528360841,51.9719528360841,14.862431044716226,89.15418460593945,0.2924620623320747,3.3480396270751953,640x480,1344x1008
1432,0-10m,307200,0.6102160745762133,61.02160745762133,14.74863176405039,88.11653645833334,0.2924620623320747,3.3480396270751953,640x480,1344x1008
1433,0-3m,165735,0.5342167715913092,53.42167715913092,22.387111727601493,78.60982894379582,0.29235292740061286,3.3480396270751953,640x480,1344x1008
1433,0-6m,307200,0.7461831954746352,74.61831954746351,23.282033002583635,69.57975260416667,0.29235292740061286,3.3480396270751953,640x480,1344x1008
1433,0-10m,307200,0.7461831954746352,74.61831954746351,23.282033002583635,69.57975260416667,0.29235292740061286,3.3480396270751953,640x480,1344x1008
1434,0-3m,300863,0.34753123276169395,34.7531232761694,17.89628183667375,89.22399896298316,0.29236915910092975,3.3480396270751953,640x480,1344x1008
1434,0-6m,307200,0.3489476752585809,34.894767525858086,17.808015819935214,89.4462890625,0.29236915910092975,3.3480396270751953,640x480,1344x1008
1434,0-10m,307200,0.3489476752585809,34.894767525858086,17.808015819935214,89.4462890625,0.29236915910092975,3.3480396270751953,640x480,1344x1008
1435,0-3m,241191,0.31358618012107886,31.358618012107886,16.945911767682283,94.17018047937113,0.2919551524195947,3.3480396270751953,640x480,1344x1008
1435,0-6m,307200,0.3671752983851669,36.71752983851669,16.348902637149077,94.150390625,0.2919551524195947,3.3480396270751953,640x480,1344x1008
1435,0-10m,307200,0.3671752983851669,36.71752983851669,16.348902637149077,94.150390625,0.2919551524195947,3.3480396270751953,640x480,1344x1008
1436,0-3m,38618,0.3759809006463735,37.598090064637354,14.36552926057027,85.31772748459268,0.29275780427973863,3.3480396270751953,640x480,1344x1008
1436,0-6m,281888,0.661506888220138,66.1506888220138,15.123004912465316,89.21380122601884,0.29275780427973863,3.3480396270751953,640x480,1344x1008
1436,0-10m,307200,0.6883485979338487,68.83485979338488,15.162279295117251,89.90494791666667,0.29275780427973863,3.3480396270751953,640x480,1344x1008
1437,0-3m,274404,0.3134586002924055,31.34586002924055,14.37171669644521,76.911779711666,0.2929322536150688,3.3480396270751953,640x480,1344x1008
1437,0-6m,303932,0.36205692247538607,36.20569224753861,14.905937202158812,75.96929576352606,0.2929322536150688,3.3480396270751953,640x480,1344x1008
1437,0-10m,307200,0.37032878612342757,37.032878612342756,14.941862057357572,75.96028645833334,0.2929322536150688,3.3480396270751953,640x480,1344x1008
1438,0-3m,126838,0.4551963188132093,45.51963188132093,20.64566979400137,68.94306122770779,0.2883877139818623,3.3480396270751953,640x480,1344x1008
1438,0-6m,282842,0.7109252294296027,71.09252294296027,21.815438081329876,72.83996011907709,0.2883877139818623,3.3480396270751953,640x480,1344x1008
1438,0-10m,307200,0.7556728480410917,75.56728480410916,21.415237694973165,74.20703125,0.2883877139818623,3.3480396270751953,640x480,1344x1008
1439,0-3m,129871,0.3329319433668046,33.29319433668046,14.845716964558719,75.48336426145946,0.28788285793150087,3.3480396270751953,640x480,1344x1008
1439,0-6m,307200,0.28676092662499286,28.676092662499286,10.390567173656333,85.55078125,0.28788285793150087,3.3480396270751953,640x480,1344x1008
1439,0-10m,307200,0.28676092662499286,28.676092662499286,10.390567173656333,85.55078125,0.28788285793150087,3.3480396270751953,640x480,1344x1008
1440,0-3m,189987,0.18620460682599665,18.620460682599667,9.281576151490345,97.09611710274913,0.2923725868768321,3.3480396270751953,640x480,1344x1008
1440,0-6m,297180,0.2856463920208461,28.564639202084606,10.084118049606133,96.91096305269534,0.2923725868768321,3.3480396270751953,640x480,1344x1008
1440,0-10m,307200,0.2928667104294679,29.28667104294679,10.006265910419954,96.97265625,0.2923725868768321,3.3480396270751953,640x480,1344x1008
1441,0-3m,190416,0.2628991705048621,26.28991705048621,14.470888872147192,91.0133602218301,0.29142367517790607,3.3480396270751953,640x480,1344x1008
1441,0-6m,307200,0.3118052288915108,31.18052288915108,12.87879663339096,94.072265625,0.29142367517790607,3.3480396270751953,640x480,1344x1008
1441,0-10m,307200,0.3118052288915108,31.18052288915108,12.87879663339096,94.072265625,0.29142367517790607,3.3480396270751953,640x480,1344x1008
1442,0-3m,150478,0.17201514298559467,17.201514298559466,10.055746710021296,98.58451069259294,0.2740121205423672,3.3480396270751953,640x480,1344x1008
1442,0-6m,297152,0.33117154913114183,33.117154913114184,11.44250954362091,97.3845035537368,0.2740121205423672,3.3480396270751953,640x480,1344x1008
1442,0-10m,307200,0.3356598671717802,33.56598671717802,11.28363959919813,97.466796875,0.2740121205423672,3.3480396270751953,640x480,1344x1008
1443,0-3m,177338,0.214550026393934,21.4550026393934,8.822115052413857,99.20716372125545,0.26873196136758554,3.3480396270751953,640x480,1344x1008
1443,0-6m,307200,0.27549046922979564,27.549046922979564,8.794580341407974,99.07291666666667,0.26873196136758554,3.3480396270751953,640x480,1344x1008
1443,0-10m,307200,0.27549046922979564,27.549046922979564,8.794580341407974,99.07291666666667,0.26873196136758554,3.3480396270751953,640x480,1344x1008
1444,0-3m,170248,0.24168140669062502,24.168140669062502,14.549095731447412,93.48714816033082,0.2771295870692768,3.3480396270751953,640x480,1344x1008
1444,0-6m,304240,0.2653914039934462,26.539140399344618,11.244615854379212,94.6578359190113,0.2771295870692768,3.3480396270751953,640x480,1344x1008
1444,0-10m,307200,0.2651830439087159,26.518304390871588,11.174709155969326,94.70735677083333,0.2771295870692768,3.3480396270751953,640x480,1344x1008
1445,0-3m,144774,0.42431163750664547,42.431163750664545,29.742328950865833,67.08386865044828,0.29293651839963525,3.3480396270751953,640x480,1344x1008
1445,0-6m,307163,0.39608407302114407,39.60840730211441,18.48572328048682,80.36286922578566,0.29293651839963525,3.3480396270751953,640x480,1344x1008
1445,0-10m,307200,0.39606842464010694,39.6068424640107,18.48402668557898,80.36393229166666,0.29293651839963525,3.3480396270751953,640x480,1344x1008
1446,0-3m,180762,0.2329646859840781,23.29646859840781,14.840039367459163,95.09465485002379,0.29315914598578485,3.3480396270751953,640x480,1344x1008
1446,0-6m,307200,0.24318914588191545,24.318914588191546,11.369237261728813,93.044921875,0.29315914598578485,3.3480396270751953,640x480,1344x1008
1446,0-10m,307200,0.24318914588191545,24.318914588191546,11.369237261728813,93.044921875,0.29315914598578485,3.3480396270751953,640x480,1344x1008
1447,0-3m,141531,0.29018879246180584,29.018879246180585,17.43861798937419,93.01637097173058,0.2940398648660537,3.3480396270751953,640x480,1344x1008
1447,0-6m,287573,0.3963241851262276,39.632418512622756,14.32085327487434,89.4124274532032,0.2940398648660537,3.3480396270751953,640x480,1344x1008
1447,0-10m,307200,0.38262998142958776,38.26299814295878,13.587890574952349,90.06575520833333,0.2940398648660537,3.3480396270751953,640x480,1344x1008
1448,0-3m,148068,0.3451626520019897,34.51626520019897,20.748427982354634,79.48172461301564,0.2924689736501118,3.3480396270751953,640x480,1344x1008
1448,0-6m,307200,0.38308240423929724,38.308240423929725,15.048587179303174,85.0234375,0.2924689736501118,3.3480396270751953,640x480,1344x1008
1448,0-10m,307200,0.38308240423929724,38.308240423929725,15.048587179303174,85.0234375,0.2924689736501118,3.3480396270751953,640x480,1344x1008
